Date,Open,High,Low,Close,Volume
2017-01-03,119.27,119.99,118.89,119.54,22307600.0
2017-01-04,119.67,120.41,119.66,120.19,19749100.0
2017-01-05,120.1,120.95,120.1,120.87,20644300.0
2017-01-06,121.0,122.25,120.69,121.93,24074300.0
2017-01-09,122.03,122.55,121.95,122.33,18909200.0
2017-01-10,122.38,122.97,122.1,122.6,16176600.0
2017-01-11,122.65,122.93,122.02,122.93,20686000.0
2017-01-12,122.49,122.82,121.6,122.74,19622500.0
2017-01-13,122.8,123.37,122.8,123.16,16930800.0
2017-01-17,122.84,123.03,122.43,122.79,14538500.0
2017-01-18,122.97,123.16,122.66,123.04,12499700.0
2017-01-19,123.22,123.65,122.72,122.98,12710700.0
2017-01-20,123.52,123.83,122.92,123.25,22091000.0
2017-01-23,123.17,123.53,122.57,123.35,17434200.0
2017-01-24,123.59,124.37,123.38,124.18,17640900.0
2017-01-25,124.96,125.46,124.85,125.43,15036200.0
2017-01-26,125.6,125.82,125.34,125.56,16052200.0
2017-01-27,125.83,125.92,125.39,125.8,15053000.0
2017-01-30,125.38,125.38,124.13,124.82,25006700.0
2017-01-31,124.38,124.6,123.85,124.57,19091100.0
2017-02-01,125.45,125.68,124.86,125.43,22861900.0
2017-02-02,125.21,125.7,124.86,125.32,15101400.0
2017-02-03,125.45,125.81,125.33,125.68,16957200.0
2017-02-06,125.47,125.85,125.35,125.83,11630100.0
2017-02-07,126.09,126.55,125.97,126.29,17541100.0
2017-02-08,126.12,126.68,125.88,126.5,12569100.0
2017-02-09,126.63,127.24,126.56,126.96,17542700.0
2017-02-10,127.24,127.56,127.02,127.38,13915700.0
2017-02-13,127.77,128.26,127.72,128.1,19120200.0
2017-02-14,128.15,128.54,127.74,128.53,16333500.0
2017-02-15,128.44,129.35,128.37,129.29,17891400.0
2017-02-16,129.37,129.63,128.92,129.25,15098300.0
2017-02-17,129.06,129.82,129.04,129.81,15563700.0
2017-02-21,130.06,130.53,129.99,130.45,18479600.0
2017-02-22,130.33,130.59,130.11,130.5,12110900.0
2017-02-23,130.7,130.7,129.49,130.01,17489000.0
2017-02-24,129.42,130.26,129.38,130.26,18624500.0
2017-02-27,130.02,130.43,129.8,130.42,12008700.0
2017-02-28,130.39,130.45,129.66,130.02,16598600.0
2017-03-01,130.85,131.68,130.6,131.44,25813800.0
2017-03-02,131.41,131.43,130.62,130.78,19951400.0
2017-03-03,130.69,131.06,130.34,131.02,13722700.0
2017-03-06,130.59,130.95,130.21,130.73,12026200.0
2017-03-07,130.47,131.08,130.28,130.51,15500900.0
2017-03-08,130.59,131.15,130.46,130.74,15776000.0
2017-03-09,130.71,131.02,130.14,130.84,20855300.0
2017-03-10,131.44,131.6,130.82,131.39,21922600.0
2017-03-13,131.34,131.64,131.27,131.61,10731600.0
2017-03-14,131.31,131.36,130.76,131.29,14019700.0
2017-03-15,131.56,132.41,131.14,132.1,22709100.0
2017-03-16,132.35,132.35,131.71,132.01,18457300.0
2017-03-17,131.9,132.04,131.62,131.69,21234500.0
2017-03-20,131.65,132.11,131.46,131.81,10105200.0
2017-03-21,132.31,132.43,129.73,129.81,35841900.0
2017-03-22,129.85,130.82,129.68,130.69,29177900.0
2017-03-23,130.52,130.88,130.14,130.36,20311700.0
2017-03-24,130.78,131.29,130.13,130.63,22967600.0
2017-03-27,129.7,131.07,129.4,130.84,18472400.0
2017-03-28,130.84,132.03,130.55,131.64,23721900.0
2017-03-29,131.73,132.3,131.59,132.25,13710000.0
2017-03-30,132.2,132.61,132.08,132.47,16092400.0
2017-03-31,132.28,132.74,132.13,132.38,19841400.0
2017-04-03,132.49,132.81,131.56,132.3,23700300.0
2017-04-04,131.92,132.53,131.87,132.51,13400000.0
2017-04-05,132.7,133.48,131.72,131.97,32011200.0
2017-04-06,132.1,132.39,131.7,132.04,18832200.0
2017-04-07,132.0,132.37,131.5,131.97,16743100.0
2017-04-10,132.1,132.57,131.66,132.02,15619300.0
2017-04-11,131.9,132.1,130.5,131.45,33778400.0
2017-04-12,131.43,131.54,130.78,130.92,15955200.0
2017-04-13,130.74,131.51,130.38,130.4,23683000.0
2017-04-17,130.77,131.5,130.72,131.48,13325500.0
2017-04-18,131.04,131.66,130.95,131.28,12841100.0
2017-04-19,131.85,132.29,131.31,131.49,17764800.0
2017-04-20,132.02,132.88,131.82,132.59,21977900.0
2017-04-21,132.71,132.76,132.22,132.56,22454900.0
2017-04-24,134.03,134.29,133.8,134.16,22469900.0
2017-04-25,134.6,135.37,134.48,135.13,19384400.0
2017-04-26,135.18,135.51,134.86,134.94,25398500.0
2017-04-27,135.27,135.75,135.19,135.75,16136500.0
2017-04-28,136.29,136.34,135.77,135.99,22771900.0
2017-05-01,136.44,137.38,136.38,137.2,24815500.0
2017-05-02,137.37,137.49,137.02,137.43,18345100.0
2017-05-03,137.12,137.17,136.62,136.99,23827600.0
2017-05-04,136.97,137.43,136.56,137.04,14630100.0
2017-05-05,137.39,137.54,136.88,137.54,19330700.0
2017-05-08,137.61,137.84,137.33,137.84,13279900.0
2017-05-09,138.05,138.63,137.93,138.32,28426100.0
2017-05-10,138.4,138.45,137.91,138.4,20499400.0
2017-05-11,138.02,138.33,137.38,138.29,27232100.0
2017-05-12,138.35,138.63,138.23,138.6,19738600.0
2017-05-15,138.66,139.12,138.53,139.04,20481300.0
2017-05-16,139.4,139.64,138.99,139.62,21786000.0
2017-05-17,138.51,138.77,136.05,136.07,55642200.0
2017-05-18,136.02,137.72,135.87,137.26,41319900.0
2017-05-19,137.75,138.42,137.66,137.84,36730100.0
2017-05-22,138.15,139.07,138.1,139.0,19509700.0
2017-05-23,139.41,139.42,138.78,139.14,19687500.0
2017-05-24,139.56,139.85,139.17,139.78,15891900.0
2017-05-25,140.31,141.33,140.01,140.97,23928600.0
2017-05-26,141.0,141.28,140.81,141.22,13851600.0
2017-05-30,141.15,141.51,141.06,141.34,20306400.0
2017-05-31,141.84,141.84,140.57,141.29,33229400.0
2017-06-01,141.58,141.9,140.98,141.84,20120700.0
2017-06-02,142.34,143.49,142.11,143.46,37222900.0
2017-06-05,143.45,143.68,143.23,143.43,15727500.0
2017-06-06,143.26,143.73,142.65,142.86,22393000.0
2017-06-07,143.26,143.54,142.6,143.42,18842400.0
2017-06-08,143.74,143.8,142.79,143.57,25417400.0
2017-06-09,143.74,143.9,138.11,139.98,109783700.0
2017-06-12,138.8,139.48,137.47,139.23,104454000.0
2017-06-13,140.01,140.56,139.28,140.36,51193000.0
2017-06-14,140.93,140.93,138.62,139.75,60093800.0
2017-06-15,138.34,139.28,137.49,139.13,55145200.0
2017-06-16,138.68,138.78,137.64,138.15,48087400.0
2017-06-19,139.49,140.59,139.28,140.46,39626500.0
2017-06-20,140.32,140.5,139.31,139.36,40935100.0
2017-06-21,139.68,140.81,139.59,140.74,35743400.0
2017-06-22,140.96,141.22,140.34,140.7,24099100.0
2017-06-23,140.54,141.42,140.15,141.24,21654300.0
2017-06-26,142.05,142.29,140.27,140.58,34411100.0
2017-06-27,140.05,140.22,138.02,138.03,65957800.0
2017-06-28,138.54,140.14,137.74,140.02,57427200.0
2017-06-29,139.44,139.44,136.25,137.59,88769400.0
2017-06-30,137.98,138.67,137.19,137.64,68898300.0
2017-07-03,138.27,138.43,136.1,136.19,32797000.0
2017-07-05,136.62,137.9,136.16,137.53,42116600.0
2017-07-06,136.48,137.06,135.8,136.29,48430500.0
2017-07-07,136.75,138.13,136.74,137.76,36970400.0
2017-07-10,137.85,138.99,137.5,138.66,24853500.0
2017-07-11,138.46,139.22,137.94,139.05,31517700.0
2017-07-12,140.24,140.86,139.96,140.7,36045800.0
2017-07-13,140.87,141.35,140.6,141.01,31073600.0
2017-07-14,141.64,142.3,141.19,142.12,34544800.0
2017-07-17,142.27,142.69,141.92,142.19,25343200.0
2017-07-18,142.09,143.17,141.64,143.14,25748500.0
2017-07-19,143.56,144.19,143.5,143.98,33752300.0
2017-07-20,144.35,144.44,143.52,144.17,36139400.0
2017-07-21,143.64,144.11,143.35,144.11,39697100.0
2017-07-24,144.09,144.87,143.92,144.77,26712700.0
2017-07-25,144.29,144.74,144.01,144.4,28120900.0
2017-07-26,144.76,144.95,144.53,144.87,18610600.0
2017-07-27,145.82,145.96,142.3,143.96,80665900.0
2017-07-28,143.1,144.08,142.87,143.84,38013200.0
2017-07-31,144.25,144.43,142.92,143.23,33848600.0
2017-08-01,143.72,143.76,143.12,143.56,20149400.0
2017-08-02,144.49,144.52,142.61,143.95,41769700.0
2017-08-03,144.09,144.17,143.13,143.39,27112800.0
2017-08-04,143.71,143.97,143.06,143.65,29472900.0
2017-08-07,143.91,144.56,143.71,144.56,17933900.0
2017-08-08,144.28,145.47,143.9,144.31,30810400.0
2017-08-09,143.12,144.19,142.79,144.12,36169500.0
2017-08-10,143.3,143.4,140.89,141.03,63331700.0
2017-08-11,141.22,142.41,140.9,142.1,45862500.0
2017-08-14,143.23,144.15,143.19,143.93,34161000.0
2017-08-15,144.29,144.3,143.64,144.03,25509200.0
2017-08-16,144.39,144.96,143.8,144.28,31913000.0
2017-08-17,143.72,143.94,141.33,141.33,70191000.0
2017-08-18,141.41,142.2,140.65,141.23,60751900.0
2017-08-21,141.22,141.53,140.18,141.05,37111500.0
2017-08-22,141.81,143.35,141.76,143.2,36294200.0
2017-08-23,142.48,143.01,142.38,142.69,25702300.0
2017-08-24,143.01,143.17,141.47,142.27,38160800.0
2017-08-25,142.82,143.18,141.78,141.97,26380400.0
2017-08-28,142.4,142.74,141.95,142.41,15362100.0
2017-08-29,141.19,143.21,141.06,142.97,24498300.0
2017-08-30,143.09,144.89,143.0,144.65,33642700.0
2017-08-31,145.06,146.21,144.98,146.2,38480700.0
2017-09-01,146.39,146.59,145.61,146.0,22293600.0
2017-09-05,145.57,145.88,143.6,144.69,44794300.0
2017-09-06,145.06,145.46,144.08,145.13,30722700.0
2017-09-07,145.4,145.84,144.94,145.47,22721100.0
2017-09-08,145.28,145.35,144.06,144.21,27890100.0
2017-09-11,145.34,146.12,145.3,145.87,27126300.0
2017-09-12,146.28,146.41,145.53,146.22,30256700.0
2017-09-13,145.97,146.44,145.73,146.42,28450900.0
2017-09-14,145.85,146.29,145.47,145.56,35296400.0
2017-09-15,145.53,146.59,145.29,146.06,46422400.0
2017-09-18,145.91,146.37,145.11,145.55,24858200.0
2017-09-19,145.81,146.01,145.31,145.8,20871200.0
2017-09-20,145.75,145.91,144.23,145.35,34236200.0
2017-09-21,145.25,145.26,143.95,144.46,28841800.0
2017-09-22,144.0,144.53,143.85,144.32,21702400.0
2017-09-25,143.75,143.83,142.1,142.8,54947700.0
2017-09-26,143.53,143.8,142.67,143.17,29628800.0
2017-09-27,143.93,145.0,143.57,144.46,33249400.0
2017-09-28,144.11,144.56,143.78,144.41,24149400.0
2017-09-29,144.7,145.56,144.32,145.45,43102400.0
2017-10-02,145.67,146.17,144.93,145.58,27351300.0
2017-10-03,145.77,146.06,145.45,145.89,19715200.0
2017-10-04,145.61,146.34,145.47,146.03,26381100.0
2017-10-05,146.56,147.54,146.41,147.46,31562400.0
2017-10-06,146.96,147.66,146.96,147.66,23561100.0
2017-10-09,147.85,148.01,147.3,147.49,13704800.0
2017-10-10,147.99,148.14,146.95,147.6,19223100.0
2017-10-11,147.53,148.07,147.34,148.04,12439100.0
2017-10-12,147.82,148.35,147.62,147.77,14513500.0
2017-10-13,148.37,148.51,147.78,148.34,18409900.0
2017-10-16,148.71,148.89,148.39,148.85,21809400.0
2017-10-17,148.8,149.06,148.57,149.04,13138200.0
2017-10-18,149.19,149.21,148.64,148.86,17218200.0
2017-10-19,147.99,148.33,147.27,148.31,27680300.0
2017-10-20,148.91,149.04,148.53,148.71,30173300.0
2017-10-23,149.02,149.03,147.53,147.74,29297100.0
2017-10-24,148.03,148.3,147.44,147.99,20289500.0
2017-10-25,147.7,148.18,146.33,147.43,36179100.0
2017-10-26,147.34,147.71,146.92,146.96,28230200.0
2017-10-27,149.43,151.52,149.2,151.24,60165100.0
2017-10-30,151.13,152.19,150.99,151.58,31733400.0
2017-10-31,152.07,152.37,151.63,152.15,26319300.0
2017-11-01,152.76,152.83,151.5,152.1,29481600.0
2017-11-02,151.93,151.99,150.77,151.81,31017400.0
2017-11-03,152.36,153.29,151.84,153.27,26199200.0
2017-11-06,153.15,153.85,153.1,153.79,28693900.0
2017-11-07,153.67,154.08,153.34,153.88,21333100.0
2017-11-08,153.8,154.54,153.62,154.5,17373500.0
2017-11-09,153.23,153.77,152.11,153.69,40594500.0
2017-11-10,153.33,153.8,153.06,153.68,20150800.0
2017-11-13,153.1,154.07,153.1,153.87,12522400.0
2017-11-14,153.33,153.5,152.57,153.31,25173800.0
2017-11-15,152.65,153.0,151.78,152.59,24808000.0
2017-11-16,153.36,154.89,153.33,154.54,34790600.0
2017-11-17,154.58,154.69,153.8,153.95,28725800.0
2017-11-20,154.06,154.2,153.61,153.83,21143900.0
2017-11-21,154.56,155.57,154.49,155.5,20147800.0
2017-11-22,155.64,155.84,155.34,155.69,17299000.0
2017-11-24,155.85,156.31,155.76,156.26,8280600.0
2017-11-27,156.21,156.56,155.83,156.19,22653400.0
2017-11-28,156.54,156.69,155.7,156.59,25227300.0
2017-11-29,156.41,156.45,153.12,153.86,71986300.0
2017-11-30,154.51,155.45,154.15,155.15,56595500.0
2017-12-01,154.2,155.24,152.26,154.49,59015800.0
2017-12-04,155.46,155.63,152.56,152.71,51319100.0
2017-12-05,152.68,154.55,152.1,152.81,40604200.0
2017-12-06,152.24,153.74,152.06,153.5,28647800.0
2017-12-07,153.49,154.46,153.33,154.02,32666200.0
2017-12-08,155.15,155.53,154.46,154.7,28081700.0
2017-12-11,154.77,155.95,154.76,155.9,20821500.0
2017-12-12,155.83,156.15,155.36,155.69,20310300.0
2017-12-13,156.32,156.49,155.76,155.99,24418500.0
2017-12-14,156.26,156.66,155.71,155.88,24594700.0
2017-12-15,156.49,157.82,156.23,157.65,49816200.0
2017-12-18,158.36,158.77,158.07,158.64,26844500.0
2017-12-19,158.34,158.5,157.26,157.7,31415000.0
2017-12-20,158.25,158.28,156.91,157.53,38972600.0
2017-12-21,157.75,158.25,157.37,157.55,18638700.0
2017-12-22,157.31,157.43,156.95,157.37,23330400.0
2017-12-26,156.49,156.72,155.95,156.52,21918700.0
2017-12-27,156.53,156.96,156.39,156.54,22388200.0
2017-12-28,157.04,157.07,156.54,156.73,25393800.0
2017-12-29,156.87,156.9,155.7,155.76,33186000.0
2018-01-02,156.56,158.53,156.17,158.49,32573300.0
2018-01-03,158.64,160.17,158.61,160.03,29383600.0
2018-01-04,160.58,160.79,160.08,160.31,24776100.0
2018-01-05,161.07,162.03,160.77,161.92,26992300.0
2018-01-08,161.92,162.63,161.86,162.55,23159100.0
2018-01-09,162.87,163.04,162.07,162.56,24782400.0
2018-01-10,161.84,162.21,161.12,162.18,34004000.0
2018-01-11,162.46,163.3,162.21,163.29,20473500.0
2018-01-12,163.15,164.66,162.94,164.49,37762700.0
2018-01-16,165.58,166.42,163.53,164.02,41231800.0
2018-01-17,164.8,166.04,164.0,165.79,33849900.0
2018-01-18,165.53,166.2,165.14,165.82,26432200.0
2018-01-19,166.31,166.61,165.54,166.34,38937600.0
2018-01-22,166.28,168.12,166.09,168.12,26081400.0
2018-01-23,168.64,169.66,168.56,169.51,37989700.0
2018-01-24,169.87,170.24,167.44,168.41,54287400.0
2018-01-25,169.57,169.63,167.81,168.35,28925000.0
2018-01-26,169.29,170.95,168.96,170.93,32038200.0
2018-01-29,170.57,170.91,169.74,170.1,37277800.0
2018-01-30,168.55,169.42,167.82,168.7,44987700.0
2018-01-31,169.65,169.99,168.34,169.4,42449200.0
2018-02-01,168.1,169.73,167.42,167.96,38037900.0
2018-02-02,167.3,167.7,164.47,164.61,68478100.0
2018-02-05,163.07,165.75,158.0,158.12,105372200.0
2018-02-06,155.81,162.51,155.1,162.31,118537900.0
2018-02-07,161.79,163.55,160.2,160.21,91028300.0
2018-02-08,160.62,160.8,153.45,153.45,94184800.0
2018-02-09,155.62,157.24,150.13,156.1,113836600.0
2018-02-12,157.7,159.95,156.46,158.87,63050600.0
2018-02-13,157.96,160.01,157.72,159.69,31785600.0
2018-02-14,158.75,162.93,158.0,162.68,52107400.0
2018-02-15,164.14,165.7,162.44,165.7,51633900.0
2018-02-16,165.16,166.76,164.68,164.96,62256300.0
2018-02-20,164.38,166.68,164.31,165.29,36785600.0
2018-02-21,166.1,167.72,164.72,164.82,41161800.0
2018-02-22,165.54,166.42,164.38,164.8,37074400.0
2018-02-23,166.13,168.17,165.45,168.17,50096900.0
2018-02-26,168.96,170.4,168.82,170.4,39266700.0
2018-02-27,170.45,170.73,168.21,168.29,42209900.0
2018-02-28,169.25,169.8,167.1,167.21,42936300.0
2018-03-01,167.3,168.07,163.0,164.48,76809900.0
2018-03-02,162.5,166.28,161.96,165.99,57445100.0
2018-03-05,165.21,168.26,164.59,167.83,38540200.0
2018-03-06,168.65,169.11,167.48,168.54,29480900.0
2018-03-07,167.25,169.07,166.96,168.93,34609400.0
2018-03-08,169.63,169.98,168.95,169.86,25828400.0
2018-03-09,171.07,173.16,170.82,173.16,38310500.0
2018-03-12,173.67,174.48,173.28,174.08,37635000.0
2018-03-13,174.48,175.21,171.27,171.71,55638900.0
2018-03-14,172.61,172.74,170.93,171.68,40536400.0
2018-03-15,171.8,172.53,170.9,171.53,28810400.0
2018-03-16,171.82,172.2,170.94,171.02,31176700.0
2018-03-19,169.1,169.22,165.64,167.1,71395100.0
2018-03-20,167.17,168.04,166.61,167.65,34075700.0
2018-03-21,167.21,168.76,166.19,166.92,43863500.0
2018-03-22,164.61,165.77,162.59,162.8,66607300.0
2018-03-23,162.61,163.3,158.43,158.51,80110400.0
2018-03-26,161.72,164.6,159.16,164.4,57481500.0
2018-03-27,165.62,165.62,157.68,159.08,78889100.0
2018-03-28,158.17,159.78,156.04,157.25,89369700.0
2018-03-29,158.1,161.71,156.63,160.13,68692600.0
2018-04-02,158.99,159.74,153.88,155.51,85549400.0
2018-04-03,156.87,157.92,154.44,157.26,64090000.0
2018-04-04,154.22,160.23,154.04,159.74,65768700.0
2018-04-05,161.33,161.58,159.48,160.65,43054900.0
2018-04-06,158.88,160.46,155.88,156.63,59870900.0
2018-04-09,157.98,160.88,157.46,157.73,41810400.0
2018-04-10,160.21,161.73,159.07,161.21,48296800.0
2018-04-11,160.2,162.0,160.1,160.28,41622100.0
2018-04-12,161.25,162.77,161.16,162.21,30467900.0
2018-04-13,163.02,163.26,160.67,161.37,44604900.0
2018-04-16,162.5,163.19,161.48,162.6,28180800.0
2018-04-17,164.24,166.46,163.91,166.1,35536100.0
2018-04-18,166.1,167.0,165.31,166.44,29573900.0
2018-04-19,165.6,165.99,164.34,164.91,34705700.0
2018-04-20,164.49,164.61,161.73,162.3,49197100.0
2018-04-23,163.09,163.73,161.02,161.89,33040600.0
2018-04-24,162.66,162.91,157.39,158.46,70256800.0
2018-04-25,158.74,159.31,156.47,158.65,52089300.0
2018-04-26,160.7,162.53,160.18,161.99,43005500.0
2018-04-27,164.37,164.41,161.17,162.09,51043400.0
2018-04-30,162.47,163.48,160.54,160.94,35615300.0
2018-05-01,160.52,162.8,160.14,162.78,36513500.0
2018-05-02,163.06,163.57,161.63,161.82,38646800.0
2018-05-03,161.0,162.4,159.22,161.8,60337100.0
2018-05-04,161.1,165.25,160.98,164.87,41543200.0
2018-05-07,165.64,166.78,165.51,166.24,32500200.0
2018-05-08,165.89,166.43,164.86,166.07,26040200.0
2018-05-09,166.37,168.0,165.78,167.88,29122700.0
2018-05-10,168.42,169.74,168.29,169.62,27067600.0
2018-05-11,169.42,169.86,168.72,169.46,24688800.0
2018-05-14,169.85,170.82,169.47,169.75,21821700.0
2018-05-15,168.41,168.5,166.98,167.87,49361600.0
2018-05-16,168.09,169.37,168.01,168.98,22941200.0
2018-05-17,168.39,169.61,167.51,168.33,27480200.0
2018-05-18,167.68,168.26,167.21,167.46,26217900.0
2018-05-21,168.76,169.5,167.68,168.4,22954600.0
2018-05-22,169.17,169.45,167.88,168.18,19477700.0
2018-05-23,166.9,169.62,166.88,169.6,26557800.0
2018-05-24,169.55,169.85,167.84,169.55,27696500.0
2018-05-25,169.53,170.33,169.21,169.72,27460500.0
2018-05-29,168.95,169.92,167.96,168.97,41220500.0
2018-05-30,169.58,170.48,169.22,170.18,22665800.0
2018-05-31,170.18,171.2,169.63,170.07,35670900.0
2018-06-01,170.92,172.84,170.87,172.74,45543300.0
2018-06-04,173.18,174.34,173.07,174.3,20459600.0
2018-06-05,174.71,175.13,174.07,174.84,24779300.0
2018-06-06,175.02,175.89,174.14,175.86,25036600.0
2018-06-07,175.89,175.93,173.55,174.43,39600300.0
2018-06-08,173.61,174.88,173.18,174.44,31780300.0
2018-06-11,174.31,175.34,174.28,174.91,22319700.0
2018-06-12,175.15,176.0,174.96,175.83,22511800.0
2018-06-13,176.1,177.14,175.43,175.82,37858600.0
2018-06-14,176.63,177.89,176.5,177.6,35916000.0
2018-06-15,176.93,177.33,176.11,176.98,49615700.0
2018-06-18,175.49,176.65,174.94,176.5,31633200.0
2018-06-19,174.27,176.04,173.71,176.0,38236000.0
2018-06-20,176.81,177.98,176.65,177.25,33038000.0
2018-06-21,177.7,177.88,175.37,175.71,43469400.0
2018-06-22,176.3,176.37,174.69,175.32,30073200.0
2018-06-25,173.73,173.99,169.81,171.37,77799700.0
2018-06-26,172.0,173.06,171.37,172.07,39008100.0
2018-06-27,172.8,173.58,169.61,169.73,52843500.0
2018-06-28,169.52,171.77,169.17,171.19,46407700.0
2018-06-29,172.01,172.92,171.4,171.65,36408500.0
2018-07-02,170.04,172.85,169.67,172.8,31770000.0
2018-07-03,173.45,173.45,170.63,170.8,25512700.0
2018-07-05,171.91,173.06,171.03,172.92,31626200.0
2018-07-06,173.32,175.74,173.0,175.61,37005600.0
2018-07-09,176.52,177.23,175.82,177.19,27362100.0
2018-07-10,177.52,177.72,176.71,177.32,23902500.0
2018-07-11,175.93,177.07,175.8,176.42,30280600.0
2018-07-12,177.2,179.46,177.08,179.46,27930100.0
2018-07-13,179.45,179.9,178.95,179.61,28049800.0
2018-07-16,179.65,179.95,178.88,179.18,21405300.0
2018-07-17,177.28,180.65,177.28,180.27,31034100.0
2018-07-18,180.29,180.44,179.38,179.93,23220800.0
2018-07-19,179.28,179.88,178.82,179.03,31094100.0
2018-07-20,179.57,180.17,178.79,178.99,35897300.0
2018-07-23,178.46,179.64,177.74,179.56,22184700.0
2018-07-24,181.41,182.05,179.56,180.3,36900300.0
2018-07-25,180.38,182.93,180.29,182.82,35026600.0
2018-07-26,180.34,180.92,179.81,180.05,40873500.0
2018-07-27,181.19,181.31,176.6,177.62,59456100.0
2018-07-30,177.63,177.73,174.27,175.11,60193000.0
2018-07-31,175.8,177.13,174.82,176.45,47285100.0
2018-08-01,176.86,177.65,176.1,177.12,37101900.0
2018-08-02,175.87,179.74,175.79,179.53,47178200.0
2018-08-03,179.87,180.09,179.08,180.08,28934400.0
2018-08-06,179.96,181.19,179.74,181.14,24808800.0
2018-08-07,181.65,182.14,181.26,181.8,29895700.0
2018-08-08,181.55,182.35,181.06,182.02,22680700.0
2018-08-09,181.91,182.63,181.64,181.91,18852900.0
2018-08-10,180.68,181.22,179.84,180.52,33818500.0
2018-08-13,180.85,182.01,180.24,180.32,26089200.0
2018-08-14,181.01,181.66,180.04,181.45,20913000.0
2018-08-15,180.01,180.58,178.12,179.23,58528000.0
2018-08-16,180.61,180.99,179.47,179.82,27711800.0
2018-08-17,179.35,180.31,178.27,179.86,36092600.0
2018-08-20,180.26,180.33,179.0,179.7,24939000.0
2018-08-21,180.24,181.44,180.13,180.36,26258700.0
2018-08-22,179.98,181.27,179.75,181.06,18042400.0
2018-08-23,180.74,182.05,180.5,180.8,25776200.0
2018-08-24,181.4,182.63,181.36,182.48,23136100.0
2018-08-27,183.4,184.34,183.11,184.34,29343600.0
2018-08-28,184.83,185.02,184.22,184.61,20277000.0
2018-08-29,184.93,186.84,184.86,186.74,29175600.0
2018-08-30,186.38,187.52,185.79,186.41,29315500.0
2018-08-31,186.18,187.18,185.98,186.65,28653200.0
2018-09-04,186.08,186.4,184.85,185.85,29063500.0
2018-09-05,185.52,185.55,182.82,183.45,42623300.0
2018-09-06,183.53,183.75,180.58,181.81,46091400.0
2018-09-07,180.5,182.67,180.44,181.11,46629500.0
2018-09-10,182.15,182.25,180.73,181.72,26132000.0
2018-09-11,180.99,183.42,180.52,183.12,30116500.0
2018-09-12,182.85,182.98,181.01,182.58,36204000.0
2018-09-13,183.72,184.88,183.64,184.53,31133200.0
2018-09-14,184.66,184.95,183.26,183.99,31224100.0
2018-09-17,183.68,183.81,181.17,181.34,33071200.0
2018-09-18,181.49,183.73,181.4,182.84,31877300.0
2018-09-19,182.87,183.3,181.51,182.7,31843400.0
2018-09-20,183.96,184.97,183.52,184.72,33295800.0
2018-09-21,185.22,185.48,183.48,183.71,38605400.0
2018-09-24,182.05,183.96,181.3,183.89,34945600.0
2018-09-25,183.81,184.28,183.18,184.14,25277500.0
2018-09-26,184.3,185.99,183.91,184.27,36210600.0
2018-09-27,185.02,186.49,184.92,185.83,33113300.0
2018-09-28,185.31,186.28,184.97,185.79,28076800.0
2018-10-01,186.87,187.53,185.7,186.17,27371300.0
2018-10-02,186.01,187.18,185.32,185.75,25618600.0
2018-10-03,186.53,186.97,185.66,185.95,29128700.0
2018-10-04,185.2,185.32,181.06,182.38,80557300.0
2018-10-05,182.36,182.97,178.43,180.15,83325600.0
2018-10-08,179.52,180.64,176.93,179.05,66864500.0
2018-10-09,179.18,181.02,178.75,179.63,49097900.0
2018-10-10,178.51,178.62,171.5,171.73,114471100.0
2018-10-11,171.02,173.4,167.81,169.6,143084500.0
2018-10-12,174.17,174.86,170.93,174.32,102078400.0
2018-10-15,173.71,174.04,171.56,172.21,64885300.0
2018-10-16,174.02,177.65,173.7,177.22,71979700.0
2018-10-17,178.08,178.26,175.47,177.29,66987600.0
2018-10-18,176.62,176.68,172.44,173.18,82486200.0
2018-10-19,174.58,176.07,172.39,173.02,82923700.0
2018-10-22,174.06,175.25,172.59,173.91,52909300.0
2018-10-23,170.64,174.13,168.82,173.27,77567000.0
2018-10-24,173.07,173.36,165.04,165.34,102997400.0
2018-10-25,167.91,172.08,167.16,171.06,83481100.0
2018-10-26,165.2,169.96,164.23,166.66,130970900.0
2018-10-29,169.21,169.86,160.09,163.23,111871900.0
2018-10-30,162.75,166.04,162.01,165.92,92584000.0
2018-10-31,168.62,171.25,168.54,169.82,73828600.0
2018-11-01,170.07,172.24,168.78,172.06,52706800.0
2018-11-02,171.53,172.55,168.22,169.38,75966800.0
2018-11-05,169.6,169.66,167.08,168.96,39573500.0
2018-11-06,168.97,171.19,168.72,170.24,34410400.0
2018-11-07,172.28,175.58,171.87,175.58,51169600.0
2018-11-08,174.76,175.3,173.63,174.46,40296500.0
2018-11-09,172.83,173.25,170.16,171.52,50602700.0
2018-11-12,170.32,170.64,166.18,166.33,62578400.0
2018-11-13,167.11,169.48,166.0,166.47,64128100.0
2018-11-14,168.12,168.7,164.25,165.2,75270700.0
2018-11-15,164.9,168.54,163.46,168.09,73254300.0
2018-11-16,166.45,168.31,165.78,167.5,65390700.0
2018-11-19,166.7,166.9,161.54,162.06,67280500.0
2018-11-20,158.37,161.38,157.13,159.16,102652800.0
2018-11-21,161.35,161.97,159.23,160.37,42965800.0
2018-11-23,159.09,160.84,159.09,159.21,23503700.0
2018-11-26,161.44,162.97,160.76,162.89,42012600.0
2018-11-27,162.0,163.85,161.18,163.44,36608100.0
2018-11-28,164.62,168.7,163.47,168.7,70141000.0
2018-11-29,167.99,169.26,166.82,168.15,44885700.0
2018-11-30,168.38,169.47,167.54,169.37,36722800.0
2018-12-03,173.11,173.31,169.51,172.33,50771700.0
2018-12-04,171.43,171.91,165.52,165.72,70594700.0
2018-12-06,162.38,166.91,161.77,166.89,71715500.0
2018-12-07,166.16,167.12,160.86,161.38,80432200.0
2018-12-10,161.08,163.78,159.41,163.07,73960800.0
2018-12-11,165.73,165.77,162.23,163.61,59058300.0
2018-12-12,166.0,167.6,164.96,165.05,53780000.0
2018-12-13,166.13,166.82,164.03,165.1,46378500.0
2018-12-14,163.21,163.81,160.7,161.08,56547400.0
2018-12-17,160.39,161.67,156.17,157.43,74834100.0
2018-12-18,158.65,159.95,157.04,158.42,63642100.0
2018-12-19,158.18,160.72,153.34,154.53,81856500.0
2018-12-20,154.15,155.87,150.39,152.29,99002100.0
2018-12-21,153.05,154.09,146.72,147.57,141129400.0
2018-12-24,146.08,147.98,143.46,143.5,56163300.0
2018-12-26,145.08,152.54,144.09,152.46,98982100.0
2018-12-27,150.37,153.18,147.08,153.05,85824300.0
2018-12-28,154.15,155.59,151.72,152.97,77856600.0
2018-12-31,154.47,154.98,152.71,154.26,53015300.0
2019-01-02,150.99,155.75,150.88,154.88,58576700.0
2019-01-03,152.6,153.26,149.49,149.82,74820200.0
2019-01-04,152.34,157.0,151.74,156.23,74709300.0
2019-01-07,156.62,158.86,156.11,158.09,52059300.0
2019-01-08,159.54,160.11,157.2,159.52,49388700.0
2019-01-09,160.14,161.52,159.47,160.82,46491700.0
2019-01-10,159.6,161.37,158.7,161.28,38943400.0
2019-01-11,160.33,160.86,159.79,160.69,30176600.0
2019-01-14,159.33,159.96,158.59,159.27,30710200.0
2019-01-15,160.0,162.6,159.91,162.38,40874200.0
2019-01-16,162.65,163.78,162.29,162.35,33812200.0
2019-01-17,161.83,164.36,161.57,163.63,39329000.0
2019-01-18,164.78,166.02,163.82,165.25,57183200.0
2019-01-22,164.06,164.14,160.76,161.94,56711700.0
2019-01-23,162.77,163.51,160.32,162.15,38106100.0
2019-01-24,162.68,163.44,162.06,163.2,32417800.0
2019-01-25,164.51,165.65,163.95,165.15,36515900.0
2019-01-28,163.02,163.12,161.75,163.11,33491200.0
2019-01-29,163.2,163.24,160.99,161.57,30784200.0
2019-01-30,163.4,166.28,162.89,165.68,41346500.0
2019-01-31,166.7,168.99,166.47,168.16,37258400.0
2019-02-01,167.33,168.6,166.99,167.45,32143700.0
2019-02-04,167.48,169.53,167.33,169.53,26718800.0
2019-02-05,169.76,171.23,169.69,171.03,28156400.0
2019-02-06,171.07,171.37,169.75,170.52,27970000.0
2019-02-07,169.03,169.45,166.95,168.23,42036200.0
2019-02-08,166.76,168.59,166.57,168.56,29020700.0
2019-02-11,169.17,169.58,167.98,168.4,21434100.0
2019-02-12,169.63,171.14,169.33,170.89,29722100.0
2019-02-13,171.65,172.16,170.82,171.01,26094100.0
2019-02-14,170.4,171.83,169.83,171.22,30326800.0
2019-02-15,172.52,172.56,171.14,171.94,32521700.0
2019-02-19,171.41,172.8,171.38,172.28,19487700.0
2019-02-20,172.4,173.08,171.32,172.25,32593000.0
2019-02-21,171.79,172.26,170.71,171.62,25207400.0
2019-02-22,171.99,173.01,171.9,172.89,27735400.0
2019-02-25,174.21,174.66,173.4,173.52,32608800.0
2019-02-26,173.1,174.25,172.81,173.7,21939700.0
2019-02-27,172.9,173.8,171.76,173.59,25162000.0
2019-02-28,173.05,173.81,172.7,173.19,25085500.0
2019-03-01,174.44,174.65,173.18,174.39,31431200.0
2019-03-04,175.54,175.79,172.47,174.42,38063500.0
2019-03-05,174.55,175.09,173.69,174.55,22319900.0
2019-03-06,174.72,174.75,173.28,173.56,27194600.0
2019-03-07,173.12,173.18,170.79,171.43,39407400.0
2019-03-08,169.51,171.26,169.34,171.17,39303200.0
2019-03-11,171.88,174.85,171.85,174.73,30518400.0
2019-03-12,175.19,176.14,174.77,175.69,33953500.0
2019-03-13,176.6,177.93,176.35,177.01,42426100.0
2019-03-14,177.13,177.34,176.66,176.71,23751500.0
2019-03-15,177.4,178.88,177.28,178.35,38192000.0
2019-03-18,177.95,178.99,177.59,178.45,32935100.0
2019-03-19,179.18,180.0,178.29,179.05,36893300.0
2019-03-20,179.06,180.86,178.24,179.76,50105000.0
2019-03-21,179.22,182.83,179.2,182.57,42428500.0
2019-03-22,181.78,182.27,178.37,178.56,70794500.0
2019-03-25,177.91,178.84,176.93,178.22,46336500.0
2019-03-26,179.6,180.69,178.14,179.05,33248100.0
2019-03-27,179.32,179.72,176.6,177.9,37096700.0
2019-03-28,178.36,178.98,177.24,178.31,30368200.0
2019-03-29,179.69,179.83,178.59,179.66,35205500.0
2019-04-01,181.51,182.26,180.77,182.04,30969500.0
2019-04-02,182.24,182.91,181.78,182.73,22645200.0
2019-04-03,183.76,184.92,183.21,183.78,31633500.0
2019-04-04,183.83,184.5,182.65,183.71,28530800.0
2019-04-05,184.24,184.77,184.02,184.66,25674700.0
2019-04-08,184.36,185.28,183.63,185.13,22697500.0
2019-04-09,184.5,185.11,184.09,184.48,25631900.0
2019-04-10,184.72,185.53,184.52,185.47,24563000.0
2019-04-11,185.78,185.78,184.69,185.03,20654100.0
2019-04-12,185.85,185.95,185.06,185.83,24989100.0
2019-04-15,185.84,186.07,184.62,185.86,21073000.0
2019-04-16,186.54,186.91,185.93,186.5,27195700.0
2019-04-17,187.75,187.93,186.6,187.15,29651600.0
2019-04-18,187.46,187.79,186.29,187.39,28580900.0
2019-04-22,186.57,187.99,186.43,187.92,17936000.0
2019-04-23,188.4,190.54,188.13,190.31,33665600.0
2019-04-24,190.47,190.71,189.65,189.71,24977100.0
2019-04-25,191.13,191.22,189.45,190.48,29517500.0
2019-04-26,190.18,190.69,188.59,190.65,26359500.0
2019-04-29,190.65,191.32,190.34,191.02,21716200.0
2019-04-30,189.48,189.85,188.21,189.54,31495300.0
2019-05-01,190.78,191.32,188.8,188.93,34797100.0
2019-05-02,188.87,189.85,186.87,188.11,44110100.0
2019-05-03,189.67,191.25,189.33,191.11,30386200.0
2019-05-06,187.05,190.2,186.76,189.94,38371800.0
2019-05-07,187.87,188.67,184.51,186.24,58818100.0
2019-05-08,185.63,187.17,184.96,185.77,37165300.0
2019-05-09,183.7,185.41,182.09,184.77,55351700.0
2019-05-10,184.11,185.89,181.03,185.0,58526400.0
2019-05-13,180.29,181.26,178.06,178.58,67185800.0
2019-05-14,179.52,181.63,178.86,180.54,43360600.0
2019-05-15,179.35,183.55,179.31,183.09,40944500.0
2019-05-16,183.17,186.07,182.95,184.93,39281200.0
2019-05-17,183.1,185.58,182.88,183.04,44702300.0
2019-05-20,180.49,181.18,179.34,179.95,38608300.0
2019-05-21,181.5,182.33,180.92,181.83,31613800.0
2019-05-22,180.82,182.07,180.75,181.02,24332600.0
2019-05-23,178.94,179.02,177.14,178.25,45351300.0
2019-05-24,179.21,179.85,177.94,178.16,25903300.0
2019-05-28,178.66,179.66,177.47,177.49,24763800.0
2019-05-29,176.39,177.0,175.09,176.03,42178800.0
2019-05-30,176.5,177.27,175.77,176.77,30354800.0
2019-05-31,174.69,175.29,173.87,173.95,45446200.0
2019-06-03,173.48,173.95,169.27,170.12,75842300.0
2019-06-04,172.03,174.97,171.37,174.91,47797800.0
2019-06-05,176.58,176.61,174.38,176.21,34412700.0
2019-06-06,176.51,178.04,175.73,177.61,29913200.0
2019-06-07,178.56,181.77,178.33,181.04,45888300.0
2019-06-10,182.25,184.85,182.21,183.15,41385300.0
2019-06-11,185.06,185.4,182.78,183.4,41260300.0
2019-06-12,182.9,183.28,182.0,182.34,27758100.0
2019-06-13,183.1,183.87,182.74,183.42,23715800.0
2019-06-14,182.48,183.11,181.94,182.64,22844100.0
2019-06-17,183.04,184.25,182.84,183.74,20379500.0
2019-06-18,185.91,187.72,185.43,186.41,48177300.0
2019-06-19,186.66,187.53,185.57,187.11,31672900.0
2019-06-20,189.72,189.76,187.16,188.85,40922000.0
2019-06-21,188.63,189.77,188.17,188.57,39980400.0
2019-06-24,188.53,188.72,188.06,188.16,19375200.0
2019-06-25,188.03,188.14,184.65,184.93,33921100.0
2019-06-26,186.16,187.33,185.49,185.79,22595700.0
2019-06-27,186.46,186.94,185.99,186.5,19709200.0
2019-06-28,186.95,187.15,186.07,186.74,21179200.0
2019-07-01,190.32,190.57,188.38,189.26,31025600.0
2019-07-02,189.2,190.03,188.66,190.01,18035800.0
2019-07-03,190.49,191.44,190.29,191.44,15792100.0
2019-07-05,190.13,191.4,189.39,191.05,21415600.0
2019-07-08,189.81,189.87,188.93,189.71,17598800.0
2019-07-09,188.81,190.9,188.65,190.66,19193500.0
2019-07-10,191.82,193.09,191.47,192.56,28374500.0
2019-07-11,192.85,193.34,191.81,192.42,23736100.0
2019-07-12,192.63,193.54,192.45,193.53,20211900.0
2019-07-15,193.98,194.19,193.44,194.15,15606100.0
2019-07-16,193.91,194.09,192.56,193.15,20190900.0
2019-07-17,193.15,193.49,192.18,192.2,16765100.0
2019-07-18,191.29,192.79,190.69,192.42,28877000.0
2019-07-19,193.74,193.83,190.81,191.01,29387900.0
2019-07-22,191.44,192.94,191.44,192.53,18954900.0
2019-07-23,193.58,193.81,192.29,193.79,23786700.0
2019-07-24,193.05,195.16,193.03,195.15,20422900.0
2019-07-25,194.49,194.52,192.93,193.3,23434700.0
2019-07-26,194.53,195.55,194.43,195.29,20431200.0
2019-07-29,195.11,195.18,193.39,194.62,20451700.0
2019-07-30,193.13,194.54,192.99,193.78,18705000.0
2019-07-31,194.3,194.43,189.32,191.1,41627500.0
2019-08-01,191.43,194.98,189.23,190.15,63251600.0
2019-08-02,188.72,188.99,186.21,187.35,55214000.0
2019-08-05,183.43,183.51,179.2,180.73,75040000.0
2019-08-06,182.4,183.8,181.07,183.26,41897200.0
2019-08-07,181.27,184.51,179.89,184.25,49990600.0
2019-08-08,185.08,188.32,184.57,188.26,38418100.0
2019-08-09,187.36,188.0,185.03,186.49,33608900.0
2019-08-12,185.34,185.9,183.5,184.35,24642900.0
2019-08-13,184.19,189.68,184.02,188.39,40241900.0
2019-08-14,185.36,185.95,182.42,182.76,51000500.0
2019-08-15,183.0,183.59,181.16,182.55,36685000.0
2019-08-16,184.21,185.95,184.1,185.48,32781400.0
2019-08-19,188.16,188.83,187.5,188.43,22494100.0
2019-08-20,187.96,188.64,186.92,186.97,19902900.0
2019-08-21,188.61,189.23,187.96,188.63,20418500.0
2019-08-22,188.98,189.46,186.54,188.02,24243700.0
2019-08-23,186.74,188.45,181.56,182.07,55372400.0
2019-08-26,184.14,184.87,183.08,184.82,27598900.0
2019-08-27,186.11,186.42,183.71,184.43,28012800.0
2019-08-28,183.83,185.4,182.91,185.09,21792400.0
2019-08-29,187.39,188.46,186.68,187.92,25358900.0
2019-08-30,188.93,188.97,186.41,187.47,26319800.0
2019-09-03,186.22,187.18,185.03,185.65,27964200.0
2019-09-04,187.44,188.49,186.9,188.33,21592100.0
2019-09-05,190.41,192.33,190.34,191.78,33932600.0
2019-09-06,192.1,192.17,191.17,191.59,19487800.0
2019-09-09,192.19,192.27,190.22,191.19,24407600.0
2019-09-10,190.16,190.74,188.91,190.64,23744700.0
2019-09-11,191.0,192.53,190.56,192.43,25063600.0
2019-09-12,193.61,194.71,192.97,193.23,28689900.0
2019-09-13,192.95,193.4,192.29,192.54,27669800.0
2019-09-16,191.3,192.08,191.11,191.68,20319000.0
2019-09-17,191.7,192.6,191.29,192.6,20953400.0
2019-09-18,192.2,192.6,190.11,192.52,29781300.0
2019-09-19,192.86,194.04,192.47,192.84,26039400.0
2019-09-20,193.11,193.31,190.16,190.8,29086100.0
2019-09-23,190.36,191.07,189.72,190.5,22485900.0
2019-09-24,191.37,191.79,187.15,187.97,40820700.0
2019-09-25,187.78,190.58,186.21,190.08,34704900.0
2019-09-26,189.83,190.0,187.98,189.38,26826000.0
2019-09-27,189.73,189.83,185.75,187.03,40773500.0
2019-09-30,187.79,189.11,187.4,188.81,26307700.0
2019-10-01,189.5,190.59,186.96,187.27,32367600.0
2019-10-02,186.0,186.03,183.02,184.05,48544300.0
2019-10-03,184.03,186.21,181.82,186.07,39392500.0
2019-10-04,187.08,189.08,186.88,188.81,31887600.0
2019-10-07,188.27,189.74,187.91,188.24,21216000.0
2019-10-08,187.06,187.86,185.27,185.42,32379300.0
2019-10-09,186.99,188.08,186.43,187.23,20147400.0
2019-10-10,187.28,189.43,187.12,188.68,25177700.0
2019-10-11,190.83,192.63,190.72,191.11,40976700.0
2019-10-14,190.84,191.7,190.65,191.09,14975000.0
2019-10-15,191.68,193.97,191.56,193.52,23234200.0
2019-10-16,192.86,193.53,192.43,193.04,20457100.0
2019-10-17,194.2,194.5,192.81,193.55,19045200.0
2019-10-18,193.2,193.67,190.71,191.69,27700800.0
2019-10-21,192.71,193.52,192.14,193.39,15801200.0
2019-10-22,194.15,194.42,191.79,191.85,22392300.0
2019-10-23,191.46,192.26,191.15,192.22,14828400.0
2019-10-24,193.59,194.21,192.74,194.09,18998500.0
2019-10-25,193.09,195.74,193.05,195.64,21507100.0
2019-10-28,196.55,197.83,196.55,197.57,18818700.0
2019-10-29,197.24,197.54,196.01,196.04,18569700.0
2019-10-30,196.42,197.32,195.29,196.99,21764300.0
2019-10-31,197.56,197.65,195.94,197.08,26801800.0
2019-11-01,197.93,198.88,197.63,198.87,22131900.0
2019-11-04,200.19,200.53,198.87,200.1,19015900.0
2019-11-05,200.35,200.55,199.55,200.21,15048900.0
2019-11-06,199.98,200.0,198.79,199.76,19725500.0
2019-11-07,200.76,201.72,199.85,200.43,17832400.0
2019-11-08,200.07,201.25,199.54,201.23,15258800.0
2019-11-11,200.21,201.04,199.94,200.96,10147600.0
2019-11-12,201.13,202.21,200.82,201.54,14778300.0
2019-11-13,200.84,201.78,200.71,201.59,15774600.0
2019-11-14,200.83,201.56,200.22,201.43,16945400.0
2019-11-15,202.65,202.91,202.0,202.91,18427900.0
2019-11-18,202.59,203.39,201.77,203.07,18365900.0
2019-11-19,203.84,203.84,202.59,203.37,16923300.0
2019-11-20,202.84,203.45,200.62,202.15,36629000.0
2019-11-21,201.93,202.07,201.07,201.7,17883600.0
2019-11-22,202.2,202.32,200.74,201.83,17189600.0
2019-11-25,202.7,204.26,202.67,204.22,17752800.0
2019-11-26,204.35,204.87,204.05,204.61,14780600.0
2019-11-27,205.14,206.05,204.89,206.04,16963100.0
2019-11-29,205.52,205.83,205.0,205.1,9854600.0
2019-12-02,205.11,205.18,201.78,203.0,28007000.0
2019-12-03,200.21,201.49,199.23,201.41,31104100.0
2019-12-04,202.44,202.91,202.14,202.43,15300100.0
2019-12-05,203.15,203.15,201.84,202.83,14962300.0
2019-12-06,204.31,205.15,204.15,205.0,16555300.0
2019-12-09,204.63,205.59,203.98,204.07,13984100.0
2019-12-10,204.17,204.88,203.44,203.9,21799800.0
2019-12-11,204.36,205.19,204.04,204.98,18780800.0
2019-12-12,204.77,207.32,204.49,206.51,32612000.0
2019-12-13,206.4,207.91,205.96,207.19,32519400.0
2019-12-16,208.55,209.53,208.48,209.27,21296600.0
2019-12-17,209.54,209.71,209.04,209.39,15996100.0
2019-12-18,209.57,210.13,209.33,209.55,15443300.0
2019-12-19,209.64,210.93,209.62,210.86,17865900.0
2019-12-20,211.86,212.52,211.27,211.71,27672600.0
2019-12-23,212.0,212.15,211.63,211.81,23774700.0
2019-12-24,212.0,212.09,211.44,211.92,7089000.0
2019-12-26,212.26,213.81,212.23,213.79,17067500.0
2019-12-27,214.54,214.56,213.04,213.61,18134100.0
2019-12-30,213.5,213.63,211.16,212.21,21815500.0
2019-12-31,211.53,212.76,211.2,212.61,18170900.0
2020-01-02,214.4,216.16,213.98,216.16,30969400.0
2020-01-03,213.3,215.47,213.28,214.18,27518900.0
2020-01-06,212.5,215.59,212.24,215.56,21655300.0
2020-01-07,215.64,216.14,214.85,215.53,22139300.0
2020-01-08,215.5,218.14,215.16,217.15,26397300.0
2020-01-09,218.94,219.41,217.71,218.99,23547000.0
2020-01-10,219.85,219.87,218.04,218.43,21898500.0
2020-01-13,219.33,220.98,218.98,220.95,22756900.0
2020-01-14,220.84,221.21,219.74,220.08,24418100.0
2020-01-15,220.2,221.2,219.45,220.17,25742100.0
2020-01-16,221.27,222.32,220.8,222.28,18805000.0
2020-01-17,223.28,223.56,222.12,223.38,24325200.0
2020-01-21,222.76,223.84,222.66,223.28,21146300.0
2020-01-22,224.41,225.15,223.59,223.87,20736400.0
2020-01-23,223.74,224.69,222.7,224.59,26496100.0
2020-01-24,225.64,225.88,221.67,222.7,37436500.0
2020-01-27,217.67,219.28,217.18,218.1,42264400.0
2020-01-28,219.64,221.96,219.06,221.45,26731900.0
2020-01-29,222.68,222.93,220.83,221.81,28924500.0
2020-01-30,220.38,222.7,219.69,222.6,39568100.0
2020-01-31,223.53,223.56,218.29,219.07,52015800.0
2020-02-03,220.14,222.89,219.99,222.38,25408600.0
2020-02-04,225.42,227.86,224.65,227.47,30691200.0
2020-02-05,230.21,230.25,226.85,228.22,38534800.0
2020-02-06,228.79,230.25,227.98,230.19,22467100.0
2020-02-07,229.16,230.44,228.54,229.2,25884900.0
2020-02-10,228.44,231.98,228.38,231.97,21478900.0
2020-02-11,233.25,234.02,231.4,232.01,30198000.0
2020-02-12,233.38,234.38,232.8,234.27,24471300.0
2020-02-13,232.64,234.93,232.36,233.97,22773200.0
2020-02-14,234.34,234.86,233.55,234.64,23438500.0
2020-02-18,233.5,235.17,233.25,234.73,24394500.0
2020-02-19,236.13,237.47,235.85,236.98,22230500.0
2020-02-20,236.46,236.95,231.88,234.78,42604000.0
2020-02-21,233.61,234.01,229.32,230.27,66017200.0
2020-02-24,221.68,224.25,220.26,221.39,84522600.0
2020-02-25,223.25,223.99,214.74,215.37,97743000.0
2020-02-26,216.71,220.28,214.9,216.48,79537700.0
2020-02-27,210.9,216.42,205.5,205.64,121822600.0
2020-02-28,198.64,207.17,198.17,205.8,148173700.0
2020-03-02,208.88,216.57,205.94,216.42,112933900.0
2020-03-03,217.11,219.61,207.62,209.48,131953500.0
2020-03-04,213.32,218.33,211.37,218.22,73086200.0
2020-03-05,212.69,216.36,210.1,211.59,78705500.0
2020-03-06,204.67,209.15,202.91,208.02,89828400.0
2020-03-09,193.48,201.16,192.11,193.57,116424000.0
2020-03-10,201.11,204.3,193.68,204.11,100599200.0
2020-03-11,199.35,200.75,192.73,195.22,89168800.0
2020-03-12,182.09,190.78,176.94,177.32,137820700.0
2020-03-13,187.07,194.48,178.13,192.34,134882000.0
2020-03-16,174.15,184.68,169.16,169.3,92054400.0
2020-03-17,175.47,184.39,169.78,182.14,121257100.0
2020-03-18,171.61,179.22,166.8,176.6,114156300.0
2020-03-19,175.69,183.49,171.63,177.66,120896500.0
2020-03-20,181.74,182.87,170.1,170.7,118983900.0
2020-03-23,170.92,174.21,164.93,170.46,124639800.0
2020-03-24,179.91,183.83,177.95,183.66,94881800.0
2020-03-25,184.42,189.51,179.98,182.3,88754900.0
2020-03-26,183.87,192.72,183.61,191.9,79887600.0
2020-03-27,186.93,190.51,184.66,185.3,58845000.0
2020-03-30,187.06,192.49,186.34,192.04,49356900.0
2020-03-31,191.72,195.25,189.2,190.4,62659300.0
2020-04-01,184.77,187.66,180.86,182.31,53715400.0
2020-04-02,181.24,190.1,180.97,186.01,56465300.0
2020-04-03,185.55,187.07,181.29,183.37,47487600.0
2020-04-06,190.48,197.65,189.19,196.48,64763500.0
2020-04-07,202.37,202.66,196.0,196.4,69904500.0
2020-04-08,198.15,201.17,196.17,200.57,45940400.0
2020-04-09,202.35,203.22,199.03,200.86,68252600.0
2020-04-13,200.0,203.42,198.75,203.03,42853900.0
2020-04-14,207.23,212.5,206.42,211.86,63959600.0
2020-04-15,208.48,211.83,207.12,209.43,47036000.0
2020-04-16,211.69,214.37,209.69,213.25,64657400.0
2020-04-17,216.17,216.51,212.08,215.29,62863200.0
2020-04-20,213.36,215.88,212.57,212.74,38249100.0
2020-04-21,210.6,211.16,203.63,204.89,72932800.0
2020-04-22,209.1,212.35,208.33,210.97,40089100.0
2020-04-23,211.79,214.44,210.1,210.52,43278500.0
2020-04-24,210.97,214.3,209.5,213.84,34231900.0
2020-04-27,216.19,216.63,214.5,215.56,36451700.0
2020-04-28,217.32,217.32,211.21,211.5,46862800.0
2020-04-29,216.19,219.97,215.14,219.0,48716400.0
2020-04-30,219.95,220.04,217.35,218.91,43359500.0
2020-05-01,214.5,216.67,211.68,212.74,48795000.0
2020-05-04,211.46,215.45,211.12,215.22,32841000.0
2020-05-05,217.44,220.14,216.85,217.66,37783100.0
2020-05-06,219.4,221.04,218.11,219.0,36455200.0
2020-05-07,221.82,222.73,220.42,221.82,38624800.0
2020-05-08,223.55,225.0,222.48,224.86,31852300.0
2020-05-11,223.49,227.93,223.25,226.87,35714100.0
2020-05-12,227.49,228.1,222.09,222.12,41054100.0
2020-05-13,222.66,224.61,216.71,219.34,65521200.0
2020-05-14,217.97,221.87,215.99,221.83,51549300.0
2020-05-15,218.78,223.33,218.33,223.27,55747200.0
2020-05-18,226.28,228.68,225.47,227.43,42398100.0
2020-05-19,227.7,229.85,226.71,226.86,36237300.0
2020-05-20,229.5,231.76,229.48,231.39,37417000.0
2020-05-21,231.44,232.14,228.34,228.87,43642900.0
2020-05-22,228.45,229.87,227.5,229.66,28762400.0
2020-05-26,233.36,233.57,228.79,229.04,33055300.0
2020-05-27,228.69,230.41,223.94,230.29,55665600.0
2020-05-28,229.11,233.47,229.05,229.99,42784300.0
2020-05-29,230.38,233.6,228.76,233.36,50691800.0
2020-06-01,232.46,234.45,232.0,234.06,25776000.0
2020-06-02,234.5,235.69,232.01,235.63,33383400.0
2020-06-03,236.26,237.47,235.35,236.69,37228700.0
2020-06-04,236.33,237.79,233.68,235.03,38716100.0
2020-06-05,236.22,240.3,235.63,239.69,47365600.0
2020-06-08,239.54,241.68,237.91,241.55,32937300.0
2020-06-09,240.66,244.18,240.47,243.3,35046300.0
2020-06-10,245.05,247.82,244.51,246.22,58084400.0
2020-06-11,242.16,243.59,233.96,234.02,72919400.0
2020-06-12,239.09,240.4,231.74,235.88,72034800.0
2020-06-15,232.44,239.45,231.47,238.75,45307400.0
2020-06-16,243.78,244.39,239.1,242.85,48890100.0
2020-06-17,244.4,245.5,242.73,243.62,34749300.0
2020-06-18,243.29,244.53,242.49,244.28,30578600.0
2020-06-19,246.73,247.0,242.45,244.24,49422100.0
2020-06-22,243.68,246.87,243.38,246.74,24068700.0
2020-06-23,248.39,251.15,247.82,248.84,32767400.0
2020-06-24,248.06,249.33,242.16,243.71,46032400.0
2020-06-25,243.8,246.34,241.14,246.03,36940800.0
2020-06-26,245.78,245.96,239.68,240.22,52824600.0
2020-06-29,239.97,242.85,237.35,242.84,34377800.0
2020-06-30,242.77,248.16,242.58,247.6,38909200.0
2020-07-01,247.64,251.52,247.08,250.49,34689200.0
2020-07-02,253.02,254.27,251.71,252.19,31956500.0
2020-07-06,255.45,258.93,255.43,258.39,34589000.0
2020-07-07,258.13,260.88,256.3,256.61,36578200.0
2020-07-08,257.98,260.02,256.5,259.99,30426300.0
2020-07-09,261.97,262.87,257.63,262.18,40312900.0
2020-07-10,262.03,264.23,259.26,263.97,32885300.0
2020-07-13,266.91,269.79,257.69,258.54,64108100.0
2020-07-14,255.93,260.79,252.76,260.37,72230500.0
2020-07-15,261.83,262.69,257.49,260.9,54523900.0
2020-07-16,258.02,259.78,255.62,259.12,47594100.0
2020-07-17,259.59,260.31,257.17,259.42,35137900.0
2020-07-20,260.08,267.43,258.79,266.78,40610100.0
2020-07-21,268.4,268.41,263.13,264.0,43243800.0
2020-07-22,264.51,265.89,262.55,264.93,29865500.0
2020-07-23,264.51,265.24,256.55,258.01,51363500.0
2020-07-24,254.04,256.93,251.32,255.56,54054500.0
2020-07-27,257.26,260.52,256.45,260.12,36445700.0
2020-07-28,259.31,259.85,256.51,256.81,31302400.0
2020-07-29,258.4,260.66,257.91,259.77,27556900.0
2020-07-30,257.74,261.71,256.55,261.13,41774500.0
2020-07-31,265.91,265.95,260.85,265.79,53686300.0
2020-08-03,268.0,270.15,267.87,269.38,32081600.0
2020-08-04,268.86,270.48,268.09,270.38,24911300.0
2020-08-05,270.88,271.52,269.96,271.05,21612100.0
2020-08-06,270.85,274.98,270.19,274.64,28048200.0
2020-08-07,274.08,274.88,269.25,271.47,44969400.0
2020-08-10,271.77,271.98,266.67,270.31,35088400.0
2020-08-11,269.11,270.44,264.63,265.19,43104300.0
2020-08-12,267.42,272.84,267.37,271.86,38773400.0
2020-08-13,272.66,274.83,271.51,272.48,31895700.0
2020-08-14,273.12,273.4,270.72,272.16,30799500.0
2020-08-17,273.93,275.84,272.2,275.32,24803000.0
2020-08-18,276.42,278.46,274.91,277.97,23529500.0
2020-08-19,277.93,279.02,275.57,276.1,31999400.0
2020-08-20,275.28,280.43,274.86,279.93,27723400.0
2020-08-21,280.13,282.34,279.46,281.87,34748900.0
2020-08-24,285.25,286.0,281.27,283.63,36418500.0
2020-08-25,282.83,286.06,282.37,285.86,34866600.0
2020-08-26,287.15,292.22,285.83,291.96,42216700.0
2020-08-27,292.97,293.85,288.71,291.05,49482700.0
2020-08-28,292.33,293.18,290.93,292.53,28021000.0
2020-08-31,293.07,296.75,292.62,294.88,36321000.0
2020-09-01,297.62,300.04,295.79,299.92,36216200.0
2020-09-02,303.28,303.5,296.89,302.76,50836800.0
2020-09-03,298.1,298.62,284.41,287.41,110083300.0
2020-09-04,285.56,288.93,271.8,283.58,123959000.0
2020-09-08,272.22,278.22,269.66,269.95,99568600.0
2020-09-09,275.64,280.05,273.0,277.88,64837900.0
2020-09-10,280.94,282.2,270.56,272.34,69667500.0
2020-09-11,274.15,275.22,266.9,270.45,71809000.0
2020-09-14,274.36,277.22,272.96,275.16,38525200.0
2020-09-15,279.03,280.45,275.13,279.06,41849900.0
2020-09-16,279.88,280.36,274.25,274.61,42321000.0
2020-09-17,267.55,274.4,266.68,270.32,81570800.0
2020-09-18,271.79,272.09,262.63,266.87,86251100.0
2020-09-21,262.47,267.65,260.11,267.51,57168600.0
2020-09-22,269.99,273.08,266.54,272.48,41128900.0
2020-09-23,272.15,272.34,263.25,264.16,48837300.0
2020-09-24,261.39,268.7,261.22,265.39,70631700.0
2020-09-25,265.91,272.4,264.3,271.56,55242400.0
2020-09-28,276.58,277.2,271.67,277.2,58438300.0
2020-09-29,276.62,277.71,275.37,275.95,27050000.0
2020-09-30,276.15,281.09,275.87,277.84,49380800.0
2020-10-01,281.79,282.88,279.84,282.25,50020200.0
2020-10-02,276.02,282.24,273.44,274.31,75497400.0
2020-10-05,276.34,280.49,276.23,280.16,28184600.0
2020-10-06,279.45,281.19,274.25,275.16,49704200.0
2020-10-07,277.89,280.74,277.28,279.92,27539700.0
2020-10-08,282.4,282.47,280.31,281.41,25443300.0
2020-10-09,283.11,285.79,282.71,285.71,30201100.0
2020-10-12,290.55,297.46,289.47,294.53,79370700.0
2020-10-13,296.39,297.05,293.11,294.52,64240000.0
2020-10-14,295.35,296.35,290.26,292.06,36949100.0
2020-10-15,287.2,290.71,286.54,290.1,42514200.0
2020-10-16,291.8,293.27,288.15,288.51,40570700.0
2020-10-19,290.49,291.48,282.79,283.8,36756800.0
2020-10-20,284.56,287.62,282.95,284.41,32195400.0
2020-10-21,284.67,287.32,283.69,284.19,29306100.0
2020-10-22,285.05,285.98,280.82,284.18,32196200.0
2020-10-23,284.77,284.91,281.78,284.74,24658500.0
2020-10-26,282.38,285.3,276.76,280.47,38421100.0
2020-10-27,281.5,283.51,280.2,282.66,30559100.0
2020-10-28,278.01,278.64,271.38,271.64,53413500.0
2020-10-29,273.0,279.49,272.52,276.39,43246300.0
2020-10-30,274.34,275.24,267.07,269.38,65838300.0
2020-11-02,271.85,273.52,266.97,269.98,39987400.0
2020-11-03,271.96,276.82,270.84,274.65,43604100.0
2020-11-04,283.59,288.77,281.87,286.91,75728200.0
2020-11-05,293.53,295.39,292.0,294.39,52054200.0
2020-11-06,293.71,295.36,289.83,294.61,40959800.0
2020-11-09,297.65,299.14,288.12,288.59,86537100.0
2020-11-10,285.17,286.66,280.62,283.42,69024900.0
2020-11-11,286.03,290.25,283.38,289.76,36102900.0
2020-11-12,290.76,292.07,287.25,288.4,34414600.0
2020-11-13,290.17,291.57,287.87,290.93,24806900.0
2020-11-16,290.62,293.51,289.99,293.2,30168400.0
2020-11-17,293.4,293.74,291.61,292.27,21843500.0
2020-11-18,291.7,293.37,290.02,290.11,28069600.0
2020-11-19,289.54,292.7,288.85,292.38,22718400.0
2020-11-20,292.3,293.07,290.29,290.38,25907300.0
2020-11-23,291.41,292.75,288.07,290.39,26875600.0
2020-11-24,291.49,294.98,289.63,294.47,24516800.0
2020-11-25,295.57,296.94,294.59,296.28,23326800.0
2020-11-27,298.31,300.17,297.9,299.01,17163100.0
2020-11-30,299.34,299.97,294.78,299.62,27836200.0
2020-12-01,301.97,305.14,300.83,303.46,27521300.0
2020-12-02,302.25,304.2,300.35,303.85,23620000.0
2020-12-03,304.17,305.88,303.53,304.28,22828700.0
2020-12-04,304.33,305.67,303.63,305.52,19332100.0
2020-12-07,305.71,307.63,305.52,307.25,20851000.0
2020-12-08,306.76,308.6,304.95,308.29,18341500.0
2020-12-09,308.07,308.36,300.21,301.31,48839300.0
2020-12-10,299.21,303.68,298.09,302.52,27519500.0
2020-12-11,300.81,301.98,298.47,301.85,26760400.0
2020-12-14,303.08,306.05,303.01,304.04,28804800.0
2020-12-15,306.37,307.29,304.11,307.29,25709000.0
2020-12-16,307.7,309.79,306.62,308.98,25461900.0
2020-12-17,310.63,311.24,309.39,311.0,23730500.0
2020-12-18,311.66,311.98,307.61,310.06,41173400.0
2020-12-21,306.46,309.47,303.6,308.92,37095500.0
2020-12-22,309.85,310.71,306.85,309.76,26176300.0
2020-12-23,309.81,310.18,308.04,308.2,21201300.0
2020-12-24,308.47,310.02,308.39,309.56,16785000.0
2020-12-28,312.25,313.17,310.36,312.68,22497700.0
2020-12-29,314.05,314.69,312.03,312.96,25871900.0
2020-12-30,314.16,314.49,312.33,312.97,18138100.0
2020-12-31,312.87,314.24,311.76,313.74,21611400.0
2021-01-04,306.1856,306.3605,296.5368,300.5499,46626427.0
2021-01-05,299.5588,303.2998,299.5588,303.0277,30178082.0
2021-01-06,298.3053,303.0471,297.3142,298.83,54348846.0
2021-01-07,301.4924,306.8949,301.4633,306.0593,31280719.0
2021-01-08,308.3525,310.3444,306.1578,309.9946,34945507.0
2021-01-11,307.031,308.2067,304.8641,305.5152,33827030.0
2021-01-12,305.554,306.6423,302.3864,305.0293,30119738.0
2021-01-13,305.2917,307.8861,304.6893,307.0893,23565819.0
2021-01-14,307.5363,308.5371,304.9726,305.4472,24185053.0
2021-01-15,305.2334,306.1953,301.7839,303.0277,36142296.0
2021-01-19,305.35,307.9541,304.252,307.4488,25252180.0
2021-01-20,311.0732,315.5429,307.545,314.6004,31623621.0
2021-01-21,315.9413,317.8652,314.5615,317.117,26054809.0
2021-01-22,316.0773,317.2142,315.5137,316.2037,22239243.0
2021-01-25,319.5948,320.9649,312.3072,318.8174,40219681.0
2021-01-26,319.5365,320.4207,317.9526,319.2839,26241287.0
2021-01-27,317.0198,317.0296,308.3719,310.3833,56874667.0
2021-01-28,311.5882,317.1753,310.9663,312.2197,44084856.0
2021-01-29,310.529,311.6361,303.9022,305.6512,56869628.0
2021-02-01,309.1007,314.3769,307.0698,313.2886,36684972.0
2021-02-02,316.2619,319.5559,316.0968,318.3996,34919782.0
2021-02-03,320.479,320.8434,317.0781,317.1365,25548053.0
2021-02-04,318.5357,320.9746,317.2142,320.8871,23002362.0
2021-02-05,321.8394,322.9884,320.1972,321.9754,23394464.0
2021-02-08,323.6661,324.288,322.024,324.1325,21059228.0
2021-02-09,323.1997,325.3277,323.19,324.0645,18110310.0
2021-02-10,325.5026,325.9593,320.1681,323.326,28886821.0
2021-02-11,324.8613,325.5123,322.7139,325.1042,22688574.0
2021-02-12,324.2588,327.0864,323.2094,326.9212,20939850.0
2021-02-16,327.6792,328.612,324.871,326.037,27870023.0
2021-02-17,323.054,326.1507,320.8191,324.4726,32384581.0
2021-02-18,320.8774,324.4105,319.0603,323.054,33175783.0
2021-02-19,324.4046,324.5309,320.6248,321.645,40298929.0
2021-02-22,317.253,318.5162,313.104,313.308,48634297.0
2021-02-23,308.0221,314.0465,302.192,312.3752,100076209.0
2021-02-24,309.7128,315.2611,307.0115,314.9502,59902730.0
2021-02-25,312.2878,314.853,302.4252,303.9702,113393968.0
2021-02-26,306.9047,310.0723,302.0754,305.2431,107792650.0
2021-03-01,310.2278,314.7655,308.9306,314.4255,50597486.0
2021-03-02,315.0668,315.1445,309.1298,309.3824,49779848.0
2021-03-03,308.2844,309.227,300.3458,300.4041,88816419.0
2021-03-04,300.0349,303.2026,291.6104,295.4874,143186784.0
2021-03-05,298.111,300.8404,289.0258,299.9377,125065746.0
2021-03-08,299.3936,301.2786,291.0274,291.4453,90986552.0
2021-03-09,298.762,304.8447,298.2276,302.9402,82734268.0
2021-03-10,307.2059,307.5071,301.3855,302.0754,79036435.0
2021-03-11,306.8269,310.8011,305.933,309.0326,55043728.0
2021-03-12,304.971,309.2175,302.5719,306.5257,71335942.0
2021-03-15,306.8464,309.9655,305.1994,309.8002,44380015.0
2021-03-16,311.9963,315.0182,310.0626,311.5007,56526822.0
2021-03-17,308.4594,314.6781,306.7395,312.7833,80539714.0
2021-03-18,307.8958,308.8773,302.7459,303.2026,85359703.0
2021-03-19,303.0374,305.8164,300.8901,304.2714,80732676.0
2021-03-22,306.6696,312.0498,306.6696,309.9775,57759653.0
2021-03-23,311.0672,312.3903,307.8031,308.6252,54944060.0
2021-03-24,309.997,310.0359,303.2742,303.4201,66608406.0
2021-03-25,301.5697,304.4076,299.0614,302.8948,80921491.0
2021-03-26,302.6807,307.7593,301.2797,307.4382,65288548.0
2021-03-29,306.9031,308.4014,304.0039,307.3507,56128657.0
2021-03-30,305.3854,306.3778,303.0991,305.8038,45878637.0
2021-03-31,307.5939,312.0498,307.2534,310.4834,56565090.0
2021-04-01,314.3167,315.9122,314.0637,315.776,57236384.0
2021-04-05,318.2667,322.849,315.8417,322.0805,43346842.0
2021-04-06,321.7691,323.8122,321.0784,321.8567,34471170.0
2021-04-07,321.38,323.4717,320.446,322.635,32938749.0
2021-04-08,325.4954,326.1861,324.6975,326.0013,30774506.0
2021-04-09,324.6392,328.1806,323.8998,327.9763,37685865.0
2021-04-12,326.9353,327.9665,325.6608,327.5482,26552418.0
2021-04-13,329.0756,331.8387,328.8616,331.3717,31219880.0
2021-04-14,331.6149,331.7414,326.5753,327.3925,43749668.0
2021-04-15,330.2723,332.7435,327.1058,332.3543,37354903.0
2021-04-16,332.8797,332.9576,330.8658,332.7435,41998003.0
2021-04-19,331.1674,332.3251,327.7735,329.6983,35494805.0
2021-04-20,329.0368,330.321,325.3218,327.2952,39142334.0
2021-04-21,326.011,330.2821,324.9213,330.0972,37617208.0
2021-04-22,329.7081,330.6907,324.9603,326.118,47215366.0
2021-04-23,326.7504,331.5342,326.7504,330.2237,37429010.0
2021-04-26,330.4669,332.656,329.7178,332.3738,31669972.0
2021-04-27,332.6657,332.8797,329.9805,330.9339,34111317.0
2021-04-28,330.6031,331.6149,329.1633,329.8151,34551749.0
2021-04-29,333.0938,333.5121,327.772,331.002,38758943.0
2021-04-30,328.5503,331.0409,327.9179,328.8324,39328989.0
2021-05-03,330.0388,330.788,326.6337,327.0812,30557633.0
2021-05-04,324.5224,324.8435,317.3716,321.1951,66961166.0
2021-05-05,323.2479,324.1138,319.3369,320.1152,47506449.0
2021-05-06,319.8525,322.6837,317.6051,322.528,48117917.0
2021-05-07,325.3105,327.5287,322.7045,325.1451,54809423.0
2021-05-10,323.7636,323.9387,316.7295,316.9338,62390830.0
2021-05-11,311.038,317.2937,310.3764,316.496,73967692.0
2021-05-12,311.5536,313.8789,307.4382,308.3041,93703633.0
2021-05-13,311.252,313.6648,308.3139,310.6877,71823708.0
2021-05-14,313.8594,318.4613,313.3535,317.5467,45605655.0
2021-05-17,315.8344,317.5293,312.7406,315.6204,40491995.0
2021-05-18,316.5738,317.7997,313.2173,313.4897,37545671.0
2021-05-19,308.0804,314.1513,307.7301,313.8497,68166001.0
2021-05-20,315.3382,320.7767,315.1145,319.9206,47760123.0
2021-05-21,321.4772,321.8956,317.79,318.1499,51732042.0
2021-05-24,320.446,324.6295,318.046,323.5009,33380111.0
2021-05-25,325.0187,325.7386,322.7664,323.9484,32151423.0
2021-05-26,324.6198,325.544,323.929,325.077,26153509.0
2021-05-27,324.6295,325.4759,323.6566,323.8609,28709562.0
2021-05-28,325.0673,326.4779,324.5614,324.8824,30760843.0
2021-06-01,326.2153,326.6872,322.4501,323.8025,32012764.0
2021-06-02,324.2209,325.2813,322.708,324.4349,22661906.0
2021-06-03,321.594,322.8685,319.3855,321.0589,38089814.0
2021-06-04,322.8588,326.953,322.7907,326.5072,39815261.0
2021-06-07,325.9721,327.5385,325.2813,327.4801,33519998.0
2021-06-08,329.2216,330.0972,325.9526,327.6358,28042588.0
2021-06-09,329.0076,329.7859,327.5297,327.7136,22083637.0
2021-06-10,328.0541,331.2355,327.6066,331.1285,34640557.0
2021-06-11,331.1382,332.0041,330.4864,331.9944,21813826.0
2021-06-14,332.4224,335.1855,331.2355,335.1758,28602665.0
2021-06-15,334.8255,335.1369,332.2668,332.9867,36965250.0
2021-06-16,333.4537,334.5239,328.3071,331.7706,56942309.0
2021-06-17,330.7588,336.9951,330.7102,335.9833,61385900.0
2021-06-18,334.3196,335.4659,332.5975,333.3467,56958031.0
2021-06-21,333.5386,335.7399,331.3178,335.4185,33872107.0
2021-06-22,335.2139,338.9932,334.912,338.5451,29713122.0
2021-06-23,338.4867,339.8601,337.8731,338.7107,27913183.0
2021-06-24,340.6491,342.3341,340.1036,340.8049,33450155.0
2021-06-25,341.3698,341.6134,339.7821,340.3861,29447413.0
2021-06-28,341.6718,344.6621,341.6134,344.5257,40173428.0
2021-06-29,344.3504,345.8016,343.5127,345.7725,30210429.0
2021-06-30,345.6166,346.0062,344.6426,345.227,33596248.0
2021-07-01,344.8764,345.8699,343.5224,345.3634,30070701.0
2021-07-02,347.2627,349.6491,347.029,349.3277,33599636.0
2021-07-06,349.9316,351.1199,347.2335,350.8374,39877754.0
2021-07-07,353.0388,353.3407,349.6199,351.5777,36205295.0
2021-07-08,346.503,350.3115,345.2173,349.4543,52246615.0
2021-07-09,348.8699,352.1134,348.2855,351.6362,36122438.0
2021-07-12,353.0388,353.4674,351.4608,353.0096,26403170.0
2021-07-13,352.6297,355.9755,352.1524,353.0096,40781920.0
2021-07-14,355.3569,355.9998,352.8147,353.6427,36278284.0
2021-07-15,353.555,353.7596,349.1524,351.1589,54814795.0
2021-07-16,352.016,352.9998,347.964,348.3147,48521799.0
2021-07-19,344.8569,345.9575,342.8991,345.4608,66121485.0
2021-07-20,346.3959,350.9251,344.6134,349.4738,43308225.0
2021-07-21,349.0452,352.1719,348.8212,352.1719,31066457.0
2021-07-22,352.3764,354.5096,352.3764,354.4998,31058660.0
2021-07-23,355.8245,358.9171,354.4664,358.6395,32812699.0
2021-07-26,357.9479,359.3116,357.082,358.9219,29196198.0
2021-07-27,358.6589,358.6589,350.8082,354.9674,59477459.0
2021-07-28,356.107,357.9089,353.8082,356.331,43187488.0
2021-07-29,355.7661,358.1324,355.7661,356.9641,26356872.0
2021-07-30,353.029,355.6882,352.9998,355.1037,37457201.0
2021-08-02,356.7693,357.3537,354.4219,355.1329,28062667.0
2021-08-03,355.7953,357.4024,352.6004,357.2856,36506404.0
2021-08-04,357.2466,358.7564,356.1362,357.8018,30391329.0
2021-08-05,358.62,360.3051,357.9089,360.0713,22015548.0
2021-08-06,358.805,359.7791,357.3781,358.4934,34220655.0
2021-08-09,358.9512,359.6817,357.8505,359.1557,26652242.0
2021-08-10,359.6719,359.9642,356.1264,357.3148,36067206.0
2021-08-11,358.581,359.0778,355.3667,356.7011,35162824.0
2021-08-12,356.1947,358.3472,354.8359,357.9869,26696999.0
2021-08-13,358.3375,359.5745,357.8408,359.2434,19851555.0
2021-08-16,358.1232,359.4382,354.2563,359.3992,35978300.0
2021-08-17,356.6427,357.6167,353.7985,356.2336,45988005.0
2021-08-18,355.6979,357.1005,352.4689,352.805,39569342.0
2021-08-19,350.8667,356.1849,350.6134,354.5096,49792173.0
2021-08-20,355.581,358.581,355.2693,358.1817,40538605.0
2021-08-23,359.2239,364.2255,359.2142,363.5389,34941985.0
2021-08-24,364.133,365.2532,363.6655,364.6492,22312254.0
2021-08-25,364.9025,365.6428,364.1477,365.0681,20986731.0
2021-08-26,364.211,364.8928,362.3116,362.7499,29909928.0
2021-08-27,363.383,366.7824,362.896,366.2759,27827250.0
2021-08-30,367.0649,370.8733,367.0454,370.3863,28023242.0
2021-08-31,370.6298,370.697,368.5357,370.0844,30417915.0
2021-09-01,371.1461,372.7727,370.4935,370.698,28888405.0
2021-09-02,372.0519,372.3831,369.3051,370.5227,26183366.0
2021-09-03,369.3733,372.0617,369.3541,371.6623,25281347.0
2021-09-07,371.7695,372.8389,370.6086,372.1883,24609191.0
2021-09-08,372.013,372.013,368.6233,370.8928,33827452.0
2021-09-09,371.1169,372.2272,369.3733,369.6168,30182613.0
2021-09-10,371.3312,372.0519,366.4756,366.8116,41322359.0
2021-09-13,369.1493,369.5779,364.5032,366.5584,50041037.0
2021-09-14,368.0486,368.7792,364.5616,365.5162,42941599.0
2021-09-15,365.974,368.5844,363.6752,368.2337,35006771.0
2021-09-16,366.8993,369.0616,364.9658,368.487,36131162.0
2021-09-17,368.0097,368.0584,363.0811,364.1233,62535979.0
2021-09-20,358.3155,360.0609,351.948,356.5993,78147967.0
2021-09-21,358.4325,359.6319,355.9069,357.0381,42997420.0
2021-09-22,357.9547,361.8356,356.8513,360.373,48171689.0
2021-09-23,361.5334,364.7317,360.8888,363.6981,45791560.0
2021-09-24,361.4261,364.4587,361.0556,364.0394,36976998.0
2021-09-27,360.9873,362.0127,358.5788,361.1336,44444017.0
2021-09-28,356.5701,361.0868,350.4073,350.9143,100195047.0
2021-09-29,352.182,354.3273,349.7101,350.3391,59558754.0
2021-09-30,351.987,353.6544,348.2133,349.0519,62951080.0
2021-10-01,349.676,352.26,345.561,351.2167,57814138.0
2021-10-04,349.5979,349.9295,341.602,343.8448,78725134.0
2021-10-05,344.9077,350.7388,344.6834,348.4863,48438329.0
2021-10-06,345.2684,350.9924,344.3616,350.7194,58256247.0
2021-10-07,353.7714,356.5896,353.2352,353.9372,40416906.0
2021-10-08,355.0196,355.2503,351.6359,352.1723,42889635.0
2021-10-11,350.6316,354.1615,349.3834,349.4712,35736429.0
2021-10-12,350.9241,351.3629,347.6087,348.2523,45025600.0
2021-10-13,350.5633,351.714,348.5351,351.0411,41144618.0
2021-10-14,354.6393,357.7207,353.9762,357.5061,44542271.0
2021-10-15,358.725,359.8757,357.6914,359.7586,41451353.0
2021-10-18,358.4617,363.5909,357.8572,363.3763,35394314.0
2021-10-19,364.449,366.1749,363.4225,366.1261,29833328.0
2021-10-20,366.5845,367.1939,364.1662,365.6484,32191401.0
2021-10-21,364.8488,368.0764,364.5465,367.8814,26119190.0
2021-10-22,366.6235,367.5888,363.1179,364.7903,37201582.0
2021-10-25,366.2139,369.4415,364.2637,368.5249,33429726.0
2021-10-26,370.7677,373.186,368.5006,369.6853,48395560.0
2021-10-27,370.1339,373.615,369.8706,370.5434,46928245.0
2021-10-28,372.4449,374.9119,371.6697,374.6584,38976973.0
2021-10-29,371.577,376.6671,371.226,376.5014,38262279.0
2021-11-01,376.9402,377.9153,374.8534,377.7885,31550456.0
2021-11-02,377.1742,379.846,377.1254,379.3682,25776670.0
2021-11-03,379.8558,383.8147,378.8124,383.3954,34610203.0
2021-11-04,384.6631,389.2656,384.117,388.31,41292903.0
2021-11-05,390.0847,391.0111,387.2764,388.6806,44490986.0
2021-11-08,388.6513,389.6752,387.5104,388.154,30002841.0
2021-11-09,389.2266,389.6264,384.117,385.4822,51779261.0
2021-11-10,382.7031,385.5212,377.886,379.8168,56339340.0
2021-11-11,382.8006,382.9761,380.5286,380.8699,33065763.0
2021-11-12,382.0205,385.4139,380.4213,384.8776,35616854.0
2021-11-15,386.0575,386.3793,382.3374,384.7898,34577282.0
2021-11-16,384.0585,388.0272,383.8635,387.5299,28584240.0
2021-11-17,387.8517,389.7723,386.7693,387.7347,29435727.0
2021-11-18,389.7824,392.2592,387.5592,391.7521,46888356.0
2021-11-19,393.3903,395.2138,392.5615,393.9364,46345029.0
2021-11-22,395.4771,398.539,389.2559,389.3631,63290328.0
2021-11-23,388.2027,390.27,383.1419,387.5884,71887684.0
2021-11-24,385.1019,389.1193,382.7713,388.8366,48152611.0
2021-11-26,386.2525,387.6469,380.0703,381.4647,52848477.0
2021-11-29,386.038,390.7576,385.3067,389.7434,55836638.0
2021-11-30,388.8561,391.2061,382.001,384.0195,83408276.0
2021-12-01,388.3685,390.5138,377.0182,377.4862,80379510.0
2021-12-02,376.1991,381.9913,374.7754,380.2068,86570985.0
2021-12-03,381.572,382.5763,369.4708,373.5955,108037711.0
2021-12-06,374.0831,377.9543,369.8608,376.5891,69313730.0
2021-12-07,383.2492,388.544,383.2102,387.9297,57434501.0
2021-12-08,388.2612,389.8702,386.3598,389.6654,40204518.0
2021-12-09,388.4368,390.2407,383.7366,383.9317,51249077.0
2021-12-10,386.7498,388.3685,383.5709,388.1052,53886718.0
2021-12-13,388.0955,388.4124,382.1278,382.4983,51446696.0
2021-12-14,377.6618,380.3823,374.0831,378.5394,77118240.0
2021-12-15,378.2858,387.5297,374.3269,387.1691,75742920.0
2021-12-16,388.1345,388.5587,375.6238,377.2132,84699097.0
2021-12-17,373.7905,379.5047,372.2694,375.3312,83726399.0
2021-12-20,370.5969,372.4812,368.5465,371.6904,66918775.0
2021-12-21,374.971,380.3214,371.2129,380.009,50083381.0
2021-12-22,379.7161,384.842,379.0522,384.6369,37939092.0
2021-12-23,384.9884,389.0061,384.8225,387.5367,30312086.0
2021-12-27,388.8353,393.9416,388.8054,393.9416,33615379.0
2021-12-28,394.8399,395.0156,391.2371,392.1158,33915470.0
2021-12-29,392.2525,393.5218,389.6749,392.0572,33029222.0
2021-12-30,391.8425,394.0294,390.2998,390.8856,24427473.0
2021-12-31,390.212,391.5778,387.9468,388.4447,35594258.0
2022-01-03,389.6163,392.438,387.4977,392.1842,41558243.0
2022-01-04,392.7309,392.77,383.9906,387.0974,59432182.0
2022-01-05,385.4082,386.5311,374.9514,375.2053,77573663.0
2022-01-06,373.3795,378.1929,371.1436,374.9417,72528894.0
2022-01-07,374.9514,376.6405,369.103,370.88,74411407.0
2022-01-10,365.9592,371.6416,360.5794,371.1241,93992500.0
2022-01-11,370.387,376.865,368.3007,376.6991,69949322.0
2022-01-12,379.2767,380.9756,375.9083,378.1929,55897743.0
2022-01-13,379.5794,380.2628,367.7947,368.732,79882348.0
2022-01-14,366.2033,371.3584,365.9982,371.0265,82061144.0
2022-01-18,365.1976,367.3261,361.0289,361.7901,77647810.0
2022-01-19,363.3523,365.8322,357.5527,357.8163,83771789.0
2022-01-20,361.0481,365.0316,352.6319,353.1689,90756079.0
2022-01-21,350.9721,353.618,343.0928,343.376,146860699.0
2022-01-24,337.7228,345.6118,326.2506,344.9479,204277255.0
2022-01-25,338.4747,342.7311,333.6026,336.9515,127410411.0
2022-01-26,344.5671,348.4433,332.7239,336.4243,150108098.0
2022-01-27,341.1401,342.9659,332.0111,333.0363,97561999.0
2022-01-28,334.9207,343.6982,329.9608,343.4833,110786944.0
2022-01-31,344.8503,355.0532,343.21,354.4674,96610188.0
2022-02-01,355.8148,357.5332,350.6499,356.879,76235223.0
2022-02-02,361.0188,361.3508,355.6732,359.7788,80684505.0
2022-02-03,350.0543,353.3739,344.1278,345.192,97694217.0
2022-02-04,345.7095,352.8564,343.6493,349.5466,88408288.0
2022-02-07,350.1421,352.5147,345.4751,346.7346,59607139.0
2022-02-08,345.5923,351.7238,344.4597,350.6303,66287965.0
2022-02-09,355.1606,358.1385,353.5594,358.0604,57116658.0
2022-02-10,351.0209,357.8246,348.1113,349.9566,115191567.0
2022-02-11,349.9566,351.5579,337.6252,338.8554,104028362.0
2022-02-14,338.2989,342.6828,335.7604,339.2753,82197559.0
2022-02-15,344.5671,347.9453,343.5029,347.711,56731957.0
2022-02-16,345.4556,348.6479,342.4191,347.6232,60374251.0
2022-02-17,344.4011,345.1041,336.8636,337.2835,63297667.0
2022-02-18,338.2208,338.6113,331.1227,333.4366,81938557.0
2022-02-22,330.488,335.9068,326.4459,330.0877,88048591.0
2022-02-23,333.2511,334.0937,321.32,321.6325,88302776.0
2022-02-24,311.3025,332.9777,310.7363,332.4407,133776513.0
2022-02-25,333.2413,337.8009,329.414,337.5959,80750979.0
2022-02-28,334.413,340.3004,333.2511,338.6015,79392369.0
2022-03-01,337.5764,339.8493,330.8883,333.4171,69039093.0
2022-03-02,334.9695,340.3493,332.1966,339.0116,72318640.0
2022-03-03,341.6576,341.765,332.3041,334.1689,72810549.0
2022-03-04,331.8061,333.2413,327.0024,329.3261,78874309.0
2022-03-07,329.3164,330.4783,316.9752,317.1802,92111338.0
2022-03-08,316.3894,325.3328,312.3765,315.7059,118966309.0
2022-03-09,323.9074,328.4279,321.3102,327.0708,66290411.0
2022-03-10,322.9993,324.6494,318.9865,323.4387,71042155.0
2022-03-11,326.4166,326.729,316.2429,316.7311,67933964.0
2022-03-14,315.4911,318.8693,309.9454,310.6484,81734830.0
2022-03-15,313.2943,321.1736,311.6833,320.3924,78322473.0
2022-03-16,324.3174,332.3919,320.6375,332.2748,107791088.0
2022-03-17,330.3709,336.3559,329.0729,336.2973,69451769.0
2022-03-18,334.6375,343.4736,333.4757,343.1807,87515181.0
2022-03-21,342.3439,344.5728,337.8227,342.2266,75492534.0
2022-03-22,342.7251,349.8223,342.3439,348.9523,64799548.0
2022-03-23,346.0684,349.6365,343.8787,343.9373,72235889.0
2022-03-24,345.8631,351.6308,343.7065,351.5819,54784180.0
2022-03-25,351.5232,352.579,346.9813,351.2886,58905544.0
2022-03-28,351.2789,356.8217,350.0374,356.7239,58138019.0
2022-03-29,360.6244,363.4887,357.8481,362.863,69635035.0
2022-03-30,360.9861,362.6578,357.3691,358.855,70335544.0
2022-03-31,359.0016,359.3536,353.5664,354.4071,68549173.0
2022-04-01,354.671,355.453,350.5457,353.7326,55778990.0
2022-04-04,354.5733,361.0252,354.3093,361.0154,47004562.0
2022-04-05,359.5589,360.2725,351.8556,352.9994,64178321.0
2022-04-06,347.6716,348.7763,342.6958,345.3352,92144099.0
2022-04-07,344.3381,348.3559,340.8678,346.1564,65240861.0
2022-04-08,344.4163,345.169,340.682,341.3175,63377752.0
2022-04-11,337.0748,337.9937,332.8957,333.2428,67624424.0
2022-04-12,338.0035,339.8902,330.4518,331.8351,74460578.0
2022-04-13,332.1772,339.636,331.4538,338.5803,62775960.0
2022-04-14,338.6683,339.1864,330.6229,330.8379,75206426.0
2022-04-18,329.7822,333.3894,328.2581,331.0921,59904346.0
2022-04-19,330.4469,339.069,329.4205,338.4923,57812517.0
2022-04-20,339.3037,339.7631,332.3336,333.5556,67003085.0
2022-04-21,337.4463,340.0662,325.7253,326.6539,77540492.0
2022-04-22,326.8103,328.0323,317.6701,318.1002,84456739.0
2022-04-25,316.4677,322.4993,315.1969,322.1864,104090910.0
2022-04-26,320.1238,320.3096,309.7469,310.0256,108247929.0
2022-04-27,310.1233,315.6368,307.9335,309.6541,113755989.0
2022-04-28,314.6299,322.4895,310.397,320.6517,101732079.0
2022-04-29,316.4384,319.8843,305.5874,306.2228,94088505.0
2022-05-02,305.8122,311.5701,302.6987,311.3355,118162449.0
2022-05-03,311.355,313.9652,308.8916,311.6679,79979691.0
2022-05-04,312.1469,322.8806,306.8494,322.206,118747289.0
2022-05-05,317.8754,317.9536,302.6742,305.9784,158155331.0
2022-05-06,303.9744,308.0215,298.2605,302.3125,142775737.0
2022-05-09,296.672,302.409,289.0861,290.484,115989291.0
2022-05-10,297.6789,298.9008,289.917,294.013,126972907.0
2022-05-11,291.745,297.2683,284.4231,285.2931,143546296.0
2022-05-12,281.0016,289.1154,278.5479,284.6186,123685449.0
2022-05-13,289.0861,296.2018,287.4853,295.1665,85605304.0
2022-05-16,293.4167,295.4794,290.4644,291.745,60548707.0
2022-05-17,297.6202,299.6829,293.8077,299.3016,64154395.0
2022-05-18,294.7755,295.4696,283.3478,284.6088,81300950.0
2022-05-19,282.8003,287.7859,281.1286,283.0838,81754717.0
2022-05-20,286.5542,287.2091,273.924,282.204,93869885.0
2022-05-23,283.25,287.2776,280.8452,286.8963,65109007.0
2022-05-24,281.6663,282.3799,275.9182,280.7963,75177572.0
2022-05-25,279.3006,286.8083,279.0953,284.7261,68685326.0
2022-05-26,283.9245,294.1694,283.641,292.6151,60826727.0
2022-05-27,295.7531,302.3125,295.6358,302.1659,68522685.0
2022-05-31,302.1366,304.3459,297.5029,301.3643,62367399.0
2022-06-01,303.5052,305.6363,296.9164,299.1354,66841067.0
2022-06-02,298.0112,307.5034,296.5939,307.3275,60651904.0
2022-06-03,302.0975,303.5052,298.0797,299.331,62312462.0
2022-06-06,303.7789,305.343,298.764,300.3281,52973356.0
2022-06-07,296.9946,303.7007,295.8983,302.9186,45930572.0
2022-06-08,302.117,304.7271,299.8882,300.7387,39221867.0
2022-06-09,299.0475,302.117,292.5173,292.6835,57183201.0
2022-06-10,287.0625,288.2551,281.9146,282.3604,87936078.0
2022-06-13,273.4743,276.0062,268.3714,269.2317,96609250.0
2022-06-14,271.4312,272.4088,267.2057,269.7205,66182170.0
2022-06-15,273.1517,280.3955,270.4047,276.4559,88026101.0
2022-06-16,269.4076,269.8671,263.2392,265.3019,83789970.0
2022-06-17,266.0741,270.9718,264.4435,268.5278,84601282.0
2022-06-21,273.0206,277.6239,272.9128,275.3027,52717245.0
2022-06-22,272.7953,279.3184,272.1978,274.9011,68888843.0
2022-06-23,277.3889,279.8473,274.5485,278.9952,58663570.0
2022-06-24,281.8258,288.9757,281.5908,288.5545,59648220.0
2022-06-27,289.916,290.484,285.3028,286.439,55287785.0
2022-06-28,286.9776,289.5732,277.526,277.7121,63165304.0
2022-06-29,277.575,279.4751,275.0676,277.9667,58505228.0
2022-06-30,274.9794,278.1079,270.1116,274.5191,80977932.0
2022-07-01,273.2164,276.7229,271.3359,276.3311,57864451.0
2022-07-05,272.5896,281.1793,271.0617,281.0618,63126707.0
2022-07-06,281.4438,284.9698,279.72,282.864,64520858.0
2022-07-07,283.6769,289.6222,283.6769,288.917,57808290.0
2022-07-08,286.0766,290.6506,285.1363,289.2794,61152320.0
2022-07-11,286.8601,287.0854,282.2176,283.099,56433855.0
2022-07-12,284.3527,286.2724,278.7601,280.3566,56967923.0
2022-07-13,274.8325,282.1294,274.2644,279.7787,75491055.0
2022-07-14,277.1734,281.6495,274.049,280.7778,65079440.0
2022-07-15,283.7749,285.9786,282.1588,285.8709,65157341.0
2022-07-18,288.6623,290.0727,282.2763,283.4516,60768553.0
2022-07-19,287.0854,292.4626,285.4791,292.1687,56330421.0
2022-07-20,292.5899,297.9866,291.8092,296.8015,69191561.0
2022-07-21,297.2618,301.1159,294.5977,301.0621,56204530.0
2022-07-22,300.1316,302.208,293.9464,295.7828,58326559.0
2022-07-25,295.8122,296.2824,292.0904,294.0982,41433938.0
2022-07-26,292.394,292.6487,287.5066,288.3195,51124924.0
2022-07-27,292.8935,302.1983,292.3254,300.5038,70758680.0
2022-07-28,300.2883,304.0166,296.5224,303.4422,56297022.0
2022-07-29,304.9897,309.8869,303.5607,308.976,58707680.0
2022-08-01,307.2032,312.2572,306.1062,308.7899,47331662.0
2022-08-02,306.4882,311.9976,305.4305,307.8692,49698001.0
2022-08-03,309.5539,317.0751,309.4951,316.2533,54863369.0
2022-08-04,316.3316,318.0457,314.1769,317.7323,39791469.0
2022-08-05,312.6293,317.174,311.8458,315.1367,55024893.0
2022-08-08,316.0574,319.7597,312.6489,314.1181,44991047.0
2022-08-09,312.218,312.4726,308.9368,310.5627,40598666.0
2022-08-10,317.9183,319.5246,315.4404,319.2308,52539398.0
2022-08-11,321.5521,323.5697,316.7136,317.4188,46860785.0
2022-08-12,319.4659,323.7901,318.418,323.5992,41787190.0
2022-08-15,322.6491,326.7091,322.6295,326.2142,39069646.0
2022-08-16,325.225,327.5472,322.3944,325.4503,42051123.0
2022-08-17,322.3063,324.6177,319.652,321.7382,48846083.0
2022-08-18,321.6892,323.6971,320.0731,322.5119,42817175.0
2022-08-19,319.4659,320.1221,315.4599,316.2239,52856923.0
2022-08-22,311.9535,312.1886,307.0857,307.8986,52171133.0
2022-08-23,307.6636,310.4844,306.8898,307.644,40325854.0
2022-08-24,307.164,310.357,306.5568,308.5353,38855635.0
2022-08-25,310.3178,314.0104,309.2676,313.9908,38897699.0
2022-08-26,313.6969,314.9017,301.0327,301.1209,70496677.0
2022-08-29,298.3588,300.9054,297.0464,298.1531,49335857.0
2022-08-30,299.8084,300.4255,292.3058,294.8328,52258629.0
2022-08-31,297.7417,298.6429,293.011,293.1188,51094189.0
2022-09-01,290.6212,293.6183,286.9287,293.2461,59207662.0
2022-09-02,296.1257,297.5067,287.487,289.1031,66023853.0
2022-09-06,289.583,290.5037,284.8914,287.0266,58201681.0
2022-09-07,287.5066,293.824,287.2421,292.8249,50294059.0
2022-09-08,290.7485,295.6653,289.3773,294.3431,56817626.0
2022-09-09,296.6056,301.2776,294.344,300.778,57303013.0
2022-09-12,302.1591,304.686,301.8456,304.353,46869053.0
2022-09-13,295.5968,296.7917,286.7671,287.6633,81231735.0
2022-09-14,288.7994,290.8269,287.0364,289.9454,56059444.0
2022-09-15,288.0257,290.4351,283.5104,285.1167,66669737.0
2022-09-16,281.8062,283.7651,279.7493,283.3733,81597466.0
2022-09-19,280.7231,285.737,280.6642,285.58,53621566.0
2022-09-20,283.0681,285.5997,280.9978,283.3036,52253150.0
2022-09-21,284.1474,288.4255,278.0934,278.2308,84519345.0
2022-09-22,276.7001,277.7107,273.575,274.8064,63959041.0
2022-09-23,272.3337,272.6281,266.9077,270.3321,76248109.0
2022-09-26,269.8611,274.2373,268.4187,269.2135,72539907.0
2022-09-27,272.5888,274.9437,266.996,269.3215,71116646.0
2022-09-28,269.3018,275.9642,267.8153,274.6788,81177756.0
2022-09-29,270.6755,271.0582,263.7874,266.7605,82771505.0
2022-09-30,265.9363,270.0181,262.0802,262.2371,79985564.0
2022-10-03,264.0131,269.9887,262.5021,268.3893,62440905.0
2022-10-04,273.7467,277.5341,273.7467,276.8277,67974397.0
2022-10-05,273.05,278.4761,270.2438,276.6805,56834441.0
2022-10-06,275.6796,278.8391,274.1784,274.5022,54513936.0
2022-10-07,269.8513,269.9788,262.7081,264.0426,72721309.0
2022-10-10,264.2388,264.6313,258.6852,261.4031,61549659.0
2022-10-11,259.7253,262.6002,256.1242,257.8119,67796667.0
2022-10-12,258.4497,260.3728,257.0269,257.7236,51548902.0
2022-10-13,250.3645,265.0925,249.4814,263.7678,115056371.0
2022-10-14,266.1031,266.7016,255.251,255.8397,78723820.0
2022-10-17,261.825,265.1611,261.7269,264.2879,65813280.0
2022-10-18,271.3329,272.0001,263.6893,266.3778,71117481.0
2022-10-19,264.8569,268.5365,263.0319,265.4064,54132770.0
2022-10-20,264.5135,269.6747,262.8847,264.0524,61766320.0
2022-10-21,262.9436,270.7825,261.8089,270.2438,79389635.0
2022-10-24,270.5087,274.149,266.8586,273.2168,65188659.0
2022-10-25,274.1588,279.2512,272.6772,278.8686,60144751.0
2022-10-26,273.2266,278.6429,272.216,272.7066,65122096.0
2022-10-27,271.588,273.0495,267.2217,267.7417,58866634.0
2022-10-28,267.1137,276.4038,266.9469,275.9348,63851307.0
2022-10-31,273.678,274.5022,270.8031,272.7262,48656350.0
2022-11-01,276.2046,276.7688,269.5766,269.9396,46774983.0
2022-11-02,269.9101,272.9813,260.6181,260.6868,81331651.0
2022-11-03,258.067,259.529,255.2117,255.5944,71380403.0
2022-11-04,260.5397,261.5993,254.2108,259.7056,79813208.0
2022-11-07,260.7555,263.1006,258.6165,262.5609,48240430.0
2022-11-08,264.0818,267.7221,260.5298,264.4743,64424488.0
2022-11-09,262.7277,263.5127,258.0866,258.3712,66104463.0
2022-11-10,270.8227,277.7304,268.7033,277.436,101157752.0
2022-11-11,277.2496,283.2153,275.9053,282.5481,68244277.0
2022-11-14,280.4875,283.7795,279.0943,280.0755,56134989.0
2022-11-15,286.7182,287.7485,280.5955,283.9512,75402410.0
2022-11-16,281.9888,284.0433,279.2512,280.0755,49795648.0
2022-11-17,275.6011,280.9378,275.4442,279.4573,56524311.0
2022-11-18,282.4794,282.5775,277.0152,279.4671,54615033.0
2022-11-21,278.0738,279.2316,275.7582,276.5922,40851256.0
2022-11-22,277.3281,280.7329,275.189,280.5759,42675438.0
2022-11-23,280.5955,284.0199,280.4189,283.3919,47278454.0
2022-11-25,281.7926,282.499,281.0371,281.5277,15795558.0
2022-11-28,279.5456,281.5669,276.4646,277.3967,39621656.0
2022-11-29,277.6224,278.0247,273.9233,275.297,36301039.0
2022-11-30,275.5619,287.9545,274.7083,287.8466,76149142.0
2022-12-01,288.1704,290.1917,285.4132,288.1998,52534640.0
2022-12-02,283.1172,287.9349,282.9406,287.0518,54609431.0
2022-12-05,284.9226,286.1982,280.7721,282.2341,42276649.0
2022-12-06,282.0771,282.2145,274.9879,276.3861,54970716.0
2022-12-07,275.1989,277.2594,273.5407,275.2577,46487899.0
2022-12-08,276.6118,279.4867,274.5317,278.5153,43410767.0
2022-12-09,277.4949,280.2717,276.2978,276.7394,48777104.0
2022-12-12,276.916,280.2717,275.8759,280.2128,36416918.0
2022-12-13,291.0748,291.2955,280.5366,283.2251,82212711.0
2022-12-14,282.6364,285.9333,277.8677,281.1253,66229119.0
2022-12-15,277.0239,277.6911,270.4891,271.6862,61713941.0
2022-12-16,271.0091,272.5496,267.4866,269.0957,69608537.0
2022-12-19,269.3662,269.4548,264.0747,265.314,44906380.0
2022-12-20,264.1436,266.8582,262.56,265.1075,51917974.0
2022-12-21,266.15,270.2613,265.3042,268.9532,47170306.0
2022-12-22,265.9336,266.0663,258.139,262.3732,61286138.0
2022-12-23,261.1044,263.6321,259.1963,262.9633,40031816.0
2022-12-27,262.3535,262.4617,258.7045,259.2454,38644511.0
2022-12-28,258.8422,261.1044,255.4588,255.8227,47927154.0
2022-12-29,258.6356,263.0076,257.9373,262.0584,46660836.0
2022-12-30,259.2848,262.0289,257.9767,261.901,38491191.0
2023-01-03,264.2321,265.7123,257.8193,260.1307,43043134.0
2023-01-04,262.2551,263.0518,258.2127,261.3699,48553257.0
2023-01-05,259.6979,259.8651,256.9636,257.2783,46155733.0
2023-01-06,259.0192,265.5009,256.0587,264.3796,55573601.0
2023-01-09,266.3762,270.7629,265.4812,266.091,46330501.0
2023-01-10,265.0583,268.4516,264.5468,268.3433,35837041.0
2023-01-11,269.4154,273.0939,268.6286,272.9857,44813962.0
2023-01-12,273.5463,275.4938,269.2384,274.461,61613131.0
2023-01-13,271.953,276.5944,271.6186,276.3495,45551995.0
2023-01-17,276.1528,278.1986,274.9833,276.9101,36876127.0
2023-01-18,278.4543,280.0083,273.1038,273.3103,48552948.0
2023-01-19,271.6776,272.8136,269.3859,270.6252,44888582.0
2023-01-20,272.2382,278.3658,271.176,278.0314,61627038.0
2023-01-23,278.8772,285.4375,278.0805,284.2081,53682700.0
2023-01-24,282.5852,284.7884,282.0639,283.6278,45625399.0
2023-01-25,279.1034,283.6179,276.556,282.9983,51722577.0
2023-01-26,286.4309,288.6931,283.7744,288.5161,52458971.0
2023-01-27,287.1981,293.3551,287.0801,291.388,57385608.0
2023-01-30,288.1128,289.539,285.1228,285.4965,50231863.0
2023-01-31,285.5359,289.8734,285.4277,289.775,47486002.0
2023-02-01,289.5685,298.4401,287.4931,295.9714,68691726.0
2023-02-02,302.5121,308.5216,301.6859,306.5938,84459521.0
2023-02-03,299.9253,307.2528,299.5319,301.1449,77444363.0
2023-02-06,298.5188,300.8793,297.25,298.5975,41484507.0
2023-02-07,298.4696,305.9151,297.3484,304.7841,68713893.0
2023-02-08,303.4661,304.4103,298.6762,299.3647,57669158.0
2023-02-09,303.7612,303.9087,295.2633,296.7189,49959375.0
2023-02-10,294.5551,296.6107,292.3618,294.7715,50886924.0
2023-02-13,296.178,300.0827,294.9977,299.4925,40299424.0
2023-02-14,297.909,302.6596,295.9616,301.7055,65150395.0
2023-02-15,299.8859,304.1841,299.1975,304.0169,44153394.0
2023-02-16,299.3745,303.3579,298.1647,298.3123,60493403.0
2023-02-17,296.1189,296.9648,293.1978,296.2075,59204302.0
2023-02-21,292.3716,293.8174,289.057,289.1947,47304620.0
2023-02-22,289.775,291.4863,287.7489,289.4111,52248416.0
2023-02-23,293.0699,293.2273,287.739,291.9388,70452994.0
2023-02-24,286.962,288.1521,285.2802,287.0506,75574709.0
2023-02-27,290.2176,291.6142,288.5161,289.1062,49814186.0
2023-02-28,288.4767,291.2543,288.1423,288.7324,49049725.0
2023-03-01,288.4374,289.0964,285.4277,286.4113,59261443.0
2023-03-02,283.913,289.5881,283.6278,288.7816,54637003.0
2023-03-03,290.5324,294.9879,290.0209,294.7518,61523239.0
2023-03-06,295.9911,299.0007,294.8895,295.0862,57684816.0
2023-03-07,295.1354,296.0599,290.8569,291.4667,67058469.0
2023-03-08,291.8896,293.5224,290.0307,292.9224,51726840.0
2023-03-09,293.424,296.0304,287.0308,287.8472,72651353.0
2023-03-10,288.0144,289.5094,282.6541,283.8048,100451037.0
2023-03-13,282.0148,289.6275,280.5001,285.9096,98747502.0
2023-03-14,289.4701,293.0306,288.6242,292.4798,74833116.0
2023-03-15,289.8635,294.3485,288.4177,294.0141,85029815.0
2023-03-16,293.0994,302.1285,292.3027,301.7645,100204671.0
2023-03-17,301.676,304.0661,298.3811,300.3384,91427195.0
2023-03-20,299.7198,301.7293,297.5033,301.4042,57213153.0
2023-03-21,303.3449,306.1622,301.8229,305.709,50510735.0
2023-03-22,305.6401,310.5458,301.3846,301.552,76940020.0
2023-03-23,305.2953,309.4622,302.4288,305.1279,75705583.0
2023-03-24,304.7043,306.3493,302.3696,306.2508,58112981.0
2023-03-27,306.9502,308.0338,303.2956,304.1526,51049172.0
2023-03-28,303.5714,303.601,300.2261,302.5371,49321887.0
2023-03-29,306.241,308.6741,305.4234,308.0535,54081215.0
2023-03-30,310.5359,311.5998,308.141,310.9693,59238782.0
2023-03-31,311.1959,316.3775,310.8905,316.141,63079284.0
2023-04-03,314.0132,315.6386,312.6835,315.3726,47840697.0
2023-04-04,315.8159,316.8306,313.0824,314.3088,46570224.0
2023-04-05,313.3533,314.2989,309.3834,311.2058,63746942.0
2023-04-06,309.5508,313.7965,308.1521,313.304,47627101.0
2023-04-10,310.3685,313.1759,308.5756,313.1267,45818407.0
2023-04-11,313.0873,313.1464,310.6049,311.1171,40721149.0
2023-04-12,313.0774,313.6685,307.9008,308.3688,63764800.0
2023-04-13,310.132,314.8801,308.95,314.4073,55441006.0
2023-04-14,312.8508,315.5795,310.9004,313.8162,57130724.0
2023-04-17,313.4025,314.4367,311.324,314.0822,43658477.0
2023-04-18,316.2001,316.6237,312.9001,314.1019,47455032.0
2023-04-19,311.6885,315.018,311.5604,313.9541,39550280.0
2023-04-20,310.9792,314.5058,310.2699,311.5604,63408296.0
2023-04-21,311.1959,312.6637,309.4129,311.8854,59895994.0
2023-04-24,311.6589,312.9977,309.0583,311.2353,44710183.0
2023-04-25,309.6001,310.2699,305.2658,305.3642,57986905.0
2023-04-26,308.7628,310.2355,306.6941,307.2162,56239723.0
2023-04-27,310.9891,316.072,310.3487,315.5697,66421452.0
2023-04-28,315.3332,317.8353,314.2004,317.7467,60617136.0
2023-05-01,317.2837,318.8007,316.2986,317.3822,41634580.0
2023-05-02,317.3132,317.6383,312.8705,314.6141,57375578.0
2023-05-03,314.9786,317.658,312.447,312.5553,60789113.0
2023-05-04,312.3287,313.4813,310.4128,311.4521,50985310.0
2023-05-05,313.7177,318.9288,311.493,318.0718,52590869.0
2023-05-08,317.6088,319.2046,316.5203,318.8598,37018095.0
2023-05-09,317.1951,318.0619,316.5252,316.8404,32250045.0
2023-05-10,319.2834,321.1452,316.801,320.2882,61362257.0
2023-05-11,320.8399,321.8742,319.2834,321.3324,44949239.0
2023-05-12,321.8643,322.2879,318.121,320.1798,49166475.0
2023-05-15,320.6527,322.15,319.1258,321.9136,33881077.0
2023-05-16,321.1945,323.9945,321.155,322.2781,40625313.0
2023-05-17,323.3419,326.7601,322.1598,326.1789,48205439.0
2023-05-18,326.573,332.4539,326.5533,332.2372,65186110.0
2023-05-19,332.4539,333.1582,330.4246,331.4885,62487359.0
2023-05-22,331.2324,333.6163,331.2225,332.6017,43667509.0
2023-05-23,330.8778,332.0303,328.0309,328.3855,48947001.0
2023-05-24,326.4252,327.9373,324.6422,326.701,63843802.0
2023-05-25,334.0793,335.9214,331.6412,334.6506,67875560.0
2023-05-26,335.6751,344.0335,335.5766,343.2011,63961339.0
2023-05-30,347.4468,348.6486,343.3291,344.7575,73752657.0
2023-05-31,343.1716,345.3683,341.3393,342.7972,66091529.0
2023-06-01,342.5411,348.0871,341.4871,346.7572,51253420.0
2023-06-02,348.5205,350.5202,346.7572,349.3578,54180600.0
2023-06-05,349.1411,352.1604,348.5698,349.6041,47982200.0
2023-06-06,348.9934,350.5104,347.6635,349.545,42017392.0
2023-06-07,349.8307,351.791,342.9844,343.6149,70274543.0
2023-06-08,343.9104,348.3432,343.6838,347.8802,47868203.0
2023-06-09,349.3381,352.3229,347.762,349.2101,54002735.0
2023-06-12,350.8749,355.2092,349.8996,355.1107,45496507.0
2023-06-13,357.8689,358.6766,354.6575,357.8394,57962728.0
2023-06-14,357.8492,360.7256,355.0417,360.44,70578781.0
2023-06-15,359.1692,366.2224,358.5486,364.7349,72216430.0
2023-06-16,367.1582,367.2863,361.9964,362.4396,82157894.0
2023-06-20,360.9837,363.3215,358.9515,361.9208,49881641.0
2023-06-21,360.7765,361.2106,356.0614,356.9886,54112569.0
2023-06-22,355.7359,361.3585,355.3314,361.2007,48257906.0
2023-06-23,357.2944,359.9282,355.9259,357.6199,49595979.0
2023-06-26,357.0873,359.8887,352.7371,352.8259,53410235.0
2023-06-27,354.3746,359.6224,353.6447,358.8924,50108020.0
2023-06-28,357.0675,361.5459,356.9924,359.5928,47137710.0
2023-06-29,359.2969,359.9381,357.2254,358.8727,46785831.0
2023-06-30,362.562,365.462,362.2463,364.4066,59520256.0
2023-07-03,365.0478,365.8961,363.9627,365.2648,19700151.0
2023-07-05,363.6964,366.9614,363.6569,365.2549,34934902.0
2023-07-06,361.5361,362.9171,359.5731,362.4732,50053977.0
2023-07-07,362.2463,365.4522,361.0429,361.2697,47782156.0
2023-07-10,360.9935,362.0687,358.4782,361.3881,49166036.0
2023-07-11,361.8123,363.6293,359.6717,363.1736,38739834.0
2023-07-12,367.2869,369.1119,365.2746,367.7604,62552508.0
2023-07-13,370.9466,374.8331,370.3646,374.0045,47606070.0
2023-07-14,374.4287,377.6642,373.0477,373.9256,55907224.0
2023-07-17,374.6457,378.2955,374.1624,377.4176,41431161.0
2023-07-18,376.7764,381.8762,374.843,380.5051,56104803.0
2023-07-19,381.5704,382.7147,379.0846,380.4163,54837099.0
2023-07-20,377.4176,378.8824,370.6211,371.647,72931353.0
2023-07-21,374.0341,374.7641,370.0993,370.5323,61331940.0
2023-07-24,371.5089,372.4558,369.2598,371.1242,40935533.0
2023-07-25,371.8344,375.3066,371.8146,373.6396,39429395.0
2023-07-26,372.5939,374.0933,370.0884,372.3966,47723360.0
2023-07-27,377.8714,379.4891,370.2167,371.5089,64819866.0
2023-07-28,375.5729,379.3016,375.06,378.2758,57685755.0
2023-07-31,378.5816,379.6568,377.1512,378.4731,44625507.0
2023-08-01,377.1217,378.3547,375.5236,377.5951,41876717.0
2023-08-02,374.113,374.113,368.0662,369.3092,73687105.0
2023-08-03,366.8924,370.848,366.7247,368.7173,48513679.0
2023-08-04,370.6507,372.9688,366.488,366.991,62551595.0
2023-08-07,368.8061,370.1969,366.4682,370.0983,37742605.0
2023-08-08,367.5829,367.6026,363.8147,366.9516,45341729.0
2023-08-09,367.2377,367.3955,362.1575,362.9171,51854618.0
2023-08-10,365.9356,369.2795,362.054,363.5878,73026250.0
2023-08-11,361.0231,363.0058,359.7408,361.2697,49377201.0
2023-08-14,360.4707,365.4423,359.7507,365.324,42710419.0
2023-08-15,364.3474,365.1454,360.7765,361.4473,46166327.0
2023-08-16,360.9048,362.4436,357.5213,357.6199,53922287.0
2023-08-17,359.0207,359.3659,353.2994,353.7137,63465586.0
2023-08-18,350.4388,354.5324,349.8962,353.2698,62033152.0
2023-08-21,354.7396,359.6421,354.276,358.9615,51393969.0
2023-08-22,361.5755,361.5854,357.758,358.4486,45227274.0
2023-08-23,359.6322,365.1957,359.4152,364.1008,52482846.0
2023-08-24,367.5829,367.6815,356.1107,356.3179,67761995.0
2023-08-25,357.1563,360.7765,353.7137,359.0798,70922909.0
2023-08-28,362.0096,362.7198,359.3067,361.7827,41472826.0
2023-08-29,361.5854,370.0391,361.2608,369.684,59297020.0
2023-08-30,369.7925,372.3243,368.7863,371.7456,42305629.0
2023-08-31,371.8245,374.5658,371.7555,372.8603,36222273.0
2023-09-01,375.2376,375.6617,370.9763,372.4657,40348675.0
2023-09-05,371.6568,374.1617,370.7296,372.9392,32789181.0
2023-09-06,372.1599,372.5052,367.6421,369.6544,43590263.0
2023-09-07,365.1859,367.7901,364.1402,367.0108,52776929.0
2023-09-08,366.9614,369.7629,366.557,367.5237,36340476.0
2023-09-11,370.5619,372.367,368.589,371.8541,40486041.0
2023-09-12,370.1772,371.8361,367.4448,367.7308,41960453.0
2023-09-13,367.9676,370.7395,366.8332,369.1316,46937590.0
2023-09-14,370.8874,373.1365,368.8159,372.15,48700219.0
2023-09-15,370.8085,371.213,364.8406,365.7777,70771647.0
2023-09-18,364.8353,367.2753,364.5488,366.159,37357135.0
2023-09-19,364.8353,366.1813,362.3459,365.3786,38084162.0
2023-09-20,366.4455,366.8011,360.0343,360.1134,46073570.0
2023-09-21,356.4187,357.2091,353.3465,353.5144,70592013.0
2023-09-22,355.263,357.4066,353.2478,353.5639,52223753.0
2023-09-25,352.5957,355.3321,351.6079,355.2432,39649367.0
2023-09-26,352.655,353.1984,348.921,349.9088,54317275.0
2023-09-27,351.0646,352.6452,347.0934,350.7287,56755088.0
2023-09-28,349.81,355.7964,348.9506,353.6627,57147237.0
2023-09-29,357.1498,358.5427,352.6847,353.9195,65626503.0
2023-10-02,354.1862,358.2759,353.5737,356.8732,52259593.0
2023-10-03,354.4233,356.6262,348.9852,350.6102,61221818.0
2023-10-04,351.4498,356.2311,350.9855,355.3815,55460058.0
2023-10-05,355.3716,355.7767,350.8275,354.3344,46461483.0
2023-10-06,351.3313,361.4667,350.541,360.2714,75971643.0
2023-10-09,357.9006,362.6521,356.399,362.1088,45861606.0
2023-10-10,362.4447,366.7715,361.9409,364.1142,47546153.0
2023-10-11,365.4478,366.9019,363.719,366.7122,38684758.0
2023-10-12,367.216,369.2016,363.0374,365.4379,50197450.0
2023-10-13,366.0701,366.653,359.4416,360.8444,53165391.0
2023-10-16,362.1681,365.9812,362.0199,364.9242,44744337.0
2023-10-17,361.3679,365.4281,359.244,363.7289,51625998.0
2023-10-18,361.2297,363.4424,357.6239,358.9576,54947624.0
2023-10-19,360.3801,361.5754,354.7987,355.5989,73162611.0
2023-10-20,355.095,355.668,350.0668,350.294,73451639.0
2023-10-23,348.9703,354.8975,346.8562,351.3511,61410813.0
2023-10-24,353.1687,355.5396,351.4696,354.7691,47660743.0
2023-10-25,352.3686,352.5464,345.5029,346.0858,72065594.0
2023-10-26,344.8806,345.8191,338.1928,339.4869,79587842.0
2023-10-27,342.2232,344.604,339.9018,341.1169,64256971.0
2023-10-30,343.6062,346.2834,342.243,344.9596,55978259.0
2023-10-31,344.9893,346.9847,342.411,346.6094,48257893.0
2023-11-01,347.449,353.1883,347.3502,352.6254,59717760.0
2023-11-02,357.1498,359.2638,355.9248,359.0267,58877354.0
2023-11-03,360.3208,364.539,360.0936,363.2449,53935334.0
2023-11-06,364.0154,365.2897,362.4546,364.7266,39326246.0
2023-11-07,365.7738,369.0436,364.5637,368.1743,51401470.0
2023-11-08,368.5496,369.2511,366.1195,368.4114,36101680.0
2023-11-09,369.1029,370.2488,365.0823,365.5762,54521460.0
2023-11-10,367.3049,373.9434,366.7715,373.7952,59085882.0
2023-11-13,372.2146,373.6865,370.6834,372.6295,41234211.0
2023-11-14,379.0505,381.5696,378.527,380.6509,68625929.0
2023-11-15,382.5476,383.0415,379.5692,380.9374,54806818.0
2023-11-16,380.1669,381.5005,378.9024,381.2634,45900875.0
2023-11-17,380.5324,382.3698,379.6235,381.3523,47195802.0
2023-11-20,381.3621,386.6571,381.3621,385.9952,45084059.0
2023-11-21,384.2862,384.5036,382.0043,383.7528,43869608.0
2023-11-22,385.8273,388.2969,384.3159,385.3235,44721554.0
2023-11-24,384.9184,385.5112,383.7824,384.7802,15912019.0
2023-11-27,384.2862,386.4001,383.5651,384.4443,34559253.0
2023-11-28,383.6935,386.0347,383.3378,385.4519,35927265.0
2023-11-29,387.9215,389.3539,384.7307,385.0765,39288785.0
2023-11-30,385.3432,385.8075,381.135,384.1084,53483755.0
2023-12-01,383.0415,385.7977,381.3845,385.2049,40987721.0
2023-12-04,381.4017,381.9005,378.0133,381.6289,51816104.0
2023-12-05,379.7223,383.7824,379.5445,382.5871,43460649.0
2023-12-06,385.5309,385.6297,380.0285,380.3743,42510205.0
2023-12-07,383.3576,386.5188,382.2611,385.6889,50203127.0
2023-12-08,383.9504,387.8524,383.7627,387.4078,47261405.0
2023-12-11,386.983,390.9839,386.7756,390.7171,41704425.0
2023-12-12,390.7567,393.9475,389.6206,393.8289,39703223.0
2023-12-13,394.7674,399.4498,393.9967,398.8373,56089200.0
2023-12-14,400.0623,401.3663,395.4786,398.4916,56129384.0
2023-12-15,399.272,401.6032,398.6694,400.4179,63669748.0
2023-12-18,400.8119,403.8407,400.4852,402.94,47088792.0
2023-12-19,403.3953,405.1176,403.2023,404.9989,36078715.0
2023-12-20,404.1971,406.2955,398.8025,398.9807,54597653.0
2023-12-21,402.9202,403.9892,400.3565,403.623,46037092.0
2023-12-22,404.8405,405.8006,402.3448,404.2268,34666556.0
2023-12-26,405.0879,407.3745,404.989,406.7014,22955959.0
2023-12-27,406.9846,407.814,406.123,407.5293,32291997.0
2023-12-28,408.688,408.9356,406.9747,407.3312,27292454.0
2023-12-29,407.3114,407.668,403.6471,405.5684,43077770.0
2024-01-02,401.9239,402.1715,396.3779,398.7053,58592271.0
2024-01-03,396.0709,397.1306,394.0506,394.4863,47460775.0
2024-01-04,392.6146,395.7342,392.2383,392.4562,39816902.0
2024-01-05,392.6245,395.7045,391.5252,392.9216,45360502.0
2024-01-08,394.1496,401.3297,394.001,401.0425,42887534.0
2024-01-09,398.0318,402.7657,397.8338,401.8348,39514082.0
2024-01-10,402.1517,405.5635,401.2604,404.5582,34293615.0
2024-01-11,405.8358,407.2326,400.3413,405.4,55067472.0
2024-01-12,406.4399,407.2817,404.2116,405.608,39980687.0
2024-01-16,404.3701,407.1529,402.9043,405.5684,44330763.0
2024-01-17,402.2507,403.6521,399.0321,403.2807,54915799.0
2024-01-18,406.5587,409.5843,405.212,409.0049,60142838.0
2024-01-19,411.2134,417.2743,410.6241,417.1159,71010304.0
2024-01-22,419.3244,420.6292,417.0564,417.6606,45317883.0
2024-01-23,418.3538,419.6116,416.5118,419.3937,33325368.0
2024-01-24,423.3155,425.7022,421.2258,421.721,47405429.0
2024-01-25,424.2266,424.9,419.8889,422.236,44799489.0
2024-01-26,420.3444,422.0973,419.0669,419.7205,37498840.0
2024-01-29,420.1761,424.2167,419.5224,424.0186,39071719.0
2024-01-30,422.9788,423.5532,420.285,421.1961,37096862.0
2024-01-31,416.7891,418.7895,412.7683,412.9465,64634281.0
2024-02-01,414.7489,418.2994,413.7784,417.8091,51505596.0
2024-02-02,419.7106,426.0885,418.7103,424.8704,60183119.0
2024-02-05,424.9298,425.4645,420.899,424.3158,40277850.0
2024-02-06,425.4645,426.0687,421.1169,423.464,36195365.0
2024-02-07,426.2568,428.6535,424.9495,427.8216,38080044.0
2024-02-08,427.9404,429.3764,427.2571,428.6139,30181025.0
2024-02-09,429.7528,433.6201,428.9606,432.8328,37303852.0
2024-02-12,432.7238,434.9026,430.4559,431.1392,33526816.0
2024-02-13,423.157,427.1085,421.2263,424.4148,65119960.0
2024-02-14,427.0986,429.4656,424.7415,429.0397,45532054.0
2024-02-15,429.733,430.7827,427.1679,430.3173,39174102.0
2024-02-16,430.6936,430.7926,425.7022,426.4153,54239773.0
2024-02-20,424.4148,425.93,419.4135,423.1966,54525544.0
2024-02-21,420.4534,421.5923,417.5615,421.5031,50668520.0
2024-02-22,430.2974,434.8828,429.525,433.8429,54412750.0
2024-02-23,435.4076,436.3386,431.5849,432.5654,40242105.0
2024-02-26,433.3775,434.3678,432.1445,432.3376,33365149.0
2024-02-27,433.4468,433.7637,430.8273,433.3775,34041677.0
2024-02-28,431.2284,432.4564,430.1093,431.0699,33259736.0
2024-02-29,434.0014,435.8434,430.8223,434.7639,42909149.0
2024-03-01,435.6552,442.2708,435.5958,441.3101,44280279.0
2024-03-04,441.3101,441.736,439.4879,439.7355,34660046.0
2024-03-05,436.6852,436.6951,429.4656,431.8424,58481403.0
2024-03-06,436.0712,437.7251,432.6743,434.556,46684876.0
2024-03-07,438.151,442.4094,436.606,441.1517,44960438.0
2024-03-08,441.5082,444.3109,434.1103,434.7837,72884784.0
2024-03-11,433.2883,434.4272,431.2383,433.1695,46306730.0
2024-03-12,435.4869,439.7355,432.2484,439.379,55839715.0
2024-03-13,438.3787,438.3986,434.8828,436.0019,38298150.0
2024-03-14,437.2398,437.7647,432.1791,434.9026,52703758.0
2024-03-15,431.8622,434.6385,428.566,429.733,73781738.0
2024-03-18,435.0711,437.3618,433.5935,433.8315,47721788.0
2024-03-19,431.8184,435.319,429.7161,434.9124,43365762.0
2024-03-20,436.1123,440.4062,434.4066,440.069,44020525.0
2024-03-21,445.1364,445.5926,441.9532,442.1515,39676497.0
2024-03-22,441.6359,443.758,440.783,442.6573,28491513.0
2024-03-25,439.8509,442.5383,438.8493,441.0508,28022803.0
2024-03-26,442.5779,443.4952,439.3947,439.6228,34429133.0
2024-03-27,442.7168,442.8159,438.2444,441.1202,41707027.0
2024-03-28,441.0706,441.9235,439.95,440.307,37149421.0
2024-04-01,441.259,443.7977,439.3253,441.2392,39054610.0
2024-04-02,436.4098,437.7485,434.3769,437.4312,44631818.0
2024-04-03,435.2991,440.2971,435.2892,438.413,40285675.0
2024-04-04,442.6077,443.2225,431.4813,431.7093,57749226.0
2024-04-05,433.1373,439.4741,432.3242,436.7966,55204996.0
2024-04-08,437.7287,438.8096,435.5372,436.9255,28381595.0
2024-04-09,439.2658,439.5435,433.7918,438.5419,39853872.0
2024-04-10,433.3555,435.5768,432.6415,434.7141,62019322.0
2024-04-11,436.5883,442.6077,434.3075,441.6557,45856935.0
2024-04-12,437.4213,438.5518,433.2365,434.6149,54116219.0
2024-04-15,438.3733,438.4625,426.6221,427.465,63987245.0
2024-04-16,427.3064,430.1425,426.1164,427.5047,48019376.0
2024-04-17,429.488,429.5078,421.3564,422.2886,57358855.0
2024-04-18,422.9331,424.6685,419.3036,419.8788,46940782.0
2024-04-19,418.6987,419.2243,409.6251,411.1919,75863584.0
2024-04-22,413.8297,417.6674,410.4878,415.3271,48209665.0
2024-04-23,417.2608,422.7249,415.3782,421.525,44757972.0
2024-04-24,424.6289,426.1461,420.6623,422.953,48847680.0
2024-04-25,415.7436,421.7729,414.6528,420.9102,57874763.0
2024-04-26,424.0537,428.9426,423.3596,427.4055,42227071.0
2024-04-29,429.5178,430.1425,426.3941,429.141,30274580.0
2024-04-30,427.5543,428.9525,420.9697,421.049,44033124.0
2024-05-01,419.621,426.5527,417.1518,418.0046,52691132.0
2024-05-02,421.753,424.2422,417.122,423.3397,36866462.0
2024-05-03,430.8169,432.8398,429.012,431.8482,48923207.0
2024-05-06,433.653,436.6676,432.8795,436.5784,30481409.0
2024-05-07,437.0247,438.2841,435.914,436.6478,31256676.0
2024-05-08,434.0199,437.7982,433.9009,436.39,25106079.0
2024-05-09,436.6577,437.9171,434.8033,437.342,24786815.0
2024-05-10,438.8493,440.6045,436.8253,438.3733,27344549.0
2024-05-13,440.2872,440.3864,437.9667,439.3848,23187478.0
2024-05-14,438.9584,442.7415,438.77,442.211,34768263.0
2024-05-15,444.6901,449.3708,443.1729,449.1229,41813313.0
2024-05-16,448.9345,450.898,448.042,448.2106,35072899.0
2024-05-17,448.3395,448.9444,445.7908,447.9924,36104808.0
2024-05-20,448.2106,451.7805,448.0172,451.1161,24680030.0
2024-05-21,449.2617,452.1871,449.0634,451.9987,23362539.0
2024-05-22,452.2565,453.0102,449.3014,451.9094,25331262.0
2024-05-23,456.7091,456.7388,448.082,449.8766,41243157.0
2024-05-24,451.493,455.4001,449.7848,454.1308,29918917.0
2024-05-28,455.3505,455.9058,452.8813,455.8463,26437283.0
2024-05-29,451.6814,454.4184,451.5425,452.6334,29989303.0
2024-05-30,451.7012,451.8401,446.4553,447.7841,30972408.0
2024-05-31,448.0122,448.7064,439.36,446.9511,56411768.0
2024-06-03,450.779,451.7805,444.1646,449.351,33274904.0
2024-06-04,449.0931,451.7756,447.3687,450.5806,23967283.0
2024-06-05,454.1605,459.7436,450.6183,459.6642,34101805.0
2024-06-06,460.3485,460.6658,458.3354,459.5056,22151536.0
2024-06-07,459.1387,461.8558,457.9883,459.099,26046925.0
2024-06-10,457.9685,461.3104,457.6809,460.9534,20893951.0
2024-06-11,459.6742,464.2358,458.1768,464.1168,22238666.0
2024-06-12,468.0537,472.5261,467.3595,470.1957,34822914.0
2024-06-13,473.7359,474.4003,470.4634,472.7442,26076476.0
2024-06-14,472.5459,475.2631,472.0798,475.1936,23569164.0
2024-06-17,475.4614,482.7996,474.1524,481.0147,37366124.0
2024-06-18,480.9651,481.8477,479.3983,481.1634,24644028.0
2024-06-20,482.3634,482.7786,475.6201,477.4546,34203857.0
2024-06-21,477.177,478.5107,474.678,476.1754,39764527.0
2024-06-24,474.9458,476.6839,470.6153,470.7543,38007970.0
2024-06-25,472.85,476.4356,471.9065,476.1377,29449381.0
2024-06-26,475.3133,477.6672,474.8961,477.1209,22891934.0
2024-06-27,476.8726,479.8325,476.0582,478.3525,26400666.0
2024-06-28,479.1472,483.9047,475.2239,475.8695,35119029.0
2024-07-01,476.7932,479.2266,473.0338,478.6605,25067849.0
2024-07-02,477.1607,483.7458,477.0315,483.6862,26905482.0
2024-07-03,482.9314,487.8479,482.9314,487.7188,18187814.0
2024-07-05,488.563,493.2412,488.2651,492.8042,28689945.0
2024-07-08,493.1717,494.5274,492.1486,493.9762,22259957.0
2024-07-09,495.4958,496.6182,492.8836,494.4033,25876214.0
2024-07-10,496.3301,500.1143,495.0191,499.5582,28237887.0
2024-07-11,499.6674,499.876,487.4059,488.6027,50306763.0
2024-07-12,489.1789,496.2407,488.712,491.4732,37362107.0
2024-07-15,493.2511,497.6214,490.7481,492.7942,31363432.0
2024-07-16,494.2543,495.0687,489.8145,492.9829,26127316.0
2024-07-17,484.9774,485.4923,478.442,478.5115,56651869.0
2024-07-18,482.2461,482.4248,473.0487,476.2469,49683342.0
2024-07-19,475.9092,478.432,470.7344,472.0256,42329100.0
2024-07-22,477.9056,480.0808,474.4758,479.0578,40574428.0
2024-07-23,478.1539,481.1535,476.8925,477.3693,23440944.0
2024-07-24,470.6153,470.9828,459.3818,460.2459,59219132.0
2024-07-25,460.5836,464.775,452.5483,455.1704,59660219.0
2024-07-26,459.5208,462.7786,456.6603,459.8386,40264438.0
2024-07-29,462.5601,464.7452,458.4928,460.7624,28410556.0
2024-07-30,462.6992,463.4054,451.0783,454.4354,41598562.0
2024-07-31,464.7055,469.5922,463.2554,467.8838,44855494.0
2024-08-01,468.5692,472.3336,452.8959,456.551,57039701.0
2024-08-02,447.8404,450.5022,441.4638,445.7148,66774840.0
2024-08-05,421.8374,439.2985,420.586,432.4253,88079138.0
2024-08-06,434.2727,444.0462,431.6208,436.5572,63594529.0
2024-08-07,443.4701,445.9631,431.4321,431.8294,55303142.0
2024-08-08,438.0768,445.9532,434.1933,445.0394,48216121.0
2024-08-09,443.7184,449.0024,442.596,447.3636,33802528.0
2024-08-12,448.337,451.2968,445.5207,448.327,27984278.0
2024-08-13,452.737,459.7194,452.5979,459.4513,40357361.0
2024-08-14,460.375,461.9635,455.2996,459.6003,34970222.0
2024-08-15,465.5895,471.6085,465.2121,471.2112,38541178.0
2024-08-16,469.4234,473.1877,468.4599,471.8171,38644979.0
2024-08-19,471.9561,478.0546,470.1683,478.0149,23899244.0
2024-08-20,477.1011,479.6736,475.3133,477.0117,29408207.0
2024-08-21,477.7964,481.0939,476.0781,479.2365,25833429.0
2024-08-22,481.5607,482.256,470.6053,471.6383,37996494.0
2024-08-23,475.9986,479.4749,472.0654,476.7534,36307072.0
2024-08-26,476.2072,477.1309,470.0391,472.125,27639541.0
2024-08-27,470.4861,474.6081,468.5195,473.5354,27697332.0
2024-08-28,473.0686,473.7936,464.7254,468.162,37626892.0
2024-08-29,470.0789,474.6974,466.1974,467.4766,41361157.0
2024-08-30,471.827,473.6744,467.3277,473.0487,33694294.0
2024-09-03,469.9994,470.1286,456.3028,458.6865,45291534.0
2024-09-04,455.5677,461.3086,454.6341,457.4946,32726448.0
2024-09-05,455.8657,462.2125,454.8417,457.9217,34686910.0
2024-09-06,457.2165,458.1005,445.1586,445.6552,50969038.0
2024-09-09,449.9957,452.3794,446.7809,451.3862,33205689.0
2024-09-10,453.1541,456.0644,449.1713,455.5578,29882413.0
2024-09-11,456.7993,466.1953,448.2277,465.4504,58236792.0
2024-09-12,465.4802,470.8338,463.6915,470.0193,40448985.0
2024-09-13,469.2843,473.3069,469.0559,472.125,29310041.0
2024-09-16,469.9895,470.6549,466.7118,470.0391,22739303.0
2024-09-17,473.0686,474.3697,467.7845,470.2875,30289263.0
2024-09-18,471.4893,475.5914,467.6455,468.2513,40180973.0
2024-09-19,479.3458,482.9413,477.2401,480.0907,53141932.0
2024-09-20,479.2266,480.4185,475.0649,479.1769,34813066.0
2024-09-23,480.3576,481.5412,479.0148,480.4471,24976973.0
2024-09-24,481.8595,483.7194,477.5925,482.7646,26092661.0
2024-09-25,482.138,485.1716,481.9589,483.2122,26693084.0
2024-09-26,490.7216,491.0499,483.1923,486.8426,32193007.0
2024-09-27,487.8671,488.0063,482.9536,484.1372,22974423.0
2024-09-30,483.1724,485.7883,480.3278,485.4501,30494289.0
2024-10-01,485.0821,485.3805,474.8374,478.6866,42966033.0
2024-10-02,477.7815,481.2826,475.1557,479.363,23872140.0
2024-10-03,477.1648,481.944,476.4188,479.0049,25473938.0
2024-10-04,484.8334,485.2611,479.7956,484.7041,30910827.0
2024-10-07,482.7845,483.9582,478.2888,479.5121,25109890.0
2024-10-08,482.0584,487.3598,481.2478,486.6735,28424579.0
2024-10-09,486.3751,491.0797,485.3307,490.5028,25129795.0
2024-10-10,488.2152,491.8157,486.9022,489.9458,25889372.0
2024-10-11,488.1058,491.7362,487.5388,490.7117,20755813.0
2024-10-14,493.1088,496.1523,492.6015,494.8295,26200741.0
2024-10-15,495.1577,495.8241,486.0568,488.2152,34972225.0
2024-10-16,488.5434,489.0507,484.9528,488.2749,23120807.0
2024-10-17,493.7752,493.8249,488.5534,488.613,27357452.0
2024-10-18,491.408,492.9098,490.652,491.8157,25471732.0
2024-10-21,490.6023,493.5663,488.6727,492.7606,30500226.0
2024-10-22,490.0851,494.7748,489.3292,493.2977,26829821.0
2024-10-23,490.9405,491.5969,482.4463,485.7385,39558848.0
2024-10-24,489.4684,490.3536,486.8127,489.6773,22143764.0
2024-10-25,492.4822,497.5946,491.776,492.6612,38971292.0
2024-10-28,495.7843,495.844,492.4424,492.7407,20588216.0
2024-10-29,493.059,498.6588,491.1991,497.4752,28165187.0
2024-10-30,496.7093,497.6642,493.2281,493.7155,29916486.0
2024-10-31,489.737,489.7867,481.1533,481.2527,41467800.0
2024-11-01,482.8939,488.1164,482.5955,484.8135,33837335.0
2024-11-04,484.2068,486.7531,481.6551,483.4012,23417198.0
2024-11-05,484.9925,490.2343,484.903,489.5679,24485231.0
2024-11-06,497.873,503.6916,496.9182,502.8661,43314606.0
2024-11-07,505.671,511.5691,505.6113,510.7834,33030400.0
2024-11-08,510.2761,512.1535,509.6594,511.3802,23048119.0
2024-11-11,512.6035,512.8125,508.1775,511.0818,24297827.0
2024-11-12,511.0122,511.8973,507.0933,510.1567,25974629.0
2024-11-13,509.6495,512.2156,507.2127,509.5003,24699986.0
2024-11-14,509.1621,510.0374,505.0443,505.9594,28834279.0
2024-11-15,500.2403,500.6282,491.8356,493.9045,51738724.0
2024-11-18,495.4561,499.4446,494.0636,497.3359,27339357.0
2024-11-19,494.7499,501.2484,494.4117,500.7575,24655345.0
2024-11-20,500.4591,500.7774,493.8896,500.469,29724964.0
2024-11-21,503.5225,504.2387,494.8892,502.2693,34713039.0
2024-11-22,501.7123,503.811,500.0811,503.075,23955187.0
2024-11-25,507.1629,508.7071,501.5557,503.8707,26517508.0
2024-11-26,505.3527,507.4016,504.5073,506.5761,26700383.0
2024-11-27,505.4422,505.5118,499.2357,502.5876,25092091.0
2024-11-29,503.2142,507.6005,502.5976,507.0038,15416653.0
2024-12-02,508.267,513.4888,507.8791,512.524,25282813.0
2024-12-03,511.1912,514.374,510.6143,514.0955,18698269.0
2024-12-04,517.527,520.7098,516.8108,520.4512,26226986.0
2024-12-05,520.5009,521.227,518.6211,519.009,18267658.0
2024-12-06,519.6754,523.8926,519.546,523.6539,23890845.0
2024-12-09,522.7289,523.5246,518.4221,519.576,20785974.0
2024-12-10,520.8093,522.5598,516.3732,517.8054,24481414.0
2024-12-11,522.1818,527.7617,521.7741,527.0754,32342111.0
2024-12-12,524.8474,526.1206,523.1964,523.6738,23704743.0
2024-12-13,527.6126,530.3041,524.4696,527.6822,28935723.0
2024-12-16,530.2185,536.2559,530.1389,535.2812,32152388.0
2024-12-17,533.4809,534.5949,531.2628,532.9239,28733235.0
2024-12-18,532.2774,533.9981,512.2455,513.6976,54994410.0
2024-12-19,518.3923,518.9591,511.0718,511.41,46692337.0
2024-12-20,507.7,522.0028,506.5562,515.8759,60856566.0
2024-12-23,517.5944,521.2805,514.1873,520.9019,29784910.0
2024-12-24,522.8545,528.0548,522.2169,527.9652,17624540.0
2024-12-26,526.3314,529.2404,524.3289,527.6065,19213721.0
2024-12-27,524.0301,524.4684,515.9107,520.593,33967357.0
2024-12-30,513.5696,517.4051,509.9034,513.6692,34714669.0
2024-12-31,514.9544,515.7115,508.3394,509.3057,29227013.0
2025-01-02,512.3642,514.6953,503.8065,508.3095,36527187.0
2025-01-03,511.4177,517.6894,510.6009,516.6281,29169290.0
2025-01-06,522.0476,525.9329,520.0651,522.5656,36246130.0
2025-01-07,523.6117,524.0102,511.348,513.2408,36828828.0
2025-01-08,513.1413,514.9742,508.6482,513.3305,30893987.0
2025-01-10,509.5548,509.6544,502.0232,505.2809,40685541.0
2025-01-13,499.3135,504.1153,497.8191,503.657,31813951.0
2025-01-14,506.8251,508.2348,499.702,503.1789,33864664.0
2025-01-15,511.099,515.9008,509.5348,514.7552,35089575.0
2025-01-16,517.0265,517.1061,511.0193,511.1488,28335653.0
2025-01-17,520.8819,522.1007,511.1772,519.7761,52033760.0
2025-01-21,522.5058,523.9902,518.1024,522.8246,23717173.0
2025-01-22,527.5767,531.8107,527.2678,529.5094,33719820.0
2025-01-23,527.0487,530.7547,526.4609,530.6352,23183761.0
2025-01-24,531.0137,531.7808,526.1621,527.6364,19953306.0
2025-01-27,509.0766,516.0402,508.2298,512.2745,61001214.0
2025-01-28,513.2807,521.0314,509.8536,519.8459,33319216.0
2025-01-29,520.4934,520.623,514.9531,518.8696,26749684.0
2025-01-30,521.7387,524.1147,516.2595,521.0812,27534943.0
2025-01-31,524.9366,529.5172,519.2282,520.3241,38992165.0
2025-02-03,511.5373,518.8891,509.1264,516.1598,40734123.0
2025-02-04,516.6779,523.1334,516.2793,522.4958,26145113.0
2025-02-05,519.8559,525.0263,518.6604,524.8669,21213850.0
2025-02-06,525.375,527.8158,523.7624,527.6065,19507828.0
2025-02-07,528.1446,530.0971,520.2245,520.9517,29717254.0
2025-02-10,525.2355,528.3608,524.7673,527.2579,20931486.0
2025-02-11,523.9803,527.9253,523.8508,526.0026,19398516.0
2025-02-12,520.334,527.1981,519.9854,526.3114,25103793.0
2025-02-13,527.9851,534.2016,527.1981,533.8829,28823292.0
2025-02-14,533.9925,536.8118,533.6537,536.1244,17929989.0
2025-02-18,537.6984,537.9674,534.0223,537.3398,20642700.0
2025-02-19,536.5428,538.7744,534.4408,537.4892,19741108.0
2025-02-20,536.7022,537.0708,530.4558,535.2078,26651014.0
2025-02-21,536.3535,536.3734,523.7312,524.0998,47271637.0
2025-02-24,525.893,527.0775,517.5745,517.9132,39416663.0
2025-02-25,517.2855,517.3653,507.5225,511.3878,49124916.0
2025-02-26,513.5896,517.7039,509.4452,512.6232,34587786.0
2025-02-27,516.1797,517.1161,498.1678,498.387,52646056.0
2025-02-28,498.2475,506.8649,495.0595,506.2572,47834053.0
2025-03-03,509.5946,511.1089,491.7221,495.1791,44754054.0
2025-03-04,492.3199,501.8439,485.8991,493.6847,68131854.0
2025-03-05,494.3323,501.7343,489.4109,500.1204,46498724.0
2025-03-06,491.8317,496.7033,484.3699,486.3624,57791832.0
2025-03-07,485.3263,491.4233,478.7213,489.9389,54996580.0
2025-03-10,481.6303,482.1483,466.896,470.9506,76957676.0
2025-03-11,470.5721,477.0027,465.2522,469.8249,69020499.0
2025-03-12,477.3564,479.2493,470.0142,475.1249,47148462.0
2025-03-13,474.4574,474.4874,464.6743,466.5771,46739235.0
2025-03-14,471.9469,478.7512,471.3392,477.8545,43727596.0
2025-03-17,477.8047,484.0113,476.0015,480.9528,41902024.0
2025-03-18,477.6055,477.8047,470.6318,472.7538,39219825.0
2025-03-19,475.0153,483.5032,473.0826,479.0799,40583060.0
2025-03-20,475.085,482.7261,474.3876,477.456,36919471.0
2025-03-21,472.2955,479.7972,471.125,479.0301,42394374.0
2025-03-24,486.6287,490.3902,483.2964,489.5421,34646035.0
2025-03-25,490.2704,492.4953,489.3026,492.3357,26094653.0
2025-03-26,491.1783,492.0364,481.72,483.2764,35123324.0
2025-03-27,481.3109,485.4713,479.1558,480.5227,33546229.0
2025-03-28,478.7168,479.4252,466.9836,467.8716,46469672.0
2025-03-31,460.8676,468.7895,456.288,467.8516,53121336.0
2025-04-01,466.2353,472.5509,463.3619,471.623,41250185.0
2025-04-02,465.058,478.4674,464.7986,475.0651,50003233.0
2025-04-03,455.4,459.0218,449.1144,449.6332,70617198.0
2025-04-04,437.1417,439.3667,421.707,421.707,117355785.0
2025-04-07,407.7289,442.1304,401.4732,422.7247,161920108.0
2025-04-08,437.1617,442.1304,408.8563,415.112,101476507.0
2025-04-09,414.6232,466.7641,414.4835,464.9383,143203069.0
2025-04-10,452.5266,454.552,431.6443,445.1634,108628301.0
2025-04-11,443.6369,454.7516,440.3245,453.3647,52603553.0
2025-04-14,463.4018,463.9904,451.5987,456.4377,44041441.0
2025-04-15,457.4953,461.3265,455.1107,456.9465,35485050.0
2025-04-16,448.0069,451.5887,436.7626,443.168,49092348.0
2025-04-17,446.1512,446.7299,440.3544,443.0882,44939387.0
2025-04-21,437.2316,438.0796,426.955,432.1232,44250117.0
2025-04-22,437.8202,446.5602,436.6229,443.4673,52423542.0
2025-04-23,457.1261,462.3242,451.8482,453.5243,55928529.0
2025-04-24,455.44,466.5945,454.7914,466.2852,46061044.0
2025-04-25,465.9061,472.0121,464.3297,471.4833,38785367.0
2025-04-28,471.9523,473.7262,464.9682,471.3337,33627312.0
2025-04-29,469.0988,475.3388,468.5201,474.4466,30683004.0
2025-04-30,466.0657,476.1128,461.3764,474.3867,46917495.0
2025-05-01,482.3086,486.07,479.6447,480.5825,43415423.0
2025-05-02,485.4315,489.7915,483.7254,487.7162,39307563.0
2025-05-05,483.4959,487.9158,482.997,484.8228,28374048.0
2025-05-06,478.4674,483.9448,477.1005,480.3132,32860565.0
2025-05-07,480.9816,484.6931,475.6957,482.1988,38196833.0
2025-05-08,487.4169,491.5774,483.0669,487.1775,39667880.0
2025-05-09,489.0931,490.4201,485.0873,486.8582,27830810.0
2025-05-12,505.8349,506.7328,500.3374,506.6929,45193570.0
2025-05-13,507.9999,516.2112,507.2616,514.4153,53391147.0
2025-05-14,515.5926,518.0449,514.5749,517.4983,47121857.0
2025-05-15,515.3432,520.7408,513.9962,518.0669,50267733.0
2025-05-16,519.4737,520.5114,515.9218,520.3218,48505115.0
2025-05-19,513.0683,521.3395,513.0683,520.8206,52656077.0
2025-05-20,518.2864,519.7431,515.4828,519.0846,42614597.0
2025-05-21,515.0938,521.8084,510.0752,511.8711,71455598.0
2025-05-22,512.4896,516.5305,511.1328,512.8289,55734083.0
2025-05-23,505.0267,510.6738,504.4281,508.0797,58501293.0
2025-05-27,514.974,520.5214,513.4176,520.0324,47334147.0
2025-05-28,520.9903,522.4868,517.2089,517.7277,46742695.0
2025-05-29,525.1308,525.2804,516.1413,518.7454,58858096.0
2025-05-30,518.2565,519.4937,510.7636,517.9273,67817310.0
2025-06-02,516.0615,522.2574,514.7944,522.018,44865016.0
2025-06-03,522.3671,527.5353,521.4991,526.0986,44170940.0
2025-06-04,526.807,528.6329,524.7711,527.5653,41453745.0
2025-06-05,528.972,531.8355,521.4691,523.5943,61426552.0
2025-06-06,528.7924,530.5883,527.0066,528.7126,42563980.0
2025-06-09,528.9322,531.137,527.8047,529.4909,33765528.0
2025-06-10,529.9597,533.6813,527.685,532.9929,40757558.0
2025-06-11,534.3996,535.557,528.9022,531.1969,53812609.0
2025-06-12,529.88,533.4219,529.6306,532.4441,34176366.0
2025-06-13,526.4777,530.6582,524.5321,525.7594,55941856.0
2025-06-16,529.2913,534.1502,529.2414,533.0727,37707912.0
2025-06-17,530.4986,532.1149,526.7072,527.8745,42210976.0
2025-06-18,528.8922,531.3366,526.1984,527.7848,44083934.0
2025-06-20,531.0473,532.3443,523.6841,525.6297,61784267.0
2025-06-23,526.2,531.5538,523.0437,531.0344,50723932.0
2025-06-24,536.2683,540.0739,535.6491,539.155,45494576.0
2025-06-25,541.4323,542.6809,538.7555,540.5334,44856037.0
2025-06-26,542.7209,546.037,540.893,545.5875,43862184.0
2025-06-27,546.6264,549.3532,543.9145,547.4554,57643845.0
2025-06-30,550.6217,552.1599,548.3743,551.0012,45601506.0
2025-07-01,549.0935,550.0724,544.0293,546.3567,56231806.0
2025-07-02,545.5276,550.362,545.4876,550.1622,36580558.0
2025-07-03,552.5395,556.5548,552.5395,555.576,26474152.0
2025-07-07,552.8791,553.6981,548.9437,551.3908,45401871.0
2025-07-08,552.7392,553.3685,550.4619,551.7005,36195109.0
2025-07-09,553.838,556.9843,552.4596,555.6059,43095400.0
2025-07-10,556.2452,556.6547,552.1099,554.8068,34751138.0
2025-07-11,552.6593,555.1464,551.4108,553.5583,39664528.0
2025-07-14,553.3485,556.3001,550.9913,555.566,36495559.0
2025-07-15,559.6013,560.1507,556.0154,556.0753,43327770.0
2025-07-16,556.6347,559.5614,550.9214,556.6447,52375342.0
2025-07-17,557.3739,561.6589,556.5648,561.1495,40470561.0
2025-07-18,562.468,564.0723,559.3316,560.6101,50543224.0
2025-07-21,561.4392,565.4046,561.4092,563.5167,39641099.0
2025-07-22,563.6466,563.6965,557.9632,560.6001,43320763.0
2025-07-23,561.6889,563.1971,558.9321,563.1572,40261814.0
2025-07-24,564.4757,565.5843,562.6427,564.3558,42324507.0
2025-07-25,564.2758,567.0377,563.6167,565.7142,30666310.0
2025-07-28,567.0826,568.3811,566.2136,567.4821,31535217.0
2025-07-29,570.0991,571.4475,565.874,566.6032,45515999.0
2025-07-30,567.5221,569.9593,564.3957,567.3623,43484051.0
2025-07-31,573.8747,573.9646,563.2171,564.3558,64688405.0
2025-08-01,558.1829,558.3727,551.0412,553.2387,69481149.0
2025-08-04,558.4027,563.6616,558.3028,563.4468,47724964.0
2025-08-05,564.7354,565.9047,559.0819,559.6213,48723017.0
2025-08-06,560.4603,567.1026,559.9809,566.6631,41872083.0
2025-08-07,571.008,572.6562,564.4557,568.5809,44514442.0
2025-08-08,569.7895,574.1045,569.4898,573.8847,35296270.0
2025-08-11,574.0246,576.1321,570.9082,572.1867,33151283.0
2025-08-12,574.494,579.678,571.8221,579.3783,42320405.0
2025-08-13,582.0852,582.6444,578.2697,579.6681,41256968.0
2025-08-14,577.6104,581.2063,577.2408,579.2186,45477651.0
2025-08-15,579.1286,579.1687,574.9078,576.6715,49537459.0
2025-08-18,575.7725,577.096,574.5752,576.4417,29865484.0
2025-08-19,575.7226,575.8924,567.592,568.6209,53814908.0
2025-08-20,567.672,567.7918,558.193,565.2448,76869998.0
2025-08-21,563.6965,565.8341,560.3304,562.6278,46490731.0
2025-08-22,564.0161,573.3253,562.6178,571.3077,51561802.0
2025-08-25,569.7396,572.6233,568.5009,569.6596,34084167.0
2025-08-26,569.1702,572.2566,568.1414,571.947,34142531.0
2025-08-27,570.9282,573.74,569.7096,572.826,36969903.0
2025-08-28,573.4452,577.3307,571.7971,576.4118,46842037.0
2025-08-29,573.9946,574.3642,567.8817,569.7396,56095347.0
2025-09-02,560.6601,565.3098,558.8871,564.9651,65953060.0
2025-09-03,568.5709,571.033,566.0688,569.4099,54293067.0
2025-09-04,570.0791,574.9335,568.3662,574.5639,47581297.0
2025-09-05,579.8178,580.4471,570.8683,575.393,68421721.0
2025-09-08,577.7003,580.1674,577.101,578.1997,46425055.0
2025-09-09,578.9988,580.2674,576.3719,579.8379,44058512.0
2025-09-10,583.0641,583.0941,577.8801,580.0276,49365062.0
2025-09-11,582.5647,584.2028,580.9466,583.4037,44797572.0
2025-09-12,584.3626,587.1793,583.4237,585.9807,50804622.0
2025-09-15,587.7586,591.1048,587.6138,590.9949,44411726.0
2025-09-16,591.9238,592.1735,589.8062,590.4954,36984926.0
2025-09-17,590.4156,591.0648,583.6884,589.3169,69465230.0
2025-09-18,594.2212,597.4474,592.2735,594.6307,61139992.0
2025-09-19,596.6384,599.3552,595.1601,598.656,58263563.0
2025-09-22,597.74,602.87,597.72,602.2,57154700.0
2025-09-23,602.37,602.57,596.98,598.2,64635400.0
2025-09-24,599.58,599.9,593.36,596.1,49850300.0
2025-09-25,592.2,595.115,588.5,593.53,70920200.0
2025-09-26,594.35,596.3,591.06,595.97,54337400.0
2025-09-29,599.11,602.05,597.41,598.73,48332900.0
2025-09-30,598.43,600.71,596.1,600.37,46533800.0
2025-10-01,597.17,603.79,596.34,603.25,46899600.0
2025-10-02,607.06,607.16,602.93,605.73,43765400.0
2025-10-03,606.51,607.3255,601.385,603.18,46482100.0
2025-10-06,608.45,609.36,605.97,607.71,41962100.0
2025-10-07,609.02,609.71,603.03,604.51,58209400.0
2025-10-08,605.41,611.75,605.26,611.44,50629700.0
2025-10-09,611.48,611.61,607.48,610.7,45550900.0
2025-10-10,611.4,613.18,589.05,589.5,97614700.0
2025-10-13,599.68,602.95,597.23,602.01,65872500.0
2025-10-14,595.31,602.69,590.13,598.0,69203100.0
2025-10-15,604.01,606.7,595.93,602.22,62805400.0
2025-10-16,605.11,608.31,595.5,599.99,70981900.0
2025-10-17,597.95,605.51,596.37,603.93,72024800.0
2025-10-20,607.14,612.8,607.065,611.54,45761700.0
2025-10-21,611.64,612.7213,609.32,611.38,44538100.0
2025-10-22,610.82,611.41,599.74,605.49,61477200.0
2025-10-23,604.91,611.37,604.52,610.58,42844200.0
2025-10-24,615.99,618.42,615.13,617.1,47632400.0
2025-10-27,624.52,628.55,624.03,628.09,54098600.0
2025-10-28,630.36,634.68,629.25,632.92,61195700.0
2025-10-29,635.59,637.01,630.25,635.77,67422800.0
2025-10-30,632.17,633.5,625.94,626.05,61628600.0
2025-10-31,634.17,634.2,626.69,629.07,66305100.0
2025-11-03,635.11,635.82,629.85,632.08,37144100.0
2025-11-04,623.28,626.95,618.455,619.25,63825600.0
2025-11-05,618.49,626.6,617.21,623.28,48662900.0
2025-11-06,621.79,622.04,610.3,611.67,72115100.0
2025-11-07,608.31,609.95,598.67,609.74,81835300.0
2025-11-10,618.92,624.31,616.89,623.23,55919900.0
2025-11-11,620.57,622.72,617.52,621.57,44868800.0
2025-11-12,624.84,624.86,617.81,621.08,47444300.0
2025-11-13,617.54,618.12,606.08,608.4,71333600.0
2025-11-14,599.55,613.35,597.17,608.86,80087200.0
2025-11-17,606.3,612.48,599.87,603.66,63850300.0
2025-11-18,599.62,602.31,591.34,596.31,83327200.0
2025-11-19,597.07,606.16,594.59,599.87,73111400.0
2025-11-20,611.62,614.03,584.75,585.67,117743100.0
2025-11-21,587.47,596.98,580.74,590.07,103344100.0
2025-11-24,595.28,606.68,595.16,605.16,60168100.0
2025-11-25,603.51,610.2601,597.32,608.89,57560800.0
2025-11-26,612.51,616.19,610.39,614.27,42393600.0
2025-11-28,616.11,619.32,615.4174,619.25,23034300.0
2025-12-01,613.63,619.4401,612.52,617.17,40957500.0
2025-12-02,619.46,623.75,617.59,622.0,54541800.0
2025-12-03,619.62,624.22,618.03,623.52,47841600.0
2025-12-04,624.93,624.94,619.54,622.94,47067700.0
2025-12-05,624.38,628.92,623.71,625.48,53614100.0
