Date,Open,High,Low,Close,Volume
,IEF,IEF,IEF,IEF,IEF
2017-01-03,104.35,104.89,104.29,104.77,3230500
2017-01-04,104.73,104.94,104.62,104.89,1523000
2017-01-05,105.1,105.68,105.03,105.57,3344400
2017-01-06,105.18,105.38,105.04,105.09,1601400
2017-01-09,105.47,105.53,105.36,105.49,1275000
2017-01-10,105.44,105.6,105.39,105.44,1352700
2017-01-11,105.5,105.93,105.31,105.56,1833700
2017-01-12,105.82,106.03,105.59,105.62,1544700
2017-01-13,105.37,105.56,105.05,105.39,1833200
2017-01-17,105.97,106.03,105.73,105.92,1656800
2017-01-18,105.6,105.69,105.13,105.17,3640400
2017-01-19,104.83,104.89,104.56,104.77,1840000
2017-01-20,104.64,104.92,104.48,104.82,1306400
2017-01-23,105.01,105.57,104.84,105.37,1720200
2017-01-24,105.14,105.28,104.83,104.97,1344000
2017-01-25,104.55,104.68,104.31,104.45,1816000
2017-01-26,104.41,104.62,104.18,104.59,2212900
2017-01-27,104.65,104.8,104.64,104.72,2285200
2017-01-30,104.74,104.95,104.69,104.69,1909300
2017-01-31,104.79,105.22,104.79,105.05,1411700
2017-02-01,104.56,104.85,104.39,104.69,2055100
2017-02-02,105.03,105.1,104.72,104.73,1423500
2017-02-03,105.0,105.22,104.62,104.81,1711100
2017-02-06,105.24,105.41,105.0,105.31,1500500
2017-02-07,105.25,105.69,105.18,105.5,1540600
2017-02-08,105.5,106.0,105.5,105.93,3182200
2017-02-09,105.93,105.93,105.28,105.3,1530200
2017-02-10,105.07,105.31,105.07,105.23,1646400
2017-02-13,105.0,105.08,104.88,105.07,1045200
2017-02-14,105.02,105.1,104.46,104.69,2318100
2017-02-15,104.33,104.56,104.32,104.49,2750900
2017-02-16,104.6,105.01,104.6,104.91,2459800
2017-02-17,105.2,105.32,105.12,105.19,2237700
2017-02-21,104.94,105.28,104.92,105.14,2832700
2017-02-22,105.36,105.42,104.96,105.31,2812800
2017-02-23,105.5,105.59,105.43,105.59,1842700
2017-02-24,105.94,106.16,105.82,106.08,2677000
2017-02-27,105.99,106.0,105.64,105.7,3292600
2017-02-28,105.75,105.91,105.63,105.65,2482500
2017-03-01,104.71,104.8,104.65,104.77,2249000
2017-03-02,104.56,104.6,104.33,104.47,2023300
2017-03-03,104.5,104.58,104.26,104.57,2509000
2017-03-06,104.59,104.6,104.43,104.55,1401700
2017-03-07,104.43,104.48,104.35,104.4,1596300
2017-03-08,103.92,104.15,103.9,104.05,2392800
2017-03-09,103.94,103.98,103.7,103.76,2322900
2017-03-10,103.98,104.01,103.75,103.98,1333000
2017-03-13,103.81,103.92,103.69,103.72,1342600
2017-03-14,103.77,103.94,103.75,103.83,864600
2017-03-15,103.99,104.74,103.92,104.74,3701900
2017-03-16,104.49,104.62,104.42,104.45,2749900
2017-03-17,104.58,104.82,104.56,104.73,1186700
2017-03-20,104.75,105.01,104.75,104.98,1362700
2017-03-21,104.91,105.37,104.91,105.33,1407000
2017-03-22,105.53,105.73,105.45,105.53,2231300
2017-03-23,105.59,105.64,105.24,105.42,2584700
2017-03-24,105.39,105.61,105.35,105.48,2540000
2017-03-27,105.92,105.96,105.67,105.74,2614000
2017-03-28,105.86,105.86,105.37,105.38,1356800
2017-03-29,105.56,105.72,105.56,105.68,1860400
2017-03-30,105.63,105.64,105.36,105.38,1487800
2017-03-31,105.53,105.63,105.45,105.59,1698500
2017-04-03,105.56,106.0,105.53,105.95,4175500
2017-04-04,105.92,106.02,105.8,105.8,1319600
2017-04-05,105.67,106.1,105.62,106.0,2551100
2017-04-06,106.03,106.1,105.8,105.93,1496300
2017-04-07,106.19,106.32,105.61,105.61,1185400
2017-04-10,105.75,105.92,105.7,105.8,1752500
2017-04-11,106.05,106.4,106.03,106.29,2219200
2017-04-12,106.37,106.68,106.29,106.62,2273600
2017-04-13,106.8,107.01,106.61,106.94,1868200
2017-04-17,106.95,107.04,106.68,106.77,1110500
2017-04-18,107.06,107.47,107.0,107.38,1678400
2017-04-19,107.12,107.17,106.99,107.1,1750000
2017-04-20,106.93,107.01,106.72,106.86,1694700
2017-04-21,106.96,107.12,106.88,106.91,2792500
2017-04-24,106.43,106.69,106.37,106.69,3558000
2017-04-25,106.35,106.47,106.09,106.14,1985700
2017-04-26,106.14,106.42,106.12,106.42,1314400
2017-04-27,106.38,106.62,106.33,106.49,1988200
2017-04-28,106.32,106.65,106.27,106.6,5489800
2017-05-01,106.32,106.49,106.05,106.21,2044400
2017-05-02,106.16,106.49,106.14,106.43,1585300
2017-05-03,106.45,106.49,106.15,106.21,1861300
2017-05-04,105.85,105.99,105.82,105.97,1237100
2017-05-05,105.98,106.02,105.8,105.99,980000
2017-05-08,105.89,105.89,105.67,105.73,4887400
2017-05-09,105.59,105.66,105.47,105.61,1457900
2017-05-10,105.84,105.86,105.5,105.57,995500
2017-05-11,105.41,105.7,105.41,105.65,1088800
2017-05-12,106.06,106.28,106.06,106.19,2005600
2017-05-15,106.14,106.17,106.05,106.12,672200
2017-05-16,106.11,106.41,106.11,106.26,1314500
2017-05-17,106.8,107.17,106.73,107.11,5644700
2017-05-18,107.2,107.25,106.97,107.08,1715200
2017-05-19,106.97,107.07,106.8,107.05,3503100
2017-05-22,106.93,107.01,106.88,106.93,1425800
2017-05-23,107.05,107.05,106.6,106.65,2984700
2017-05-24,106.65,106.93,106.55,106.87,1776300
2017-05-25,106.93,106.98,106.8,106.93,1361000
2017-05-26,107.03,107.08,106.94,107.0,1016600
2017-05-30,107.18,107.27,107.1,107.27,2335200
2017-05-31,107.22,107.4,107.16,107.32,1752300
2017-06-01,106.94,107.12,106.9,107.1,1769300
2017-06-02,107.5,107.69,107.41,107.57,1803200
2017-06-05,107.4,107.49,107.37,107.39,1414900
2017-06-06,107.78,107.83,107.66,107.73,2078900
2017-06-07,107.62,107.71,107.43,107.53,1795800
2017-06-08,107.43,107.43,107.17,107.36,3863000
2017-06-09,107.15,107.34,107.11,107.26,1203400
2017-06-12,107.12,107.45,107.12,107.24,766700
2017-06-13,107.14,107.32,107.14,107.28,682300
2017-06-14,107.92,108.17,107.71,107.84,3712100
2017-06-15,107.69,107.72,107.57,107.65,2000400
2017-06-16,107.67,107.83,107.67,107.71,3460300
2017-06-19,107.59,107.63,107.41,107.41,1105900
2017-06-20,107.5,107.76,107.5,107.68,1252000
2017-06-21,107.56,107.74,107.54,107.67,1159800
2017-06-22,107.83,107.86,107.64,107.77,1160100
2017-06-23,107.72,107.84,107.67,107.8,1581000
2017-06-26,107.9,108.01,107.88,107.89,3625000
2017-06-27,107.52,107.55,107.26,107.36,1755200
2017-06-28,107.31,107.31,107.09,107.26,1530900
2017-06-29,106.7,106.97,106.64,106.86,1997200
2017-06-30,106.84,106.84,106.54,106.61,1909600
2017-07-03,106.45,106.46,106.01,106.06,1255300
2017-07-05,106.04,106.26,105.98,106.14,10477800
2017-07-06,105.94,105.97,105.73,105.94,1794300
2017-07-07,105.81,105.89,105.72,105.77,1799900
2017-07-10,105.84,106.01,105.83,105.91,1247700
2017-07-11,105.87,106.08,105.84,106.05,1112600
2017-07-12,106.45,106.51,106.32,106.36,2451700
2017-07-13,106.35,106.35,106.05,106.25,2095900
2017-07-14,106.69,106.74,106.38,106.4,1260400
2017-07-17,106.46,106.61,106.4,106.53,1289200
2017-07-18,106.87,106.97,106.78,106.92,1776100
2017-07-19,106.93,107.01,106.85,106.92,2466000
2017-07-20,107.1,107.16,106.91,106.95,2317200
2017-07-21,107.15,107.27,107.12,107.14,1664200
2017-07-24,107.08,107.15,106.99,107.07,2342700
2017-07-25,106.7,106.7,106.44,106.47,2513600
2017-07-26,106.47,106.92,106.41,106.81,3010400
2017-07-27,106.6,106.73,106.52,106.64,1853000
2017-07-28,106.63,106.85,106.6,106.82,1001600
2017-07-31,106.76,106.86,106.69,106.85,921800
2017-08-01,106.52,106.99,106.47,106.95,1958300
2017-08-02,106.9,107.05,106.84,106.85,516100
2017-08-03,107.07,107.25,106.98,107.22,1576200
2017-08-04,106.97,106.97,106.7,106.93,1266100
2017-08-07,106.88,107.0,106.82,106.99,554100
2017-08-08,106.95,106.96,106.73,106.9,1277800
2017-08-09,107.29,107.32,107.03,107.03,1268000
2017-08-10,107.24,107.47,107.22,107.43,1412000
2017-08-11,107.37,107.62,107.32,107.55,911000
2017-08-14,107.34,107.45,107.25,107.29,1386100
2017-08-15,106.86,107.06,106.83,106.97,1146300
2017-08-16,106.87,107.33,106.85,107.17,2160100
2017-08-17,107.21,107.59,107.17,107.55,1637300
2017-08-18,107.74,107.81,107.41,107.57,1235700
2017-08-21,107.6,107.71,107.56,107.64,718800
2017-08-22,107.54,107.54,107.37,107.43,984500
2017-08-23,107.66,107.8,107.57,107.8,1246100
2017-08-24,107.63,107.75,107.57,107.63,2520900
2017-08-25,107.64,107.87,107.57,107.81,1007500
2017-08-28,107.76,107.92,107.72,107.91,921700
2017-08-29,108.41,108.43,108.04,108.16,1590200
2017-08-30,107.99,108.13,107.99,108.07,1299900
2017-08-31,108.08,108.25,108.07,108.24,1023600
2017-09-01,107.96,107.99,107.7,107.76,3460000
2017-09-05,108.16,108.52,108.13,108.51,3054800
2017-09-06,108.48,108.55,108.13,108.25,1601500
2017-09-07,108.35,108.81,108.35,108.72,4292500
2017-09-08,108.68,108.68,108.5,108.64,1249100
2017-09-11,108.2,108.24,108.02,108.02,2206200
2017-09-12,107.85,107.85,107.66,107.76,3167800
2017-09-13,107.78,107.78,107.52,107.54,1590900
2017-09-14,107.43,107.58,107.4,107.56,1377700
2017-09-15,107.57,107.69,107.38,107.69,1477000
2017-09-18,107.26,107.36,107.17,107.27,3032500
2017-09-19,107.3,107.35,107.12,107.15,673300
2017-09-20,107.25,107.27,106.77,106.94,2397500
2017-09-21,106.99,107.13,106.8,106.8,2390000
2017-09-22,107.14,107.16,106.96,106.99,826600
2017-09-25,107.11,107.39,107.0,107.31,1927000
2017-09-26,107.21,107.28,107.12,107.22,1061000
2017-09-27,106.69,106.83,106.64,106.67,4039100
2017-09-28,106.54,106.73,106.48,106.65,1873300
2017-09-29,106.76,106.77,106.46,106.52,2037800
2017-10-02,106.42,106.47,106.24,106.24,3221600
2017-10-03,106.27,106.43,106.24,106.39,2521700
2017-10-04,106.49,106.49,106.26,106.36,2198300
2017-10-05,106.4,106.46,106.19,106.25,1779900
2017-10-06,105.97,106.24,105.85,106.12,2350600
2017-10-09,106.21,106.28,106.14,106.24,893100
2017-10-10,106.3,106.53,106.25,106.28,1123100
2017-10-11,106.43,106.44,106.28,106.4,2841200
2017-10-12,106.47,106.54,106.36,106.5,1349300
2017-10-13,106.82,106.92,106.69,106.86,1521700
2017-10-16,106.67,106.79,106.57,106.68,1666100
2017-10-17,106.52,106.68,106.5,106.64,673800
2017-10-18,106.31,106.41,106.27,106.37,1788500
2017-10-19,106.66,106.7,106.41,106.48,1518700
2017-10-20,106.14,106.21,106.0,106.04,2651400
2017-10-23,106.09,106.21,106.09,106.14,709800
2017-10-24,105.88,105.96,105.76,105.82,1605600
2017-10-25,105.47,105.74,105.47,105.65,1838800
2017-10-26,105.75,105.77,105.5,105.51,2062400
2017-10-27,105.62,105.86,105.54,105.85,1315000
2017-10-30,106.09,106.24,106.03,106.23,1692700
2017-10-31,106.24,106.25,106.14,106.16,1178000
2017-11-01,105.92,106.22,105.92,106.06,1321500
2017-11-02,106.18,106.35,106.12,106.2,1997900
2017-11-03,106.34,106.4,106.15,106.37,2532400
2017-11-06,106.47,106.56,106.4,106.5,858400
2017-11-07,106.52,106.62,106.46,106.54,734800
2017-11-08,106.59,106.63,106.38,106.41,947800
2017-11-09,106.27,106.46,106.23,106.37,925900
2017-11-10,106.0,106.03,105.79,105.83,1862000
2017-11-13,105.91,105.96,105.77,105.78,868300
2017-11-14,105.81,106.0,105.79,105.93,1629200
2017-11-15,106.28,106.35,106.09,106.31,1933100
2017-11-16,106.14,106.2,106.02,106.04,1749200
2017-11-17,106.23,106.28,106.1,106.18,941200
2017-11-20,106.05,106.15,105.95,106.01,1153400
2017-11-21,106.18,106.23,105.95,106.03,835600
2017-11-22,106.14,106.42,106.1,106.37,1657900
2017-11-24,106.27,106.34,106.24,106.28,614400
2017-11-27,106.33,106.42,106.19,106.35,1927500
2017-11-28,106.51,106.55,106.28,106.37,1388000
2017-11-29,106.02,106.08,105.88,106.03,3193600
2017-11-30,105.96,106.01,105.59,105.7,3306400
2017-12-01,105.7,106.34,105.5,105.93,4341500
2017-12-04,105.65,105.88,105.64,105.88,2356200
2017-12-05,105.71,105.99,105.69,105.96,1586000
2017-12-06,106.2,106.31,106.16,106.18,1459000
2017-12-07,106.18,106.27,105.86,105.99,1953400
2017-12-08,105.97,106.02,105.83,105.91,2519500
2017-12-11,105.97,106.02,105.81,105.84,702200
2017-12-12,105.74,105.76,105.6,105.75,2557500
2017-12-13,105.9,106.22,105.79,106.18,1477800
2017-12-14,105.99,106.23,105.86,106.14,982100
2017-12-15,105.98,106.17,105.92,106.12,1845200
2017-12-18,106.03,106.06,105.84,105.88,1610300
2017-12-19,105.62,105.63,105.25,105.4,4535100
2017-12-20,105.1,105.29,105.04,105.09,3027000
2017-12-21,104.94,105.01,104.87,105.0,2098800
2017-12-22,104.99,105.04,104.95,105.04,696900
2017-12-26,105.05,105.2,105.03,105.08,2584800
2017-12-27,105.23,105.57,105.23,105.53,2291500
2017-12-28,105.43,105.48,105.34,105.4,1540500
2017-12-29,105.47,105.64,105.46,105.57,1849600
2018-01-02,105.44,105.47,105.09,105.22,3902000
2018-01-03,105.35,105.41,105.22,105.33,2135900
2018-01-04,105.1,105.29,105.02,105.28,2430000
2018-01-05,105.28,105.32,105.06,105.15,2163600
2018-01-08,105.2,105.22,105.01,105.1,2450600
2018-01-09,104.92,104.92,104.58,104.6,5924200
2018-01-10,104.29,104.62,104.23,104.57,2142500
2018-01-11,104.52,104.73,104.42,104.64,1798700
2018-01-12,104.42,104.61,104.4,104.57,1430700
2018-01-16,104.74,104.76,104.48,104.62,5927500
2018-01-17,104.46,104.63,104.32,104.39,2186100
2018-01-18,104.11,104.21,103.98,104.06,3326100
2018-01-19,104.0,104.0,103.73,103.79,2921600
2018-01-22,103.87,103.95,103.67,103.75,8047400
2018-01-23,103.99,104.11,103.9,104.05,1780100
2018-01-24,103.87,103.95,103.73,103.85,1952200
2018-01-25,103.74,104.09,103.62,104.08,3342000
2018-01-26,103.96,103.96,103.66,103.77,3324500
2018-01-29,103.5,103.55,103.31,103.51,2328200
2018-01-30,103.42,103.48,103.22,103.27,2346900
2018-01-31,103.44,103.49,103.02,103.3,2966400
2018-02-01,103.1,103.1,102.57,102.6,8958300
2018-02-02,102.29,102.37,102.11,102.22,5753500
2018-02-05,102.25,103.31,102.09,103.06,6902000
2018-02-06,102.95,103.04,102.61,102.61,5382900
2018-02-07,102.75,102.77,102.19,102.31,4773700
2018-02-08,102.03,102.53,101.89,102.4,5685300
2018-02-09,102.11,102.81,102.11,102.22,4376900
2018-02-12,102.22,102.36,102.08,102.19,2836300
2018-02-13,102.27,102.39,102.18,102.36,2698100
2018-02-14,102.06,102.06,101.63,101.74,4141900
2018-02-15,101.76,101.96,101.74,101.77,3057300
2018-02-16,102.09,102.18,101.96,102.01,2277800
2018-02-20,101.81,101.96,101.72,101.9,2138300
2018-02-21,102.0,102.0,101.47,101.6,2253900
2018-02-22,101.76,101.87,101.7,101.74,4411800
2018-02-23,102.01,102.21,101.98,102.13,4484700
2018-02-26,102.36,102.45,102.2,102.25,2725600
2018-02-27,102.29,102.33,101.74,101.93,3308900
2018-02-28,102.05,102.19,101.97,102.17,2521400
2018-03-01,102.16,102.61,102.03,102.45,5352600
2018-03-02,102.32,102.33,102.01,102.07,2140800
2018-03-05,102.35,102.35,101.82,101.94,2059300
2018-03-06,101.97,102.15,101.92,101.93,2331300
2018-03-07,102.16,102.22,101.92,101.93,1258100
2018-03-08,102.07,102.24,102.02,102.14,1636700
2018-03-09,101.89,102.0,101.77,101.92,1604500
2018-03-12,102.0,102.17,101.94,102.16,1885700
2018-03-13,102.32,102.38,102.13,102.33,1742100
2018-03-14,102.27,102.66,102.25,102.53,2598900
2018-03-15,102.51,102.62,102.39,102.49,2758000
2018-03-16,102.36,102.39,102.24,102.37,3595300
2018-03-19,102.15,102.46,102.14,102.27,2825000
2018-03-20,102.09,102.16,102.04,102.07,2600600
2018-03-21,101.94,102.22,101.68,102.14,3365600
2018-03-22,102.52,102.77,102.39,102.56,5026500
2018-03-23,102.46,102.75,102.46,102.7,2519000
2018-03-26,102.52,102.65,102.39,102.42,4184900
2018-03-27,102.53,103.05,102.52,103.0,3495900
2018-03-28,103.21,103.26,102.89,102.98,2762500
2018-03-29,103.01,103.31,103.01,103.19,2572100
2018-04-02,102.94,103.34,102.89,103.12,2748800
2018-04-03,102.96,103.0,102.75,102.79,4229600
2018-04-04,103.0,103.0,102.68,102.73,2216900
2018-04-05,102.57,102.61,102.43,102.47,1789300
2018-04-06,102.8,102.96,102.66,102.92,2651200
2018-04-09,102.74,102.94,102.65,102.94,2071100
2018-04-10,102.81,102.87,102.68,102.76,1622400
2018-04-11,102.96,103.0,102.76,102.86,2520600
2018-04-12,102.72,102.73,102.46,102.49,2188600
2018-04-13,102.4,102.63,102.4,102.58,2937700
2018-04-16,102.33,102.55,102.31,102.53,1637400
2018-04-17,102.48,102.66,102.44,102.59,1301800
2018-04-18,102.38,102.5,102.19,102.19,2127600
2018-04-19,101.95,102.02,101.79,101.91,3181500
2018-04-20,101.78,101.84,101.57,101.57,2309400
2018-04-23,101.48,101.53,101.34,101.47,5022800
2018-04-24,101.33,101.45,101.26,101.35,3178800
2018-04-25,101.19,101.25,101.06,101.13,3295800
2018-04-26,101.37,101.46,101.31,101.42,1989500
2018-04-27,101.51,101.65,101.5,101.59,2409300
2018-04-30,101.64,101.81,101.62,101.7,3504400
2018-05-01,101.5,101.5,101.31,101.35,1894000
2018-05-02,101.39,101.51,101.3,101.37,3852600
2018-05-03,101.58,101.77,101.56,101.63,6026900
2018-05-04,101.75,101.79,101.49,101.64,2370500
2018-05-07,101.63,101.66,101.54,101.59,1854900
2018-05-08,101.43,101.52,101.32,101.42,1654600
2018-05-09,101.19,101.3,101.16,101.19,2838400
2018-05-10,101.43,101.48,101.3,101.4,4183700
2018-05-11,101.47,101.47,101.3,101.41,2816300
2018-05-14,101.25,101.28,101.18,101.19,4762000
2018-05-15,100.8,100.8,100.49,100.63,6812500
2018-05-16,100.5,100.7,100.42,100.42,4784200
2018-05-17,100.46,100.52,100.33,100.36,1702300
2018-05-18,100.55,100.81,100.55,100.75,2642300
2018-05-21,100.7,100.83,100.64,100.82,2845100
2018-05-22,100.82,100.83,100.69,100.78,1977000
2018-05-23,101.09,101.3,101.07,101.24,5102500
2018-05-24,101.47,101.64,101.43,101.5,2994100
2018-05-25,101.81,101.91,101.76,101.9,2838400
2018-05-29,102.35,103.2,102.24,103.0,11256200
2018-05-30,102.57,102.72,102.38,102.56,4512200
2018-05-31,102.57,102.74,102.34,102.51,5321700
2018-06-01,101.85,102.09,101.77,101.93,7891000
2018-06-04,101.82,101.83,101.57,101.57,3131800
2018-06-05,101.84,101.97,101.72,101.83,4305500
2018-06-06,101.56,101.59,101.36,101.42,3910500
2018-06-07,101.42,102.13,101.39,101.85,4400400
2018-06-08,101.74,101.86,101.68,101.71,7342800
2018-06-11,101.53,101.64,101.51,101.61,1875800
2018-06-12,101.47,101.6,101.45,101.55,1664800
2018-06-13,101.58,101.65,101.16,101.43,3294700
2018-06-14,101.62,101.76,101.54,101.75,3626400
2018-06-15,101.97,102.1,101.8,101.83,5826500
2018-06-18,101.96,101.98,101.8,101.88,4600500
2018-06-19,102.18,102.28,102.09,102.15,4172800
2018-06-20,102.11,102.13,101.81,101.82,3059000
2018-06-21,101.98,102.17,101.98,102.09,2680500
2018-06-22,101.96,102.16,101.95,102.11,2309500
2018-06-25,102.22,102.4,102.21,102.25,8110800
2018-06-26,102.27,102.36,102.21,102.3,3873200
2018-06-27,102.56,102.73,102.48,102.69,3044200
2018-06-28,102.68,102.71,102.51,102.59,3705600
2018-06-29,102.58,102.68,102.5,102.51,2721200
2018-07-02,102.42,102.45,102.22,102.25,3911500
2018-07-03,102.29,102.51,102.28,102.51,1463800
2018-07-05,102.48,102.64,102.46,102.52,1682300
2018-07-06,102.64,102.71,102.52,102.61,3206500
2018-07-09,102.37,102.44,102.33,102.35,2258800
2018-07-10,102.25,102.36,102.21,102.27,4461100
2018-07-11,102.46,102.51,102.32,102.48,2198700
2018-07-12,102.35,102.48,102.33,102.44,1385900
2018-07-13,102.55,102.64,102.48,102.61,2891800
2018-07-16,102.39,102.48,102.26,102.44,1782600
2018-07-17,102.5,102.5,102.35,102.38,1034700
2018-07-18,102.43,102.45,102.27,102.3,1355300
2018-07-19,102.37,102.67,102.35,102.58,4201700
2018-07-20,102.46,102.46,102.18,102.22,3362700
2018-07-23,102.1,102.11,101.7,101.72,5285700
2018-07-24,101.7,101.84,101.63,101.79,3293800
2018-07-25,101.91,101.98,101.66,101.72,2403800
2018-07-26,101.82,101.87,101.59,101.61,2598200
2018-07-27,101.84,101.84,101.68,101.77,1435100
2018-07-30,101.57,101.76,101.56,101.64,3832700
2018-07-31,101.8,101.83,101.71,101.78,3053600
2018-08-01,101.26,101.41,101.19,101.34,5366800
2018-08-02,101.41,101.48,101.32,101.46,3370800
2018-08-03,101.54,101.75,101.53,101.72,2174800
2018-08-06,101.79,101.95,101.76,101.77,3867200
2018-08-07,101.71,101.71,101.54,101.56,2181400
2018-08-08,101.59,101.71,101.58,101.65,2777900
2018-08-09,101.81,101.93,101.79,101.93,4318000
2018-08-10,102.2,102.5,102.17,102.37,4327800
2018-08-13,102.31,102.46,102.23,102.34,1764700
2018-08-14,102.32,102.33,102.19,102.24,2487600
2018-08-15,102.46,102.68,102.43,102.49,4810700
2018-08-16,102.51,102.52,102.28,102.46,2594400
2018-08-17,102.55,102.64,102.4,102.5,3043400
2018-08-20,102.7,102.86,102.68,102.82,2901100
2018-08-21,102.73,102.73,102.61,102.68,2516700
2018-08-22,102.96,102.96,102.77,102.87,2396500
2018-08-23,102.91,102.95,102.83,102.86,871000
2018-08-24,102.68,102.91,102.64,102.89,1296600
2018-08-27,102.75,102.78,102.64,102.66,1851900
2018-08-28,102.48,102.52,102.39,102.43,1506300
2018-08-29,102.46,102.47,102.3,102.4,1420400
2018-08-30,102.54,102.68,102.51,102.59,2780900
2018-08-31,102.82,102.83,102.6,102.61,2132200
2018-09-04,102.26,102.32,102.12,102.17,3419500
2018-09-05,102.15,102.23,102.05,102.16,1332300
2018-09-06,102.22,102.45,102.21,102.37,1656700
2018-09-07,102.01,102.04,101.87,101.91,4405000
2018-09-10,101.89,102.01,101.89,101.97,3110800
2018-09-11,101.77,101.8,101.6,101.6,3360500
2018-09-12,101.76,101.81,101.72,101.72,1398800
2018-09-13,101.86,101.86,101.69,101.71,1281600
2018-09-14,101.51,101.62,101.46,101.52,3749900
2018-09-17,101.41,101.58,101.38,101.54,3808400
2018-09-18,101.41,101.42,101.09,101.12,4972900
2018-09-19,101.06,101.07,100.8,100.95,5515900
2018-09-20,100.83,101.06,100.8,100.96,2973500
2018-09-21,100.9,101.06,100.9,101.0,1024100
2018-09-24,100.85,101.01,100.84,100.89,2389800
2018-09-25,100.77,100.81,100.68,100.79,2878300
2018-09-26,100.89,101.14,100.84,101.12,2502900
2018-09-27,101.05,101.15,100.99,101.12,6342800
2018-09-28,101.29,101.3,101.13,101.17,3931000
2018-10-01,100.83,100.89,100.71,100.71,6408000
2018-10-02,100.86,101.04,100.86,100.97,2915000
2018-10-03,100.78,100.79,100.09,100.22,6612700
2018-10-04,99.98,100.13,99.88,99.96,6427500
2018-10-05,99.82,99.91,99.6,99.72,5676600
2018-10-08,99.82,99.86,99.74,99.76,1947800
2018-10-09,99.79,99.95,99.76,99.95,3066300
2018-10-10,99.71,100.03,99.67,100.0,3001900
2018-10-11,100.22,100.55,100.09,100.41,5821500
2018-10-12,100.29,100.53,100.24,100.29,2647900
2018-10-15,100.39,100.44,100.26,100.35,1860000
2018-10-16,100.27,100.35,100.2,100.34,2703900
2018-10-17,100.32,100.42,100.05,100.05,3336200
2018-10-18,100.0,100.4,99.95,100.23,2587700
2018-10-19,100.22,100.24,100.03,100.11,5531900
2018-10-22,100.22,100.26,100.12,100.13,1690100
2018-10-23,100.65,100.79,100.34,100.39,4420100
2018-10-24,100.67,100.96,100.6,100.93,4881200
2018-10-25,100.75,100.82,100.6,100.69,3559900
2018-10-26,101.07,101.3,101.04,101.14,4220800
2018-10-29,101.01,101.24,100.85,101.13,3766900
2018-10-30,100.94,101.06,100.87,100.91,5746600
2018-10-31,100.61,100.74,100.55,100.66,3956700
2018-11-01,100.36,100.57,100.33,100.53,4834300
2018-11-02,100.29,100.32,99.93,99.97,5250900
2018-11-05,100.16,100.2,100.03,100.03,2446700
2018-11-06,100.1,100.1,99.91,99.92,2456700
2018-11-07,100.09,100.17,99.91,99.92,3297600
2018-11-08,100.0,100.02,99.75,99.78,2188900
2018-11-09,99.93,100.22,99.92,100.17,2772700
2018-11-12,100.38,100.51,100.33,100.47,3704900
2018-11-13,100.42,100.58,100.35,100.55,3265000
2018-11-14,100.43,100.96,100.39,100.76,4626400
2018-11-15,101.01,101.06,100.71,100.83,2621300
2018-11-16,101.06,101.18,100.98,101.14,7226700
2018-11-19,101.06,101.32,101.06,101.29,3447800
2018-11-20,101.32,101.42,101.23,101.27,3658600
2018-11-21,101.18,101.25,101.07,101.25,1897000
2018-11-23,101.46,101.47,101.31,101.31,531200
2018-11-26,101.19,101.23,101.13,101.23,2345600
2018-11-27,101.2,101.4,101.19,101.33,2334400
2018-11-28,101.25,101.46,101.17,101.32,3582500
2018-11-29,101.59,101.73,101.46,101.58,4313000
2018-11-30,101.73,101.82,101.66,101.78,3069700
2018-12-03,101.44,101.79,101.41,101.79,6008500
2018-12-04,101.97,102.46,101.94,102.26,7748800
2018-12-06,102.65,102.97,102.5,102.52,9429900
2018-12-07,102.49,102.86,102.36,102.82,7319100
2018-12-10,102.84,103.04,102.71,102.88,9045700
2018-12-11,102.64,102.85,102.5,102.62,5290100
2018-12-12,102.45,102.5,102.31,102.34,3727200
2018-12-13,102.46,102.5,102.34,102.4,4116000
2018-12-14,102.57,102.72,102.52,102.56,3530000
2018-12-17,102.66,102.93,102.65,102.86,7627000
2018-12-18,102.75,102.95,102.68,102.9,4461400
2018-12-19,103.01,103.48,102.78,103.26,7710900
2018-12-20,103.45,103.47,103.09,103.13,9245200
2018-12-21,103.2,103.23,103.06,103.22,4918800
2018-12-24,103.38,103.49,103.26,103.48,6373000
2018-12-26,103.47,103.62,102.95,102.99,5477700
2018-12-27,103.43,103.63,103.23,103.25,4602100
2018-12-28,103.42,103.82,103.39,103.81,4543100
2018-12-31,103.69,104.66,103.63,104.2,7227500
2019-01-02,104.31,104.43,104.18,104.42,18668600
2019-01-03,104.46,105.32,104.44,105.25,10616700
2019-01-04,104.55,104.59,104.27,104.4,6616700
2019-01-07,104.52,104.57,104.07,104.11,5459200
2019-01-08,104.0,104.09,103.85,103.85,6879500
2019-01-09,103.84,103.99,103.77,103.91,3248700
2019-01-10,104.07,104.14,103.79,103.86,14413000
2019-01-11,104.14,104.26,104.07,104.17,3825700
2019-01-14,104.21,104.29,104.05,104.11,3090100
2019-01-15,104.29,104.29,103.97,104.01,4148000
2019-01-16,103.89,104.0,103.81,103.95,4820800
2019-01-17,103.9,103.95,103.68,103.76,5328100
2019-01-18,103.61,103.72,103.35,103.43,6617500
2019-01-22,103.72,103.91,103.67,103.79,5814400
2019-01-23,103.61,103.85,103.58,103.74,3507300
2019-01-24,104.06,104.18,103.98,104.07,6030700
2019-01-25,103.89,103.94,103.73,103.83,2763300
2019-01-28,103.79,103.98,103.79,103.86,3116100
2019-01-29,103.94,104.16,103.93,104.16,2836700
2019-01-30,104.05,104.43,103.96,104.4,5788300
2019-01-31,104.64,104.93,104.61,104.88,10206500
2019-02-01,104.47,104.49,104.09,104.1,9191900
2019-02-04,103.97,103.97,103.81,103.87,7283500
2019-02-05,104.0,104.18,103.99,104.05,3331100
2019-02-06,104.28,104.29,104.07,104.13,3489800
2019-02-07,104.42,104.55,104.35,104.47,6937400
2019-02-08,104.63,104.73,104.59,104.61,2602700
2019-02-11,104.45,104.54,104.37,104.45,2637200
2019-02-12,104.38,104.39,104.22,104.31,3305300
2019-02-13,104.07,104.17,104.0,104.05,3772100
2019-02-14,104.61,104.62,104.41,104.54,10568700
2019-02-15,104.35,104.47,104.34,104.44,6879000
2019-02-19,104.63,104.7,104.55,104.62,8557400
2019-02-20,104.62,104.7,104.52,104.6,4751100
2019-02-21,104.3,104.34,104.22,104.29,4140200
2019-02-22,104.5,104.72,104.46,104.6,3351000
2019-02-25,104.43,104.5,104.36,104.44,2849600
2019-02-26,104.75,104.79,104.6,104.75,2647700
2019-02-27,104.57,104.58,104.3,104.38,2530600
2019-02-28,104.34,104.35,104.06,104.11,4949900
2019-03-01,103.74,103.85,103.57,103.57,9003000
2019-03-04,103.73,103.95,103.66,103.89,3506600
2019-03-05,103.77,103.96,103.7,103.95,2112200
2019-03-06,103.99,104.29,103.99,104.24,2401600
2019-03-07,104.44,104.67,104.43,104.59,4822900
2019-03-08,104.69,104.83,104.58,104.74,5212000
2019-03-11,104.73,104.73,104.57,104.66,4654100
2019-03-12,104.74,105.0,104.7,104.95,4942800
2019-03-13,104.84,104.94,104.8,104.91,1715000
2019-03-14,104.86,104.91,104.65,104.76,2514700
2019-03-15,105.08,105.17,104.97,105.09,7846600
2019-03-18,104.99,105.08,104.94,104.95,4166200
2019-03-19,104.78,104.99,104.75,104.88,2138000
2019-03-20,105.03,105.64,105.01,105.61,8061700
2019-03-21,105.73,105.75,105.48,105.56,4633500
2019-03-22,106.09,106.51,106.04,106.34,4721900
2019-03-25,106.34,106.86,106.25,106.61,7828800
2019-03-26,106.39,106.69,106.34,106.52,7483700
2019-03-27,106.81,107.08,106.75,106.83,3555900
2019-03-28,106.8,106.91,106.66,106.84,3769600
2019-03-29,106.47,106.68,106.44,106.67,2748900
2019-04-01,106.1,106.13,105.68,105.72,9430400
2019-04-02,105.82,105.92,105.76,105.9,7318600
2019-04-03,105.57,105.69,105.52,105.57,5207300
2019-04-04,105.62,105.72,105.55,105.68,2293700
2019-04-05,105.6,105.8,105.59,105.73,1749900
2019-04-08,105.71,105.76,105.56,105.56,3591500
2019-04-09,105.82,105.88,105.72,105.75,3210600
2019-04-10,105.92,106.07,105.91,106.0,2059800
2019-04-11,105.83,105.87,105.72,105.76,1547500
2019-04-12,105.39,105.45,105.27,105.27,6032100
2019-04-15,105.29,105.42,105.29,105.41,2410700
2019-04-16,105.19,105.25,105.03,105.05,5003600
2019-04-17,105.0,105.18,105.0,105.07,2348800
2019-04-18,105.33,105.46,105.29,105.32,4893200
2019-04-22,105.26,105.27,105.12,105.17,3630000
2019-04-23,105.32,105.39,105.28,105.36,2462100
2019-04-24,105.66,105.77,105.64,105.76,3266700
2019-04-25,105.73,105.79,105.59,105.63,1457600
2019-04-26,105.97,105.99,105.85,105.91,2156100
2019-04-29,105.72,105.77,105.61,105.69,2715000
2019-04-30,105.63,105.93,105.62,105.9,3621900
2019-05-01,105.7,106.11,105.55,105.64,6870700
2019-05-02,105.53,105.57,105.27,105.34,3126200
2019-05-03,105.46,105.62,105.43,105.48,2625200
2019-05-06,105.88,105.92,105.73,105.75,3370100
2019-05-07,106.01,106.19,105.96,106.11,3965800
2019-05-08,106.21,106.25,105.86,105.91,4226600
2019-05-09,106.3,106.43,106.05,106.19,4224100
2019-05-10,106.24,106.42,106.05,106.12,2855400
2019-05-13,106.57,106.74,106.52,106.65,5653400
2019-05-14,106.57,106.62,106.44,106.55,2573200
2019-05-15,106.94,106.97,106.74,106.89,5512300
2019-05-16,106.65,106.72,106.55,106.68,3898400
2019-05-17,106.91,106.91,106.62,106.73,2128400
2019-05-20,106.75,106.84,106.53,106.55,2439600
2019-05-21,106.48,106.52,106.34,106.43,2675300
2019-05-22,106.6,106.8,106.57,106.75,3561900
2019-05-23,107.01,107.56,107.01,107.4,6184500
2019-05-24,107.33,107.37,107.23,107.37,2422800
2019-05-28,107.62,107.84,107.53,107.84,7039000
2019-05-29,108.09,108.24,107.78,107.8,5251800
2019-05-30,107.86,108.24,107.72,108.19,3461100
2019-05-31,108.56,108.95,108.49,108.91,6020600
2019-06-03,108.88,109.34,108.77,109.22,23830900
2019-06-04,108.76,108.99,108.6,108.82,5503200
2019-06-05,108.96,109.13,108.76,108.82,7712300
2019-06-06,108.91,109.1,108.73,108.8,2392400
2019-06-07,109.4,109.42,109.14,109.23,2805900
2019-06-10,108.86,108.88,108.68,108.69,6071200
2019-06-11,108.62,108.77,108.58,108.69,2735800
2019-06-12,108.77,108.99,108.76,108.97,2062800
2019-06-13,109.07,109.33,109.05,109.24,1684700
2019-06-14,109.16,109.38,109.15,109.32,3880700
2019-06-17,109.3,109.38,109.17,109.3,3038800
2019-06-18,109.75,109.8,109.41,109.51,4564900
2019-06-19,109.28,109.9,109.21,109.81,4541500
2019-06-20,110.04,110.28,109.97,109.99,4575000
2019-06-21,109.73,109.77,109.45,109.54,4305200
2019-06-24,109.74,109.94,109.71,109.92,3046300
2019-06-25,110.03,110.23,109.95,110.09,5251000
2019-06-26,109.95,109.95,109.6,109.64,6675000
2019-06-27,109.77,110.03,109.68,109.97,2538400
2019-06-28,109.87,110.11,109.81,110.02,4341500
2019-07-01,109.82,109.87,109.5,109.69,8183600
2019-07-02,109.81,110.15,109.79,110.08,3117100
2019-07-03,110.21,110.4,110.2,110.29,2607000
2019-07-05,109.65,109.65,109.34,109.59,3664100
2019-07-08,109.75,109.82,109.48,109.48,3254100
2019-07-09,109.49,109.5,109.34,109.41,2061800
2019-07-10,109.51,109.62,109.34,109.47,4343700
2019-07-11,109.33,109.4,108.88,108.93,4769800
2019-07-12,108.92,109.17,108.89,109.05,4141900
2019-07-15,109.14,109.28,109.07,109.28,1753200
2019-07-16,108.93,109.08,108.83,109.04,2766100
2019-07-17,109.23,109.56,109.22,109.55,2624400
2019-07-18,109.43,109.89,109.4,109.82,2386700
2019-07-19,109.59,109.73,109.51,109.62,1728100
2019-07-22,109.79,109.8,109.63,109.67,1629800
2019-07-23,109.55,109.66,109.42,109.49,2329800
2019-07-24,109.64,109.75,109.56,109.65,2268500
2019-07-25,109.52,109.53,109.23,109.46,3172000
2019-07-26,109.5,109.51,109.32,109.44,3004100
2019-07-29,109.62,109.66,109.52,109.54,2505600
2019-07-30,109.63,109.67,109.45,109.59,2514800
2019-07-31,109.56,109.99,109.39,109.87,6669300
2019-08-01,109.84,110.92,109.79,110.92,16938700
2019-08-02,110.94,111.2,110.84,111.15,8503000
2019-08-05,111.82,112.2,111.76,112.11,7626200
2019-08-06,111.88,112.3,111.79,112.29,6462400
2019-08-07,113.07,113.27,112.17,112.29,9665300
2019-08-08,111.99,112.41,111.66,112.3,5178800
2019-08-09,112.38,112.6,112.06,112.13,2869000
2019-08-12,112.54,112.98,112.51,112.84,4739900
2019-08-13,112.86,112.89,112.15,112.44,5888000
2019-08-14,113.09,113.29,113.0,113.19,8124300
2019-08-15,113.34,114.17,113.28,113.91,5240200
2019-08-16,113.51,113.67,113.17,113.61,4957800
2019-08-19,113.04,113.26,113.01,113.07,3691400
2019-08-20,113.52,113.66,113.46,113.57,3161800
2019-08-21,113.27,113.57,113.21,113.27,4921700
2019-08-22,113.05,113.37,113.0,113.02,5860400
2019-08-23,113.13,113.94,113.01,113.78,8192600
2019-08-26,113.73,113.93,113.58,113.67,7581600
2019-08-27,113.81,114.19,113.81,114.16,3266900
2019-08-28,114.35,114.39,114.12,114.2,2505400
2019-08-29,114.1,114.1,113.69,113.98,4232400
2019-08-30,113.78,114.05,113.74,114.01,3651100
2019-09-03,113.88,114.44,113.7,114.07,11754000
2019-09-04,113.95,114.3,113.95,114.25,3447000
2019-09-05,113.59,113.62,113.08,113.33,4597800
2019-09-06,113.34,113.53,113.27,113.4,3111000
2019-09-09,112.86,112.94,112.69,112.7,4818700
2019-09-10,112.53,112.63,111.88,111.88,4797200
2019-09-11,111.78,111.97,111.75,111.77,4737000
2019-09-12,112.1,112.16,111.35,111.52,8612500
2019-09-13,111.1,111.21,110.5,110.5,24187700
2019-09-16,110.9,111.1,110.75,110.98,5388300
2019-09-17,111.04,111.38,110.94,111.27,8211700
2019-09-18,111.57,111.8,111.2,111.31,5170400
2019-09-19,111.58,111.59,111.32,111.36,7131900
2019-09-20,111.54,112.02,111.48,112.0,9915000
2019-09-23,112.14,112.48,112.06,112.16,13163900
2019-09-24,112.22,112.82,112.21,112.72,10459100
2019-09-25,112.59,112.69,111.9,111.98,8430900
2019-09-26,112.25,112.43,112.16,112.22,4233000
2019-09-27,112.23,112.49,112.19,112.38,4545500
2019-09-30,112.21,112.51,112.17,112.47,2797900
2019-10-01,111.85,112.86,111.81,112.61,8555100
2019-10-02,112.73,113.18,112.71,113.0,3908600
2019-10-03,113.16,113.88,113.14,113.59,6128300
2019-10-04,113.58,113.89,113.51,113.81,4707600
2019-10-07,113.56,113.68,113.4,113.43,3193100
2019-10-08,113.82,113.87,113.48,113.67,4304900
2019-10-09,113.55,113.55,113.2,113.38,3336800
2019-10-10,113.06,113.08,112.56,112.67,3924400
2019-10-11,112.13,112.18,111.72,111.9,8685300
2019-10-14,112.25,112.29,112.16,112.21,1932200
2019-10-15,112.16,112.24,111.64,111.67,6638500
2019-10-16,111.84,112.02,111.75,111.89,2755500
2019-10-17,111.8,112.09,111.72,111.85,3188700
2019-10-18,111.92,112.12,111.87,111.95,2406400
2019-10-21,111.66,111.79,111.51,111.54,1735300
2019-10-22,111.81,111.85,111.5,111.8,3334400
2019-10-23,112.02,112.07,111.79,111.84,3305600
2019-10-24,111.89,112.07,111.78,111.82,2645400
2019-10-25,111.9,111.92,111.42,111.58,2381000
2019-10-28,111.19,111.22,111.05,111.16,5837600
2019-10-29,111.3,111.35,111.15,111.26,2199500
2019-10-30,111.35,111.81,111.31,111.8,5276700
2019-10-31,112.11,112.58,112.07,112.51,5540700
2019-11-01,112.18,112.42,111.88,112.13,8149400
2019-11-04,111.63,111.69,111.5,111.56,4145200
2019-11-05,111.13,111.17,110.85,110.96,6853500
2019-11-06,111.19,111.39,110.98,111.28,4129800
2019-11-07,110.71,110.71,109.98,110.39,5890100
2019-11-08,110.29,110.64,110.24,110.24,3037300
2019-11-11,110.49,110.52,110.24,110.36,1563000
2019-11-12,110.35,110.5,110.18,110.41,4446200
2019-11-13,110.82,110.86,110.63,110.71,2475200
2019-11-14,111.19,111.4,111.14,111.27,3189600
2019-11-15,111.09,111.29,111.08,111.18,2104500
2019-11-18,111.36,111.49,111.33,111.37,1893600
2019-11-19,111.39,111.62,111.39,111.58,8306500
2019-11-20,111.8,112.02,111.72,111.99,3838000
2019-11-21,111.72,111.83,111.57,111.71,3034700
2019-11-22,111.77,111.81,111.6,111.69,1879700
2019-11-25,111.7,111.78,111.68,111.74,3573100
2019-11-26,111.91,111.99,111.85,111.95,3579300
2019-11-27,111.72,111.77,111.61,111.66,2351800
2019-11-29,111.62,111.63,111.44,111.57,2882300
2019-12-02,110.87,111.12,110.81,111.01,6826400
2019-12-03,111.58,112.17,111.57,112.0,6561900
2019-12-04,111.77,111.86,111.39,111.57,2072200
2019-12-05,111.15,111.42,111.14,111.31,3062000
2019-12-06,110.88,111.19,110.83,110.97,2717400
2019-12-09,111.21,111.22,111.04,111.06,1928500
2019-12-10,111.15,111.19,110.91,110.93,1707000
2019-12-11,111.1,111.47,111.08,111.39,2462600
2019-12-12,111.28,111.3,110.31,110.51,5490400
2019-12-13,110.81,111.23,110.48,111.16,4162000
2019-12-16,110.88,110.88,110.57,110.64,3028500
2019-12-17,110.77,110.82,110.58,110.65,3471400
2019-12-18,110.58,110.61,110.23,110.35,2249500
2019-12-19,110.12,110.42,110.08,110.28,1962500
2019-12-20,110.11,110.3,110.08,110.28,4660500
2019-12-23,110.31,110.38,110.09,110.18,1809400
2019-12-24,110.04,110.41,110.04,110.37,857600
2019-12-26,110.41,110.53,110.27,110.53,1285100
2019-12-27,110.62,110.73,110.62,110.69,1771100
2019-12-30,110.31,110.62,110.24,110.62,2035400
2019-12-31,110.44,110.49,110.21,110.22,2801600
2020-01-02,110.69,110.95,110.63,110.73,4022300
2020-01-03,111.15,111.49,111.04,111.47,3839600
2020-01-06,111.66,111.67,111.26,111.35,2714300
2020-01-07,111.33,111.43,111.19,111.19,2038800
2020-01-08,111.29,111.42,110.79,110.93,5081100
2020-01-09,110.68,111.04,110.63,111.01,3680600
2020-01-10,111.09,111.32,111.09,111.25,2600000
2020-01-13,111.11,111.14,110.98,111.12,2672600
2020-01-14,111.18,111.36,111.16,111.34,2376300
2020-01-15,111.55,111.62,111.43,111.62,2734800
2020-01-16,111.45,111.51,111.3,111.39,2200500
2020-01-17,111.13,111.3,111.09,111.3,2627000
2020-01-21,111.55,111.78,111.54,111.74,2355600
2020-01-22,111.74,111.82,111.68,111.76,1787600
2020-01-23,112.03,112.24,111.99,112.04,1891300
2020-01-24,112.18,112.61,112.16,112.44,7932600
2020-01-27,113.19,113.21,113.03,113.2,3824600
2020-01-28,113.09,113.12,112.78,112.82,1923600
2020-01-29,112.97,113.41,112.97,113.36,2429500
2020-01-30,113.55,113.83,113.4,113.47,4405500
2020-01-31,113.72,114.12,113.69,114.04,9764500
2020-02-03,113.61,113.84,113.32,113.79,5722100
2020-02-04,113.24,113.25,112.96,113.13,2569600
2020-02-05,112.71,112.87,112.62,112.64,9027500
2020-02-06,112.61,112.8,112.56,112.72,1697100
2020-02-07,113.18,113.36,113.09,113.26,6177900
2020-02-10,113.5,113.62,113.37,113.48,1909100
2020-02-11,113.33,113.37,113.14,113.21,1657100
2020-02-12,112.97,112.99,112.83,112.92,1473800
2020-02-13,112.98,113.14,112.94,113.02,1868000
2020-02-14,113.27,113.37,113.21,113.3,2043600
2020-02-18,113.45,113.65,113.35,113.48,8356600
2020-02-19,113.36,113.51,113.3,113.46,1681800
2020-02-20,113.63,113.94,113.62,113.79,3452900
2020-02-21,114.09,114.53,114.08,114.25,5381000
2020-02-24,115.2,115.29,115.02,115.14,6803600
2020-02-25,115.11,115.71,115.08,115.46,10014300
2020-02-26,115.21,115.79,115.09,115.4,19649400
2020-02-27,116.14,116.34,115.58,115.96,8629700
2020-02-28,116.89,117.45,116.76,117.26,13437000
2020-03-02,117.55,117.94,116.97,117.04,19402100
2020-03-03,117.16,119.29,117.03,118.4,11462300
2020-03-04,118.57,118.91,118.05,118.14,7627100
2020-03-05,119.0,119.32,118.92,119.19,5284200
2020-03-06,120.98,121.31,120.09,120.4,11614800
2020-03-09,123.25,123.41,121.45,121.48,24791700
2020-03-10,120.88,121.76,119.25,119.25,15072900
2020-03-11,120.27,120.59,117.6,118.06,13316100
2020-03-12,120.15,120.77,114.4,118.12,10671600
2020-03-13,117.8,118.98,117.01,117.35,8697200
2020-03-16,120.03,120.68,119.0,120.45,6971700
2020-03-17,119.91,120.29,117.42,117.43,5680300
2020-03-18,116.6,117.8,115.34,115.8,13256300
2020-03-19,116.14,117.63,115.92,116.18,6702900
2020-03-20,117.64,119.88,117.41,119.14,9641600
2020-03-23,119.45,121.06,119.45,120.55,12234700
2020-03-24,119.52,119.97,119.26,119.73,5235500
2020-03-25,119.76,120.26,119.4,119.8,5527600
2020-03-26,120.19,120.5,119.91,120.09,3384400
2020-03-27,120.81,121.39,120.68,120.98,5282300
2020-03-30,121.79,122.09,121.18,121.26,4649400
2020-03-31,121.45,121.81,121.31,121.48,6356500
2020-04-01,122.13,122.26,121.73,121.83,9256400
2020-04-02,122.17,122.22,121.67,121.85,4789400
2020-04-03,122.04,122.29,121.82,121.94,3441100
2020-04-06,121.53,121.6,121.28,121.39,4697500
2020-04-07,120.55,120.89,120.27,120.85,9340600
2020-04-08,120.6,120.87,120.46,120.7,3341000
2020-04-09,120.64,121.11,120.53,120.96,4543600
2020-04-13,120.85,121.02,120.67,120.7,2103100
2020-04-14,120.84,121.05,120.8,120.86,2180100
2020-04-15,121.52,122.03,121.48,121.94,3137400
2020-04-16,122.11,122.25,121.99,122.07,1901600
2020-04-17,121.97,122.3,121.64,121.75,2375000
2020-04-20,121.98,122.08,121.79,122.07,4230700
2020-04-21,122.57,122.69,122.3,122.41,3287700
2020-04-22,122.13,122.25,121.81,122.03,3168700
2020-04-23,121.97,122.14,121.87,122.11,2345900
2020-04-24,121.89,122.15,121.88,122.14,2373500
2020-04-27,121.85,121.88,121.46,121.49,2508100
2020-04-28,121.75,122.09,121.74,122.02,2847600
2020-04-29,122.03,122.21,121.71,121.96,2600100
2020-04-30,122.05,122.26,121.67,121.67,5371500
2020-05-01,121.79,121.91,121.57,121.71,8357700
2020-05-04,121.68,121.82,121.55,121.73,3580500
2020-05-05,121.45,121.68,121.37,121.64,3487600
2020-05-06,120.99,121.28,120.85,121.19,3279500
2020-05-07,121.3,121.98,121.26,121.93,3252800
2020-05-08,121.62,121.98,121.44,121.53,3486800
2020-05-11,121.51,121.58,121.09,121.19,4569400
2020-05-12,121.13,121.63,121.11,121.59,4267700
2020-05-13,121.74,121.99,121.65,121.84,2615800
2020-05-14,122.05,122.21,121.98,122.03,2257600
2020-05-15,122.2,122.23,121.86,121.95,1828900
2020-05-18,121.66,121.67,121.06,121.2,3091200
2020-05-19,121.17,121.56,121.17,121.54,1941700
2020-05-20,121.37,121.71,121.28,121.57,2366700
2020-05-21,121.69,121.85,121.6,121.65,2063800
2020-05-22,121.71,121.88,121.69,121.88,1352400
2020-05-26,121.5,121.63,121.39,121.56,3484800
2020-05-27,121.49,121.84,121.48,121.66,2542900
2020-05-28,121.44,121.61,121.37,121.55,3873900
2020-05-29,121.75,121.99,121.63,121.94,2993800
2020-06-01,121.62,121.77,121.49,121.77,8531700
2020-06-02,121.63,121.74,121.49,121.57,4711800
2020-06-03,121.17,121.19,120.75,120.85,4226600
2020-06-04,120.66,120.67,120.31,120.37,4744100
2020-06-05,119.6,119.81,119.35,119.77,10611700
2020-06-08,119.67,120.01,119.66,119.9,3314700
2020-06-09,120.37,120.53,120.25,120.33,3238600
2020-06-10,120.61,121.23,120.55,121.23,4944600
2020-06-11,121.68,121.85,121.59,121.66,6365800
2020-06-12,121.44,121.66,121.33,121.39,3051000
2020-06-15,121.66,121.74,121.29,121.29,2658000
2020-06-16,120.84,121.27,120.73,121.04,5252000
2020-06-17,121.16,121.27,120.97,121.23,2308300
2020-06-18,121.51,121.56,121.42,121.5,1694600
2020-06-19,121.23,121.61,121.23,121.54,2033200
2020-06-22,121.66,121.71,121.37,121.43,2284900
2020-06-23,121.31,121.43,121.24,121.39,2010600
2020-06-24,121.29,121.66,121.29,121.62,2310700
2020-06-25,121.8,121.83,121.61,121.64,1650900
2020-06-26,121.8,122.07,121.78,121.97,3413900
2020-06-29,121.93,122.14,121.92,122.09,28632400
2020-06-30,122.15,122.19,121.79,121.87,4126700
2020-07-01,121.53,121.66,121.35,121.57,8416500
2020-07-02,121.44,121.74,121.35,121.72,3054100
2020-07-06,121.41,121.56,121.29,121.54,2821900
2020-07-07,121.63,121.94,121.57,121.93,2920400
2020-07-08,121.72,121.87,121.61,121.74,2096700
2020-07-09,121.77,122.24,121.76,122.13,2769400
2020-07-10,122.25,122.29,121.85,121.89,1939000
2020-07-13,121.71,122.04,121.68,122.02,2051100
2020-07-14,122.18,122.23,121.99,122.01,1721500
2020-07-15,121.83,122.09,121.82,121.97,2085400
2020-07-16,122.16,122.25,122.06,122.06,1907100
2020-07-17,122.12,122.15,121.97,122.03,2405200
2020-07-20,122.2,122.22,122.02,122.11,2695900
2020-07-21,122.16,122.28,122.12,122.24,3228400
2020-07-22,122.39,122.39,122.24,122.28,2431500
2020-07-23,122.43,122.45,122.29,122.4,2006500
2020-07-24,122.3,122.43,122.27,122.34,3395600
2020-07-27,122.44,122.46,122.12,122.15,1976500
2020-07-28,122.3,122.47,122.26,122.44,1870300
2020-07-29,122.45,122.6,122.31,122.6,1874200
2020-07-30,122.75,122.78,122.67,122.77,28331800
2020-07-31,122.64,122.89,122.59,122.8,4039200
2020-08-03,122.52,122.65,122.46,122.64,6595900
2020-08-04,122.83,123.09,122.79,123.06,3842000
2020-08-05,122.75,122.78,122.61,122.65,2423700
2020-08-06,122.89,123.06,122.73,122.79,2286500
2020-08-07,122.83,122.9,122.49,122.53,2363400
2020-08-10,122.7,122.72,122.4,122.4,1994900
2020-08-11,121.96,122.04,121.69,121.98,7166500
2020-08-12,121.65,121.76,121.47,121.62,5538100
2020-08-13,121.6,121.71,121.25,121.37,5748400
2020-08-14,121.48,121.59,121.42,121.43,2722800
2020-08-17,121.69,121.83,121.6,121.63,3357700
2020-08-18,121.76,121.92,121.69,121.84,1853600
2020-08-19,121.9,121.97,121.65,121.68,4493800
2020-08-20,122.05,122.08,121.95,122.03,2880300
2020-08-21,122.11,122.15,121.92,122.12,2103700
2020-08-24,122.09,122.21,121.93,121.95,1974900
2020-08-25,121.56,121.72,121.39,121.66,3562800
2020-08-26,121.54,121.67,121.38,121.61,3337400
2020-08-27,121.87,121.87,121.18,121.18,4672900
2020-08-28,121.41,121.53,121.26,121.38,2277200
2020-08-31,121.4,121.71,121.38,121.51,3273300
2020-09-01,121.4,121.82,121.3,121.82,4622900
2020-09-02,121.72,122.04,121.7,121.99,3013400
2020-09-03,122.08,122.39,122.02,122.15,5750500
2020-09-04,121.83,121.92,121.38,121.47,7512800
2020-09-08,121.74,121.92,121.7,121.73,3442700
2020-09-09,121.76,121.83,121.54,121.67,3964300
2020-09-10,121.51,121.84,121.44,121.82,3164200
2020-09-11,121.88,122.01,121.84,122.01,4905000
2020-09-14,122.02,122.1,121.83,121.9,1797100
2020-09-15,121.83,121.9,121.76,121.84,2897600
2020-09-16,122.0,122.0,121.66,121.77,4015700
2020-09-17,122.05,122.05,121.77,121.81,3426800
2020-09-18,121.85,121.88,121.7,121.7,5606900
2020-09-21,122.01,122.15,121.9,121.92,5838100
2020-09-22,121.92,122.03,121.88,121.92,3387900
2020-09-23,121.92,121.96,121.76,121.92,3172000
2020-09-24,121.97,122.02,121.91,121.98,2866900
2020-09-25,122.06,122.12,122.0,122.08,2187400
2020-09-28,122.04,122.08,122.0,122.06,4167200
2020-09-29,122.13,122.22,122.09,122.15,2577100
2020-09-30,122.03,122.03,121.66,121.82,4276400
2020-10-01,121.53,121.9,121.43,121.81,8733800
2020-10-02,121.91,121.93,121.6,121.69,7509700
2020-10-05,121.35,121.36,120.92,120.92,6132200
2020-10-06,120.95,121.4,120.87,121.2,8516400
2020-10-07,120.97,121.1,120.78,120.85,7116700
2020-10-08,120.99,121.09,120.94,121.07,3499000
2020-10-09,120.97,121.13,120.78,121.01,4358500
2020-10-12,121.06,121.14,120.99,121.14,3287900
2020-10-13,121.27,121.43,121.27,121.41,6583300
2020-10-14,121.48,121.55,121.4,121.45,5200600
2020-10-15,121.58,121.6,121.29,121.32,3839200
2020-10-16,121.32,121.46,121.21,121.25,2726200
2020-10-19,121.02,121.13,120.9,121.05,3635800
2020-10-20,120.9,120.98,120.75,120.79,6129700
2020-10-21,120.64,120.76,120.56,120.63,6425300
2020-10-22,120.53,120.57,120.2,120.21,6749000
2020-10-23,120.19,120.49,120.18,120.38,5049900
2020-10-26,120.64,120.83,120.59,120.7,4817800
2020-10-27,120.87,121.01,120.82,120.97,3620100
2020-10-28,121.15,121.18,120.88,120.96,5586600
2020-10-29,120.92,120.94,120.37,120.45,7504800
2020-10-30,120.4,120.45,120.06,120.06,7246800
2020-11-02,120.34,120.42,120.13,120.19,7674300
2020-11-03,120.01,120.03,119.83,119.92,9203500
2020-11-04,120.93,121.06,120.78,120.93,14922300
2020-11-05,120.98,121.02,120.77,120.91,6250700
2020-11-06,120.53,120.59,120.36,120.5,10402200
2020-11-09,119.59,119.63,119.19,119.61,11195800
2020-11-10,119.22,119.5,119.21,119.27,4810500
2020-11-11,119.28,119.51,119.26,119.46,1699900
2020-11-12,119.82,120.15,119.78,120.14,6324000
2020-11-13,120.09,120.13,119.96,119.98,6766000
2020-11-16,119.9,120.0,119.88,119.89,3911400
2020-11-17,120.12,120.25,120.09,120.2,4707900
2020-11-18,120.28,120.28,119.99,120.16,7931200
2020-11-19,120.29,120.41,120.25,120.29,9323000
2020-11-20,120.35,120.52,120.33,120.5,16772200
2020-11-23,120.34,120.36,120.2,120.26,2511900
2020-11-24,120.17,120.19,120.01,120.07,4349300
2020-11-25,120.16,120.33,120.1,120.11,2125500
2020-11-27,120.31,120.47,120.3,120.47,2988100
2020-11-30,120.42,120.51,120.35,120.39,2390900
2020-12-01,119.97,120.01,119.53,119.67,13902200
2020-12-02,119.56,119.58,119.3,119.47,5578500
2020-12-03,119.65,119.9,119.6,119.79,4484900
2020-12-04,119.41,119.44,119.2,119.32,4709100
2020-12-07,119.61,119.76,119.59,119.69,4441600
2020-12-08,119.91,120.04,119.8,119.81,4735700
2020-12-09,119.59,119.77,119.47,119.64,3444100
2020-12-10,119.74,119.95,119.64,119.91,3557600
2020-12-11,120.08,120.27,120.05,120.15,4336600
2020-12-14,119.84,120.16,119.78,120.08,2870600
2020-12-15,119.93,120.03,119.84,119.96,2889200
2020-12-16,119.69,120.0,119.64,119.86,5058400
2020-12-17,119.99,120.07,119.62,119.7,3233200
2020-12-18,119.79,119.85,119.58,119.6,3189500
2020-12-21,119.79,119.83,119.58,119.68,2850500
2020-12-22,119.83,119.9,119.71,119.88,3688500
2020-12-23,119.65,119.66,119.42,119.63,3047100
2020-12-24,119.74,119.8,119.71,119.8,1529300
2020-12-28,119.61,119.81,119.54,119.81,3677500
2020-12-29,119.64,119.83,119.64,119.79,2157300
2020-12-30,119.74,119.87,119.73,119.87,2549100
2020-12-31,119.85,120.0,119.85,119.95,2626200
2021-01-04,119.68,120.06,119.65,119.98,5499000
2021-01-05,119.87,119.89,119.58,119.7,5004400
2021-01-06,119.12,119.12,118.77,119.0,10039300
2021-01-07,118.58,118.66,118.48,118.58,7751700
2021-01-08,118.35,118.43,118.13,118.24,8378700
2021-01-11,118.15,118.16,117.99,118.01,6061000
2021-01-12,117.77,118.04,117.57,117.99,6516600
2021-01-13,118.17,118.55,118.14,118.4,7562900
2021-01-14,118.39,118.47,118.03,118.13,8113000
2021-01-15,118.38,118.53,118.21,118.45,5978400
2021-01-19,118.28,118.52,118.23,118.52,4035700
2021-01-20,118.39,118.57,118.36,118.57,4277700
2021-01-21,118.37,118.48,118.3,118.4,4254500
2021-01-22,118.5,118.6,118.44,118.58,4706200
2021-01-25,118.75,119.06,118.71,119.06,5689200
2021-01-26,118.94,119.06,118.92,119.02,4257100
2021-01-27,119.22,119.34,119.12,119.16,5764700
2021-01-28,119.0,119.01,118.72,118.85,5394200
2021-01-29,118.51,118.79,118.47,118.64,7952100
2021-02-01,118.57,118.77,118.53,118.71,3640700
2021-02-02,118.34,118.46,118.3,118.41,3609800
2021-02-03,118.25,118.31,118.1,118.12,3844200
2021-02-04,117.98,118.13,117.89,118.08,2146000
2021-02-05,118.05,118.18,117.83,117.83,5498000
2021-02-08,117.81,118.04,117.74,117.88,2861300
2021-02-09,118.01,118.13,117.92,117.97,4458500
2021-02-10,118.1,118.27,118.09,118.27,6726800
2021-02-11,118.27,118.31,118.13,118.18,5949900
2021-02-12,117.89,118.02,117.75,117.79,8802400
2021-02-16,117.27,117.38,116.86,116.94,8909000
2021-02-17,117.02,117.17,116.88,117.02,4789700
2021-02-18,116.83,117.1,116.74,117.01,4469900
2021-02-19,116.66,116.77,116.37,116.54,5851800
2021-02-22,116.45,116.67,116.26,116.35,3828000
2021-02-23,116.27,116.58,116.17,116.44,7344900
2021-02-24,115.86,116.34,115.79,116.28,7133700
2021-02-25,115.61,115.72,114.1,114.73,35760600
2021-02-26,115.14,115.81,114.71,115.76,28188400
2021-03-01,115.47,115.69,115.25,115.56,9616500
2021-03-02,115.46,115.78,115.41,115.77,6271000
2021-03-03,115.22,115.24,114.93,115.15,8377300
2021-03-04,115.14,115.27,114.41,114.58,12327900
2021-03-05,114.12,114.57,114.02,114.42,8634600
2021-03-08,114.15,114.18,113.93,113.97,7416400
2021-03-09,114.47,114.61,114.29,114.51,7035000
2021-03-10,114.51,114.86,114.45,114.75,5683100
2021-03-11,114.74,114.87,114.54,114.71,7576500
2021-03-12,113.98,113.99,113.76,113.88,7332600
2021-03-15,113.95,114.13,113.92,114.02,4465500
2021-03-16,114.15,114.24,113.87,114.0,5479400
2021-03-17,113.57,114.05,113.36,113.81,8975900
2021-03-18,112.9,113.23,112.79,113.1,8281400
2021-03-19,112.86,113.2,112.83,113.03,8748100
2021-03-22,113.32,113.46,113.23,113.4,4679800
2021-03-23,113.65,113.98,113.57,113.96,7544000
2021-03-24,113.73,114.13,113.7,114.11,14634800
2021-03-25,114.17,114.24,113.79,113.96,10573800
2021-03-26,113.65,113.89,113.57,113.58,6409700
2021-03-29,113.68,113.69,113.09,113.19,6298000
2021-03-30,112.88,113.16,112.78,113.09,5784900
2021-03-31,113.06,113.19,112.79,112.93,8620000
2021-04-01,113.21,113.42,113.13,113.36,8535300
2021-04-05,112.97,113.13,112.8,113.04,9944500
2021-04-06,113.28,113.61,113.24,113.59,8765200
2021-04-07,113.57,113.8,113.48,113.52,6316800
2021-04-08,113.72,113.92,113.7,113.91,6334700
2021-04-09,113.54,113.82,113.44,113.61,5887400
2021-04-12,113.52,113.57,113.42,113.54,5466000
2021-04-13,113.57,114.01,113.54,114.01,7663800
2021-04-14,113.82,113.91,113.72,113.87,4876900
2021-04-15,114.23,114.77,114.23,114.6,9958500
2021-04-16,114.26,114.47,114.23,114.29,7334900
2021-04-19,114.1,114.36,114.04,114.17,5738600
2021-04-20,114.14,114.59,114.14,114.51,6468300
2021-04-21,114.5,114.63,114.34,114.57,7976500
2021-04-22,114.56,114.69,114.29,114.66,7681300
2021-04-23,114.64,114.65,114.33,114.51,5509900
2021-04-26,114.46,114.55,114.39,114.39,7145300
2021-04-27,114.23,114.33,113.94,113.94,7720500
2021-04-28,113.95,114.11,113.66,114.09,8692900
2021-04-29,113.55,113.9,113.44,113.89,5547800
2021-04-30,113.94,114.03,113.77,113.99,5160000
2021-05-03,113.96,114.35,113.92,114.11,8593300
2021-05-04,114.34,114.56,114.2,114.26,11171000
2021-05-05,114.14,114.43,114.14,114.4,6810000
2021-05-06,114.32,114.58,114.3,114.45,6546200
2021-05-07,114.72,114.95,114.39,114.49,10657600
2021-05-10,114.54,114.63,114.21,114.26,5906800
2021-05-11,114.09,114.17,114.02,114.07,6591300
2021-05-12,113.65,113.73,113.47,113.52,14509800
2021-05-13,113.66,113.94,113.59,113.9,8242700
2021-05-14,114.07,114.19,113.95,114.15,7943100
2021-05-17,114.07,114.12,113.99,114.04,6711100
2021-05-18,114.03,114.09,113.92,114.04,4319600
2021-05-19,114.02,114.25,113.6,113.7,13156500
2021-05-20,113.9,114.18,113.87,114.17,8412700
2021-05-21,114.28,114.31,114.08,114.21,6648700
2021-05-24,114.27,114.43,114.22,114.32,4826000
2021-05-25,114.44,114.76,114.44,114.74,5748200
2021-05-26,114.66,114.81,114.56,114.61,4501600
2021-05-27,114.36,114.41,114.2,114.41,5998100
2021-05-28,114.36,114.64,114.36,114.4,5575700
2021-06-01,114.19,114.32,114.05,114.3,9498100
2021-06-02,114.42,114.51,114.37,114.43,4269900
2021-06-03,114.33,114.33,114.09,114.14,3591200
2021-06-04,114.43,114.78,114.41,114.77,6326000
2021-06-07,114.63,114.72,114.6,114.68,3068500
2021-06-08,115.04,115.07,114.96,115.01,4760500
2021-06-09,115.42,115.55,115.22,115.37,5679300
2021-06-10,115.12,115.79,115.07,115.78,6494800
2021-06-11,115.7,115.72,115.51,115.61,3914200
2021-06-14,115.49,115.5,115.2,115.25,3730900
2021-06-15,115.19,115.29,115.13,115.27,4212700
2021-06-16,115.32,115.38,114.31,114.48,13529000
2021-06-17,114.66,115.26,114.58,114.89,8838100
2021-06-18,115.04,115.58,114.81,115.54,13435000
2021-06-21,115.26,115.35,115.08,115.17,6460000
2021-06-22,115.04,115.41,115.01,115.38,5459700
2021-06-23,115.25,115.37,115.1,115.15,5429800
2021-06-24,115.15,115.28,115.08,115.13,3631700
2021-06-25,115.21,115.25,114.69,114.89,6716800
2021-06-28,115.11,115.36,115.1,115.25,4968900
2021-06-29,115.1,115.32,115.09,115.31,3373200
2021-06-30,115.48,115.66,115.46,115.49,6572800
2021-07-01,115.38,115.45,115.17,115.33,11966200
2021-07-02,115.47,115.75,115.44,115.75,5071900
2021-07-06,115.89,116.44,115.89,116.36,9095300
2021-07-07,116.58,116.91,116.47,116.7,7456400
2021-07-08,116.92,117.19,116.82,117.0,7368000
2021-07-09,116.52,116.54,116.4,116.41,5531200
2021-07-12,116.51,116.56,116.26,116.35,3867700
2021-07-13,116.41,116.53,115.89,115.99,6926500
2021-07-14,116.31,116.52,116.21,116.49,6029200
2021-07-15,116.79,117.04,116.53,116.98,5704500
2021-07-16,116.67,116.98,116.66,116.96,3577900
2021-07-19,117.74,118.11,117.68,117.96,20557500
2021-07-20,118.47,118.52,117.71,117.81,8729000
2021-07-21,117.33,117.41,117.02,117.13,7438300
2021-07-22,117.13,117.64,117.12,117.4,6363500
2021-07-23,116.98,117.25,116.97,117.22,6804600
2021-07-26,117.4,117.42,117.12,117.14,6179600
2021-07-27,117.62,117.71,117.51,117.64,8621200
2021-07-28,117.42,117.75,117.26,117.74,11533500
2021-07-29,117.31,117.53,117.28,117.38,6203800
2021-07-30,117.58,117.78,117.57,117.71,5656400
2021-08-02,117.82,118.38,117.71,118.15,19495800
2021-08-03,118.18,118.37,118.12,118.18,6627300
2021-08-04,118.53,118.63,117.78,118.15,7545000
2021-08-05,117.9,117.96,117.64,117.72,5164600
2021-08-06,117.14,117.25,117.0,117.03,7807600
2021-08-09,117.2,117.31,116.78,116.78,10842500
2021-08-10,116.87,116.88,116.55,116.56,7192400
2021-08-11,116.64,116.99,116.44,116.69,7254300
2021-08-12,116.57,116.7,116.43,116.57,6932200
2021-08-13,116.75,117.24,116.73,117.24,6896500
2021-08-16,117.55,117.82,117.5,117.5,6928100
2021-08-17,117.48,117.7,117.42,117.44,7785500
2021-08-18,117.39,117.49,117.13,117.38,7025800
2021-08-19,117.63,117.72,117.53,117.64,6242600
2021-08-20,117.64,117.71,117.41,117.53,6510200
2021-08-23,117.5,117.58,117.4,117.56,3958500
2021-08-24,117.41,117.51,117.21,117.24,3649700
2021-08-25,117.2,117.24,116.72,116.78,5874700
2021-08-26,116.72,116.83,116.59,116.78,6850600
2021-08-27,116.78,117.16,116.63,117.16,6360700
2021-08-30,117.14,117.4,117.1,117.39,6546200
2021-08-31,117.33,117.49,117.12,117.17,7418400
2021-09-01,117.25,117.29,117.04,117.14,11908600
2021-09-02,117.27,117.28,117.14,117.28,2976200
2021-09-03,117.01,117.05,116.88,117.0,4988900
2021-09-07,116.59,116.68,116.44,116.54,7098600
2021-09-08,116.7,116.94,116.63,116.86,6046200
2021-09-09,116.91,117.32,116.81,117.19,7009500
2021-09-10,116.93,117.03,116.71,116.82,8147100
2021-09-13,116.93,117.06,116.91,116.96,4269300
2021-09-14,117.16,117.52,117.1,117.4,6991000
2021-09-15,117.33,117.35,117.0,117.2,5108900
2021-09-16,116.79,117.01,116.68,116.83,5682700
2021-09-17,116.54,116.57,116.38,116.49,7611700
2021-09-20,116.91,117.21,116.82,117.08,8781600
2021-09-21,117.12,117.15,116.94,117.01,4867900
2021-09-22,117.01,117.22,116.79,117.12,10966400
2021-09-23,116.58,116.61,116.06,116.06,10650100
2021-09-24,115.9,115.91,115.64,115.71,10528000
2021-09-27,115.4,115.6,115.37,115.4,6742100
2021-09-28,114.98,115.22,114.73,114.96,10295500
2021-09-29,115.2,115.36,114.87,115.08,8364000
2021-09-30,114.97,115.26,114.92,115.22,7307900
2021-10-01,115.36,115.66,115.26,115.61,19830100
2021-10-04,115.41,115.67,115.26,115.47,7691800
2021-10-05,115.29,115.32,114.99,115.11,6861900
2021-10-06,115.15,115.26,115.05,115.14,7473500
2021-10-07,114.88,114.91,114.67,114.68,8160200
2021-10-08,114.62,114.62,114.3,114.43,9455100
2021-10-11,114.23,114.32,114.13,114.15,2261300
2021-10-12,114.35,114.71,114.28,114.67,7938400
2021-10-13,114.74,115.05,114.68,114.89,11662400
2021-10-14,115.02,115.21,114.9,115.16,9518200
2021-10-15,114.74,114.77,114.53,114.59,8689700
2021-10-18,114.25,114.52,114.07,114.43,8703300
2021-10-19,114.27,114.32,114.0,114.02,7445200
2021-10-20,114.02,114.21,113.94,113.97,6230000
2021-10-21,113.9,113.95,113.63,113.67,7103900
2021-10-22,113.78,114.05,113.67,113.96,10204600
2021-10-25,113.98,114.22,113.98,114.1,4835000
2021-10-26,114.12,114.24,113.9,114.24,5603100
2021-10-27,114.64,115.06,114.32,114.88,16140300
2021-10-28,114.76,114.91,114.46,114.58,9940400
2021-10-29,114.27,114.86,114.19,114.63,11254300
2021-11-01,114.22,114.63,114.19,114.54,14479000
2021-11-02,114.67,114.96,114.66,114.82,12191100
2021-11-03,114.84,114.88,114.27,114.46,17031100
2021-11-04,114.66,115.17,114.66,115.08,12665400
2021-11-05,115.34,115.81,115.22,115.71,12955100
2021-11-08,115.52,115.52,115.16,115.21,7404300
2021-11-09,115.7,115.98,115.65,115.74,12345400
2021-11-10,115.54,115.57,114.54,114.75,19425100
2021-11-11,114.75,114.8,114.38,114.38,3746100
2021-11-12,114.8,114.94,114.52,114.62,10613400
2021-11-15,114.55,114.58,114.13,114.17,8021400
2021-11-16,114.18,114.4,114.05,114.07,6573700
2021-11-17,114.07,114.49,114.05,114.48,10006200
2021-11-18,114.31,114.58,114.29,114.55,10183400
2021-11-19,114.92,115.11,114.79,114.86,10731600
2021-11-22,114.33,114.44,113.95,114.02,10876200
2021-11-23,113.82,113.88,113.55,113.55,11543700
2021-11-24,113.57,113.92,113.5,113.9,8322900
2021-11-26,114.98,115.39,114.92,115.37,13878500
2021-11-29,114.69,115.2,114.66,115.11,13908200
2021-11-30,115.82,116.15,115.22,115.8,19416800
2021-12-01,115.3,115.93,115.16,115.93,24991000
2021-12-02,115.9,115.95,115.41,115.68,11448900
2021-12-03,115.49,116.64,115.39,116.36,19790900
2021-12-06,116.19,116.28,115.65,115.78,9863200
2021-12-07,115.46,115.7,115.26,115.34,7678400
2021-12-08,115.17,115.2,114.82,114.97,11126500
2021-12-09,115.25,115.44,115.1,115.26,9198400
2021-12-10,115.44,115.66,115.28,115.34,5051500
2021-12-13,115.63,115.99,115.61,115.89,5706900
2021-12-14,115.65,115.81,115.43,115.69,4749500
2021-12-15,115.41,115.73,115.28,115.52,8428000
2021-12-16,115.58,115.91,115.56,115.75,9085400
2021-12-17,116.12,116.34,115.94,116.01,7933100
2021-12-20,116.2,116.35,115.88,115.91,13772100
2021-12-21,115.49,115.54,115.23,115.45,7672800
2021-12-22,115.63,115.64,115.34,115.56,5538200
2021-12-23,115.48,115.49,115.18,115.32,7209700
2021-12-27,115.28,115.42,115.25,115.36,3471800
2021-12-28,115.55,115.58,115.28,115.34,8314500
2021-12-29,114.97,115.07,114.67,114.75,11879900
2021-12-30,114.98,115.14,114.79,115.13,10296000
2021-12-31,115.16,115.31,115.0,115.0,7584500
2022-01-03,114.37,114.41,113.93,113.93,27744600
2022-01-04,113.67,113.89,113.58,113.87,15911800
2022-01-05,113.89,113.9,113.31,113.39,13715700
2022-01-06,113.13,113.21,112.98,113.11,10957400
2022-01-07,112.96,113.0,112.47,112.74,13318200
2022-01-10,112.45,112.75,112.38,112.71,8430700
2022-01-11,112.66,112.99,112.56,112.98,8086500
2022-01-12,113.17,113.43,112.98,113.0,7996500
2022-01-13,113.07,113.4,112.98,113.36,8431100
2022-01-14,113.07,113.09,112.55,112.58,10595700
2022-01-18,112.1,112.2,111.69,111.73,11594100
2022-01-19,111.91,112.22,111.84,112.0,10349700
2022-01-20,112.18,112.24,112.03,112.24,8297300
2022-01-21,112.87,113.05,112.65,112.89,13250000
2022-01-24,113.24,113.29,112.77,112.79,22377400
2022-01-25,112.89,113.09,112.57,112.64,13534000
2022-01-26,112.66,112.76,111.84,111.84,12694700
2022-01-27,112.11,112.52,112.09,112.31,11609400
2022-01-28,112.15,112.66,112.12,112.57,6713500
2022-01-31,112.36,112.65,112.29,112.57,8258600
2022-02-01,112.5,112.54,112.13,112.31,16338700
2022-02-02,112.4,112.81,112.4,112.54,5997100
2022-02-03,112.04,112.16,111.92,112.06,8032600
2022-02-04,111.42,111.45,111.09,111.2,8616400
2022-02-07,111.23,111.35,111.09,111.23,10294700
2022-02-08,110.93,110.99,110.81,110.87,8111500
2022-02-09,111.13,111.37,110.98,111.02,10113400
2022-02-10,110.61,110.68,109.96,110.0,16633900
2022-02-11,110.47,111.23,109.92,111.14,18315600
2022-02-14,110.54,110.83,110.21,110.37,11090000
2022-02-15,110.05,110.24,109.96,110.04,8490500
2022-02-16,110.32,110.34,109.94,110.27,9007700
2022-02-17,110.53,110.9,110.52,110.86,8749500
2022-02-18,111.04,111.23,110.97,111.22,8486800
2022-02-22,110.97,111.22,110.84,111.21,8392500
2022-02-23,110.8,110.9,110.51,110.63,7941800
2022-02-24,111.52,111.55,110.73,110.89,19162100
2022-02-25,110.72,110.88,110.48,110.86,8101900
2022-02-28,111.62,112.14,111.58,112.12,12291800
2022-03-01,112.6,113.49,112.55,113.11,28285600
2022-03-02,112.46,112.56,111.39,111.41,12303800
2022-03-03,111.69,112.1,111.49,111.89,12247400
2022-03-04,112.88,113.3,112.77,113.0,20102300
2022-03-07,112.47,113.08,112.44,112.52,13633200
2022-03-08,111.87,112.07,111.65,111.79,10819400
2022-03-09,111.33,111.43,110.98,111.1,7932300
2022-03-10,110.72,110.83,110.36,110.59,11100100
2022-03-11,110.47,110.7,110.35,110.56,5567600
2022-03-14,109.67,109.74,109.16,109.16,8622500
2022-03-15,109.74,109.8,109.03,109.11,9294400
2022-03-16,109.0,109.12,108.25,108.96,12847300
2022-03-17,109.03,109.24,108.55,108.75,7215900
2022-03-18,108.93,109.22,108.93,109.07,7509200
2022-03-21,108.28,108.45,107.57,107.65,11003600
2022-03-22,107.2,107.24,106.97,107.06,7710300
2022-03-23,107.32,107.78,107.09,107.78,11222700
2022-03-24,107.15,107.5,107.11,107.18,11112300
2022-03-25,106.69,106.7,105.97,106.08,9055600
2022-03-28,106.25,106.7,106.12,106.32,12858500
2022-03-29,106.58,106.98,106.35,106.85,7539900
2022-03-30,106.63,107.3,106.56,107.27,6430100
2022-03-31,107.43,107.62,107.27,107.47,9147200
2022-04-01,106.31,107.01,106.2,106.65,10237000
2022-04-04,106.76,106.78,106.38,106.58,7372100
2022-04-05,106.27,106.29,105.2,105.31,9675600
2022-04-06,104.65,105.32,104.65,104.94,9054400
2022-04-07,104.68,104.97,104.46,104.68,5518900
2022-04-08,104.08,104.42,104.0,104.15,8091800
2022-04-11,103.78,103.9,103.52,103.65,7356400
2022-04-12,104.19,104.59,104.03,104.15,12211000
2022-04-13,104.44,104.91,104.31,104.38,6346100
2022-04-14,104.23,104.27,103.32,103.44,6158700
2022-04-18,103.53,103.55,103.11,103.14,4591500
2022-04-19,102.74,102.93,102.39,102.46,7004900
2022-04-20,102.88,103.42,102.76,103.26,7479300
2022-04-21,102.97,102.98,102.27,102.69,9137500
2022-04-22,102.43,103.02,102.38,102.74,5451600
2022-04-25,103.55,103.98,103.34,103.4,8617400
2022-04-26,104.1,104.27,103.76,104.09,9575400
2022-04-27,104.03,104.13,103.46,103.51,7908900
2022-04-28,103.16,103.39,102.96,103.36,6943500
2022-04-29,102.6,103.21,102.55,102.81,10012500
2022-05-02,102.15,102.22,101.82,101.92,11327000
2022-05-03,102.52,102.6,102.02,102.04,8129100
2022-05-04,102.0,102.78,101.81,102.7,11934700
2022-05-05,101.89,102.03,101.15,101.67,11675700
2022-05-06,101.15,101.61,100.99,101.09,12538400
2022-05-09,101.14,101.89,101.09,101.84,7301200
2022-05-10,102.31,102.58,102.12,102.18,8054600
2022-05-11,101.93,102.85,101.79,102.81,7167900
2022-05-12,103.12,103.57,103.01,103.15,8132400
2022-05-13,102.87,102.94,102.55,102.61,6016900
2022-05-16,102.98,103.33,102.87,103.04,3315600
2022-05-17,102.35,102.65,102.23,102.26,4286800
2022-05-18,102.26,103.1,102.19,102.99,4465500
2022-05-19,103.9,103.93,103.28,103.36,5137600
2022-05-20,103.3,103.99,103.27,103.84,5908800
2022-05-23,103.57,103.77,103.2,103.21,5720600
2022-05-24,103.74,104.47,103.71,104.1,6786600
2022-05-25,104.47,104.47,104.07,104.31,4274500
2022-05-26,104.37,104.41,103.88,104.26,3478900
2022-05-27,104.45,104.59,104.22,104.41,2508200
2022-05-31,103.62,103.63,103.15,103.32,6773200
2022-06-01,103.27,103.37,102.42,102.61,5555900
2022-06-02,102.91,102.92,102.52,102.76,3014300
2022-06-03,102.36,102.65,102.33,102.56,2687800
2022-06-06,102.31,102.41,101.73,101.79,4800600
2022-06-07,102.06,102.43,102.04,102.2,3230000
2022-06-08,102.01,102.17,101.81,101.82,2917900
2022-06-09,101.69,101.94,101.51,101.73,4178600
2022-06-10,101.21,101.31,100.6,100.73,4443400
2022-06-13,99.66,99.8,98.42,98.94,9200800
2022-06-14,99.16,99.3,97.99,98.15,7829800
2022-06-15,98.95,99.56,98.4,99.52,10256200
2022-06-16,98.55,100.22,98.43,100.17,9168800
2022-06-17,100.26,100.46,99.55,100.2,7029700
2022-06-21,99.66,99.95,99.55,99.68,10342000
2022-06-22,100.84,101.12,100.71,100.94,9501900
2022-06-23,101.56,102.17,101.4,101.51,9247200
2022-06-24,101.38,101.76,101.07,101.15,5127000
2022-06-27,100.57,101.02,100.45,100.58,5439400
2022-06-28,100.47,100.74,100.33,100.71,3763300
2022-06-29,100.88,101.52,100.79,101.52,3559600
2022-06-30,102.1,102.54,102.01,102.3,5409500
2022-07-01,103.12,103.97,102.98,103.24,63222900
2022-07-05,103.75,104.02,103.44,103.62,6651400
2022-07-06,104.0,104.01,102.72,102.74,4754700
2022-07-07,102.77,102.77,102.03,102.11,4058100
2022-07-08,101.83,101.84,101.37,101.49,3664900
2022-07-11,102.03,102.46,101.98,102.29,2765700
2022-07-12,102.83,103.03,102.45,102.53,3669200
2022-07-13,101.91,103.05,101.78,102.97,6809400
2022-07-14,102.2,102.64,101.93,102.4,5370400
2022-07-15,102.47,102.99,102.44,102.75,3834000
2022-07-18,102.42,102.6,102.03,102.45,3150700
2022-07-19,102.32,102.41,101.88,101.98,2996100
2022-07-20,102.48,102.49,101.8,101.88,53057500
2022-07-21,102.29,103.04,102.19,103.04,5344300
2022-07-22,104.0,104.46,103.82,104.22,7747100
2022-07-25,103.58,103.9,103.55,103.85,2994500
2022-07-26,104.55,104.7,103.85,103.89,4736300
2022-07-27,104.14,104.61,104.02,104.1,7475300
2022-07-28,105.1,105.32,104.75,105.13,5768100
2022-07-29,104.92,105.58,104.81,105.17,5961100
2022-08-01,105.29,105.67,105.13,105.6,9672400
2022-08-02,105.56,105.75,104.07,104.14,9269700
2022-08-03,103.98,104.58,103.43,104.57,7829500
2022-08-04,104.68,105.13,104.53,105.1,9873200
2022-08-05,103.73,103.77,103.35,103.58,10047200
2022-08-08,104.0,104.24,103.91,104.19,6681300
2022-08-09,103.9,104.08,103.78,103.88,3814700
2022-08-10,104.35,104.71,103.93,103.94,7260300
2022-08-11,104.18,104.29,103.14,103.25,8309300
2022-08-12,103.65,103.7,103.32,103.66,4128600
2022-08-15,104.17,104.33,103.95,103.99,3441100
2022-08-16,103.79,103.91,103.39,103.87,3241800
2022-08-17,103.31,103.36,102.96,103.17,6366700
2022-08-18,103.45,103.73,103.28,103.37,3709200
2022-08-19,102.62,102.69,102.36,102.48,6678000
2022-08-22,102.4,102.45,101.98,102.03,4125800
2022-08-23,101.86,102.49,101.71,101.78,7755000
2022-08-24,101.54,101.64,101.29,101.44,3504600
2022-08-25,101.52,102.13,101.39,102.09,6645300
2022-08-26,101.86,102.23,101.62,101.97,5535900
2022-08-29,101.58,101.58,101.25,101.39,4416900
2022-08-30,101.39,101.72,101.02,101.36,4474200
2022-08-31,101.21,101.44,100.77,100.94,5797600
2022-09-01,100.09,100.31,99.73,99.96,10324200
2022-09-02,100.36,100.79,100.22,100.52,5741900
2022-09-06,99.91,99.94,99.35,99.4,6769400
2022-09-07,99.79,100.17,99.74,100.05,7169700
2022-09-08,100.04,100.26,99.68,99.68,5773600
2022-09-09,99.9,100.09,99.57,99.69,5780600
2022-09-12,99.97,100.05,99.27,99.45,4034200
2022-09-13,98.76,98.95,98.65,98.89,5100500
2022-09-14,98.74,99.18,98.69,98.94,3866600
2022-09-15,98.67,98.79,98.5,98.6,4622600
2022-09-16,98.52,98.99,98.45,98.68,4718200
2022-09-19,98.31,98.61,98.24,98.4,3879000
2022-09-20,97.7,98.04,97.54,97.79,4869100
2022-09-21,97.96,98.28,97.3,98.18,5414900
2022-09-22,97.16,97.22,96.59,96.7,6662400
2022-09-23,96.66,96.97,96.28,96.82,7630600
2022-09-26,96.29,96.3,95.07,95.21,8015500
2022-09-27,95.24,95.35,94.51,94.56,8668400
2022-09-28,95.9,96.8,95.52,96.69,8471700
2022-09-29,95.98,96.58,95.89,96.24,6056500
2022-09-30,96.66,96.88,95.66,95.99,8847200
2022-10-03,96.72,97.65,96.49,96.94,10579900
2022-10-04,97.33,97.7,96.96,97.14,7361400
2022-10-05,96.56,96.59,95.98,96.22,8603700
2022-10-06,96.06,96.19,95.56,95.69,11298400
2022-10-07,95.19,95.53,95.07,95.22,5085300
2022-10-10,95.08,95.14,94.32,94.66,3829100
2022-10-11,94.98,95.43,94.64,94.9,5498500
2022-10-12,94.77,95.34,94.71,95.21,5847400
2022-10-13,93.98,95.24,93.97,94.81,6220100
2022-10-14,95.32,95.33,94.23,94.28,5886200
2022-10-17,94.96,95.11,94.33,94.38,3215200
2022-10-18,94.63,94.8,94.07,94.62,4006600
2022-10-19,93.88,94.07,93.56,93.63,5762600
2022-10-20,93.41,93.65,92.86,92.93,5738400
2022-10-21,92.6,93.33,92.48,93.14,7528500
2022-10-24,93.11,93.43,92.69,93.02,6210800
2022-10-25,94.04,94.44,93.96,94.18,6301500
2022-10-26,94.41,94.82,94.4,94.66,6692700
2022-10-27,94.96,95.47,94.67,95.33,7238100
2022-10-28,94.72,95.19,94.58,94.84,5659800
2022-10-31,94.43,94.56,94.01,94.41,4586900
2022-11-01,94.96,94.99,94.03,94.19,6066400
2022-11-02,94.31,94.87,93.79,94.03,7581400
2022-11-03,93.19,93.79,93.18,93.62,8403900
2022-11-04,93.64,93.95,93.4,93.42,5287000
2022-11-07,93.54,93.59,93.07,93.09,4289300
2022-11-08,93.35,93.88,93.32,93.71,4679200
2022-11-09,93.61,94.09,93.54,94.03,3658100
2022-11-10,95.43,96.18,95.43,96.14,9608300
2022-11-11,95.7,96.06,95.65,95.94,2840200
2022-11-14,95.84,95.85,95.53,95.71,4130800
2022-11-15,96.18,96.49,95.94,96.42,6841600
2022-11-16,96.87,97.23,96.64,97.13,6140100
2022-11-17,96.53,96.63,96.26,96.47,5986800
2022-11-18,96.47,96.59,96.11,96.13,3102100
2022-11-21,96.54,96.61,96.04,96.07,4477700
2022-11-22,96.48,96.72,96.38,96.62,5532800
2022-11-23,96.75,97.18,96.65,97.14,5236500
2022-11-25,96.87,97.12,96.85,97.11,1345400
2022-11-28,97.22,97.35,97.01,97.15,4218400
2022-11-29,96.76,97.08,96.71,96.74,3356600
2022-11-30,96.57,97.61,96.4,97.61,7127100
2022-12-01,97.6,98.5,97.57,98.48,17629100
2022-12-02,97.92,98.69,97.61,98.68,5783700
2022-12-05,98.09,98.13,97.63,97.68,6295800
2022-12-06,97.93,98.41,97.85,98.28,5745500
2022-12-07,98.68,99.25,98.62,99.14,5386200
2022-12-08,98.62,98.88,98.45,98.58,5325800
2022-12-09,98.29,98.37,97.85,97.85,4343100
2022-12-12,98.3,98.39,97.58,97.71,5192200
2022-12-13,99.14,99.26,98.5,98.59,7856600
2022-12-14,98.65,98.99,98.21,98.86,6533200
2022-12-15,98.81,99.01,98.55,98.86,4344200
2022-12-16,98.17,98.79,98.07,98.61,4432800
2022-12-19,98.05,98.06,97.73,97.81,3951100
2022-12-20,97.08,97.31,96.99,97.1,4199800
2022-12-21,97.5,97.54,97.09,97.22,4406600
2022-12-22,97.24,97.48,97.14,97.19,2143100
2022-12-23,96.73,96.95,96.69,96.75,3164900
2022-12-27,96.22,96.41,95.9,95.94,4780800
2022-12-28,96.08,96.16,95.69,95.71,3161200
2022-12-29,95.97,96.27,95.92,96.18,4021800
2022-12-30,95.86,96.27,95.62,95.78,5043800
2023-01-03,96.91,97.0,96.34,96.53,6808300
2023-01-04,97.34,97.42,96.99,97.27,7800100
2023-01-05,96.7,97.22,96.57,97.13,3177900
2023-01-06,97.17,98.43,97.08,98.38,6807700
2023-01-09,98.26,98.81,98.2,98.63,4988000
2023-01-10,98.22,98.33,97.83,98.01,4026900
2023-01-11,98.3,98.66,98.24,98.64,7118700
2023-01-12,98.96,99.52,98.48,99.52,5768000
2023-01-13,99.26,99.5,98.86,98.99,5573500
2023-01-17,98.66,99.02,98.64,98.68,3709000
2023-01-18,99.87,100.06,99.55,100.02,7926400
2023-01-19,99.82,99.98,99.63,99.83,4234100
2023-01-20,99.32,99.45,99.06,99.17,8822700
2023-01-23,98.84,99.14,98.81,98.85,4334900
2023-01-24,98.98,99.44,98.65,99.42,3540300
2023-01-25,99.49,99.73,99.21,99.53,2924700
2023-01-26,99.34,99.53,99.03,99.17,2875400
2023-01-27,98.8,99.02,98.77,99.02,5524100
2023-01-30,98.74,98.95,98.66,98.71,2584600
2023-01-31,99.16,99.25,98.74,99.21,4856400
2023-02-01,99.2,99.77,98.83,99.71,20159100
2023-02-02,100.02,100.21,99.64,99.67,5823000
2023-02-03,98.81,99.0,98.47,98.6,5267000
2023-02-06,97.9,98.04,97.7,97.75,5500400
2023-02-07,97.65,98.13,97.46,97.51,5678900
2023-02-08,97.61,97.88,97.4,97.87,6137600
2023-02-09,98.12,98.14,97.32,97.43,7358300
2023-02-10,97.35,97.38,96.89,96.96,5290000
2023-02-13,96.97,97.24,96.95,97.19,17262300
2023-02-14,96.89,97.12,96.49,96.75,7133600
2023-02-15,96.58,96.8,96.33,96.46,4964700
2023-02-16,96.23,96.43,96.05,96.14,27126400
2023-02-17,95.93,96.44,95.9,96.41,4540500
2023-02-21,95.75,95.83,95.34,95.36,11382100
2023-02-22,95.64,95.81,95.48,95.53,30136400
2023-02-23,95.56,96.0,95.51,95.9,7059800
2023-02-24,95.29,95.45,95.11,95.32,10757200
2023-02-27,95.66,95.76,95.45,95.61,3693200
2023-02-28,95.32,95.79,95.2,95.76,4690000
2023-03-01,95.14,95.3,94.75,94.8,8328600
2023-03-02,94.29,94.49,94.21,94.41,12952800
2023-03-03,94.91,95.17,94.63,95.17,5696900
2023-03-06,95.39,95.42,94.93,95.0,3766400
2023-03-07,95.17,95.29,94.78,95.01,5053300
2023-03-08,95.38,95.56,94.86,94.98,5163500
2023-03-09,95.14,95.72,95.08,95.57,12498800
2023-03-10,96.81,97.42,96.67,97.33,11041300
2023-03-13,98.95,99.42,98.14,98.51,23930600
2023-03-14,98.09,98.18,97.38,97.58,47886700
2023-03-15,99.26,99.78,98.52,98.99,25157400
2023-03-16,99.53,99.76,97.98,98.1,13961000
2023-03-17,98.86,99.63,98.77,99.26,12293700
2023-03-20,99.42,99.43,98.63,98.86,7982400
2023-03-21,98.18,98.46,97.86,98.0,9851600
2023-03-22,97.83,99.37,97.75,99.29,10705200
2023-03-23,99.13,99.94,98.98,99.86,7118800
2023-03-24,100.44,100.58,99.76,99.89,9135800
2023-03-27,98.94,99.14,98.63,98.66,8284400
2023-03-28,98.45,98.75,98.36,98.6,13324800
2023-03-29,98.23,98.62,98.19,98.43,13404700
2023-03-30,98.34,98.67,98.31,98.58,4157500
2023-03-31,98.74,99.19,98.58,99.12,6330100
2023-04-03,98.81,99.56,98.74,99.39,7226600
2023-04-04,98.97,100.14,98.95,100.03,6763200
2023-04-05,100.4,100.77,100.3,100.45,6257100
2023-04-06,100.49,100.72,100.46,100.48,4264700
2023-04-10,99.69,99.76,99.37,99.49,6025100
2023-04-11,99.57,99.58,99.22,99.45,5459000
2023-04-12,99.91,99.95,99.29,99.74,5857200
2023-04-13,99.9,100.07,99.33,99.41,39858200
2023-04-14,99.08,99.1,98.79,98.92,4968500
2023-04-17,98.54,98.6,98.26,98.29,5681000
2023-04-18,98.32,98.67,98.3,98.45,5061300
2023-04-19,98.22,98.31,97.98,98.24,4648100
2023-04-20,98.78,98.89,98.68,98.81,4608000
2023-04-21,99.02,99.1,98.49,98.57,5948100
2023-04-24,98.84,99.07,98.77,99.05,5143700
2023-04-25,99.61,100.07,99.59,100.03,13076800
2023-04-26,100.01,100.13,99.49,99.64,5903000
2023-04-27,99.23,99.28,98.88,98.99,5065800
2023-04-28,99.59,99.74,99.37,99.73,8525900
2023-05-01,99.11,99.17,98.19,98.32,17442000
2023-05-02,98.66,99.63,98.6,99.6,8540700
2023-05-03,99.87,100.28,99.69,100.25,9534800
2023-05-04,99.98,100.8,99.96,100.23,12014100
2023-05-05,99.65,99.73,99.44,99.69,11254400
2023-05-08,99.07,99.29,99.03,99.08,7022400
2023-05-09,99.07,99.17,98.94,98.96,7317200
2023-05-10,99.41,99.78,99.4,99.7,9930800
2023-05-11,100.29,100.41,99.96,100.07,5979600
2023-05-12,99.99,100.07,99.44,99.47,5107300
2023-05-15,99.19,99.25,99.12,99.25,4459100
2023-05-16,98.87,99.0,98.65,98.93,7194000
2023-05-17,98.99,99.02,98.49,98.61,5542600
2023-05-18,98.25,98.26,97.96,98.0,9448900
2023-05-19,97.65,98.1,97.46,97.63,12923500
2023-05-22,97.65,97.9,97.4,97.45,7034700
2023-05-23,97.31,97.73,97.23,97.61,8264200
2023-05-24,97.73,97.77,97.31,97.36,7415400
2023-05-25,97.18,97.26,96.67,96.75,11647700
2023-05-26,96.6,96.93,96.39,96.93,7408900
2023-05-30,97.22,97.69,97.15,97.69,7883000
2023-05-31,97.75,98.21,97.62,98.06,10817900
2023-06-01,98.12,98.38,97.97,98.1,18161600
2023-06-02,97.93,97.96,97.24,97.32,7585400
2023-06-05,96.92,97.56,96.82,97.29,6243100
2023-06-06,97.33,97.38,97.06,97.35,3986200
2023-06-07,97.22,97.32,96.54,96.64,8226600
2023-06-08,96.81,97.31,96.77,97.29,5841900
2023-06-09,96.96,97.08,96.77,96.94,6421900
2023-06-12,97.09,97.12,96.67,97.1,5261700
2023-06-13,97.25,97.32,96.26,96.41,9173500
2023-06-14,96.7,96.83,96.18,96.54,7704400
2023-06-15,97.11,97.36,96.98,97.29,5959100
2023-06-16,96.81,97.05,96.59,96.87,6538100
2023-06-20,97.05,97.39,97.05,97.16,5477300
2023-06-21,96.9,97.33,96.75,97.25,5119600
2023-06-22,96.96,97.13,96.63,96.7,4102100
2023-06-23,97.47,97.5,96.98,97.1,4112100
2023-06-26,97.35,97.43,97.16,97.34,2976600
2023-06-27,97.32,97.5,96.87,97.0,4752500
2023-06-28,97.14,97.43,96.95,97.39,5257300
2023-06-29,96.51,96.58,96.22,96.39,8268700
2023-06-30,96.42,96.66,96.31,96.6,7450600
2023-07-03,96.32,96.62,95.95,95.95,4687100
2023-07-05,95.95,96.0,95.37,95.49,10181200
2023-07-06,94.76,94.86,94.36,94.71,9285100
2023-07-07,94.58,94.95,94.54,94.59,6577600
2023-07-10,94.74,95.22,94.73,95.08,6622700
2023-07-11,95.26,95.42,95.13,95.28,6327100
2023-07-12,95.91,96.34,95.77,96.21,8255100
2023-07-13,96.68,97.07,96.58,97.01,9742600
2023-07-14,96.8,96.92,96.49,96.53,7491100
2023-07-17,96.6,96.78,96.48,96.69,3182400
2023-07-18,97.0,97.12,96.74,96.8,3626500
2023-07-19,96.98,97.19,96.79,97.13,5059300
2023-07-20,96.63,96.67,96.19,96.36,9486600
2023-07-21,96.57,96.66,96.41,96.44,4560100
2023-07-24,96.61,96.71,96.17,96.21,7451100
2023-07-25,95.83,96.09,95.82,96.03,4079300
2023-07-26,96.25,96.41,95.97,96.36,4880100
2023-07-27,95.99,96.1,95.18,95.31,8522800
2023-07-28,95.53,95.74,95.44,95.62,5794100
2023-07-31,95.58,95.91,95.57,95.74,6347000
2023-08-01,95.04,95.18,94.78,94.94,7714000
2023-08-02,94.66,94.79,94.36,94.75,8009200
2023-08-03,94.11,94.25,93.96,94.05,11057900
2023-08-04,94.4,95.13,94.4,95.05,10189900
2023-08-07,94.93,94.98,94.71,94.82,4007400
2023-08-08,95.31,95.54,95.19,95.3,5401400
2023-08-09,95.3,95.52,95.26,95.36,5317200
2023-08-10,95.36,95.54,94.62,94.63,8462100
2023-08-11,94.24,94.56,94.09,94.13,5915000
2023-08-14,93.98,94.26,93.78,93.98,6218400
2023-08-15,93.88,94.18,93.75,93.8,9602600
2023-08-16,93.78,94.0,93.37,93.44,7199600
2023-08-17,93.41,93.47,93.06,93.32,9858300
2023-08-18,93.49,93.81,93.44,93.6,7510500
2023-08-21,93.16,93.2,92.91,93.02,10864000
2023-08-22,92.94,93.16,92.85,93.06,6330500
2023-08-23,93.63,94.07,93.6,94.07,8550500
2023-08-24,93.78,94.05,93.69,93.72,5735800
2023-08-25,93.59,93.93,93.34,93.69,7895700
2023-08-28,93.91,93.98,93.71,93.95,3301700
2023-08-29,93.73,94.66,93.71,94.62,7064200
2023-08-30,94.74,94.79,94.55,94.61,6346700
2023-08-31,94.72,94.94,94.63,94.8,6167300
2023-09-01,94.57,94.58,93.86,93.98,7746600
2023-09-05,93.71,93.72,93.37,93.41,4993400
2023-09-06,93.57,93.59,93.12,93.17,7344100
2023-09-07,93.39,93.53,93.29,93.49,7137500
2023-09-08,93.72,93.86,93.47,93.51,4648500
2023-09-11,93.31,93.44,93.24,93.35,4321700
2023-09-12,93.38,93.5,93.27,93.48,4998400
2023-09-13,93.34,93.72,93.32,93.59,6675400
2023-09-14,93.66,93.74,93.32,93.38,6421000
2023-09-15,93.23,93.29,93.02,93.09,9367700
2023-09-18,92.97,93.25,92.97,93.18,4622200
2023-09-19,92.97,93.14,92.8,92.84,7536800
2023-09-20,93.1,93.24,92.75,92.77,10751800
2023-09-21,92.13,92.22,92.02,92.08,8702500
2023-09-22,92.17,92.52,92.1,92.44,8637800
2023-09-25,91.85,92.02,91.72,91.76,11712000
2023-09-26,91.93,91.99,91.62,91.73,8281800
2023-09-27,91.97,92.01,91.08,91.32,10586100
2023-09-28,91.11,91.59,90.85,91.57,11654600
2023-09-29,91.95,92.04,91.45,91.59,13488300
2023-10-02,90.89,90.99,90.5,90.61,21010000
2023-10-03,90.42,90.59,89.81,89.86,21364700
2023-10-04,90.14,90.48,89.93,90.43,14054000
2023-10-05,90.64,90.66,90.41,90.6,11315900
2023-10-06,89.77,90.36,89.69,90.07,12257100
2023-10-09,90.75,91.22,90.61,91.22,5816700
2023-10-10,90.76,91.29,90.65,91.04,11508300
2023-10-11,91.4,91.6,91.2,91.54,14815800
2023-10-12,91.34,91.39,90.55,90.66,12855900
2023-10-13,91.32,91.36,91.06,91.24,9872500
2023-10-16,90.71,90.77,90.58,90.7,7248000
2023-10-17,89.9,90.04,89.65,89.81,11191600
2023-10-18,89.56,89.69,89.24,89.39,13794200
2023-10-19,89.14,89.5,88.86,88.95,27116700
2023-10-20,89.27,89.6,89.25,89.47,12587100
2023-10-23,89.15,90.0,89.01,89.89,12365000
2023-10-24,89.82,90.06,89.61,90.05,10906000
2023-10-25,89.58,89.61,89.15,89.26,15170200
2023-10-26,89.35,89.98,89.33,89.94,15901300
2023-10-27,89.87,90.09,89.71,90.08,11628200
2023-10-30,89.64,89.93,89.48,89.78,11022500
2023-10-31,89.83,90.02,89.57,89.59,11574700
2023-11-01,89.6,90.42,89.56,90.37,22448900
2023-11-02,91.06,91.22,90.73,90.93,14046200
2023-11-03,92.04,92.24,91.62,91.63,23133700
2023-11-06,91.29,91.32,91.0,91.1,11246700
2023-11-07,91.39,91.82,91.39,91.62,13189400
2023-11-08,91.64,92.08,91.63,91.99,11117600
2023-11-09,91.83,91.84,91.03,91.08,17067900
2023-11-10,91.46,91.48,91.08,91.18,10674700
2023-11-13,90.83,91.16,90.69,91.13,8930200
2023-11-14,92.43,92.57,92.28,92.5,14313600
2023-11-15,92.05,92.06,91.7,91.78,12969400
2023-11-16,92.32,92.61,92.31,92.47,10375600
2023-11-17,92.58,92.63,92.35,92.53,8462000
2023-11-20,92.34,92.72,92.31,92.66,7481200
2023-11-21,92.77,92.91,92.54,92.78,9153300
2023-11-22,92.92,92.99,92.52,92.75,7255100
2023-11-24,92.35,92.42,92.26,92.27,4125800
2023-11-27,92.55,92.98,92.49,92.97,9539800
2023-11-28,92.86,93.41,92.81,93.38,13563300
2023-11-29,93.72,93.97,93.59,93.87,19075400
2023-11-30,93.52,93.55,93.22,93.41,18446700
2023-12-01,93.14,94.09,93.11,94.04,21393200
2023-12-04,93.68,93.89,93.45,93.65,16402000
2023-12-05,94.05,94.41,93.99,94.31,25452100
2023-12-06,94.52,94.79,94.41,94.7,14023400
2023-12-07,94.5,94.86,94.46,94.56,13730100
2023-12-08,94.03,94.15,93.73,93.95,13825300
2023-12-11,93.75,94.0,93.56,93.96,10484600
2023-12-12,93.95,94.22,93.86,94.16,7248000
2023-12-13,94.44,95.68,94.37,95.56,16155200
2023-12-14,95.77,96.27,95.72,96.07,32373200
2023-12-15,95.89,96.15,95.84,95.99,9407100
2023-12-18,95.81,95.82,95.63,95.78,8634100
2023-12-19,95.94,96.14,95.89,95.96,9047100
2023-12-20,96.18,96.49,95.98,96.43,12659100
2023-12-21,96.64,96.7,96.15,96.28,8939700
2023-12-22,96.46,96.48,96.05,96.19,4956400
2023-12-26,96.15,96.34,96.13,96.25,3342500
2023-12-27,96.66,97.04,96.59,97.0,7362400
2023-12-28,96.8,96.96,96.53,96.63,4858500
2023-12-29,96.35,96.64,96.29,96.39,7820500
2024-01-02,95.94,96.15,95.92,96.03,9444000
2024-01-03,95.61,96.34,95.53,96.26,11040500
2024-01-04,95.69,95.83,95.58,95.68,7354800
2024-01-05,95.33,96.02,95.26,95.33,10001000
2024-01-08,95.39,95.96,95.36,95.65,7044700
2024-01-09,95.52,95.75,95.52,95.61,7360800
2024-01-10,95.79,95.86,95.44,95.46,9212700
2024-01-11,95.6,96.04,95.48,95.97,10305400
2024-01-12,96.23,96.48,96.02,96.23,8469600
2024-01-16,95.84,95.96,95.32,95.45,9847100
2024-01-17,95.17,95.23,94.95,95.14,9170700
2024-01-18,95.1,95.17,94.83,94.93,8910100
2024-01-19,94.78,94.96,94.54,94.94,17711100
2024-01-22,95.28,95.39,95.15,95.23,9831500
2024-01-23,95.0,95.02,94.87,94.99,6428600
2024-01-24,95.34,95.37,94.66,94.72,9718000
2024-01-25,95.05,95.16,94.9,95.13,11588100
2024-01-26,95.05,95.05,94.84,94.96,9134600
2024-01-29,95.25,95.62,95.18,95.53,6947500
2024-01-30,95.69,95.74,95.15,95.66,7265800
2024-01-31,96.09,96.48,95.99,96.46,15778300
2024-02-01,96.6,97.11,96.34,96.82,33372900
2024-02-02,95.74,95.9,95.38,95.56,13809200
2024-02-05,94.9,94.99,94.53,94.63,12147700
2024-02-06,94.74,95.23,94.71,95.14,9327000
2024-02-07,94.97,95.35,94.94,94.97,8619800
2024-02-08,94.76,94.84,94.57,94.66,7808000
2024-02-09,94.43,94.57,94.4,94.49,8492500
2024-02-12,94.57,94.69,94.4,94.58,7023600
2024-02-13,93.88,93.97,93.52,93.54,11978400
2024-02-14,93.64,94.06,93.64,93.89,8979600
2024-02-15,94.3,94.4,94.03,94.15,6788300
2024-02-16,93.6,93.79,93.55,93.74,7147400
2024-02-20,93.93,94.12,93.89,93.9,8286300
2024-02-21,93.97,94.02,93.54,93.6,6433900
2024-02-22,93.57,93.79,93.44,93.61,8688500
2024-02-23,93.64,94.11,93.64,94.04,6426700
2024-02-26,94.05,94.06,93.68,93.9,6417200
2024-02-27,93.76,93.92,93.63,93.69,7540600
2024-02-28,93.8,94.03,93.74,94.03,5293600
2024-02-29,94.1,94.33,94.08,94.22,11919200
2024-03-01,93.85,94.46,93.62,94.4,11857200
2024-03-04,94.08,94.29,94.07,94.19,6641600
2024-03-05,94.67,94.94,94.56,94.77,7673100
2024-03-06,94.94,95.19,94.89,95.0,9499200
2024-03-07,95.19,95.22,94.92,95.16,8420900
2024-03-08,95.32,95.39,95.15,95.23,8103600
2024-03-11,95.26,95.29,95.02,95.11,5568200
2024-03-12,94.84,94.87,94.61,94.72,6556500
2024-03-13,94.58,94.65,94.47,94.51,9708400
2024-03-14,94.16,94.17,93.79,93.81,10055900
2024-03-15,93.74,93.82,93.63,93.65,6591400
2024-03-18,93.62,93.7,93.45,93.54,5319700
2024-03-19,93.73,93.94,93.67,93.81,5470300
2024-03-20,93.91,94.35,93.7,94.03,10190800
2024-03-21,94.21,94.28,93.96,94.04,8271200
2024-03-22,94.56,94.56,94.41,94.5,6119800
2024-03-25,94.41,94.41,94.19,94.25,4488900
2024-03-26,94.22,94.41,94.11,94.39,5477600
2024-03-27,94.5,94.79,94.49,94.75,4838500
2024-03-28,94.54,94.77,94.48,94.66,7561400
2024-04-01,93.99,93.99,93.46,93.53,10854000
2024-04-02,93.11,93.37,93.02,93.33,7214900
2024-04-03,92.95,93.44,92.86,93.44,12908000
2024-04-04,93.64,93.78,93.38,93.76,6960500
2024-04-05,93.25,93.54,93.13,93.14,6334600
2024-04-08,92.91,93.06,92.81,92.93,7115100
2024-04-09,93.2,93.38,93.2,93.3,5151100
2024-04-10,92.51,92.57,91.92,92.06,14993700
2024-04-11,92.23,92.27,91.81,91.93,9371400
2024-04-12,92.41,92.56,92.31,92.31,11675600
2024-04-15,91.68,91.74,91.35,91.72,12315300
2024-04-16,91.32,91.53,91.18,91.36,12027200
2024-04-17,91.69,92.01,91.54,91.94,10515400
2024-04-18,91.85,91.85,91.5,91.62,6964500
2024-04-19,91.84,91.86,91.64,91.74,6125800
2024-04-22,91.57,91.82,91.55,91.75,4002900
2024-04-23,91.63,92.1,91.54,91.87,8319800
2024-04-24,91.66,91.69,91.44,91.59,7567400
2024-04-25,91.09,91.33,91.02,91.24,5784300
2024-04-26,91.45,91.63,91.42,91.49,5432600
2024-04-29,91.7,91.88,91.62,91.86,4846500
2024-04-30,91.51,91.65,91.35,91.43,7516700
2024-05-01,91.43,91.86,91.19,91.52,12392500
2024-05-02,91.52,92.01,91.45,91.95,8661500
2024-05-03,92.61,92.7,92.22,92.46,8501100
2024-05-06,92.5,92.64,92.41,92.54,4043400
2024-05-07,92.87,93.02,92.7,92.78,7776200
2024-05-08,92.58,92.66,92.51,92.52,9024000
2024-05-09,92.5,92.87,92.47,92.8,9625200
2024-05-10,92.6,92.64,92.45,92.5,3205000
2024-05-13,92.74,92.77,92.6,92.61,3228700
2024-05-14,92.79,92.92,92.69,92.88,4688800
2024-05-15,93.42,93.65,93.3,93.58,11384500
2024-05-16,93.61,93.61,93.37,93.4,4278400
2024-05-17,93.25,93.33,93.09,93.11,3883900
2024-05-20,92.98,93.06,92.94,92.97,4575900
2024-05-21,93.25,93.29,93.16,93.21,2669700
2024-05-22,92.98,93.2,92.97,93.09,3616300
2024-05-23,93.13,93.14,92.62,92.76,6005500
2024-05-24,92.67,92.89,92.64,92.88,3926400
2024-05-28,92.96,92.98,92.34,92.36,8761400
2024-05-29,92.13,92.14,91.72,91.91,10126800
2024-05-30,92.22,92.39,92.17,92.37,5069500
2024-05-31,92.65,92.82,92.61,92.8,4807400
2024-06-03,92.65,93.18,92.65,93.13,7675900
2024-06-04,93.44,93.73,93.38,93.64,8752000
2024-06-05,93.76,93.99,93.49,93.98,6466800
2024-06-06,93.82,94.03,93.79,93.94,5849400
2024-06-07,93.14,93.16,92.94,92.95,7125100
2024-06-10,92.78,92.84,92.66,92.75,3938900
2024-06-11,92.91,93.26,92.82,93.24,3954700
2024-06-12,94.08,94.32,93.74,93.76,9243200
2024-06-13,94.18,94.52,94.08,94.38,6529900
2024-06-14,94.51,94.69,94.46,94.6,5424600
2024-06-17,94.14,94.22,94.03,94.16,4957200
2024-06-18,94.32,94.68,94.28,94.57,5232600
2024-06-20,94.1,94.36,94.05,94.33,3573100
2024-06-21,94.51,94.6,94.18,94.35,6908700
2024-06-24,94.37,94.43,94.23,94.43,5276000
2024-06-25,94.37,94.55,94.33,94.51,3790100
2024-06-26,94.02,94.09,93.92,93.94,4196400
2024-06-27,94.12,94.24,94.11,94.15,4946600
2024-06-28,94.36,94.38,93.65,93.65,6032400
2024-07-01,92.84,93.11,92.58,92.67,13662800
2024-07-02,93.06,93.13,92.88,93.02,8195700
2024-07-03,93.25,93.68,93.2,93.64,3861000
2024-07-05,93.97,94.22,93.85,94.16,5111500
2024-07-08,94.13,94.26,93.99,94.19,5294600
2024-07-09,94.04,94.17,93.83,94.06,3006900
2024-07-10,94.14,94.2,94.01,94.15,4076600
2024-07-11,94.82,94.98,94.71,94.75,9658400
2024-07-12,94.77,94.95,94.71,94.95,4304500
2024-07-15,94.71,94.83,94.57,94.65,3754500
2024-07-16,94.82,95.08,94.73,95.07,4705800
2024-07-17,94.93,95.21,94.84,95.15,5113500
2024-07-18,94.94,95.15,94.82,94.88,8640600
2024-07-19,94.63,94.7,94.53,94.58,5274400
2024-07-22,94.69,94.76,94.34,94.49,3869800
2024-07-23,94.62,94.75,94.55,94.56,5095600
2024-07-24,94.73,94.88,94.34,94.35,4733500
2024-07-25,94.54,94.88,94.49,94.56,4335600
2024-07-26,94.96,95.04,94.87,95.01,5217500
2024-07-29,95.25,95.26,95.08,95.17,6165600
2024-07-30,95.28,95.47,95.11,95.37,4419200
2024-07-31,95.65,96.08,95.45,96.07,10982900
2024-08-01,96.0,96.43,95.98,96.19,10492600
2024-08-02,97.19,97.75,97.13,97.68,18286500
2024-08-05,98.39,98.58,97.4,97.78,19098200
2024-08-06,97.54,97.58,96.84,96.91,9507000
2024-08-07,96.63,96.73,96.38,96.56,8419700
2024-08-08,96.16,96.34,96.07,96.27,4856100
2024-08-09,96.78,96.79,96.58,96.66,5174900
2024-08-12,96.54,96.98,96.48,96.93,4166400
2024-08-13,97.33,97.36,97.19,97.36,6458700
2024-08-14,97.32,97.63,97.3,97.49,4275700
2024-08-15,96.7,96.88,96.62,96.88,5507000
2024-08-16,97.08,97.09,96.81,97.07,4437000
2024-08-19,97.04,97.31,97.02,97.2,4437600
2024-08-20,97.44,97.63,97.36,97.59,4886000
2024-08-21,97.69,98.01,97.46,97.79,5386000
2024-08-22,97.55,97.57,97.2,97.34,4819500
2024-08-23,97.54,97.86,97.43,97.79,5475400
2024-08-26,97.96,97.97,97.67,97.67,3062400
2024-08-27,97.41,97.7,97.36,97.63,4433700
2024-08-28,97.65,97.73,97.54,97.58,8147000
2024-08-29,97.36,97.45,97.26,97.41,6199800
2024-08-30,97.43,97.55,97.05,97.07,4802600
2024-09-03,97.31,97.57,97.25,97.42,8232700
2024-09-04,97.53,98.04,97.5,97.99,9914900
2024-09-05,98.25,98.3,97.91,98.22,33635000
2024-09-06,98.26,98.85,98.02,98.36,17777600
2024-09-09,98.3,98.57,98.18,98.5,8532500
2024-09-10,98.51,98.97,98.49,98.92,7921400
2024-09-11,98.72,99.15,98.66,98.85,7286200
2024-09-12,98.77,98.88,98.51,98.69,5929800
2024-09-13,98.96,99.0,98.76,98.88,5305500
2024-09-16,98.99,99.18,98.87,99.14,6666900
2024-09-17,99.08,99.14,98.89,98.96,7807000
2024-09-18,98.73,99.05,98.48,98.53,8584500
2024-09-19,98.26,98.47,98.22,98.45,16770800
2024-09-20,98.31,98.55,98.18,98.42,6580600
2024-09-23,98.22,98.45,97.99,98.36,7491700
2024-09-24,98.09,98.5,98.01,98.47,6580800
2024-09-25,98.27,98.27,98.07,98.07,10455100
2024-09-26,98.15,98.2,97.84,98.0,8026500
2024-09-27,98.23,98.44,98.15,98.39,6207700
2024-09-30,98.32,98.35,97.96,98.12,8902400
2024-10-01,98.17,98.47,98.08,98.19,11665600
2024-10-02,97.75,97.95,97.64,97.91,7742100
2024-10-03,97.65,97.72,97.38,97.41,11556100
2024-10-04,96.57,96.78,96.42,96.47,8878300
2024-10-07,96.11,96.27,96.07,96.12,10152600
2024-10-08,95.97,96.2,95.93,96.2,5975200
2024-10-09,96.03,96.08,95.79,95.84,6769200
2024-10-10,95.77,95.88,95.53,95.83,5959000
2024-10-11,95.73,95.95,95.68,95.86,5394100
2024-10-14,95.46,95.69,95.41,95.69,3850900
2024-10-15,96.06,96.22,96.01,96.18,7736900
2024-10-16,96.36,96.46,96.27,96.33,5041100
2024-10-17,95.91,95.95,95.75,95.83,5460200
2024-10-18,95.99,96.05,95.92,95.94,5174700
2024-10-21,95.57,95.6,95.19,95.2,6633600
2024-10-22,95.32,95.38,95.03,95.11,5433900
2024-10-23,94.83,95.0,94.74,94.89,6914300
2024-10-24,94.98,95.26,94.87,95.1,5486300
2024-10-25,95.31,95.32,94.82,94.89,6455300
2024-10-28,94.91,94.92,94.49,94.67,5447300
2024-10-29,94.27,94.73,94.22,94.71,8475400
2024-10-30,94.93,95.17,94.53,94.57,6341100
2024-10-31,94.42,94.7,94.22,94.52,8662900
2024-11-01,94.37,94.46,93.64,93.67,15659500
2024-11-04,94.32,94.44,93.99,94.17,8179300
2024-11-05,94.05,94.34,93.74,94.22,8118500
2024-11-06,93.04,93.51,93.01,93.25,15261400
2024-11-07,93.63,94.17,93.58,94.0,15674000
2024-11-08,94.2,94.48,94.09,94.2,12335300
2024-11-11,93.92,93.96,93.78,93.94,3980000
2024-11-12,93.57,93.76,93.24,93.35,8037600
2024-11-13,93.77,93.78,93.17,93.29,6661800
2024-11-14,93.44,93.66,93.17,93.28,7510000
2024-11-15,93.1,93.63,92.9,93.32,16761500
2024-11-18,93.28,93.59,93.17,93.53,4788200
2024-11-19,93.82,93.88,93.69,93.73,4951500
2024-11-20,93.47,93.76,93.44,93.59,5752900
2024-11-21,93.66,93.83,93.42,93.54,5098200
2024-11-22,93.67,93.73,93.5,93.6,5373900
2024-11-25,94.46,94.64,94.32,94.61,7716000
2024-11-26,94.41,94.44,94.22,94.41,5093100
2024-11-27,94.79,94.92,94.6,94.79,5587600
2024-11-29,95.13,95.2,95.0,95.19,5136200
2024-12-02,94.61,95.01,94.5,94.89,5950600
2024-12-03,94.99,95.03,94.56,94.62,5364800
2024-12-04,94.38,95.01,94.35,94.98,5908800
2024-12-05,94.7,95.03,94.7,94.97,5210300
2024-12-06,95.36,95.42,95.07,95.27,6880200
2024-12-09,95.15,95.16,94.94,94.94,4303100
2024-12-10,94.74,94.84,94.65,94.77,3543400
2024-12-11,94.91,95.0,94.46,94.49,6452800
2024-12-12,94.38,94.46,94.1,94.13,4518000
2024-12-13,93.98,94.01,93.64,93.69,5230100
2024-12-16,93.86,93.87,93.62,93.72,4607600
2024-12-17,93.7,93.87,93.67,93.72,4881100
2024-12-18,93.4,93.52,92.62,92.69,11553900
2024-12-19,92.38,92.44,92.12,92.27,9273800
2024-12-20,92.75,92.9,92.59,92.61,6070900
2024-12-23,92.54,92.58,92.13,92.2,5954500
2024-12-24,92.01,92.26,91.97,92.25,3076100
2024-12-26,91.96,92.36,91.93,92.32,3703300
2024-12-27,92.26,92.39,92.06,92.08,3752500
2024-12-30,92.53,92.67,92.52,92.62,4797700
2024-12-31,92.75,92.82,92.38,92.45,5856000
2025-01-02,92.65,92.78,92.31,92.5,5034800
2025-01-03,92.6,92.67,92.32,92.35,2863700
2025-01-06,92.24,92.33,92.06,92.26,3894600
2025-01-07,92.14,92.21,91.75,91.84,5524400
2025-01-08,91.71,92.02,91.69,92.0,6402900
2025-01-10,91.46,91.63,91.23,91.33,8210900
2025-01-13,91.28,91.31,91.08,91.17,5094300
2025-01-14,91.21,91.28,91.08,91.2,4365500
2025-01-15,92.13,92.23,91.98,92.16,7846600
2025-01-16,92.08,92.58,91.95,92.38,7550900
2025-01-17,92.52,92.58,92.36,92.45,3912800
2025-01-21,92.75,92.83,92.61,92.76,4431300
2025-01-22,92.72,92.73,92.41,92.52,3656400
2025-01-23,92.13,92.35,92.13,92.28,4860900
2025-01-24,92.25,92.58,92.2,92.47,4468700
2025-01-27,93.08,93.15,92.87,93.07,4297100
2025-01-28,92.84,93.1,92.78,93.08,3906600
2025-01-29,93.18,93.25,92.7,92.97,4918400
2025-01-30,93.17,93.32,93.08,93.17,4365600
2025-01-31,93.2,93.34,92.81,93.02,6277400
2025-02-03,92.99,93.28,92.66,92.79,8294000
2025-02-04,92.6,93.02,92.6,93.02,6742300
2025-02-05,93.4,93.73,93.37,93.56,6576300
2025-02-06,93.46,93.58,93.31,93.45,5268500
2025-02-07,93.15,93.23,92.98,93.14,4565300
2025-02-10,93.24,93.37,93.07,93.12,3229100
2025-02-11,92.89,92.96,92.82,92.88,3379500
2025-02-12,92.26,92.32,92.08,92.24,7280200
2025-02-13,92.72,93.0,92.7,92.93,6121900
2025-02-14,93.37,93.51,93.28,93.32,5157900
2025-02-18,93.03,93.13,92.81,92.82,4484100
2025-02-19,92.77,93.01,92.77,92.97,4607000
2025-02-20,93.12,93.26,93.11,93.16,7545400
2025-02-21,93.28,93.83,93.27,93.71,6156500
2025-02-24,93.62,93.97,93.59,93.91,4109500
2025-02-25,94.5,94.7,94.42,94.65,7697100
2025-02-26,94.61,94.97,94.49,94.91,7379800
2025-02-27,94.59,94.83,94.55,94.8,5907900
2025-02-28,95.09,95.36,94.9,95.32,11831500
2025-03-03,94.72,95.45,94.71,95.39,9637400
2025-03-04,95.54,95.78,94.93,95.09,12745500
2025-03-05,95.11,95.24,94.53,94.56,15590000
2025-03-06,94.51,94.69,94.16,94.51,9318900
2025-03-07,94.98,95.02,94.3,94.39,9210200
2025-03-10,94.94,95.2,94.85,95.05,7698500
2025-03-11,95.05,95.31,94.58,94.71,10408600
2025-03-12,94.41,94.66,94.39,94.43,7610300
2025-03-13,94.29,94.85,94.2,94.81,6902300
2025-03-14,94.57,94.65,94.45,94.48,4390900
2025-03-17,94.65,94.85,94.46,94.56,6734000
2025-03-18,94.42,94.83,94.41,94.67,8993300
2025-03-19,94.59,94.99,94.44,94.96,5854500
2025-03-20,95.47,95.49,94.99,95.1,4409100
2025-03-21,95.25,95.34,95.0,95.02,4919600
2025-03-24,94.76,94.78,94.44,94.47,4823500
2025-03-25,94.47,94.74,94.45,94.63,6825800
2025-03-26,94.47,94.57,94.33,94.41,8281700
2025-03-27,94.3,94.41,94.21,94.33,5085100
2025-03-28,94.78,95.15,94.75,95.09,6224500
2025-03-31,95.49,95.56,95.09,95.37,13255800
2025-04-01,95.27,95.66,95.27,95.4,18128800
2025-04-02,95.8,95.8,95.01,95.31,7635900
2025-04-03,96.41,96.65,96.18,96.29,18188000
2025-04-04,97.2,97.52,96.55,96.56,27006500
2025-04-07,96.49,96.66,95.19,95.41,68670600
2025-04-08,94.91,95.59,94.88,94.93,19508000
2025-04-09,94.23,94.68,93.61,94.63,24170800
2025-04-10,94.52,94.78,93.99,94.04,12093800
2025-04-11,93.47,93.73,92.79,93.51,55446600
2025-04-14,93.92,94.36,93.8,94.26,12630900
2025-04-15,94.25,94.76,94.24,94.54,7708100
2025-04-16,94.66,95.08,94.46,94.95,8708400
2025-04-17,94.9,94.99,94.59,94.68,6987000
2025-04-21,94.4,94.75,94.15,94.17,4901300
2025-04-22,94.42,94.44,94.23,94.24,5233000
2025-04-23,95.04,95.22,94.22,94.34,8041300
2025-04-24,94.72,94.88,94.62,94.85,7308900
2025-04-25,95.11,95.28,94.98,95.21,5341300
2025-04-28,95.1,95.62,95.07,95.59,4950500
2025-04-29,95.54,95.93,95.53,95.92,5350200
2025-04-30,95.9,96.16,95.8,96.07,13923200
2025-05-01,95.88,95.9,95.15,95.34,13703300
2025-05-02,94.85,94.99,94.54,94.7,9331600
2025-05-05,94.67,94.68,94.33,94.53,10089400
2025-05-06,94.49,94.79,94.4,94.77,6081200
2025-05-07,94.87,95.14,94.85,95.02,9471100
2025-05-08,94.96,94.98,94.26,94.28,6409000
2025-05-09,94.45,94.61,94.32,94.35,3698700
2025-05-12,93.73,93.97,93.73,93.75,9483700
2025-05-13,93.87,93.92,93.53,93.68,13166800
2025-05-14,93.64,93.71,93.27,93.33,6994700
2025-05-15,93.72,93.99,93.6,93.94,9024900
2025-05-16,94.31,94.33,93.96,93.97,6819200
2025-05-19,93.43,93.94,93.39,93.92,11704900
2025-05-20,93.67,93.87,93.53,93.8,8929600
2025-05-21,93.43,93.56,93.03,93.15,11383500
2025-05-22,93.18,93.54,93.06,93.5,10981200
2025-05-23,93.91,93.92,93.64,93.77,9860700
2025-05-27,93.98,94.26,93.87,94.16,10834400
2025-05-28,93.97,94.04,93.79,93.9,8591500
2025-05-29,94.15,94.38,94.1,94.29,9679100
2025-05-30,94.36,94.62,94.3,94.57,10268600
2025-06-02,94.0,94.14,93.78,93.94,13341900
2025-06-03,94.07,94.2,93.77,93.85,8508900
2025-06-04,94.21,94.62,94.13,94.54,10115900
2025-06-05,94.54,94.66,94.23,94.26,8762800
2025-06-06,93.78,93.86,93.48,93.51,7624200
2025-06-09,93.52,93.8,93.51,93.68,6061200
2025-06-10,93.98,94.02,93.74,93.84,5579900
2025-06-11,94.02,94.27,93.94,94.23,6594900
2025-06-12,94.59,94.65,94.42,94.64,7795400
2025-06-13,94.43,94.5,94.04,94.29,9195200
2025-06-16,94.18,94.38,94.0,94.02,7508400
2025-06-17,94.26,94.52,94.11,94.48,5285000
2025-06-18,94.64,94.84,94.38,94.54,6732400
2025-06-20,94.35,94.74,94.29,94.6,6261700
2025-06-23,94.87,95.24,94.8,94.93,9310300
2025-06-24,94.84,95.31,94.8,95.26,7694500
2025-06-25,95.08,95.34,94.98,95.3,6393300
2025-06-26,95.48,95.65,95.35,95.64,7131900
2025-06-27,95.39,95.68,95.33,95.39,8402400
2025-06-30,95.6,95.81,95.46,95.77,10542300
2025-07-01,95.42,95.51,95.12,95.29,10659800
2025-07-02,94.99,95.14,94.93,95.09,6026200
2025-07-03,94.8,94.86,94.64,94.76,7398900
2025-07-07,94.61,94.62,94.38,94.46,8518600
2025-07-08,94.21,94.33,94.16,94.32,5282800
2025-07-09,94.46,94.82,94.46,94.81,6900800
2025-07-10,94.74,94.78,94.57,94.76,4451900
2025-07-11,94.44,94.47,94.27,94.32,6004300
2025-07-14,94.32,94.46,94.17,94.28,5101600
2025-07-15,94.39,94.4,93.86,93.91,5628100
2025-07-16,94.06,94.24,93.93,94.17,12786300
2025-07-17,94.22,94.33,94.06,94.14,4747200
2025-07-18,94.41,94.48,94.3,94.4,4035000
2025-07-21,94.8,94.9,94.68,94.73,5232300
2025-07-22,94.83,95.06,94.81,95.0,6098000
2025-07-23,94.78,94.84,94.61,94.66,5074000
2025-07-24,94.33,94.62,94.32,94.52,5867400
2025-07-25,94.49,94.74,94.45,94.74,3614000
2025-07-28,94.57,94.64,94.49,94.53,5073200
2025-07-29,94.67,95.15,94.65,95.15,7864000
2025-07-30,94.82,95.08,94.75,94.82,7425600
2025-07-31,94.97,95.13,94.86,94.9,10411800
2025-08-01,95.36,95.73,95.34,95.68,11870100
2025-08-04,95.77,95.85,95.53,95.81,8449500
2025-08-05,95.64,95.86,95.62,95.74,8218700
2025-08-06,95.6,95.72,95.26,95.67,10107500
2025-08-07,95.67,95.77,95.53,95.6,5725900
2025-08-08,95.47,95.47,95.33,95.38,5623800
2025-08-11,95.45,95.54,95.36,95.41,4920200
2025-08-12,95.29,95.39,95.18,95.39,6724600
2025-08-13,95.66,95.83,95.64,95.73,5925200
2025-08-14,95.57,95.6,95.35,95.42,5527500
2025-08-15,95.38,95.44,95.17,95.23,7428500
2025-08-18,95.3,95.31,95.05,95.14,9669600
2025-08-19,95.28,95.42,95.27,95.38,6499300
2025-08-20,95.38,95.61,95.36,95.52,6270700
2025-08-21,95.39,95.44,95.11,95.24,5351300
2025-08-22,95.4,95.88,95.37,95.77,10867700
2025-08-25,95.6,95.71,95.53,95.58,9936400
2025-08-26,95.66,95.86,95.6,95.83,5871200
2025-08-27,95.7,96.01,95.64,96.01,5222800
2025-08-28,95.98,96.23,95.94,96.23,6544700
2025-08-29,96.12,96.23,96.03,96.15,6818900
2025-09-02,95.46,95.63,95.43,95.55,8623200
2025-09-03,95.56,96.02,95.56,95.88,7586100
2025-09-04,96.12,96.31,96.0,96.31,6395300
2025-09-05,96.91,97.02,96.78,96.78,9566300
2025-09-08,97.02,97.09,96.92,97.08,7599600
2025-09-09,97.03,97.14,96.76,96.85,8223100
2025-09-10,97.05,97.23,96.96,97.11,8864500
2025-09-11,97.24,97.46,97.23,97.26,8554300
2025-09-12,97.03,97.04,96.84,96.98,36502700
2025-09-15,97.15,97.22,97.1,97.14,4990100
2025-09-16,97.15,97.29,97.11,97.2,5847700
2025-09-17,97.3,97.52,96.87,96.99,10701700
2025-09-18,96.65,96.81,96.51,96.67,7589200
2025-09-19,96.62,96.7,96.5,96.63,5528800
2025-09-22,96.63,96.66,96.46,96.47,5282700
2025-09-23,96.61,96.75,96.49,96.74,7077500
2025-09-24,96.62,96.63,96.44,96.48,5419700
2025-09-25,96.26,96.32,96.1,96.27,6517500
2025-09-26,96.25,96.43,96.13,96.22,7295300
2025-09-29,96.34,96.55,96.33,96.5,6357500
2025-09-30,96.58,96.76,96.42,96.46,9257800
2025-10-01,96.56,96.63,96.34,96.49,8347000
2025-10-02,96.45,96.65,96.39,96.59,9420600
2025-10-03,96.6,96.64,96.38,96.4,5154300
2025-10-06,96.17,96.34,96.11,96.12,6319600
2025-10-07,96.24,96.49,96.18,96.36,5119900
2025-10-08,96.54,96.56,96.32,96.38,5141900
2025-10-09,96.29,96.36,96.23,96.31,7130600
2025-10-10,96.65,97.02,96.57,96.91,10417700
2025-10-13,96.9,96.99,96.78,96.96,5607600
2025-10-14,97.06,97.24,96.98,97.21,7650600
2025-10-15,97.21,97.33,97.02,97.1,7769300
2025-10-16,97.02,97.59,97.0,97.55,11627200
2025-10-17,97.46,97.48,97.27,97.39,12491000
2025-10-20,97.45,97.53,97.37,97.52,10437800
2025-10-21,97.69,97.77,97.63,97.7,7642000
2025-10-22,97.65,97.77,97.56,97.72,6523500
2025-10-23,97.52,97.58,97.38,97.4,6138300
2025-10-24,97.52,97.54,97.33,97.49,7555200
2025-10-27,97.34,97.49,97.21,97.49,7272300
2025-10-28,97.43,97.63,97.43,97.58,5539600
2025-10-29,97.53,97.53,96.9,96.95,11223300
2025-10-30,96.67,96.96,96.65,96.81,8958800
2025-10-31,96.87,96.95,96.79,96.85,9739900
2025-11-03,96.42,96.56,96.37,96.5,8012500
2025-11-04,96.57,96.67,96.55,96.62,6119000
2025-11-05,96.45,96.47,96.13,96.16,11749200
2025-11-06,96.52,96.72,96.51,96.65,7665000
2025-11-07,96.56,96.86,96.55,96.69,11460300
2025-11-10,96.57,96.65,96.51,96.56,9097300
2025-11-11,96.81,96.89,96.73,96.86,4937700
2025-11-12,96.81,96.95,96.78,96.88,7188200
2025-11-13,96.65,96.8,96.6,96.6,46965300
2025-11-14,96.88,96.93,96.42,96.44,11288500
2025-11-17,96.54,96.62,96.49,96.55,6648500
2025-11-18,96.84,96.93,96.57,96.71,8769000
2025-11-19,96.81,96.86,96.6,96.64,13075900
2025-11-20,96.74,96.95,96.7,96.87,9076400
2025-11-21,97.19,97.23,97.0,97.19,12551100
2025-11-24,97.29,97.36,97.18,97.34,6903900
2025-11-25,97.44,97.7,97.43,97.59,9193400
2025-11-26,97.48,97.67,97.33,97.67,7747100
2025-11-28,97.63,97.65,97.39,97.5,7798000
2025-12-01,96.77,96.84,96.68,96.69,9898100
2025-12-02,96.66,96.82,96.6,96.77,7317200
2025-12-03,96.93,97.03,96.81,96.97,6855100
2025-12-04,96.82,96.83,96.62,96.67,8928900
2025-12-05,96.69,96.7,96.42,96.47,9118700
2025-12-08,96.41,96.42,96.09,96.27,14728300
2025-12-09,96.41,96.41,96.11,96.13,8509200
2025-12-10,96.09,96.47,96.08,96.44,13356900
2025-12-11,96.68,96.73,96.42,96.45,8672800
2025-12-12,96.19,96.27,96.17,96.19,8348700
2025-12-15,96.41,96.51,96.25,96.27,6117000
2025-12-16,96.24,96.56,96.23,96.54,7456400
2025-12-17,96.42,96.57,96.4,96.52,5673200
2025-12-18,96.77,96.83,96.64,96.77,7357600
2025-12-19,96.3,96.39,96.2,96.24,5806600
