Date,Open,High,Low,Close,Volume
2017-01-03,102.87,103.82,102.59,103.21,0
2017-01-04,103.18,103.44,102.39,102.7,0
2017-01-05,102.43,102.51,101.3,101.52,0
2017-01-06,101.42,102.29,101.37,102.22,0
2017-01-09,102.26,102.52,101.8,101.93,0
2017-01-10,101.85,102.1,101.51,102.01,0
2017-01-11,102.06,102.95,101.28,101.78,0
2017-01-12,101.67,101.8,100.72,101.35,0
2017-01-13,101.49,101.67,101.01,101.18,0
2017-01-17,101.55,101.62,100.28,100.33,0
2017-01-18,100.44,101.34,100.32,100.93,0
2017-01-19,101.34,101.73,100.97,101.15,0
2017-01-20,101.15,101.5,100.7,100.74,0
2017-01-23,100.72,100.72,99.93,100.16,0
2017-01-24,100.07,100.43,99.92,100.35,0
2017-01-25,100.31,100.41,99.84,100.03,0
2017-01-26,99.91,100.73,99.79,100.38,0
2017-01-27,100.47,100.82,100.32,100.53,0
2017-01-30,100.35,101.02,100.17,100.43,0
2017-01-31,100.33,100.51,99.43,99.51,0
2017-02-01,99.56,100.04,99.5,99.64,0
2017-02-02,99.74,99.85,99.23,99.85,0
2017-02-03,99.8,100.26,99.56,99.87,0
2017-02-06,99.62,100.25,99.62,99.91,0
2017-02-07,99.93,100.72,99.91,100.26,0
2017-02-08,100.44,100.64,100.06,100.28,0
2017-02-09,100.23,100.67,100.08,100.65,0
2017-02-10,100.66,101.01,100.58,100.8,0
2017-02-13,100.85,101.11,100.58,100.96,0
2017-02-14,100.97,101.38,100.7,101.25,0
2017-02-15,101.21,101.76,101.0,101.18,0
2017-02-16,101.05,101.07,100.41,100.44,0
2017-02-17,100.54,100.96,100.45,100.95,0
2017-02-21,100.94,101.6,100.91,101.37,0
2017-02-22,101.39,101.72,101.17,101.33,0
2017-02-23,101.37,101.44,100.87,101.05,0
2017-02-24,100.96,101.17,100.66,101.09,0
2017-02-27,101.08,101.27,100.69,101.13,0
2017-02-28,101.21,101.39,100.78,101.12,0
2017-03-01,101.44,101.97,101.23,101.78,0
2017-03-02,101.91,102.26,101.78,102.2,0
2017-03-03,102.12,102.17,101.34,101.54,0
2017-03-06,101.44,101.75,101.22,101.64,0
2017-03-07,101.68,101.91,101.53,101.81,0
2017-03-08,101.79,102.19,101.71,102.07,0
2017-03-09,102.11,102.25,101.7,101.85,0
2017-03-10,102.0,102.0,101.17,101.25,0
2017-03-13,101.28,101.39,101.01,101.38,0
2017-03-14,101.41,101.79,101.34,101.7,0
2017-03-15,101.72,101.72,100.49,100.74,0
2017-03-16,100.56,100.75,100.23,100.27,0
2017-03-17,100.25,100.47,100.14,100.3,0
2017-03-20,100.34,100.45,100.02,100.41,0
2017-03-21,100.38,100.38,99.66,99.81,0
2017-03-22,99.69,99.93,99.55,99.68,0
2017-03-23,99.74,99.87,99.63,99.76,0
2017-03-24,99.77,100.0,99.53,99.63,0
2017-03-27,99.43,99.43,98.86,99.17,0
2017-03-28,99.22,99.79,99.12,99.71,0
2017-03-29,99.71,100.13,99.67,100.0,0
2017-03-30,99.96,100.59,99.93,100.41,0
2017-03-31,100.49,100.65,100.25,100.35,0
2017-04-03,100.5,100.69,100.37,100.54,0
2017-04-04,100.5,100.73,100.42,100.54,0
2017-04-05,100.53,100.85,100.41,100.56,0
2017-04-06,100.52,100.77,100.38,100.67,0
2017-04-07,100.74,101.26,100.52,101.18,0
2017-04-10,101.13,101.34,100.94,101.02,0
2017-04-11,100.96,101.08,100.58,100.71,0
2017-04-12,100.74,100.82,100.09,100.78,0
2017-04-13,100.16,100.6,100.01,100.56,0
2017-04-17,100.47,100.47,100.0,100.3,0
2017-04-18,100.35,100.4,99.47,99.5,0
2017-04-19,99.51,99.89,99.51,99.74,0
2017-04-20,99.78,99.85,99.37,99.78,0
2017-04-21,99.84,100.03,99.65,99.98,0
2017-04-24,98.79,99.33,98.79,99.09,0
2017-04-25,99.05,99.22,98.7,98.82,0
2017-04-26,98.85,99.33,98.73,98.96,0
2017-04-27,98.95,99.33,98.81,99.08,0
2017-04-28,99.17,99.25,98.72,99.05,0
2017-05-01,98.93,99.21,98.89,99.14,0
2017-05-02,99.07,99.22,98.92,98.98,0
2017-05-03,98.93,99.39,98.89,99.21,0
2017-05-04,99.35,99.46,98.71,98.76,0
2017-05-05,98.77,98.98,98.54,98.65,0
2017-05-08,98.5,99.18,98.5,99.15,0
2017-05-09,99.14,99.69,99.08,99.59,0
2017-05-10,99.47,99.72,99.37,99.67,0
2017-05-11,99.66,99.89,99.49,99.62,0
2017-05-12,99.63,99.7,99.16,99.25,0
2017-05-15,99.16,99.26,98.79,98.91,0
2017-05-16,98.87,98.89,98.08,98.11,0
2017-05-17,98.09,98.13,97.42,97.42,0
2017-05-18,97.43,98.07,97.37,97.88,0
2017-05-19,97.85,97.85,97.08,97.15,0
2017-05-22,97.16,97.44,96.8,96.98,0
2017-05-23,96.95,97.42,96.8,97.35,0
2017-05-24,97.34,97.47,97.03,97.24,0
2017-05-25,97.08,97.28,96.88,97.25,0
2017-05-26,97.23,97.55,97.04,97.4,0
2017-05-30,97.64,97.78,97.22,97.28,0
2017-05-31,97.43,97.5,96.86,96.92,0
2017-06-01,96.99,97.32,96.9,97.2,0
2017-06-02,97.19,97.31,96.65,96.72,0
2017-06-05,96.68,96.97,96.68,96.8,0
2017-06-06,96.79,96.8,96.52,96.64,0
2017-06-07,96.54,96.98,96.51,96.75,0
2017-06-08,96.7,97.16,96.59,96.92,0
2017-06-09,97.19,97.5,97.15,97.27,0
2017-06-12,97.27,97.32,97.04,97.14,0
2017-06-13,97.17,97.28,96.95,96.98,0
2017-06-14,97.0,97.13,96.32,96.94,0
2017-06-15,96.93,97.56,96.84,97.43,0
2017-06-16,97.48,97.56,97.1,97.16,0
2017-06-19,97.11,97.58,97.05,97.53,0
2017-06-20,97.54,97.87,97.43,97.75,0
2017-06-21,97.73,97.8,97.52,97.56,0
2017-06-22,97.54,97.65,97.43,97.54,0
2017-06-23,97.56,97.58,97.18,97.3,0
2017-06-26,97.3,97.47,97.11,97.43,0
2017-06-27,97.43,97.45,96.34,96.47,0
2017-06-28,96.43,96.62,95.97,96.05,0
2017-06-29,96.04,96.05,95.53,95.63,0
2017-06-30,95.54,95.83,95.47,95.66,0
2017-07-03,95.62,96.24,95.62,96.2,0
2017-07-05,96.19,96.51,96.07,96.29,0
2017-07-06,96.19,96.34,95.79,95.82,0
2017-07-07,95.81,96.15,95.75,96.01,0
2017-07-10,96.04,96.2,95.95,96.05,0
2017-07-11,96.07,96.21,95.65,95.74,0
2017-07-12,95.78,95.98,95.51,95.79,0
2017-07-13,95.78,95.92,95.46,95.73,0
2017-07-14,95.8,95.83,95.09,95.11,0
2017-07-17,95.1,95.35,95.02,95.13,0
2017-07-18,95.16,95.19,94.48,94.66,0
2017-07-19,94.69,94.89,94.64,94.8,0
2017-07-20,94.77,95.17,94.09,94.27,0
2017-07-21,94.29,94.36,93.85,93.94,0
2017-07-24,93.95,94.12,93.82,93.98,0
2017-07-25,94.03,94.12,93.64,94.05,0
2017-07-26,94.09,94.29,93.4,93.67,0
2017-07-27,93.46,94.1,93.15,93.86,0
2017-07-28,93.87,93.95,93.26,93.26,0
2017-07-31,93.36,93.54,92.78,92.86,0
2017-08-01,92.89,93.12,92.78,93.03,0
2017-08-02,93.06,93.16,92.55,92.83,0
2017-08-03,92.9,93.04,92.68,92.81,0
2017-08-04,92.75,93.77,92.7,93.54,0
2017-08-07,93.5,93.54,93.3,93.43,0
2017-08-08,93.45,93.88,93.24,93.64,0
2017-08-09,93.56,93.89,93.49,93.52,0
2017-08-10,93.5,93.81,93.32,93.4,0
2017-08-11,93.43,93.51,92.93,93.07,0
2017-08-14,93.09,93.5,93.05,93.46,0
2017-08-15,93.47,94.14,93.44,93.85,0
2017-08-16,93.84,94.15,93.48,93.49,0
2017-08-17,93.44,94.08,93.31,93.62,0
2017-08-18,93.68,93.76,93.33,93.43,0
2017-08-21,93.43,93.58,93.0,93.1,0
2017-08-22,93.14,93.58,93.06,93.55,0
2017-08-23,93.51,93.63,93.13,93.15,0
2017-08-24,93.16,93.38,93.14,93.28,0
2017-08-25,93.27,93.44,92.42,92.74,0
2017-08-28,92.36,92.55,92.18,92.21,0
2017-08-29,92.22,92.48,91.62,92.35,0
2017-08-30,92.3,92.95,92.25,92.88,0
2017-08-31,92.85,93.35,92.58,92.67,0
2017-09-01,92.61,92.93,92.1,92.81,0
2017-09-05,92.6,92.73,92.18,92.31,0
2017-09-06,92.24,92.38,91.99,92.29,0
2017-09-07,92.2,92.25,91.41,91.53,0
2017-09-08,91.49,91.51,91.01,91.33,0
2017-09-11,91.86,91.99,91.42,91.86,0
2017-09-12,91.86,92.08,91.77,91.91,0
2017-09-13,91.88,92.53,91.71,92.52,0
2017-09-14,92.35,92.66,92.03,92.12,0
2017-09-15,92.0,92.17,91.58,91.87,0
2017-09-18,91.93,92.21,91.8,92.05,0
2017-09-19,91.98,92.05,91.75,91.79,0
2017-09-20,91.83,92.7,91.53,92.51,0
2017-09-21,92.47,92.66,92.1,92.26,0
2017-09-22,92.18,92.22,91.78,92.17,0
2017-09-25,92.32,92.72,92.21,92.65,0
2017-09-26,92.6,93.29,92.55,92.97,0
2017-09-27,93.04,93.61,93.01,93.36,0
2017-09-28,93.47,93.67,93.07,93.09,0
2017-09-29,93.17,93.27,92.95,93.08,0
2017-10-02,93.29,93.66,93.12,93.56,0
2017-10-03,93.6,93.92,93.43,93.57,0
2017-10-04,93.59,93.59,93.26,93.46,0
2017-10-05,93.48,93.99,93.41,93.96,0
2017-10-06,93.92,94.27,93.77,93.8,0
2017-10-09,93.77,93.84,93.62,93.74,0
2017-10-10,93.73,93.74,93.14,93.29,0
2017-10-11,93.26,93.37,92.9,92.96,0
2017-10-12,92.95,93.23,92.8,93.12,0
2017-10-13,93.09,93.24,92.75,93.09,0
2017-10-16,93.07,93.36,93.07,93.28,0
2017-10-17,93.32,93.73,93.28,93.49,0
2017-10-18,93.48,93.8,93.36,93.36,0
2017-10-19,93.42,93.55,93.06,93.27,0
2017-10-20,93.16,93.78,93.12,93.7,0
2017-10-23,93.84,94.02,93.68,93.94,0
2017-10-24,93.83,93.99,93.68,93.96,0
2017-10-25,93.94,94.01,93.61,93.71,0
2017-10-26,93.63,94.72,93.48,94.61,0
2017-10-27,94.72,95.15,94.72,94.92,0
2017-10-30,94.79,94.9,94.44,94.49,0
2017-10-31,94.54,94.7,94.45,94.55,0
2017-11-01,94.55,94.85,94.51,94.82,0
2017-11-02,94.8,94.8,94.41,94.69,0
2017-11-03,94.73,95.02,94.41,94.94,0
2017-11-06,94.87,95.08,94.71,94.72,0
2017-11-07,94.72,95.15,94.7,94.91,0
2017-11-08,94.8,94.97,94.78,94.87,0
2017-11-09,94.88,94.96,94.42,94.44,0
2017-11-10,94.5,94.65,94.26,94.39,0
2017-11-13,94.41,94.64,94.4,94.49,0
2017-11-14,94.52,94.54,93.75,93.83,0
2017-11-15,93.86,93.91,93.4,93.81,0
2017-11-16,93.84,94.0,93.77,93.93,0
2017-11-17,93.87,93.93,93.51,93.66,0
2017-11-20,93.71,94.1,93.58,94.08,0
2017-11-21,94.04,94.17,93.88,93.95,0
2017-11-22,93.93,93.96,93.21,93.22,0
2017-11-24,93.13,93.25,92.68,92.76,0
2017-11-27,92.69,92.98,92.5,92.9,0
2017-11-28,92.89,93.34,92.83,93.26,0
2017-11-29,93.22,93.44,92.99,93.26,0
2017-11-30,93.26,93.51,92.73,93.01,0
2017-12-01,93.03,93.25,92.6,92.9,0
2017-12-04,93.22,93.36,93.07,93.19,0
2017-12-05,93.09,93.49,93.04,93.38,0
2017-12-06,93.31,93.65,93.17,93.61,0
2017-12-07,93.54,93.8,93.51,93.8,0
2017-12-08,93.79,94.09,93.77,93.9,0
2017-12-11,93.92,93.98,93.67,93.87,0
2017-12-12,93.91,94.22,93.76,94.1,0
2017-12-13,94.06,94.11,93.41,93.43,0
2017-12-14,93.41,93.76,93.28,93.49,0
2017-12-15,93.65,94.0,93.41,93.93,0
2017-12-18,93.98,94.03,93.38,93.7,0
2017-12-19,93.71,93.76,93.43,93.47,0
2017-12-20,93.5,93.54,93.16,93.35,0
2017-12-21,93.31,93.5,93.24,93.28,0
2017-12-22,93.37,93.56,93.31,93.35,0
2017-12-26,93.25,93.4,93.2,93.26,0
2017-12-27,93.3,93.31,92.96,93.03,0
2017-12-28,93.0,93.02,92.57,92.6,0
2017-12-29,92.67,92.67,92.08,92.12,0
2018-01-02,92.24,92.25,91.75,91.85,0
2018-01-03,91.82,92.26,91.81,92.16,0
2018-01-04,92.22,92.26,91.8,91.85,0
2018-01-05,91.87,92.1,91.78,91.95,0
2018-01-08,92.06,92.4,91.88,92.33,0
2018-01-09,92.34,92.64,92.21,92.53,0
2018-01-10,92.57,92.58,91.92,92.33,0
2018-01-11,92.33,92.55,91.79,91.85,0
2018-01-12,91.85,91.88,90.9,90.97,0
2018-01-16,90.44,90.83,90.34,90.39,0
2018-01-17,90.4,90.82,90.34,90.54,0
2018-01-18,90.78,91.0,90.11,90.5,0
2018-01-19,90.5,90.98,90.41,90.57,0
2018-01-22,90.67,90.7,90.16,90.4,0
2018-01-23,90.39,90.7,90.09,90.12,0
2018-01-24,90.0,90.59,89.21,89.21,0
2018-01-25,89.32,90.11,89.16,89.39,0
2018-01-26,89.4,89.58,88.44,89.07,0
2018-01-29,89.02,89.62,89.01,89.31,0
2018-01-30,89.37,89.64,88.91,89.19,0
2018-01-31,89.1,89.3,88.78,89.13,0
2018-02-01,89.04,89.33,88.56,88.67,0
2018-02-02,88.64,89.43,88.59,89.2,0
2018-02-05,89.19,89.67,89.02,89.55,0
2018-02-06,89.66,90.03,89.37,89.59,0
2018-02-07,89.63,90.4,89.47,90.26,0
2018-02-08,90.27,90.57,90.01,90.23,0
2018-02-09,90.25,90.56,90.12,90.44,0
2018-02-12,90.33,90.43,90.07,90.21,0
2018-02-13,90.09,90.18,89.61,89.7,0
2018-02-14,89.69,90.12,88.94,89.12,0
2018-02-15,88.96,89.0,88.54,88.59,0
2018-02-16,88.57,89.23,88.25,89.1,0
2018-02-20,89.24,89.8,89.22,89.72,0
2018-02-21,89.71,90.13,89.59,90.08,0
2018-02-22,90.16,90.24,89.64,89.75,0
2018-02-23,89.78,90.06,89.76,89.88,0
2018-02-26,89.88,90.05,89.5,89.82,0
2018-02-27,89.8,90.5,89.69,90.36,0
2018-02-28,90.41,90.7,90.31,90.61,0
2018-03-01,90.67,90.93,90.22,90.32,0
2018-03-02,90.25,90.29,89.88,89.94,0
2018-03-05,89.83,90.22,89.83,90.08,0
2018-03-06,89.96,90.06,89.5,89.62,0
2018-03-07,89.51,89.78,89.41,89.64,0
2018-03-08,89.59,90.23,89.44,90.12,0
2018-03-09,90.2,90.36,90.0,90.09,0
2018-03-12,90.11,90.19,89.84,89.9,0
2018-03-13,89.91,90.11,89.59,89.66,0
2018-03-14,89.7,89.89,89.56,89.7,0
2018-03-15,89.75,90.17,89.62,90.14,0
2018-03-16,90.14,90.38,89.89,90.23,0
2018-03-19,90.2,90.35,89.76,89.9,0
2018-03-20,89.88,90.45,89.85,90.37,0
2018-03-21,90.4,90.4,89.63,89.78,0
2018-03-22,89.65,89.96,89.4,89.86,0
2018-03-23,89.69,89.74,89.4,89.44,0
2018-03-26,89.47,89.52,88.98,89.03,0
2018-03-27,89.02,89.63,88.94,89.37,0
2018-03-28,89.32,90.15,89.25,90.06,0
2018-03-29,90.07,90.18,89.9,90.15,0
2018-04-02,89.97,90.15,89.82,90.05,0
2018-04-03,90.02,90.28,89.85,90.2,0
2018-04-04,90.16,90.23,89.92,90.14,0
2018-04-05,90.09,90.59,90.07,90.46,0
2018-04-06,90.38,90.6,90.07,90.11,0
2018-04-09,90.07,90.27,89.82,89.84,0
2018-04-10,89.83,89.97,89.54,89.59,0
2018-04-11,89.58,89.67,89.36,89.57,0
2018-04-12,89.52,89.96,89.44,89.75,0
2018-04-13,89.76,89.88,89.66,89.8,0
2018-04-16,89.77,89.85,89.39,89.43,0
2018-04-17,89.41,89.67,89.23,89.52,0
2018-04-18,89.51,89.78,89.45,89.62,0
2018-04-19,89.62,89.95,89.5,89.94,0
2018-04-20,89.9,90.48,89.89,90.32,0
2018-04-23,90.32,90.99,90.32,90.94,0
2018-04-24,90.92,91.08,90.71,90.77,0
2018-04-25,90.78,91.26,90.75,91.17,0
2018-04-26,91.21,91.64,90.96,91.56,0
2018-04-27,91.58,91.99,91.49,91.54,0
2018-04-30,91.53,91.92,91.48,91.84,0
2018-05-01,91.81,92.57,91.8,92.45,0
2018-05-02,92.47,92.83,92.22,92.51,0
2018-05-03,92.72,92.76,92.35,92.41,0
2018-05-04,92.43,92.9,92.35,92.57,0
2018-05-07,92.57,92.97,92.45,92.75,0
2018-05-08,92.77,93.28,92.65,93.12,0
2018-05-09,93.07,93.42,92.84,93.04,0
2018-05-10,93.08,93.16,92.54,92.65,0
2018-05-11,92.69,92.84,92.37,92.54,0
2018-05-14,92.55,92.69,92.24,92.59,0
2018-05-15,92.65,93.46,92.61,93.22,0
2018-05-16,93.31,93.63,93.14,93.39,0
2018-05-17,93.26,93.57,93.12,93.47,0
2018-05-18,93.5,93.83,93.34,93.64,0
2018-05-21,93.67,94.06,93.51,93.68,0
2018-05-22,93.54,93.73,93.29,93.61,0
2018-05-23,93.55,94.19,93.51,94.01,0
2018-05-24,93.92,93.98,93.61,93.78,0
2018-05-25,93.8,94.28,93.75,94.19,0
2018-05-29,94.41,95.03,94.28,94.83,0
2018-05-30,94.82,94.97,94.04,94.15,0
2018-05-31,94.07,94.25,93.72,93.99,0
2018-06-01,93.95,94.45,93.88,94.19,0
2018-06-04,94.16,94.2,93.66,94.02,0
2018-06-05,94.06,94.32,93.78,93.89,0
2018-06-06,93.88,93.89,93.42,93.66,0
2018-06-07,93.59,93.59,93.21,93.4,0
2018-06-08,93.44,93.82,93.39,93.55,0
2018-06-11,93.54,93.68,93.37,93.58,0
2018-06-12,93.67,93.91,93.47,93.8,0
2018-06-13,93.83,94.03,93.52,93.71,0
2018-06-14,93.5,94.87,93.19,94.77,0
2018-06-15,94.91,95.13,94.65,94.79,0
2018-06-18,94.79,95.05,94.7,94.75,0
2018-06-19,94.74,95.3,94.53,95.09,0
2018-06-20,94.97,95.3,94.92,95.06,0
2018-06-21,95.13,95.53,94.68,94.87,0
2018-06-22,94.86,94.88,94.43,94.52,0
2018-06-25,94.5,94.7,94.21,94.28,0
2018-06-26,94.29,94.77,94.17,94.68,0
2018-06-27,94.67,95.42,94.53,95.29,0
2018-06-28,95.27,95.53,95.09,95.39,0
2018-06-29,95.3,95.32,94.48,94.63,0
2018-07-02,94.63,95.14,94.53,94.87,0
2018-07-03,94.84,94.98,94.56,94.59,0
2018-07-05,94.51,94.59,94.18,94.47,0
2018-07-06,94.36,94.49,93.92,94.04,0
2018-07-09,93.97,94.21,93.71,94.08,0
2018-07-10,94.06,94.48,94.02,94.11,0
2018-07-11,94.2,94.77,94.09,94.72,0
2018-07-12,94.7,94.94,94.64,94.81,0
2018-07-13,94.9,95.24,94.67,94.75,0
2018-07-16,94.69,94.77,94.41,94.51,0
2018-07-17,94.55,95.06,94.3,94.97,0
2018-07-18,95.03,95.41,94.96,95.08,0
2018-07-19,95.08,95.65,94.93,95.17,0
2018-07-20,95.13,95.28,94.36,94.46,0
2018-07-23,94.43,94.72,94.21,94.67,0
2018-07-24,94.67,94.86,94.4,94.61,0
2018-07-25,94.59,94.67,94.14,94.36,0
2018-07-26,94.16,94.78,94.08,94.75,0
2018-07-27,94.76,94.91,94.63,94.68,0
2018-07-30,94.66,94.76,94.26,94.36,0
2018-07-31,94.33,94.57,94.16,94.49,0
2018-08-01,94.56,94.71,94.49,94.62,0
2018-08-02,94.63,95.19,94.61,95.17,0
2018-08-03,95.18,95.37,94.98,95.14,0
2018-08-06,95.2,95.52,95.2,95.36,0
2018-08-07,95.34,95.37,94.99,95.22,0
2018-08-08,95.14,95.42,94.99,95.1,0
2018-08-09,95.1,95.62,95.03,95.5,0
2018-08-10,95.64,96.45,95.53,96.36,0
2018-08-13,95.19,96.52,95.16,96.39,0
2018-08-14,95.17,96.79,95.16,96.73,0
2018-08-15,96.66,96.98,96.65,96.7,0
2018-08-16,96.72,96.77,96.32,96.65,0
2018-08-17,96.61,96.66,96.09,96.1,0
2018-08-20,96.13,96.4,95.77,95.9,0
2018-08-21,95.74,95.75,95.08,95.26,0
2018-08-22,95.21,95.38,94.93,95.15,0
2018-08-23,95.17,95.71,95.15,95.62,0
2018-08-24,95.64,95.69,95.03,95.15,0
2018-08-27,95.17,95.3,94.69,94.78,0
2018-08-28,94.77,94.91,94.43,94.72,0
2018-08-29,94.73,94.93,94.53,94.6,0
2018-08-30,94.53,94.9,94.47,94.72,0
2018-08-31,94.7,95.22,94.55,95.14,0
2018-09-04,95.14,95.74,95.14,95.42,0
2018-09-05,95.4,95.66,95.09,95.13,0
2018-09-06,95.1,95.21,94.93,95.02,0
2018-09-07,95.02,95.46,94.87,95.37,0
2018-09-10,95.43,95.56,95.03,95.15,0
2018-09-11,95.15,95.35,94.88,95.06,0
2018-09-12,95.1,95.28,94.73,94.8,0
2018-09-13,94.83,94.97,94.43,94.54,0
2018-09-14,94.55,95.0,94.36,94.98,0
2018-09-17,94.93,94.98,94.44,94.51,0
2018-09-18,94.61,94.73,94.32,94.62,0
2018-09-19,94.54,94.73,94.32,94.55,0
2018-09-20,94.55,94.56,93.83,93.91,0
2018-09-21,93.89,94.33,93.81,94.22,0
2018-09-24,94.23,94.37,93.84,94.26,0
2018-09-25,94.25,94.37,94.01,94.13,0
2018-09-26,94.17,94.4,93.95,94.19,0
2018-09-27,94.26,95.0,94.21,95.0,0
2018-09-28,95.02,95.37,94.92,95.19,0
2018-10-01,95.11,95.37,95.0,95.3,0
2018-10-02,95.3,95.74,95.26,95.51,0
2018-10-03,95.46,96.12,95.26,95.76,0
2018-10-04,96.05,96.12,95.55,95.75,0
2018-10-05,95.76,95.95,95.52,95.62,0
2018-10-08,95.62,96.03,95.59,95.77,0
2018-10-09,95.75,96.16,95.64,95.68,0
2018-10-10,95.59,95.79,95.38,95.51,0
2018-10-11,95.43,95.43,94.99,95.02,0
2018-10-12,95.04,95.37,94.95,95.22,0
2018-10-15,95.35,95.37,94.96,95.07,0
2018-10-16,95.05,95.2,94.79,95.05,0
2018-10-17,95.09,95.66,95.06,95.58,0
2018-10-18,95.66,95.99,95.49,95.9,0
2018-10-19,95.95,96.09,95.54,95.71,0
2018-10-22,95.66,96.09,95.47,96.01,0
2018-10-23,96.03,96.16,95.81,95.96,0
2018-10-24,95.92,96.53,95.91,96.43,0
2018-10-25,96.36,96.73,96.21,96.68,0
2018-10-26,96.59,96.86,96.29,96.36,0
2018-10-29,96.44,96.7,96.35,96.58,0
2018-10-30,96.66,97.02,96.62,97.01,0
2018-10-31,96.99,97.2,96.88,97.13,0
2018-11-01,97.08,97.12,96.2,96.28,0
2018-11-02,96.31,96.59,95.99,96.54,0
2018-11-05,96.44,96.68,96.25,96.35,0
2018-11-06,96.33,96.45,96.15,96.32,0
2018-11-07,95.99,96.46,95.68,96.0,0
2018-11-08,96.19,96.74,96.07,96.64,0
2018-11-09,96.63,97.01,96.62,96.91,0
2018-11-12,97.05,97.69,96.97,97.54,0
2018-11-13,97.6,97.66,97.08,97.3,0
2018-11-14,97.03,97.41,96.75,96.8,0
2018-11-15,97.01,97.39,96.77,96.93,0
2018-11-16,97.05,97.06,96.4,96.47,0
2018-11-19,96.43,96.57,96.12,96.19,0
2018-11-20,96.2,96.89,96.04,96.81,0
2018-11-21,96.82,96.87,96.5,96.71,0
2018-11-23,96.51,96.98,96.4,96.92,0
2018-11-26,96.93,97.1,96.66,97.07,0
2018-11-27,97.03,97.5,96.97,97.37,0
2018-11-28,97.37,97.54,96.69,96.79,0
2018-11-29,96.85,97.01,96.63,96.78,0
2018-11-30,96.76,97.31,96.71,97.27,0
2018-12-03,97.13,97.16,96.71,97.04,0
2018-12-04,96.94,97.13,96.38,96.97,0
2018-12-06,97.01,97.21,96.55,96.81,0
2018-12-07,96.8,96.92,96.51,96.51,0
2018-12-10,96.72,97.24,96.36,97.22,0
2018-12-11,97.18,97.55,96.87,97.39,0
2018-12-12,97.38,97.49,96.89,97.04,0
2018-12-13,97.04,97.29,96.88,97.06,0
2018-12-14,97.09,97.71,97.08,97.44,0
2018-12-17,97.43,97.46,97.05,97.1,0
2018-12-18,97.13,97.17,96.7,97.14,0
2018-12-19,96.91,97.1,96.55,97.04,0
2018-12-20,96.99,97.04,96.17,96.28,0
2018-12-21,96.39,97.05,96.25,96.96,0
2018-12-24,96.94,96.94,96.38,96.55,0
2018-12-26,96.58,97.12,96.53,97.05,0
2018-12-27,96.92,96.94,96.41,96.48,0
2018-12-28,96.51,96.52,96.19,96.39,0
2018-12-31,96.4,96.51,96.07,96.17,0
2019-01-02,96.14,96.96,95.82,96.82,0
2019-01-03,96.720001,96.75,96.209999,96.309998,0
2019-01-04,96.279999,96.610001,96.050003,96.190002,0
2019-01-07,96.160004,96.160004,95.639999,95.709999,0
2019-01-08,95.690002,96.029999,95.68,95.900002,0
2019-01-09,95.81,95.92,95.12,95.22,0
2019-01-10,95.16,95.62,95.03,95.54,0
2019-01-11,95.44,95.76,95.2,95.67,0
2019-01-14,95.65,95.72,95.48,95.59,0
2019-01-15,95.57,96.26,95.47,95.97,0
2019-01-16,95.94,96.18,95.86,96.06,0
2019-01-17,96.07,96.26,95.98,96.07,0
2019-01-18,96.07,96.39,96.01,96.34,0
2019-01-22,96.34,96.48,96.22,96.3,0
2019-01-23,96.32,96.37,96.05,96.12,0
2019-01-24,96.07,96.68,96.04,96.6,0
2019-01-25,96.49,96.53,95.74,95.79,0
2019-01-28,95.79,95.92,95.64,95.75,0
2019-01-29,95.74,95.87,95.62,95.82,0
2019-01-30,95.79,95.98,95.25,95.34,0
2019-01-31,95.35,95.62,95.16,95.58,0
2019-02-01,95.55,95.66,95.4,95.58,0
2019-02-04,95.6,95.92,95.57,95.85,0
2019-02-05,95.83,96.12,95.81,96.1,0
2019-02-06,96.06,96.42,96.04,96.42,0
2019-02-07,96.39,96.67,96.38,96.51,0
2019-02-08,96.6,96.69,96.45,96.64,0
2019-02-11,96.66,97.12,96.62,97.06,0
2019-02-12,97.06,97.2,96.65,96.71,0
2019-02-13,96.73,97.18,96.63,97.13,0
2019-02-14,97.14,97.29,96.95,96.98,0
2019-02-15,97.06,97.37,96.83,96.92,0
2019-02-19,96.809998,97.089996,96.43,96.519997,0
2019-02-20,96.53,96.65,96.29,96.45,0
2019-02-21,96.489998,96.660004,96.360001,96.610001,0
2019-02-22,96.59,96.78,96.43,96.51,0
2019-02-25,96.519997,96.599998,96.32,96.410004,0
2019-02-26,96.389999,96.459999,95.949997,96.0,0
2019-02-27,96.06,96.19,95.88,96.15,0
2019-02-28,96.09,96.28,95.82,96.16,0
2019-03-01,96.22,96.55,96.07,96.53,0
2019-03-04,96.339996,96.82,96.330002,96.68,0
2019-03-05,96.68,97.01,96.66,96.85,0
2019-03-06,96.9,96.99,96.78,96.87,0
2019-03-07,96.83,97.71,96.82,97.67,0
2019-03-08,97.61,97.64,97.25,97.37,0
2019-03-11,97.39,97.45,97.16,97.22,0
2019-03-12,97.05,97.28,96.86,96.94,0
2019-03-13,97.01,97.02,96.39,96.55,0
2019-03-14,96.489998,96.82,96.470001,96.790001,0
2019-03-15,96.720001,96.790001,96.489998,96.599998,0
2019-03-18,96.57,96.63,96.38,96.52,0
2019-03-19,96.510002,96.519997,96.290001,96.379997,0
2019-03-20,96.400002,96.57,95.739998,95.760002,0
2019-03-21,95.910004,96.629997,95.839996,96.5,0
2019-03-22,96.32,96.81,96.21,96.65,0
2019-03-25,96.639999,96.68,96.410004,96.57,0
2019-03-26,96.5,96.849998,96.449997,96.739998,0
2019-03-27,96.75,96.980003,96.68,96.769997,0
2019-03-28,96.970001,97.300003,96.82,97.199997,0
2019-03-29,97.199997,97.339996,97.010002,97.279999,0
2019-04-01,97.18,97.3,97.03,97.25,0
2019-04-02,97.330002,97.519997,97.269997,97.360001,0
2019-04-03,97.300003,97.32,96.959999,97.089996,0
2019-04-04,97.04,97.34,97.02,97.31,0
2019-04-05,97.300003,97.470001,97.190002,97.400002,0
2019-04-08,97.39,97.4,96.98,97.05,0
2019-04-09,97.080002,97.089996,96.860001,97.010002,0
2019-04-10,96.989998,97.220001,96.849998,96.949997,0
2019-04-11,96.89,97.19,96.88,97.18,0
2019-04-12,97.14,97.18,96.75,96.97,0
2019-04-15,96.93,97.18,96.79,96.94,0
2019-04-16,96.93,97.09,96.88,97.04,0
2019-04-17,97.07,97.120003,96.82,97.010002,0
2019-04-18,97.010002,97.489998,96.959999,97.470001,0
2019-04-22,97.379997,97.410004,97.260002,97.279999,0
2019-04-23,97.28,97.78,97.28,97.57,0
2019-04-24,97.599998,98.190002,97.589996,98.099998,0
2019-04-25,98.099998,98.32,97.989998,98.199997,0
2019-04-26,98.120003,98.330002,97.849998,98.010002,0
2019-04-29,98.029999,98.099998,97.830002,97.860001,0
2019-04-30,97.849998,97.889999,97.440002,97.480003,0
2019-05-01,97.53,97.73,97.15,97.69,0
2019-05-02,97.629997,97.849998,97.510002,97.830002,0
2019-05-03,97.830002,98.099998,97.449997,97.519997,0
2019-05-06,97.559998,97.709999,97.459999,97.519997,0
2019-05-07,97.519997,97.739998,97.379997,97.629997,0
2019-05-08,97.57,97.68,97.42,97.62,0
2019-05-09,97.58,97.7,97.24,97.37,0
2019-05-10,97.43,97.449997,97.129997,97.330002,0
2019-05-13,97.3,97.37,97.03,97.32,0
2019-05-14,97.32,97.559998,97.269997,97.529999,0
2019-05-15,97.529999,97.699997,97.440002,97.57,0
2019-05-16,97.540001,97.879997,97.440002,97.839996,0
2019-05-17,97.83,98.03,97.77,98.0,0
2019-05-20,97.96,98.04,97.88,97.93,0
2019-05-21,97.919998,98.129997,97.82,98.059998,0
2019-05-22,98.019997,98.120003,97.889999,98.110001,0
2019-05-23,98.06,98.37,97.81,97.85,0
2019-05-24,97.830002,97.910004,97.550003,97.610001,0
2019-05-28,97.739998,97.980003,97.699997,97.959999,0
2019-05-29,97.93,98.21,97.86,98.14,0
2019-05-30,98.13,98.28,98.09,98.14,0
2019-05-31,98.15,98.17,97.72,97.75,0
2019-06-03,97.64,97.8,97.11,97.14,0
2019-06-04,97.21,97.34,97.0,97.07,0
2019-06-05,97.12,97.37,96.75,97.37,0
2019-06-06,97.290001,97.349998,96.779999,97.029999,0
2019-06-07,97.010002,97.18,96.459999,96.610001,0
2019-06-10,96.65,96.94,96.63,96.76,0
2019-06-11,96.75,96.88,96.64,96.69,0
2019-06-12,96.709999,97.019997,96.580002,97.0,0
2019-06-13,96.959999,97.080002,96.870003,97.010002,0
2019-06-14,97.01,97.58,96.94,97.57,0
2019-06-17,97.52,97.6,97.34,97.56,0
2019-06-18,97.53,97.77,97.37,97.64,0
2019-06-19,97.63,97.68,97.09,97.12,0
2019-06-20,97.18,97.2,96.57,96.63,0
2019-06-21,96.62,96.71,96.15,96.22,0
2019-06-24,96.18,96.2,95.97,95.98,0
2019-06-25,96.0,96.36,95.84,96.16,0
2019-06-26,96.18,96.339996,96.07,96.209999,0
2019-06-27,96.18,96.39,96.14,96.19,0
2019-06-28,96.190002,96.300003,96.019997,96.129997,0
2019-07-01,96.25,96.87,96.25,96.84,0
2019-07-02,96.81,96.88,96.6,96.73,0
2019-07-03,96.73,96.87,96.59,96.77,0
2019-07-05,96.720001,97.440002,96.720001,97.25,0
2019-07-08,97.230003,97.419998,97.160004,97.379997,0
2019-07-09,97.379997,97.589996,97.360001,97.489998,0
2019-07-10,97.510002,97.550003,97.040001,97.099998,0
2019-07-11,97.059998,97.150002,96.800003,97.050003,0
2019-07-12,97.080002,97.120003,96.790001,96.809998,0
2019-07-15,96.84,96.97,96.75,96.93,0
2019-07-16,96.919998,97.440002,96.919998,97.400002,0
2019-07-17,97.360001,97.440002,97.160004,97.220001,0
2019-07-18,97.2,97.26,96.67,96.79,0
2019-07-19,96.82,97.290001,96.760002,97.150002,0
2019-07-22,97.150002,97.300003,97.129997,97.260002,0
2019-07-23,97.300003,97.739998,97.300003,97.709999,0
2019-07-24,97.72,97.81,97.55,97.73,0
2019-07-25,97.690002,97.919998,97.5,97.82,0
2019-07-26,97.79,98.09,97.76,98.01,0
2019-07-29,97.99,98.17,97.9,98.04,0
2019-07-30,98.07,98.21,98.02,98.05,0
2019-07-31,98.03,98.68,98.01,98.52,0
2019-08-01,98.59,98.93,98.27,98.39,0
2019-08-02,98.41,98.45,98.05,98.1,0
2019-08-05,98.11,98.14,97.42,97.5,0
2019-08-06,97.25,97.769997,97.209999,97.629997,0
2019-08-07,97.559998,97.849998,97.309998,97.540001,0
2019-08-08,97.599998,97.739998,97.43,97.620003,0
2019-08-09,97.57,97.639999,97.360001,97.489998,0
2019-08-12,97.540001,97.739998,97.32,97.379997,0
2019-08-13,97.480003,97.849998,97.32,97.809998,0
2019-08-14,97.800003,98.050003,97.669998,97.989998,0
2019-08-15,97.95,98.24,97.82,98.14,0
2019-08-16,98.129997,98.339996,98.110001,98.139999,0
2019-08-19,98.169998,98.389999,98.129997,98.349998,0
2019-08-20,98.360001,98.449997,98.120003,98.190002,0
2019-08-21,98.17,98.33,97.95,98.3,0
2019-08-22,98.25,98.389999,98.080002,98.169998,0
2019-08-23,98.19,98.45,97.59,97.64,0
2019-08-26,97.59,98.09,97.48,98.08,0
2019-08-27,98.05,98.05,97.86,98.0,0
2019-08-28,98.01,98.26,98.0,98.21,0
2019-08-29,98.190002,98.550003,98.160004,98.510002,0
2019-08-30,98.43,99.02,98.41,98.92,0
2019-09-03,99.08,99.37,98.92,98.95,0
2019-09-04,98.96,98.97,98.39,98.45,0
2019-09-05,98.4,98.54,98.09,98.41,0
2019-09-06,98.42,98.52,98.01,98.39,0
2019-09-09,98.42,98.51,98.14,98.28,0
2019-09-10,98.33,98.46,98.26,98.33,0
2019-09-11,98.330002,98.75,97.860001,98.650002,0
2019-09-12,98.629997,99.099998,98.190002,98.309998,0
2019-09-13,98.410004,98.43,98.0,98.260002,0
2019-09-16,98.12,98.71,98.03,98.65,0
2019-09-17,98.650002,98.739998,98.190002,98.260002,0
2019-09-18,98.21,98.69,98.19,98.6,0
2019-09-19,98.57,98.620003,98.199997,98.269997,0
2019-09-20,98.339996,98.639999,98.139999,98.510002,0
2019-09-23,98.510002,98.830002,98.449997,98.599998,0
2019-09-24,98.639999,98.709999,98.290001,98.339996,0
2019-09-25,98.379997,99.059998,98.360001,99.040001,0
2019-09-26,98.959999,99.279999,98.839996,99.209999,0
2019-09-27,99.190002,99.309998,98.989998,99.110001,0
2019-09-30,99.120003,99.459999,99.050003,99.379997,0
2019-10-01,99.4,99.67,99.07,99.13,0
2019-10-02,99.160004,99.419998,98.959999,99.040001,0
2019-10-03,99.03,99.19,98.64,98.86,0
2019-10-04,98.870003,99.0,98.739998,98.809998,0
2019-10-07,98.82,99.010002,98.739998,98.989998,0
2019-10-08,98.980003,99.25,98.849998,99.139999,0
2019-10-09,99.089996,99.160004,98.900002,99.120003,0
2019-10-10,98.98,99.07,98.62,98.71,0
2019-10-11,98.7,98.74,98.2,98.3,0
2019-10-14,98.360001,98.529999,98.339996,98.449997,0
2019-10-15,98.449997,98.650002,98.209999,98.290001,0
2019-10-16,98.32,98.419998,97.900002,98.010002,0
2019-10-17,97.989998,98.110001,97.5,97.610001,0
2019-10-18,97.599998,97.660004,97.139999,97.279999,0
2019-10-21,97.34,97.4,97.15,97.33,0
2019-10-22,97.31,97.57,97.26,97.53,0
2019-10-23,97.49,97.65,97.42,97.47,0
2019-10-24,97.46,97.78,97.28,97.63,0
2019-10-25,97.690002,97.900002,97.57,97.830002,0
2019-10-28,97.849998,97.889999,97.669998,97.760002,0
2019-10-29,97.760002,97.93,97.610001,97.690002,0
2019-10-30,97.67,98.0,97.45,97.65,0
2019-10-31,97.440002,97.449997,97.220001,97.349998,0
2019-11-01,97.300003,97.449997,97.110001,97.239998,0
2019-11-04,97.220001,97.580002,97.169998,97.510002,0
2019-11-05,97.55,98.01,97.47,97.98,0
2019-11-06,97.940002,97.980003,97.779999,97.949997,0
2019-11-07,97.949997,98.230003,97.82,98.139999,0
2019-11-08,98.139999,98.400002,98.099998,98.349998,0
2019-11-11,98.37,98.38,98.13,98.2,0
2019-11-12,98.209999,98.419998,98.209999,98.309998,0
2019-11-13,98.330002,98.449997,98.290001,98.370003,0
2019-11-14,98.339996,98.419998,98.110001,98.160004,0
2019-11-15,98.169998,98.230003,97.959999,98.0,0
2019-11-18,97.980003,97.980003,97.68,97.790001,0
2019-11-19,97.809998,97.889999,97.75,97.860001,0
2019-11-20,97.849998,98.040001,97.849998,97.93,0
2019-11-21,97.860001,98.029999,97.730003,97.989998,0
2019-11-22,97.93,98.309998,97.839996,98.269997,0
2019-11-25,98.27,98.38,98.17,98.32,0
2019-11-26,98.33,98.38,98.23,98.25,0
2019-11-27,98.3,98.44,98.28,98.41,0
2019-11-29,98.349998,98.540001,98.230003,98.269997,0
2019-12-02,98.269997,98.379997,97.809998,97.860001,0
2019-12-03,97.889999,97.940002,97.639999,97.739998,0
2019-12-04,97.709999,97.790001,97.43,97.650002,0
2019-12-05,97.589996,97.599998,97.360001,97.410004,0
2019-12-06,97.379997,97.839996,97.360001,97.699997,0
2019-12-09,97.68,97.72,97.56,97.64,0
2019-12-10,97.65,97.66,97.4,97.41,0
2019-12-11,97.510002,97.599998,97.040001,97.160004,0
2019-12-12,97.080002,97.519997,97.040001,97.400002,0
2019-12-13,96.779999,97.239998,96.720001,97.169998,0
2019-12-16,97.18,97.18,96.93,97.07,0
2019-12-17,97.14,97.3,97.03,97.21,0
2019-12-18,97.24,97.48,97.22,97.41,0
2019-12-19,97.4,97.49,97.22,97.42,0
2019-12-20,97.4,97.76,97.38,97.71,0
2019-12-23,97.67,97.82,97.58,97.66,0
2019-12-24,97.66,97.8,97.62,97.65,0
2019-12-26,97.629997,97.709999,97.489998,97.589996,0
2019-12-27,97.540001,97.550003,96.919998,96.919998,0
2019-12-30,97.0,97.0,96.61,96.74,0
2019-12-31,96.730003,96.730003,96.360001,96.389999,0
2020-01-02,96.48,96.87,96.43,96.85,0
2020-01-03,96.79,97.11,96.71,96.84,0
2020-01-06,96.9,96.9,96.54,96.67,0
2020-01-07,96.65,97.09,96.62,96.98,0
2020-01-08,96.83,97.33,96.82,97.3,0
2020-01-09,97.269997,97.559998,97.25,97.449997,0
2020-01-10,97.43,97.58,97.3,97.36,0
2020-01-13,97.349998,97.529999,97.309998,97.349998,0
2020-01-14,97.360001,97.559998,97.330002,97.370003,0
2020-01-15,97.38,97.44,97.16,97.23,0
2020-01-16,97.18,97.360001,97.089996,97.32,0
2020-01-17,97.309998,97.660004,97.269997,97.610001,0
2020-01-21,97.629997,97.660004,97.389999,97.529999,0
2020-01-22,97.62,97.69,97.44,97.53,0
2020-01-23,97.480003,97.800003,97.43,97.690002,0
2020-01-24,97.720001,97.949997,97.669998,97.849998,0
2020-01-27,97.88,98.0,97.78,97.96,0
2020-01-28,97.949997,98.160004,97.900002,98.019997,0
2020-01-29,97.949997,98.190002,97.940002,97.989998,0
2020-01-30,98.03,98.07,97.79,97.87,0
2020-01-31,97.87,97.97,97.36,97.39,0
2020-02-03,97.370003,97.889999,97.370003,97.800003,0
2020-02-04,97.82,98.010002,97.790001,97.959999,0
2020-02-05,97.94,98.32,97.9,98.27,0
2020-02-06,98.290001,98.57,98.209999,98.5,0
2020-02-07,98.459999,98.709999,98.419998,98.68,0
2020-02-10,98.7,98.88,98.6,98.83,0
2020-02-11,98.86,98.95,98.71,98.72,0
2020-02-12,98.769997,99.050003,98.709999,99.050003,0
2020-02-13,98.989998,99.110001,98.849998,99.07,0
2020-02-14,99.12,99.16,99.0,99.12,0
2020-02-18,99.190002,99.470001,99.139999,99.459999,0
2020-02-19,99.43,99.720001,99.379997,99.599998,0
2020-02-20,99.54,99.91,99.53,99.87,0
2020-02-21,99.860001,99.870003,99.230003,99.260002,0
2020-02-24,99.34,99.64,99.11,99.29,0
2020-02-25,99.33,99.39,98.88,98.97,0
2020-02-26,99.080002,99.269997,98.910004,99.0,0
2020-02-27,99.019997,99.050003,98.360001,98.440002,0
2020-02-28,98.42,98.66,97.96,98.13,0
2020-03-02,98.080002,98.089996,97.18,97.360001,0
2020-03-03,97.56,97.7,96.98,97.15,0
2020-03-04,97.17,97.59,97.12,97.34,0
2020-03-05,97.379997,97.440002,96.519997,96.82,0
2020-03-06,96.61,96.7,95.71,95.95,0
2020-03-09,95.79,95.79,94.65,94.9,0
2020-03-10,95.34,96.58,95.23,96.41,0
2020-03-11,96.33,96.62,95.91,96.51,0
2020-03-12,96.65,98.31,96.08,97.47,0
2020-03-13,97.45,98.81,97.34,98.75,0
2020-03-16,98.47,98.47,97.45,98.09,0
2020-03-17,98.14,99.83,97.98,99.58,0
2020-03-18,99.38,101.74,99.15,101.16,0
2020-03-19,100.79,102.84,100.77,102.76,0
2020-03-20,102.94,102.99,101.09,102.82,0
2020-03-23,101.949997,102.980003,101.650002,102.489998,0
2020-03-24,102.13,102.21,101.05,101.74,0
2020-03-25,101.599998,101.910004,100.839996,101.050003,0
2020-03-26,100.959999,101.019997,99.239998,99.419998,0
2020-03-27,99.29,99.81,98.27,98.37,0
2020-03-30,98.31,99.32,98.29,99.18,0
2020-03-31,99.25,99.95,98.89,99.05,0
2020-04-01,99.010002,99.839996,98.910004,99.669998,0
2020-04-02,99.51,100.41,99.34,100.18,0
2020-04-03,100.2,100.85,100.14,100.58,0
2020-04-06,100.66,100.93,100.48,100.69,0
2020-04-07,100.75,100.79,99.77,99.98,0
2020-04-08,99.91,100.43,99.9,100.12,0
2020-04-09,100.13,100.3,99.36,99.52,0
2020-04-13,99.49,99.63,99.14,99.35,0
2020-04-14,99.379997,99.43,98.830002,98.889999,0
2020-04-15,98.82,99.980003,98.82,99.459999,0
2020-04-16,99.63,100.3,99.61,100.03,0
2020-04-17,99.86,100.29,99.62,99.78,0
2020-04-20,99.71,100.07,99.65,99.96,0
2020-04-21,99.94,100.48,99.93,100.26,0
2020-04-22,100.21,100.5,99.9,100.39,0
2020-04-23,100.449997,100.690002,100.040001,100.43,0
2020-04-24,100.5,100.87,100.22,100.38,0
2020-04-27,100.23,100.32,99.83,100.04,0
2020-04-28,100.06,100.21,99.45,99.87,0
2020-04-29,99.88,99.89,99.47,99.57,0
2020-04-30,99.48,99.73,98.81,99.02,0
2020-05-01,99.129997,99.209999,98.779999,98.800003,0
2020-05-04,99.09,99.6,99.09,99.48,0
2020-05-05,99.510002,99.970001,99.300003,99.709999,0
2020-05-06,99.8,100.2,99.75,100.09,0
2020-05-07,100.209999,100.400002,99.809998,99.889999,0
2020-05-08,99.839996,99.940002,99.459999,99.730003,0
2020-05-11,99.67,100.28,99.67,100.24,0
2020-05-12,100.23,100.44,99.66,99.93,0
2020-05-13,100.01,100.28,99.58,100.24,0
2020-05-14,100.190002,100.559998,100.150002,100.470001,0
2020-05-15,100.260002,100.489998,100.080002,100.400002,0
2020-05-18,100.36,100.47,99.58,99.67,0
2020-05-19,99.62,99.73,99.23,99.37,0
2020-05-20,99.550003,99.559998,99.0,99.120003,0
2020-05-21,99.18,99.510002,99.019997,99.370003,0
2020-05-22,99.42,99.87,99.39,99.86,0
2020-05-26,99.769997,99.769997,98.900002,98.910004,0
2020-05-27,99.019997,99.339996,98.720001,99.059998,0
2020-05-28,98.91,99.09,98.35,98.38,0
2020-05-29,98.52,98.55,97.95,98.34,0
2020-06-01,98.300003,98.32,97.790001,97.830002,0
2020-06-02,97.84,97.91,97.43,97.67,0
2020-06-03,97.57,97.63,97.19,97.28,0
2020-06-04,97.32,97.63,96.57,96.68,0
2020-06-05,96.739998,97.029999,96.440002,96.940002,0
2020-06-08,96.839996,97.07,96.599998,96.620003,0
2020-06-09,96.63,97.06,96.23,96.32,0
2020-06-10,96.43,96.459999,95.720001,95.959999,0
2020-06-11,96.089996,96.830002,95.949997,96.730003,0
2020-06-12,96.809998,97.449997,96.489998,97.32,0
2020-06-15,97.089996,97.389999,96.599998,96.68,0
2020-06-16,96.559998,97.25,96.43,96.959999,0
2020-06-17,97.01,97.34,96.8,97.16,0
2020-06-18,97.080002,97.580002,96.949997,97.419998,0
2020-06-19,97.42,97.72,97.16,97.62,0
2020-06-22,97.66,97.74,97.01,97.04,0
2020-06-23,96.93,97.25,96.39,96.69,0
2020-06-24,96.66,97.24,96.55,97.15,0
2020-06-25,97.239998,97.599998,97.160004,97.43,0
2020-06-26,97.35,97.68,97.26,97.5,0
2020-06-29,97.5,97.65,97.11,97.54,0
2020-06-30,97.400002,97.800003,97.230003,97.389999,0
2020-07-01,97.389999,97.620003,97.029999,97.199997,0
2020-07-02,97.15,97.34,96.81,97.32,0
2020-07-06,97.15,97.2,96.57,96.79,0
2020-07-07,96.75,97.15,96.6,96.88,0
2020-07-08,96.99,97.05,96.4,96.43,0
2020-07-09,96.45,96.81,96.24,96.7,0
2020-07-10,96.75,96.970001,96.440002,96.650002,0
2020-07-13,96.66,96.68,96.27,96.46,0
2020-07-14,96.540001,96.699997,96.18,96.260002,0
2020-07-15,96.17,96.25,95.78,96.08,0
2020-07-16,96.0,96.4,95.89,96.35,0
2020-07-17,96.279999,96.330002,95.900002,95.940002,0
2020-07-20,96.010002,96.18,95.730003,95.830002,0
2020-07-21,95.75,95.92,95.05,95.12,0
2020-07-22,95.129997,95.410004,94.830002,94.970001,0
2020-07-23,94.98,95.18,94.59,94.69,0
2020-07-24,94.769997,94.830002,94.330002,94.440002,0
2020-07-27,94.35,94.42,93.48,93.67,0
2020-07-28,93.58,94.01,93.49,93.76,0
2020-07-29,93.75,93.8,93.18,93.26,0
2020-07-30,93.32,93.68,92.93,93.02,0
2020-07-31,92.82,93.54,92.55,93.49,0
2020-08-03,93.459999,93.989998,93.32,93.5,0
2020-08-04,93.559998,93.830002,93.230003,93.379997,0
2020-08-05,93.23,93.25,92.56,92.83,0
2020-08-06,92.769997,93.089996,92.519997,92.790001,0
2020-08-07,92.81,93.62,92.76,93.44,0
2020-08-10,93.39,93.7,93.3,93.58,0
2020-08-11,93.6,93.74,93.17,93.63,0
2020-08-12,93.68,93.91,93.27,93.44,0
2020-08-13,93.370003,93.389999,92.93,93.339996,0
2020-08-14,93.220001,93.410004,93.019997,93.099998,0
2020-08-17,93.099998,93.120003,92.769997,92.849998,0
2020-08-18,92.82,92.82,92.129997,92.269997,0
2020-08-19,92.28,93.05,92.15,92.89,0
2020-08-20,92.96,93.24,92.73,92.79,0
2020-08-21,92.72,93.47,92.58,93.25,0
2020-08-24,93.2,93.34,92.84,93.3,0
2020-08-25,93.279999,93.349998,92.970001,93.019997,0
2020-08-26,93.019997,93.360001,92.849998,93.010002,0
2020-08-27,92.85,93.32,92.42,93.01,0
2020-08-28,93.019997,93.099998,92.199997,92.370003,0
2020-08-31,92.300003,92.480003,91.989998,92.139999,0
2020-09-01,92.18,92.400002,91.75,92.339996,0
2020-09-02,92.28,92.87,92.21,92.85,0
2020-09-03,92.66,93.07,92.65,92.74,0
2020-09-04,92.800003,93.239998,92.660004,92.720001,0
2020-09-08,93.05,93.5,93.0,93.48,0
2020-09-09,93.58,93.66,93.14,93.26,0
2020-09-10,93.230003,93.449997,92.699997,93.339996,0
2020-09-11,93.330002,93.379997,93.099998,93.330002,0
2020-09-14,93.29,93.33,92.87,93.07,0
2020-09-15,93.06,93.14,92.79,93.05,0
2020-09-16,93.080002,93.279999,92.779999,93.209999,0
2020-09-17,93.15,93.59,92.87,92.97,0
2020-09-18,92.860001,93.010002,92.769997,92.93,0
2020-09-21,93.010002,93.779999,92.75,93.540001,0
2020-09-22,93.550003,94.080002,93.470001,93.989998,0
2020-09-23,93.989998,94.43,93.93,94.389999,0
2020-09-24,94.379997,94.589996,94.199997,94.349998,0
2020-09-25,94.32,94.74,94.19,94.58,0
2020-09-28,94.580002,94.639999,94.150002,94.260002,0
2020-09-29,94.24,94.3,93.82,93.89,0
2020-09-30,93.849998,94.190002,93.669998,93.889999,0
2020-10-01,93.8,93.92,93.53,93.71,0
2020-10-02,93.730003,94.029999,93.690002,93.839996,0
2020-10-05,93.809998,93.870003,93.370003,93.510002,0
2020-10-06,93.440002,93.849998,93.339996,93.830002,0
2020-10-07,93.83,93.9,93.56,93.63,0
2020-10-08,93.61,93.78,93.5,93.61,0
2020-10-09,93.56,93.59,93.01,93.06,0
2020-10-12,93.06,93.24,93.01,93.07,0
2020-10-13,93.029999,93.599998,93.029999,93.529999,0
2020-10-14,93.540001,93.669998,93.25,93.379997,0
2020-10-15,93.43,93.900002,93.370003,93.860001,0
2020-10-16,93.8,93.88,93.53,93.68,0
2020-10-19,93.72,93.77,93.21,93.43,0
2020-10-20,93.42,93.5,93.0,93.07,0
2020-10-21,93.05,93.07,92.47,92.61,0
2020-10-22,92.67,92.97,92.61,92.95,0
2020-10-23,92.93,93.13,92.66,92.77,0
2020-10-26,92.76,93.11,92.74,93.05,0
2020-10-27,93.07,93.129997,92.790001,92.940002,0
2020-10-28,93.150002,93.650002,93.050003,93.410004,0
2020-10-29,93.46,94.1,93.34,93.96,0
2020-10-30,93.92,94.08,93.65,94.04,0
2020-11-02,93.89,94.29,93.89,94.05,0
2020-11-03,94.050003,94.050003,93.290001,93.550003,0
2020-11-04,93.09,94.3,93.09,93.41,0
2020-11-05,93.34,93.55,92.49,92.53,0
2020-11-06,92.57,92.82,92.18,92.23,0
2020-11-09,92.239998,92.959999,92.129997,92.730003,0
2020-11-10,92.76,92.97,92.6,92.75,0
2020-11-11,92.699997,93.209999,92.610001,93.040001,0
2020-11-12,93.010002,93.139999,92.779999,92.959999,0
2020-11-13,92.95,93.01,92.71,92.76,0
2020-11-16,92.720001,92.839996,92.459999,92.57,0
2020-11-17,92.49,92.61,92.27,92.42,0
2020-11-18,92.44,92.51,92.21,92.32,0
2020-11-19,92.56,92.72,92.24,92.29,0
2020-11-20,92.34,92.43,92.21,92.39,0
2020-11-23,92.400002,92.800003,92.019997,92.510002,0
2020-11-24,92.529999,92.559998,92.129997,92.230003,0
2020-11-25,92.11,92.26,91.93,91.99,0
2020-11-27,92.019997,92.050003,91.760002,91.790001,0
2020-11-30,91.78,92.05,91.51,91.87,0
2020-12-01,91.949997,91.949997,91.160004,91.309998,0
2020-12-02,91.19,91.5,90.99,91.12,0
2020-12-03,91.059998,91.089996,90.510002,90.709999,0
2020-12-04,90.71,90.87,90.48,90.7,0
2020-12-07,90.809998,91.239998,90.620003,90.790001,0
2020-12-08,90.9,91.02,90.75,90.97,0
2020-12-09,90.92,91.2,90.69,91.09,0
2020-12-10,91.06,91.15,90.67,90.79,0
2020-12-11,90.739998,91.040001,90.620003,90.980003,0
2020-12-14,90.98,90.98,90.42,90.71,0
2020-12-15,90.690002,90.82,90.419998,90.470001,0
2020-12-16,90.49,90.7,90.13,90.45,0
2020-12-17,90.269997,90.269997,89.730003,89.82,0
2020-12-18,89.83,90.13,89.83,90.02,0
2020-12-21,89.919998,91.019997,89.919998,90.040001,0
2020-12-22,90.09,90.72,90.06,90.65,0
2020-12-23,90.52,90.67,90.16,90.41,0
2020-12-24,90.279999,90.379997,90.150002,90.330002,0
2020-12-28,90.220001,90.379997,89.980003,90.339996,0
2020-12-29,90.209999,90.230003,89.849998,90.010002,0
2020-12-30,89.98,89.98,89.56,89.63,0
2020-12-31,89.610001,89.980003,89.519997,89.940002,0
2021-01-04,89.93,89.940002,89.419998,89.879997,0
2021-01-05,89.900002,89.900002,89.43,89.440002,0
2021-01-06,89.480003,89.800003,89.209999,89.529999,0
2021-01-07,89.32,89.970001,89.32,89.830002,0
2021-01-08,89.830002,90.25,89.660004,90.099998,0
2021-01-11,90.07,90.730003,90.029999,90.540001,0
2021-01-12,90.519997,90.620003,90.029999,90.050003,0
2021-01-13,90.0,90.449997,89.919998,90.32,0
2021-01-14,90.279999,90.580002,90.080002,90.239998,0
2021-01-15,90.220001,90.800003,90.220001,90.779999,0
2021-01-19,90.730003,90.760002,90.400002,90.5,0
2021-01-20,90.410004,90.699997,90.279999,90.470001,0
2021-01-21,90.419998,90.449997,90.050003,90.129997,0
2021-01-22,90.050003,90.309998,90.050003,90.239998,0
2021-01-25,90.230003,90.519997,90.080002,90.389999,0
2021-01-26,90.389999,90.610001,90.120003,90.169998,0
2021-01-27,90.150002,90.879997,90.150002,90.650002,0
2021-01-28,90.730003,90.860001,90.410004,90.459999,0
2021-01-29,90.559998,90.779999,90.360001,90.580002,0
2021-02-01,90.529999,91.059998,90.5,91.019997,0
2021-02-02,91.0,91.290001,90.800003,91.199997,0
2021-02-03,91.050003,91.309998,90.989998,91.120003,0
2021-02-04,91.089996,91.580002,91.089996,91.529999,0
2021-02-05,91.489998,91.599998,90.980003,91.040001,0
2021-02-08,91.0,91.239998,90.900002,90.93,0
2021-02-09,90.910004,90.93,90.43,90.440002,0
2021-02-10,90.489998,90.529999,90.25,90.370003,0
2021-02-11,90.459999,90.470001,90.260002,90.419998,0
2021-02-12,90.410004,90.739998,90.379997,90.480003,0
2021-02-16,90.290001,90.639999,90.120003,90.510002,0
2021-02-17,90.709999,91.059998,90.620003,90.949997,0
2021-02-18,90.900002,90.980003,90.540001,90.589996,0
2021-02-19,90.57,90.650002,90.18,90.360001,0
2021-02-22,90.339996,90.580002,90.0,90.010002,0
2021-02-23,90.019997,90.260002,89.940002,90.169998,0
2021-02-24,90.099998,90.43,89.980003,90.18,0
2021-02-25,90.07,90.290001,89.68,90.129997,0
2021-02-26,90.360001,90.970001,90.129997,90.93,0
2021-03-01,90.93,91.139999,90.690002,91.040001,0
2021-03-02,91.029999,91.389999,90.730003,90.790001,0
2021-03-03,90.790001,91.059998,90.629997,90.949997,0
2021-03-04,91.010002,91.669998,90.970001,91.629997,0
2021-03-05,91.660004,92.190002,91.620003,91.980003,0
2021-03-08,91.989998,92.419998,91.839996,92.309998,0
2021-03-09,92.459999,92.5,91.910004,91.959999,0
2021-03-10,92.050003,92.239998,91.769997,91.790001,0
2021-03-11,91.790001,91.879997,91.370003,91.419998,0
2021-03-12,91.43,91.959999,91.400002,91.68,0
2021-03-15,91.660004,91.970001,91.540001,91.830002,0
2021-03-16,91.830002,92.029999,91.68,91.870003,0
2021-03-17,91.860001,92.0,91.370003,91.400002,0
2021-03-18,91.400002,91.900002,91.300003,91.849998,0
2021-03-19,91.830002,92.169998,91.660004,91.919998,0
2021-03-22,91.739998,92.150002,91.709999,91.800003,0
2021-03-23,91.800003,92.400002,91.760002,92.339996,0
2021-03-24,92.389999,92.610001,92.339996,92.529999,0
2021-03-25,92.599998,92.919998,92.510002,92.879997,0
2021-03-26,92.809998,92.870003,92.650002,92.769997,0
2021-03-29,92.720001,92.959999,92.720001,92.940002,0
2021-03-30,92.910004,93.349998,92.879997,93.300003,0
2021-03-31,93.239998,93.440002,92.989998,93.230003,0
2021-04-01,93.220001,93.339996,92.879997,92.93,0
2021-04-05,93.010002,93.110001,92.540001,92.599998,0
2021-04-06,92.57,92.790001,92.269997,92.339996,0
2021-04-07,92.32,92.5,92.139999,92.459999,0
2021-04-08,92.419998,92.480003,92.0,92.059998,0
2021-04-09,92.07,92.410004,92.029999,92.160004,0
2021-04-12,92.18,92.330002,92.010002,92.139999,0
2021-04-13,92.080002,92.330002,91.790001,91.849998,0
2021-04-14,91.830002,91.830002,91.57,91.690002,0
2021-04-15,91.629997,91.75,91.489998,91.669998,0
2021-04-16,91.660004,91.809998,91.489998,91.559998,0
2021-04-19,91.540001,91.75,91.029999,91.07,0
2021-04-20,91.050003,91.279999,90.860001,91.239998,0
2021-04-21,91.209999,91.43,91.089996,91.160004,0
2021-04-22,91.110001,91.419998,91.0,91.330002,0
2021-04-23,91.290001,91.300003,90.809998,90.860001,0
2021-04-26,90.830002,90.989998,90.68,90.809998,0
2021-04-27,90.879997,91.07,90.809998,90.910004,0
2021-04-28,90.900002,91.129997,90.550003,90.610001,0
2021-04-29,90.550003,90.790001,90.419998,90.610001,0
2021-04-30,90.629997,91.32,90.589996,91.279999,0
2021-05-03,91.300003,91.389999,90.870003,90.949997,0
2021-05-04,91.0,91.400002,90.989998,91.290001,0
2021-05-05,91.279999,91.440002,91.169998,91.309998,0
2021-05-06,91.269997,91.379997,90.879997,90.949997,0
2021-05-07,90.879997,90.959999,90.190002,90.230003,0
2021-05-10,90.230003,90.339996,90.040001,90.209999,0
2021-05-11,90.239998,90.360001,89.980003,90.139999,0
2021-05-12,90.190002,90.800003,90.160004,90.709999,0
2021-05-13,90.75,90.910004,90.589996,90.75,0
2021-05-14,90.760002,90.800003,90.279999,90.32,0
2021-05-17,90.300003,90.43,90.150002,90.220001,0
2021-05-18,90.18,90.199997,89.690002,89.75,0
2021-05-19,89.779999,90.290001,89.690002,90.190002,0
2021-05-20,90.209999,90.230003,89.760002,89.809998,0
2021-05-21,89.779999,90.150002,89.650002,90.019997,0
2021-05-24,90.029999,90.099998,89.760002,89.830002,0
2021-05-25,89.849998,89.870003,89.540001,89.639999,0
2021-05-26,89.690002,90.110001,89.589996,90.040001,0
2021-05-27,90.080002,90.18,89.889999,89.970001,0
2021-05-28,90.029999,90.440002,89.980003,90.029999,0
2021-06-01,89.809998,89.940002,89.660004,89.830002,0
2021-06-02,89.919998,90.25,89.860001,89.900002,0
2021-06-03,89.93,90.550003,89.889999,90.5,0
2021-06-04,90.470001,90.629997,90.029999,90.139999,0
2021-06-07,90.129997,90.300003,89.910004,89.949997,0
2021-06-08,89.989998,90.18,89.959999,90.080002,0
2021-06-09,90.129997,90.169998,89.839996,90.120003,0
2021-06-10,90.139999,90.309998,89.980003,90.080002,0
2021-06-11,90.07,90.610001,89.959999,90.559998,0
2021-06-14,90.510002,90.599998,90.410004,90.519997,0
2021-06-15,90.480003,90.68,90.349998,90.540001,0
2021-06-16,90.540001,91.400002,90.440002,91.129997,0
2021-06-17,91.43,92.010002,91.309998,91.889999,0
2021-06-18,91.879997,92.410004,91.809998,92.230003,0
2021-06-21,92.32,92.370003,91.830002,91.860001,0
2021-06-22,91.879997,92.139999,91.650002,91.730003,0
2021-06-23,91.730003,91.900002,91.510002,91.800003,0
2021-06-24,91.800003,91.910004,91.660004,91.82,0
2021-06-25,91.830002,91.879997,91.529999,91.809998,0
2021-06-28,91.809998,92.019997,91.699997,91.879997,0
2021-06-29,91.879997,92.190002,91.860001,92.050003,0
2021-06-30,92.080002,92.449997,92.0,92.440002,0
2021-07-01,92.349998,92.599998,92.260002,92.599998,0
2021-07-02,92.57,92.739998,92.18,92.230003,0
2021-07-06,92.239998,92.660004,92.0,92.550003,0
2021-07-07,92.529999,92.849998,92.43,92.639999,0
2021-07-08,92.699997,92.790001,92.239998,92.360001,0
2021-07-09,92.360001,92.540001,92.089996,92.129997,0
2021-07-12,92.099998,92.419998,92.080002,92.230003,0
2021-07-13,92.230003,92.809998,92.139999,92.75,0
2021-07-14,92.800003,92.830002,92.349998,92.410004,0
2021-07-15,92.400002,92.690002,92.269997,92.620003,0
2021-07-16,92.589996,92.760002,92.529999,92.690002,0
2021-07-19,92.709999,93.040001,92.639999,92.889999,0
2021-07-20,92.879997,93.169998,92.800003,92.970001,0
2021-07-21,92.970001,93.190002,92.730003,92.75,0
2021-07-22,92.800003,92.919998,92.510002,92.82,0
2021-07-23,92.809998,93.019997,92.779999,92.910004,0
2021-07-26,92.910004,92.959999,92.529999,92.650002,0
2021-07-27,92.629997,92.839996,92.32,92.43,0
2021-07-28,92.459999,92.75,92.239998,92.32,0
2021-07-29,92.269997,92.290001,91.860001,91.860001,0
2021-07-30,91.849998,92.199997,91.779999,92.169998,0
2021-08-02,92.089996,92.169998,91.910004,92.050003,0
2021-08-03,92.059998,92.160004,91.889999,92.080002,0
2021-08-04,92.040001,92.309998,91.82,92.269997,0
2021-08-05,92.279999,92.349998,92.120003,92.239998,0
2021-08-06,92.269997,92.839996,92.260002,92.800003,0
2021-08-09,92.779999,92.989998,92.720001,92.949997,0
2021-08-10,92.980003,93.139999,92.940002,93.059998,0
2021-08-11,93.07,93.190002,92.800003,92.910004,0
2021-08-12,92.889999,93.040001,92.849998,93.040001,0
2021-08-13,92.970001,93.010002,92.470001,92.519997,0
2021-08-16,92.519997,92.660004,92.480003,92.629997,0
2021-08-17,92.620003,93.169998,92.610001,93.129997,0
2021-08-18,93.139999,93.260002,92.959999,93.139999,0
2021-08-19,93.139999,93.580002,93.139999,93.57,0
2021-08-20,93.559998,93.730003,93.43,93.5,0
2021-08-23,93.459999,93.510002,92.949997,92.959999,0
2021-08-24,92.989998,93.080002,92.809998,92.889999,0
2021-08-25,92.879997,93.129997,92.809998,92.830002,0
2021-08-26,92.830002,93.080002,92.809998,93.059998,0
2021-08-27,93.029999,93.18,92.629997,92.690002,0
2021-08-30,92.68,92.790001,92.599998,92.650002,0
2021-08-31,92.709999,92.75,92.400002,92.629997,0
2021-09-01,92.660004,92.790001,92.379997,92.449997,0
2021-09-02,92.510002,92.540001,92.209999,92.230003,0
2021-09-03,92.220001,92.260002,91.949997,92.040001,0
2021-09-07,92.199997,92.57,92.099998,92.519997,0
2021-09-08,92.540001,92.860001,92.470001,92.650002,0
2021-09-09,92.709999,92.760002,92.379997,92.480003,0
2021-09-10,92.529999,92.650002,92.330002,92.580002,0
2021-09-13,92.610001,92.889999,92.57,92.620003,0
2021-09-14,92.620003,92.68,92.32,92.650002,0
2021-09-15,92.68,92.68,92.419998,92.489998,0
2021-09-16,92.459999,92.959999,92.459999,92.860001,0
2021-09-17,92.879997,93.25,92.769997,93.199997,0
2021-09-20,93.25,93.449997,93.190002,93.239998,0
2021-09-21,93.239998,93.290001,93.050003,93.199997,0
2021-09-22,93.230003,93.510002,92.989998,93.459999,0
2021-09-23,93.480003,93.519997,92.980003,93.099998,0
2021-09-24,93.07,93.419998,93.050003,93.330002,0
2021-09-27,93.279999,93.489998,93.209999,93.379997,0
2021-09-28,93.410004,93.809998,93.360001,93.769997,0
2021-09-29,93.720001,94.43,93.669998,94.339996,0
2021-09-30,94.349998,94.5,94.110001,94.25,0
2021-10-01,94.309998,94.389999,93.989998,94.040001,0
2021-10-04,94.07,94.099998,93.68,93.809998,0
2021-10-05,93.830002,94.07,93.809998,93.980003,0
2021-10-06,93.989998,94.449997,93.980003,94.269997,0
2021-10-07,94.230003,94.279999,94.080002,94.220001,0
2021-10-08,94.209999,94.339996,93.940002,94.07,0
2021-10-11,94.099998,94.400002,94.029999,94.32,0
2021-10-12,94.370003,94.559998,94.230003,94.519997,0
2021-10-13,94.519997,94.529999,94.010002,94.080002,0
2021-10-14,94.019997,94.089996,93.760002,93.959999,0
2021-10-15,94.029999,94.07,93.849998,93.940002,0
2021-10-18,93.949997,94.169998,93.870003,93.949997,0
2021-10-19,93.949997,93.949997,93.5,93.790001,0
2021-10-20,93.809998,93.879997,93.540001,93.559998,0
2021-10-21,93.580002,93.790001,93.5,93.769997,0
2021-10-22,93.75,93.790001,93.540001,93.610001,0
2021-10-25,93.660004,93.959999,93.480003,93.809998,0
2021-10-26,93.839996,94.019997,93.709999,93.949997,0
2021-10-27,93.970001,94.010002,93.690002,93.860001,0
2021-10-28,93.879997,93.970001,93.279999,93.349998,0
2021-10-29,93.360001,94.300003,93.32,94.120003,0
2021-11-01,94.129997,94.309998,93.860001,93.879997,0
2021-11-02,93.93,94.129997,93.82,94.089996,0
2021-11-03,94.120003,94.209999,93.82,93.860001,0
2021-11-04,93.860001,94.470001,93.830002,94.349998,0
2021-11-05,94.339996,94.620003,94.190002,94.32,0
2021-11-08,94.25,94.379997,93.989998,94.050003,0
2021-11-09,94.089996,94.150002,93.879997,93.959999,0
2021-11-10,93.980003,94.900002,93.970001,94.849998,0
2021-11-11,94.839996,95.199997,94.839996,95.18,0
2021-11-12,95.18,95.269997,95.0,95.129997,0
2021-11-15,95.120003,95.599998,94.970001,95.410004,0
2021-11-16,95.470001,95.980003,95.400002,95.919998,0
2021-11-17,95.940002,96.239998,95.730003,95.830002,0
2021-11-18,95.800003,95.839996,95.519997,95.540001,0
2021-11-19,95.589996,96.239998,95.580002,96.07,0
2021-11-22,96.07,96.550003,96.040001,96.5,0
2021-11-23,96.459999,96.610001,96.309998,96.489998,0
2021-11-24,96.529999,96.940002,96.440002,96.839996,0
2021-11-26,96.720001,96.769997,95.75,96.089996,0
2021-11-29,96.139999,96.449997,96.139999,96.339996,0
2021-11-30,96.220001,96.639999,95.519997,95.989998,0
2021-12-01,95.940002,96.139999,95.669998,96.050003,0
2021-12-02,96.07,96.18,95.830002,96.129997,0
2021-12-03,96.120003,96.449997,95.970001,96.120003,0
2021-12-06,96.150002,96.43,96.129997,96.290001,0
2021-12-07,96.300003,96.589996,96.169998,96.370003,0
2021-12-08,96.260002,96.379997,95.849998,95.889999,0
2021-12-09,95.959999,96.339996,95.959999,96.269997,0
2021-12-10,96.220001,96.43,95.980003,96.050003,0
2021-12-13,96.050003,96.449997,96.050003,96.32,0
2021-12-14,96.349998,96.589996,96.099998,96.57,0
2021-12-15,96.550003,96.910004,96.300003,96.510002,0
2021-12-16,96.43,96.449997,95.849998,96.040001,0
2021-12-17,96.0,96.690002,95.879997,96.57,0
2021-12-20,96.669998,96.690002,96.339996,96.550003,0
2021-12-21,96.540001,96.639999,96.339996,96.489998,0
2021-12-22,96.470001,96.599998,96.019997,96.080002,0
2021-12-23,96.029999,96.279999,95.989998,96.019997,0
2021-12-27,96.150002,96.260002,96.050003,96.089996,0
2021-12-28,96.07,96.279999,96.0,96.199997,0
2021-12-29,96.150002,96.400002,95.760002,95.93,0
2021-12-30,95.889999,96.220001,95.860001,95.970001,0
2021-12-31,95.989998,96.110001,95.57,95.669998,0
2022-01-03,95.669998,96.330002,95.629997,96.239998,0
2022-01-04,96.190002,96.459999,96.029999,96.290001,0
2022-01-05,96.309998,96.330002,95.889999,96.190002,0
2022-01-06,96.199997,96.389999,96.040001,96.25,0
2022-01-07,96.260002,96.300003,95.709999,95.739998,0
2022-01-10,95.739998,96.230003,95.739998,95.989998,0
2022-01-11,95.93,96.07,95.580002,95.620003,0
2022-01-12,95.580002,95.690002,94.910004,95.0,0
2022-01-13,94.989998,95.019997,94.660004,94.790001,0
2022-01-14,94.870003,95.269997,94.629997,95.169998,0
2022-01-18,95.220001,95.830002,95.129997,95.730003,0
2022-01-19,95.769997,95.790001,95.489998,95.510002,0
2022-01-20,95.589996,95.860001,95.419998,95.739998,0
2022-01-21,95.809998,95.839996,95.5,95.639999,0
2022-01-24,95.639999,96.129997,95.629997,95.919998,0
2022-01-25,95.93,96.269997,95.900002,95.949997,0
2022-01-26,95.959999,96.540001,95.910004,96.489998,0
2022-01-27,96.550003,97.290001,96.529999,97.260002,0
2022-01-28,97.25,97.440002,97.059998,97.269997,0
2022-01-31,97.220001,97.300003,96.519997,96.540001,0
2022-02-01,96.699997,96.720001,96.239998,96.389999,0
2022-02-02,96.269997,96.300003,95.809998,95.940002,0
2022-02-03,96.019997,96.25,95.239998,95.379997,0
2022-02-04,95.309998,95.699997,95.139999,95.480003,0
2022-02-07,95.480003,95.629997,95.349998,95.400002,0
2022-02-08,95.43,95.75,95.400002,95.639999,0
2022-02-09,95.589996,95.669998,95.379997,95.489998,0
2022-02-10,95.57,96.0,95.169998,95.550003,0
2022-02-11,95.940002,96.110001,95.639999,96.080002,0
2022-02-14,96.029999,96.440002,95.910004,96.370003,0
2022-02-15,96.239998,96.290001,95.959999,95.989998,0
2022-02-16,96.010002,96.059998,95.68,95.699997,0
2022-02-17,95.769997,96.110001,95.709999,95.800003,0
2022-02-18,95.830002,96.169998,95.730003,96.040001,0
2022-02-22,96.080002,96.260002,95.839996,96.029999,0
2022-02-23,96.040001,96.239998,95.849998,96.190002,0
2022-02-24,96.220001,97.739998,96.220001,97.139999,0
2022-02-25,97.0,97.220001,96.519997,96.620003,0
2022-02-28,96.540001,97.419998,96.540001,96.709999,0
2022-03-01,96.769997,97.580002,96.629997,97.410004,0
2022-03-02,97.370003,97.830002,97.290001,97.389999,0
2022-03-03,97.470001,97.949997,97.43,97.790001,0
2022-03-04,98.040001,98.919998,97.839996,98.650002,0
2022-03-07,98.57,99.419998,98.57,99.290001,0
2022-03-08,99.239998,99.32,98.709999,99.059998,0
2022-03-09,99.120003,99.120003,97.849998,97.970001,0
2022-03-10,98.059998,98.599998,97.709999,98.510002,0
2022-03-11,98.360001,99.160004,98.269997,99.120003,0
2022-03-14,99.129997,99.290001,98.68,99.059998,0
2022-03-15,99.129997,99.199997,98.639999,99.07,0
2022-03-16,98.889999,99.080002,98.300003,98.379997,0
2022-03-17,98.5,98.510002,97.730003,98.010002,0
2022-03-18,98.0,98.620003,97.839996,98.230003,0
2022-03-21,98.239998,98.529999,98.160004,98.5,0
2022-03-22,98.489998,98.970001,98.32,98.489998,0
2022-03-23,98.480003,98.879997,98.389999,98.620003,0
2022-03-24,98.639999,98.959999,98.599998,98.790001,0
2022-03-25,98.75,98.830002,98.400002,98.809998,0
2022-03-28,98.809998,99.370003,98.800003,99.089996,0
2022-03-29,99.080002,99.300003,98.040001,98.400002,0
2022-03-30,98.370003,98.43,97.690002,97.790001,0
2022-03-31,97.830002,98.400002,97.690002,98.309998,0
2022-04-01,98.339996,98.739998,98.309998,98.629997,0
2022-04-04,98.57,99.080002,98.519997,98.989998,0
2022-04-05,99.0,99.519997,98.839996,99.470001,0
2022-04-06,99.470001,99.769997,99.309998,99.599998,0
2022-04-07,99.650002,99.830002,99.400002,99.75,0
2022-04-08,99.82,100.190002,99.739998,99.800003,0
2022-04-11,99.839996,100.050003,99.620003,99.93,0
2022-04-12,100.040001,100.330002,99.739998,100.290001,0
2022-04-13,100.339996,100.519997,99.830002,99.879997,0
2022-04-14,99.790001,100.760002,99.57,100.32,0
2022-04-18,100.5,100.860001,100.459999,100.779999,0
2022-04-19,100.830002,101.029999,100.699997,100.959999,0
2022-04-20,100.980003,101.040001,100.220001,100.389999,0
2022-04-21,100.349998,100.639999,99.82,100.580002,0
2022-04-22,100.620003,101.330002,100.470001,101.220001,0
2022-04-25,101.120003,101.860001,101.040001,101.75,0
2022-04-26,101.730003,102.360001,101.510002,102.300003,0
2022-04-27,102.279999,103.279999,102.220001,102.949997,0
2022-04-28,103.040001,103.93,102.980003,103.620003,0
2022-04-29,103.669998,103.669998,102.82,102.959999,0
2022-05-02,103.209999,103.75,103.110001,103.739998,0
2022-05-03,103.599998,103.669998,103.029999,103.470001,0
2022-05-04,103.459999,103.620003,102.459999,102.589996,0
2022-05-05,102.68,103.940002,102.349998,103.75,0
2022-05-06,103.559998,104.059998,103.190002,103.660004,0
2022-05-09,103.660004,104.190002,103.389999,103.650002,0
2022-05-10,103.730003,103.980003,103.5,103.919998,0
2022-05-11,103.900002,104.110001,103.370003,103.849998,0
2022-05-12,104.010002,104.93,103.879997,104.849998,0
2022-05-13,104.769997,105.010002,104.470001,104.559998,0
2022-05-16,104.470001,104.639999,104.139999,104.190002,0
2022-05-17,104.169998,104.230003,103.230003,103.360001,0
2022-05-18,103.339996,103.93,103.190002,103.809998,0
2022-05-19,103.830002,103.879997,102.660004,102.720001,0
2022-05-20,102.900002,103.260002,102.769997,103.150002,0
2022-05-23,103.029999,103.050003,102.040001,102.080002,0
2022-05-24,102.110001,102.32,101.650002,101.860001,0
2022-05-25,101.769997,102.449997,101.730003,102.059998,0
2022-05-26,102.019997,102.269997,101.739998,101.830002,0
2022-05-27,101.720001,101.940002,101.43,101.669998,0
2022-05-31,101.440002,102.169998,101.410004,101.75,0
2022-06-01,101.760002,102.730003,101.739998,102.550003,0
2022-06-02,102.550003,102.620003,101.739998,101.769997,0
2022-06-03,101.75,102.230003,101.639999,102.139999,0
2022-06-06,102.169998,102.470001,101.849998,102.440002,0
2022-06-07,102.489998,102.839996,102.260002,102.32,0
2022-06-08,102.389999,102.779999,102.269997,102.540001,0
2022-06-09,102.559998,103.370003,102.150002,103.220001,0
2022-06-10,103.339996,104.230003,103.050003,104.150002,0
2022-06-13,104.209999,105.290001,104.209999,105.080002,0
2022-06-14,105.190002,105.650002,104.620003,105.519997,0
2022-06-15,105.349998,105.790001,104.660004,105.160004,0
2022-06-16,104.900002,105.489998,103.419998,103.629997,0
2022-06-17,103.879997,105.089996,103.830002,104.699997,0
2022-06-21,104.440002,104.540001,103.940002,104.440002,0
2022-06-22,104.43,104.949997,103.860001,104.199997,0
2022-06-23,104.209999,104.769997,104.059998,104.43,0
2022-06-24,104.379997,104.510002,103.949997,104.190002,0
2022-06-27,104.120003,104.209999,103.669998,103.940002,0
2022-06-28,103.970001,104.610001,103.769997,104.510002,0
2022-06-29,104.459999,105.150002,104.360001,105.110001,0
2022-06-30,105.059998,105.540001,104.650002,104.690002,0
2022-07-01,104.779999,105.639999,104.739998,105.139999,0
2022-07-05,105.139999,106.790001,105.050003,106.5,0
2022-07-06,106.489998,107.260002,106.360001,107.099998,0
2022-07-07,107.07,107.239998,106.709999,107.129997,0
2022-07-08,107.040001,107.790001,106.809998,107.010002,0
2022-07-11,106.919998,108.269997,106.919998,108.019997,0
2022-07-12,108.18,108.559998,107.839996,108.07,0
2022-07-13,108.190002,108.580002,107.480003,107.959999,0
2022-07-14,108.199997,109.290001,108.199997,108.540001,0
2022-07-15,108.669998,108.709999,107.910004,108.059998,0
2022-07-18,107.980003,108.040001,106.889999,107.370003,0
2022-07-19,107.489998,107.629997,106.400002,106.68,0
2022-07-20,106.669998,107.260002,106.389999,107.080002,0
2022-07-21,107.089996,107.32,106.419998,106.910004,0
2022-07-22,106.589996,107.360001,106.110001,106.730003,0
2022-07-25,106.550003,106.879997,106.190002,106.480003,0
2022-07-26,106.449997,107.279999,106.199997,107.190002,0
2022-07-27,107.129997,107.43,106.260002,106.449997,0
2022-07-28,106.370003,106.980003,106.059998,106.349998,0
2022-07-29,106.209999,106.660004,105.540001,105.900002,0
2022-08-01,105.830002,106.029999,105.239998,105.449997,0
2022-08-02,105.360001,106.339996,105.050003,106.239998,0
2022-08-03,106.43,106.82,105.970001,106.510002,0
2022-08-04,106.480003,106.510002,105.669998,105.690002,0
2022-08-05,105.720001,106.93,105.690002,106.620003,0
2022-08-08,106.580002,106.800003,106.089996,106.440002,0
2022-08-09,106.339996,106.410004,105.970001,106.370003,0
2022-08-10,106.339996,106.400002,104.639999,105.199997,0
2022-08-11,105.209999,105.459999,104.650002,105.089996,0
2022-08-12,105.160004,105.879997,105.089996,105.629997,0
2022-08-15,105.669998,106.550003,105.550003,106.550003,0
2022-08-16,106.480003,106.940002,106.32,106.5,0
2022-08-17,106.449997,106.889999,106.309998,106.57,0
2022-08-18,106.68,107.559998,106.510002,107.480003,0
2022-08-19,107.5,108.220001,107.470001,108.169998,0
2022-08-22,108.099998,109.099998,108.080002,109.050003,0
2022-08-23,109.0,109.269997,108.080002,108.620003,0
2022-08-24,108.519997,109.110001,108.360001,108.68,0
2022-08-25,108.629997,108.690002,107.989998,108.470001,0
2022-08-26,108.470001,108.870003,107.589996,108.800003,0
2022-08-29,108.839996,109.480003,108.489998,108.839996,0
2022-08-30,108.699997,109.110001,108.290001,108.769997,0
2022-08-31,108.75,109.199997,108.379997,108.699997,0
2022-09-01,108.839996,109.980003,108.769997,109.690002,0
2022-09-02,109.639999,109.720001,108.93,109.529999,0
2022-09-06,109.599998,110.550003,109.379997,110.209999,0
2022-09-07,110.32,110.790001,109.540001,109.839996,0
2022-09-08,109.669998,110.239998,109.330002,109.709999,0
2022-09-09,109.540001,109.540001,108.360001,109.0,0
2022-09-12,108.599998,108.860001,107.809998,108.330002,0
2022-09-13,108.230003,109.959999,107.68,109.82,0
2022-09-14,109.93,109.93,109.279999,109.660004,0
2022-09-15,109.610001,109.919998,109.419998,109.739998,0
2022-09-16,109.800003,110.260002,109.480003,109.760002,0
2022-09-19,109.639999,110.18,109.489998,109.739998,0
2022-09-20,109.580002,110.290001,109.360001,110.220001,0
2022-09-21,110.160004,111.580002,110.129997,110.639999,0
2022-09-22,111.480003,111.809998,110.459999,111.349998,0
2022-09-23,111.239998,113.230003,111.080002,113.190002,0
2022-09-26,113.019997,114.529999,112.940002,114.099998,0
2022-09-27,114.019997,114.470001,113.330002,114.110001,0
2022-09-28,114.190002,114.779999,112.559998,112.599998,0
2022-09-29,113.010002,113.790001,111.919998,112.25,0
2022-09-30,111.75,112.669998,111.580002,112.120003,0
2022-10-03,112.169998,112.540001,111.470001,111.75,0
2022-10-04,111.589996,111.889999,110.059998,110.07,0
2022-10-05,110.230003,111.739998,110.089996,111.07,0
2022-10-06,111.019997,112.309998,110.779999,112.260002,0
2022-10-07,112.25,112.879997,111.949997,112.800003,0
2022-10-10,112.75,113.330002,112.620003,113.139999,0
2022-10-11,113.080002,113.5,112.410004,113.220001,0
2022-10-12,113.309998,113.589996,113.050003,113.32,0
2022-10-13,113.239998,113.919998,112.150002,112.360001,0
2022-10-14,112.470001,113.419998,112.160004,113.309998,0
2022-10-17,113.220001,113.220001,111.919998,112.040001,0
2022-10-18,112.07,112.459999,111.769997,112.129997,0
2022-10-19,111.919998,113.099998,111.919998,112.980003,0
2022-10-20,112.989998,113.089996,112.169998,112.879997,0
2022-10-21,112.940002,113.940002,111.699997,112.010002,0
2022-10-24,111.879997,112.529999,111.470001,111.989998,0
2022-10-25,111.82,112.129997,110.760002,110.949997,0
2022-10-26,110.959999,111.139999,109.629997,109.699997,0
2022-10-27,109.620003,110.620003,109.540001,110.589996,0
2022-10-28,110.5,111.040001,110.290001,110.669998,0
2022-10-31,110.669998,111.669998,110.669998,111.529999,0
2022-11-01,111.519997,111.779999,110.720001,111.480003,0
2022-11-02,111.540001,112.150002,110.43,111.349998,0
2022-11-03,112.169998,113.150002,111.82,112.93,0
2022-11-04,112.970001,112.989998,110.720001,110.879997,0
2022-11-07,110.790001,111.269997,110.050003,110.120003,0
2022-11-08,110.059998,110.610001,109.370003,109.620003,0
2022-11-09,109.650002,110.639999,109.449997,110.550003,0
2022-11-10,110.300003,110.989998,107.709999,108.209999,0
2022-11-11,108.239998,108.440002,106.279999,106.290001,0
2022-11-14,106.480003,107.269997,106.480003,106.660004,0
2022-11-15,107.0,107.099998,105.339996,106.400002,0
2022-11-16,106.580002,106.779999,105.860001,106.279999,0
2022-11-17,106.269997,107.239998,106.099998,106.690002,0
2022-11-18,106.690002,107.040001,106.339996,106.93,0
2022-11-21,106.970001,107.989998,106.889999,107.839996,0
2022-11-22,107.699997,107.75,107.120003,107.220001,0
2022-11-23,107.080002,107.220001,106.029999,106.080002,0
2022-11-25,105.959999,106.419998,105.690002,105.959999,0
2022-11-28,106.059998,106.75,105.32,106.68,0
2022-11-29,106.57,106.879997,106.059998,106.82,0
2022-11-30,106.720001,107.199997,105.779999,105.949997,0
2022-12-01,105.699997,105.900002,104.660004,104.730003,0
2022-12-02,104.82,105.589996,104.379997,104.550003,0
2022-12-05,104.510002,105.400002,104.110001,105.290001,0
2022-12-06,105.160004,105.629997,104.889999,105.580002,0
2022-12-07,105.629997,105.82,104.879997,105.099998,0
2022-12-08,105.199997,105.43,104.720001,104.769997,0
2022-12-09,104.860001,105.139999,104.480003,104.809998,0
2022-12-12,104.93,105.25,104.669998,105.129997,0
2022-12-13,104.989998,105.099998,103.589996,103.980003,0
2022-12-14,104.07,104.160004,103.449997,103.769997,0
2022-12-15,103.669998,104.879997,103.540001,104.559998,0
2022-12-16,104.449997,104.839996,104.209999,104.699997,0
2022-12-19,104.839996,104.93,104.129997,104.720001,0
2022-12-20,104.730003,104.790001,103.779999,103.970001,0
2022-12-21,103.949997,104.379997,103.849998,104.160004,0
2022-12-22,104.220001,104.599998,103.75,104.43,0
2022-12-23,104.389999,104.540001,104.120003,104.309998,0
2022-12-27,104.120003,104.400002,103.889999,104.18,0
2022-12-28,104.330002,104.559998,103.849998,104.459999,0
2022-12-29,104.370003,104.449997,103.779999,103.839996,0
2022-12-30,103.949997,104.099998,103.389999,103.519997,0
2023-01-03,103.660004,104.860001,103.470001,104.519997,0
2023-01-04,104.580002,104.599998,103.830002,104.25,0
2023-01-05,104.07,105.269997,103.989998,105.040001,0
2023-01-06,105.050003,105.629997,103.870003,103.879997,0
2023-01-09,103.910004,103.940002,102.940002,103.0,0
2023-01-10,103.290001,103.489998,103.029999,103.239998,0
2023-01-11,103.220001,103.480003,103.110001,103.190002,0
2023-01-12,103.059998,103.290001,102.080002,102.25,0
2023-01-13,102.209999,102.650002,101.989998,102.199997,0
2023-01-17,102.32,102.559998,101.940002,102.389999,0
2023-01-18,102.470001,102.900002,101.529999,102.360001,0
2023-01-19,102.379997,102.480003,101.989998,102.059998,0
2023-01-20,102.080002,102.550003,101.940002,102.010002,0
2023-01-23,101.989998,102.279999,101.589996,102.139999,0
2023-01-24,101.989998,102.43,101.720001,101.919998,0
2023-01-25,102.010002,102.120003,101.580002,101.639999,0
2023-01-26,101.580002,102.18,101.5,101.839996,0
2023-01-27,101.720001,102.190002,101.68,101.93,0
2023-01-30,101.919998,102.309998,101.660004,102.279999,0
2023-01-31,102.190002,102.610001,102.010002,102.099998,0
2023-02-01,102.099998,102.190002,101.040001,101.220001,0
2023-02-02,100.849998,101.910004,100.82,101.75,0
2023-02-03,101.830002,103.010002,101.550003,102.919998,0
2023-02-06,103.010002,103.769997,103.010002,103.620003,0
2023-02-07,103.540001,103.959999,103.0,103.43,0
2023-02-08,103.269997,103.519997,103.0,103.410004,0
2023-02-09,103.43,103.550003,102.639999,103.220001,0
2023-02-10,103.260002,103.68,102.900002,103.629997,0
2023-02-13,103.580002,103.839996,103.239998,103.349998,0
2023-02-14,103.220001,103.519997,102.589996,103.230003,0
2023-02-15,103.209999,104.110001,103.160004,103.919998,0
2023-02-16,103.879997,104.230003,103.529999,103.860001,0
2023-02-17,104.199997,104.669998,103.839996,103.860001,0
2023-02-21,103.910004,104.260002,103.769997,104.18,0
2023-02-22,104.129997,104.599998,104.010002,104.589996,0
2023-02-23,104.5,104.779999,104.309998,104.599998,0
2023-02-24,104.559998,105.32,104.419998,105.209999,0
2023-02-27,105.260002,105.360001,104.550003,104.669998,0
2023-02-28,104.629997,105.0,104.419998,104.870003,0
2023-03-01,105.040001,105.089996,104.089996,104.480003,0
2023-03-02,104.389999,105.18,104.389999,105.029999,0
2023-03-03,104.940002,105.0,104.489998,104.519997,0
2023-03-06,104.529999,104.690002,104.160004,104.349998,0
2023-03-07,104.300003,105.650002,104.120003,105.620003,0
2023-03-08,105.669998,105.879997,105.370003,105.660004,0
2023-03-09,105.620003,105.730003,105.150002,105.309998,0
2023-03-10,105.129997,105.349998,104.040001,104.580002,0
2023-03-13,104.389999,104.389999,103.480003,103.599998,0
2023-03-14,103.669998,104.050003,103.5,103.599998,0
2023-03-15,103.739998,105.099998,103.440002,104.650002,0
2023-03-16,104.620003,104.739998,104.199997,104.419998,0
2023-03-17,104.410004,104.449997,103.690002,103.709999,0
2023-03-20,103.860001,103.959999,103.279999,103.279999,0
2023-03-21,103.309998,103.519997,103.0,103.260002,0
2023-03-22,103.199997,103.269997,102.07,102.349998,0
2023-03-23,102.5,102.639999,101.919998,102.529999,0
2023-03-24,102.599998,103.360001,102.5,103.120003,0
2023-03-27,103.120003,103.230003,102.830002,102.860001,0
2023-03-28,102.75,102.760002,102.379997,102.43,0
2023-03-29,102.489998,102.790001,102.370003,102.639999,0
2023-03-30,102.620003,102.779999,102.07,102.139999,0
2023-03-31,102.199997,102.629997,102.050003,102.510002,0
2023-04-03,102.589996,103.059998,101.980003,102.089996,0
2023-04-04,102.010002,102.279999,101.459999,101.589996,0
2023-04-05,101.519997,101.989998,101.419998,101.849998,0
2023-04-06,101.830002,102.139999,101.760002,101.82,0
2023-04-10,102.099998,102.809998,101.989998,102.580002,0
2023-04-11,102.519997,102.519997,102.010002,102.199997,0
2023-04-12,102.129997,102.160004,101.449997,101.5,0
2023-04-13,101.470001,101.599998,100.849998,101.010002,0
2023-04-14,101.0,101.75,100.790001,101.550003,0
2023-04-17,101.580002,102.230003,101.529999,102.099998,0
2023-04-18,102.099998,102.139999,101.639999,101.75,0
2023-04-19,101.709999,102.230003,101.660004,101.970001,0
2023-04-20,101.989998,102.129997,101.629997,101.839996,0
2023-04-21,101.800003,102.120003,101.650002,101.82,0
2023-04-24,101.720001,101.910004,101.330002,101.349998,0
2023-04-25,101.260002,101.949997,101.199997,101.860001,0
2023-04-26,101.82,101.889999,101.010002,101.470001,0
2023-04-27,101.400002,101.800003,101.279999,101.5,0
2023-04-28,101.470001,102.169998,101.419998,101.669998,0
2023-05-01,101.669998,102.190002,101.620003,102.150002,0
2023-05-02,102.150002,102.400002,101.879997,101.959999,0
2023-05-03,101.860001,101.919998,101.07,101.339996,0
2023-05-04,101.199997,101.639999,101.029999,101.400002,0
2023-05-05,101.339996,101.779999,101.120003,101.209999,0
2023-05-08,101.279999,101.419998,101.040001,101.370003,0
2023-05-09,101.400002,101.839996,101.360001,101.639999,0
2023-05-10,101.620003,101.809998,101.220001,101.480003,0
2023-05-11,101.410004,102.150002,101.300003,102.059998,0
2023-05-12,102.099998,102.709999,101.940002,102.68,0
2023-05-15,102.709999,102.75,102.379997,102.43,0
2023-05-16,102.43,102.690002,102.199997,102.559998,0
2023-05-17,102.610001,103.110001,102.540001,102.879997,0
2023-05-18,102.910004,103.620003,102.800003,103.580002,0
2023-05-19,103.510002,103.620003,103.0,103.199997,0
2023-05-22,103.190002,103.370003,102.959999,103.199997,0
2023-05-23,103.269997,103.650002,103.160004,103.489998,0
2023-05-24,103.540001,103.910004,103.349998,103.889999,0
2023-05-25,103.860001,104.309998,103.839996,104.209999,0
2023-05-26,104.230003,104.419998,103.849998,104.209999,0
2023-05-30,104.300003,104.529999,103.879997,104.169998,0
2023-05-31,104.050003,104.699997,104.010002,104.32,0
2023-06-01,104.150002,104.5,103.5,103.559998,0
2023-06-02,103.559998,104.089996,103.379997,104.019997,0
2023-06-05,104.040001,104.400002,103.93,104.0,0
2023-06-06,104.010002,104.370003,103.82,104.129997,0
2023-06-07,104.120003,104.300003,103.660004,104.099998,0
2023-06-08,104.07,104.07,103.300003,103.339996,0
2023-06-09,103.300003,103.610001,103.300003,103.559998,0
2023-06-12,103.550003,103.760002,103.239998,103.629997,0
2023-06-13,103.580002,103.620003,103.050003,103.339996,0
2023-06-14,103.32,103.400002,102.660004,103.010002,0
2023-06-15,102.959999,103.379997,102.089996,102.120003,0
2023-06-16,102.120003,102.43,102.010002,102.300003,0
2023-06-20,102.480003,102.790001,102.32,102.540001,0
2023-06-21,102.5,102.709999,102.019997,102.07,0
2023-06-22,102.029999,102.470001,101.919998,102.389999,0
2023-06-23,102.379997,103.169998,102.379997,102.900002,0
2023-06-26,102.830002,102.830002,102.610001,102.690002,0
2023-06-27,102.739998,102.800003,102.32,102.489998,0
2023-06-28,102.510002,103.150002,102.470001,102.910004,0
2023-06-29,102.959999,103.440002,102.779999,103.339996,0
2023-06-30,103.349998,103.540001,102.75,102.910004,0
2023-07-03,102.919998,103.269997,102.75,102.989998,0
2023-07-05,103.080002,103.389999,102.959999,103.370003,0
2023-07-06,103.349998,103.57,102.919998,103.169998,0
2023-07-07,103.080002,103.190002,102.230003,102.269997,0
2023-07-10,102.290001,102.559998,101.949997,101.970001,0
2023-07-11,101.940002,101.970001,101.650002,101.730003,0
2023-07-12,101.589996,101.610001,100.510002,100.519997,0
2023-07-13,100.519997,100.610001,99.739998,99.769997,0
2023-07-14,99.75,100.019997,99.580002,99.910004,0
2023-07-17,99.959999,100.18,99.75,99.839996,0
2023-07-18,99.889999,100.110001,99.589996,99.940002,0
2023-07-19,99.980003,100.540001,99.93,100.279999,0
2023-07-20,100.279999,100.970001,100.019997,100.879997,0
2023-07-21,100.779999,101.190002,100.720001,101.07,0
2023-07-24,101.089996,101.43,100.889999,101.349998,0
2023-07-25,101.419998,101.650002,101.190002,101.349998,0
2023-07-26,101.32,101.440002,100.860001,100.889999,0
2023-07-27,101.110001,101.839996,100.550003,101.769997,0
2023-07-28,101.690002,102.040001,101.360001,101.620003,0
2023-07-31,101.699997,101.910004,101.529999,101.860001,0
2023-08-01,101.870003,102.43,101.849998,102.300003,0
2023-08-02,101.959999,102.779999,101.959999,102.589996,0
2023-08-03,102.589996,102.839996,102.370003,102.540001,0
2023-08-04,102.449997,102.620003,101.739998,102.019997,0
2023-08-07,102.010002,102.379997,101.970001,102.050003,0
2023-08-08,102.07,102.800003,102.07,102.529999,0
2023-08-09,102.550003,102.580002,102.290001,102.489998,0
2023-08-10,102.480003,102.650002,101.779999,102.519997,0
2023-08-11,102.620003,102.910004,102.419998,102.839996,0
2023-08-14,102.849998,103.459999,102.769997,103.190002,0
2023-08-15,103.150002,103.269997,102.82,103.209999,0
2023-08-16,103.209999,103.529999,102.940002,103.419998,0
2023-08-17,103.480003,103.599998,103.059998,103.440002,0
2023-08-18,103.400002,103.68,103.230003,103.379997,0
2023-08-21,103.43,103.5,103.139999,103.330002,0
2023-08-22,103.330002,103.720001,103.010002,103.559998,0
2023-08-23,103.580002,103.980003,103.300003,103.360001,0
2023-08-24,103.360001,104.029999,103.269997,103.980003,0
2023-08-25,104.099998,104.449997,103.739998,104.080002,0
2023-08-28,104.190002,104.209999,103.980003,104.059998,0
2023-08-29,103.919998,104.360001,103.370003,103.550003,0
2023-08-30,103.440002,103.699997,102.940002,103.160004,0
2023-08-31,103.099998,103.739998,103.010002,103.620003,0
2023-09-01,103.620003,104.290001,103.269997,104.239998,0
2023-09-05,104.129997,104.910004,104.110001,104.809998,0
2023-09-06,104.75,105.019997,104.589996,104.860001,0
2023-09-07,104.860001,105.160004,104.800003,105.059998,0
2023-09-08,105.059998,105.099998,104.660004,105.089996,0
2023-09-11,104.940002,104.940002,104.419998,104.57,0
2023-09-12,104.559998,104.919998,104.459999,104.709999,0
2023-09-13,104.580002,104.970001,104.510002,104.769997,0
2023-09-14,104.739998,105.440002,104.559998,105.410004,0
2023-09-15,105.379997,105.410004,105.080002,105.32,0
2023-09-18,105.300003,105.360001,105.019997,105.199997,0
2023-09-19,105.080002,105.209999,104.82,105.199997,0
2023-09-20,105.110001,105.440002,104.669998,105.160004,0
2023-09-21,105.440002,105.739998,105.279999,105.360001,0
2023-09-22,105.379997,105.779999,105.32,105.580002,0
2023-09-25,105.57,106.099998,105.519997,106.0,0
2023-09-26,105.940002,106.260002,105.860001,106.230003,0
2023-09-27,106.220001,106.839996,106.169998,106.669998,0
2023-09-28,106.68,106.760002,106.019997,106.220001,0
2023-09-29,106.150002,106.239998,105.660004,106.169998,0
2023-10-02,106.169998,107.029999,106.040001,106.900002,0
2023-10-03,107.029999,107.349998,106.910004,107.0,0
2023-10-04,107.059998,107.239998,106.510002,106.800003,0
2023-10-05,106.769997,106.860001,106.32,106.330002,0
2023-10-06,106.360001,106.970001,105.949997,106.040001,0
2023-10-09,106.099998,106.599998,106.019997,106.080002,0
2023-10-10,106.029999,106.25,105.660004,105.830002,0
2023-10-11,105.730003,106.010002,105.559998,105.82,0
2023-10-12,105.669998,106.599998,105.540001,106.57,0
2023-10-13,106.519997,106.790001,106.290001,106.650002,0
2023-10-16,106.580002,106.629997,106.18,106.239998,0
2023-10-17,106.260002,106.529999,106.019997,106.25,0
2023-10-18,106.220001,106.639999,106.010002,106.57,0
2023-10-19,106.540001,106.669998,105.980003,106.25,0
2023-10-20,106.260002,106.419998,106.07,106.160004,0
2023-10-23,106.160004,106.330002,105.519997,105.540001,0
2023-10-24,105.610001,106.32,105.360001,106.269997,0
2023-10-25,106.25,106.57,106.139999,106.529999,0
2023-10-26,106.580002,106.889999,106.529999,106.599998,0
2023-10-27,106.589996,106.800003,106.32,106.559998,0
2023-10-30,106.580002,106.699997,106.059998,106.120003,0
2023-10-31,106.160004,106.860001,105.910004,106.660004,0
2023-11-01,106.669998,107.110001,106.610001,106.879997,0
2023-11-02,106.5,106.510002,105.809998,106.120003,0
2023-11-03,106.199997,106.220001,104.940002,105.019997,0
2023-11-06,105.07,105.290001,104.849998,105.220001,0
2023-11-07,105.269997,105.779999,105.269997,105.540001,0
2023-11-08,105.540001,105.870003,105.449997,105.589996,0
2023-11-09,105.529999,105.970001,105.379997,105.910004,0
2023-11-10,105.93,106.010002,105.739998,105.860001,0
2023-11-13,105.800003,105.959999,105.589996,105.660004,0
2023-11-14,105.650002,105.730003,103.989998,104.110001,0
2023-11-15,104.379997,104.510002,103.980003,104.389999,0
2023-11-16,104.360001,104.559998,104.010002,104.370003,0
2023-11-17,104.400002,104.550003,103.809998,103.82,0
2023-11-20,103.82,103.970001,103.379997,103.470001,0
2023-11-21,103.470001,103.709999,103.18,103.589996,0
2023-11-22,103.550003,104.209999,103.480003,103.919998,0
2023-11-24,103.75,103.839996,103.360001,103.400002,0
2023-11-27,103.419998,103.529999,103.190002,103.199997,0
2023-11-28,103.129997,103.32,102.610001,102.75,0
2023-11-29,102.650002,103.010002,102.470001,102.769997,0
2023-11-30,102.830002,103.589996,102.720001,103.5,0
2023-12-01,103.360001,103.720001,103.120003,103.269997,0
2023-12-04,103.190002,103.849998,103.059998,103.639999,0
2023-12-05,103.559998,104.089996,103.550003,104.050003,0
2023-12-06,103.989998,104.230003,103.870003,104.150002,0
2023-12-07,104.110001,104.199997,103.269997,103.540001,0
2023-12-08,103.639999,104.260002,103.440002,104.010002,0
2023-12-11,103.980003,104.260002,103.93,104.099998,0
2023-12-12,104.029999,104.099998,103.489998,103.870003,0
2023-12-13,103.82,104.029999,102.779999,102.870003,0
2023-12-14,102.779999,102.800003,101.769997,101.959999,0
2023-12-15,102.099998,102.639999,101.839996,102.550003,0
2023-12-18,102.589996,102.629997,102.379997,102.510002,0
2023-12-19,102.470001,102.629997,102.07,102.169998,0
2023-12-20,102.190002,102.540001,102.160004,102.410004,0
2023-12-21,102.389999,102.449997,101.739998,101.839996,0
2023-12-22,101.760002,101.900002,101.43,101.699997,0
2023-12-26,101.650002,101.769997,101.449997,101.470001,0
2023-12-27,101.550003,101.57,100.830002,100.989998,0
2023-12-28,100.870003,101.300003,100.620003,101.230003,0
2023-12-29,101.199997,101.419998,101.07,101.330002,0
2024-01-02,101.419998,102.25,101.339996,102.199997,0
2024-01-03,102.150002,102.730003,102.080002,102.459999,0
2024-01-04,102.459999,102.529999,102.150002,102.419998,0
2024-01-05,102.400002,103.099998,101.910004,102.410004,0
2024-01-08,102.440002,102.620003,102.080002,102.209999,0
2024-01-09,102.220001,102.660004,102.110001,102.57,0
2024-01-10,102.480003,102.639999,102.339996,102.360001,0
2024-01-11,102.300003,102.760002,102.160004,102.290001,0
2024-01-12,102.300003,102.589996,102.089996,102.400002,0
2024-01-16,102.739998,103.43,102.739998,103.360001,0
2024-01-17,103.360001,103.690002,103.260002,103.449997,0
2024-01-18,103.370003,103.629997,103.150002,103.540001,0
2024-01-19,103.370003,103.550003,103.239998,103.290001,0
2024-01-22,103.239998,103.370003,103.110001,103.330002,0
2024-01-23,103.349998,103.82,102.980003,103.620003,0
2024-01-24,103.510002,103.550003,102.769997,103.239998,0
2024-01-25,103.349998,103.68,103.120003,103.57,0
2024-01-26,103.519997,103.730003,103.150002,103.470001,0
2024-01-29,103.470001,103.82,103.400002,103.610001,0
2024-01-30,103.440002,103.610001,103.309998,103.400002,0
2024-01-31,103.419998,103.739998,102.940002,103.269997,0
2024-02-01,103.510002,103.809998,103.019997,103.050003,0
2024-02-02,102.989998,104.040001,102.900002,103.919998,0
2024-02-05,103.989998,104.599998,103.989998,104.449997,0
2024-02-06,104.440002,104.589996,104.139999,104.18,0
2024-02-07,104.150002,104.169998,103.940002,104.040001,0
2024-02-08,104.029999,104.43,103.959999,104.150002,0
2024-02-09,104.139999,104.260002,103.949997,104.080002,0
2024-02-12,104.080002,104.279999,103.900002,104.169998,0
2024-02-13,104.18,104.959999,103.970001,104.959999,0
2024-02-14,104.839996,104.980003,104.660004,104.720001,0
2024-02-15,104.660004,104.709999,104.18,104.300003,0
2024-02-16,104.300003,104.669998,104.169998,104.279999,0
2024-02-20,104.32,104.410004,103.800003,104.080002,0
2024-02-21,104.040001,104.209999,103.940002,104.010002,0
2024-02-22,103.910004,104.129997,103.43,103.959999,0
2024-02-23,103.949997,104.050003,103.769997,103.940002,0
2024-02-26,103.959999,104.019997,103.709999,103.830002,0
2024-02-27,103.779999,103.919998,103.610001,103.830002,0
2024-02-28,103.839996,104.239998,103.809998,103.980003,0
2024-02-29,103.919998,104.199997,103.660004,104.160004,0
2024-03-01,104.129997,104.290001,103.839996,103.860001,0
2024-03-04,103.889999,103.959999,103.730003,103.830002,0
2024-03-05,103.849998,103.949997,103.580002,103.800003,0
2024-03-06,103.809998,103.889999,103.199997,103.370003,0
2024-03-07,103.309998,103.349998,102.800003,102.82,0
2024-03-08,102.730003,102.900002,102.360001,102.739998,0
2024-03-11,102.739998,102.93,102.639999,102.870003,0
2024-03-12,102.82,103.18,102.720001,102.959999,0
2024-03-13,102.93,103.019997,102.669998,102.790001,0
2024-03-14,102.760002,103.400002,102.739998,103.360001,0
2024-03-15,103.389999,103.489998,103.300003,103.43,0
2024-03-18,103.449997,103.650002,103.339996,103.580002,0
2024-03-19,103.589996,104.059998,103.580002,103.809998,0
2024-03-20,103.839996,104.150002,103.379997,103.410004,0
2024-03-21,103.239998,104.050003,103.169998,104.0,0
2024-03-22,103.989998,104.5,103.919998,104.43,0
2024-03-25,104.43,104.480003,104.139999,104.230003,0
2024-03-26,104.220001,104.339996,104.010002,104.290001,0
2024-03-27,104.300003,104.459999,104.220001,104.349998,0
2024-03-28,104.440002,104.730003,104.309998,104.550003,0
2024-04-01,104.489998,105.080002,104.419998,105.019997,0
2024-04-02,105.0,105.099998,104.68,104.82,0
2024-04-03,104.769997,104.839996,104.230003,104.25,0
2024-04-04,104.230003,104.260002,103.919998,104.120003,0
2024-04-05,104.209999,104.690002,104.139999,104.300003,0
2024-04-08,104.290001,104.440002,104.099998,104.139999,0
2024-04-09,104.120003,104.199997,103.879997,104.150002,0
2024-04-10,104.099998,105.300003,104.019997,105.25,0
2024-04-11,105.18,105.529999,105.029999,105.279999,0
2024-04-12,105.279999,106.110001,105.239998,106.040001,0
2024-04-15,106.010002,106.25,105.839996,106.209999,0
2024-04-16,106.169998,106.519997,106.07,106.260002,0
2024-04-17,106.330002,106.440002,105.870003,105.949997,0
2024-04-18,105.93,106.18,105.739998,106.150002,0
2024-04-19,106.190002,106.349998,105.849998,106.150002,0
2024-04-22,106.120003,106.400002,105.980003,106.080002,0
2024-04-23,106.120003,106.239998,105.610001,105.690002,0
2024-04-24,105.690002,105.949997,105.589996,105.860001,0
2024-04-25,105.82,106.0,105.510002,105.599998,0
2024-04-26,105.580002,106.190002,105.410004,105.940002,0
2024-04-29,106.080002,106.080002,105.459999,105.580002,0
2024-04-30,105.669998,106.349998,105.669998,106.220001,0
2024-05-01,106.32,106.489998,105.440002,105.760002,0
2024-05-02,105.730003,105.900002,105.300003,105.300003,0
2024-05-03,105.309998,105.370003,104.519997,105.029999,0
2024-05-06,105.080002,105.199997,104.870003,105.050003,0
2024-05-07,105.139999,105.449997,105.029999,105.410004,0
2024-05-08,105.419998,105.639999,105.389999,105.550003,0
2024-05-09,105.519997,105.739998,105.209999,105.230003,0
2024-05-10,105.209999,105.400002,105.139999,105.309998,0
2024-05-13,105.309998,105.370003,105.059998,105.220001,0
2024-05-14,105.199997,105.459999,104.959999,105.010002,0
2024-05-15,105.050003,105.059998,104.290001,104.349998,0
2024-05-16,104.209999,104.629997,104.080002,104.459999,0
2024-05-17,104.5,104.800003,104.389999,104.449997,0
2024-05-20,104.5,104.650002,104.389999,104.57,0
2024-05-21,104.599998,104.769997,104.480003,104.660004,0
2024-05-22,104.620003,104.970001,104.559998,104.940002,0
2024-05-23,104.900002,105.110001,104.629997,105.110001,0
2024-05-24,105.040001,105.120003,104.639999,104.720001,0
2024-05-28,104.580002,104.639999,104.339996,104.610001,0
2024-05-29,104.639999,105.139999,104.589996,105.099998,0
2024-05-30,105.129997,105.18,104.629997,104.720001,0
2024-05-31,104.760002,104.900002,104.360001,104.669998,0
2024-06-03,104.629997,104.769997,104.059998,104.139999,0
2024-06-04,104.050003,104.330002,103.989998,104.110001,0
2024-06-05,104.169998,104.459999,104.129997,104.269997,0
2024-06-06,104.25,104.370003,104.050003,104.099998,0
2024-06-07,104.089996,104.949997,104.0,104.889999,0
2024-06-10,105.040001,105.389999,105.040001,105.150002,0
2024-06-11,105.150002,105.459999,105.099998,105.230003,0
2024-06-12,105.279999,105.32,104.260002,104.650002,0
2024-06-13,104.690002,105.279999,104.639999,105.199997,0
2024-06-14,105.230003,105.809998,105.18,105.550003,0
2024-06-17,105.510002,105.650002,105.309998,105.32,0
2024-06-18,105.300003,105.559998,105.129997,105.260002,0
2024-06-20,105.199997,105.669998,105.199997,105.589996,0
2024-06-21,105.639999,105.919998,105.540001,105.800003,0
2024-06-24,105.830002,105.900002,105.370003,105.470001,0
2024-06-25,105.510002,105.779999,105.370003,105.610001,0
2024-06-26,105.660004,106.129997,105.610001,106.050003,0
2024-06-27,106.07,106.080002,105.709999,105.910004,0
2024-06-28,105.919998,106.129997,105.75,105.870003,0
2024-07-01,105.849998,105.980003,105.43,105.900002,0
2024-07-02,105.849998,106.050003,105.68,105.720001,0
2024-07-03,105.669998,105.800003,105.050003,105.400002,0
2024-07-05,105.169998,105.169998,104.830002,104.879997,0
2024-07-08,104.879997,105.029999,104.800003,105.010002,0
2024-07-09,104.989998,105.209999,104.959999,105.120003,0
2024-07-10,105.120003,105.169998,104.980003,105.050003,0
2024-07-11,104.989998,105.0,104.080002,104.440002,0
2024-07-12,104.519997,104.550003,104.040001,104.089996,0
2024-07-15,104.080002,104.32,104.029999,104.190002,0
2024-07-16,104.25,104.510002,104.199997,104.269997,0
2024-07-17,104.220001,104.290001,103.650002,103.75,0
2024-07-18,103.699997,104.230003,103.650002,104.169998,0
2024-07-19,104.160004,104.419998,104.129997,104.400002,0
2024-07-22,104.370003,104.419998,104.18,104.309998,0
2024-07-23,104.309998,104.540001,104.199997,104.449997,0
2024-07-24,104.480003,104.559998,104.120003,104.389999,0
2024-07-25,104.379997,104.459999,104.080002,104.360001,0
2024-07-26,104.360001,104.449997,104.209999,104.32,0
2024-07-29,104.330002,104.75,104.139999,104.559998,0
2024-07-30,104.559998,104.800003,104.459999,104.550003,0
2024-07-31,104.43,104.529999,103.93,104.099998,0
2024-08-01,104.07,104.449997,103.860001,104.419998,0
2024-08-02,104.309998,104.43,103.129997,103.209999,0
2024-08-05,103.220001,103.279999,102.160004,102.690002,0
2024-08-06,102.779999,103.230003,102.699997,102.970001,0
2024-08-07,102.949997,103.370003,102.919998,103.199997,0
2024-08-08,103.089996,103.550003,102.919998,103.209999,0
2024-08-09,103.269997,103.300003,103.029999,103.139999,0
2024-08-12,103.150002,103.309998,103.089996,103.139999,0
2024-08-13,103.089996,103.269997,102.550003,102.559998,0
2024-08-14,102.610001,102.720001,102.269997,102.57,0
2024-08-15,102.629997,103.230003,102.540001,102.980003,0
2024-08-16,103.040001,103.050003,102.389999,102.459999,0
2024-08-19,102.400002,102.480003,101.849998,101.889999,0
2024-08-20,101.879997,102.010002,101.360001,101.440002,0
2024-08-21,101.349998,101.629997,100.919998,101.040001,0
2024-08-22,101.129997,101.629997,101.089996,101.510002,0
2024-08-23,101.459999,101.550003,100.599998,100.720001,0
2024-08-26,100.68,100.919998,100.529999,100.849998,0
2024-08-27,100.82,100.93,100.510002,100.550003,0
2024-08-28,100.57,101.18,100.57,101.089996,0
2024-08-29,101.0,101.580002,100.889999,101.339996,0
2024-08-30,101.379997,101.779999,101.25,101.699997,0
2024-09-03,101.660004,101.919998,101.559998,101.830002,0
2024-09-04,101.690002,101.779999,101.239998,101.360001,0
2024-09-05,101.279999,101.370003,100.959999,101.110001,0
2024-09-06,101.059998,101.400002,100.580002,101.18,0
2024-09-09,101.190002,101.699997,101.139999,101.550003,0
2024-09-10,101.639999,101.769997,101.540001,101.629997,0
2024-09-11,101.660004,101.82,101.269997,101.68,0
2024-09-12,101.779999,101.839996,101.230003,101.370003,0
2024-09-13,101.199997,101.199997,100.879997,101.110001,0
2024-09-16,101.040001,101.099998,100.589996,100.760002,0
2024-09-17,100.760002,101.029999,100.57,100.889999,0
2024-09-18,100.940002,101.150002,100.220001,100.599998,0
2024-09-19,101.010002,101.470001,100.519997,100.610001,0
2024-09-20,100.690002,101.019997,100.410004,100.720001,0
2024-09-23,100.739998,101.230003,100.720001,100.919998,0
2024-09-24,100.970001,101.050003,100.339996,100.370003,0
2024-09-25,100.279999,100.989998,100.220001,100.919998,0
2024-09-26,100.93,100.970001,100.480003,100.559998,0
2024-09-27,100.589996,100.879997,100.160004,100.419998,0
2024-09-30,100.419998,100.919998,100.18,100.779999,0
2024-10-01,100.739998,101.389999,100.699997,101.190002,0
2024-10-02,101.239998,101.690002,101.160004,101.68,0
2024-10-03,101.639999,102.099998,101.629997,101.989998,0
2024-10-04,101.910004,102.690002,101.809998,102.519997,0
2024-10-07,102.489998,102.620003,102.370003,102.540001,0
2024-10-08,102.459999,102.639999,102.290001,102.550003,0
2024-10-09,102.489998,102.940002,102.459999,102.93,0
2024-10-10,102.879997,103.18,102.720001,102.989998,0
2024-10-11,102.879997,102.989998,102.769997,102.889999,0
2024-10-14,102.93,103.360001,102.93,103.300003,0
2024-10-15,103.209999,103.349998,103.029999,103.260002,0
2024-10-16,103.260002,103.610001,103.169998,103.589996,0
2024-10-17,103.559998,103.870003,103.440002,103.830002,0
2024-10-18,103.809998,103.809998,103.459999,103.489998,0
2024-10-21,103.459999,104.019997,103.419998,104.010002,0
2024-10-22,103.970001,104.129997,103.82,104.080002,0
2024-10-23,104.089996,104.57,104.089996,104.43,0
2024-10-24,104.43,104.459999,104.010002,104.059998,0
2024-10-25,104.050003,104.339996,103.940002,104.260002,0
2024-10-28,104.32,104.57,104.120003,104.32,0
2024-10-29,104.309998,104.639999,104.209999,104.279999,0
2024-10-30,104.25,104.440002,103.980003,103.989998,0
2024-10-31,104.089996,104.220001,103.82,103.980003,0
2024-11-01,103.860001,104.349998,103.68,104.279999,0
2024-11-04,103.970001,103.970001,103.580002,103.889999,0
2024-11-05,103.910004,103.959999,103.370003,103.419998,0
2024-11-06,104.040001,105.440002,104.040001,105.089996,0
2024-11-07,105.160004,105.25,104.190002,104.510002,0
2024-11-08,104.449997,105.209999,104.339996,105.0,0
2024-11-11,104.949997,105.709999,104.93,105.540001,0
2024-11-12,105.489998,106.18,105.489998,106.019997,0
2024-11-13,106.019997,106.540001,105.720001,106.480003,0
2024-11-14,106.5,107.059998,106.379997,106.669998,0
2024-11-15,106.900002,106.959999,106.330002,106.690002,0
2024-11-18,106.669998,106.809998,106.129997,106.279999,0
2024-11-19,106.260002,106.629997,106.110001,106.209999,0
2024-11-20,106.120003,106.919998,106.110001,106.68,0
2024-11-21,106.589996,107.160004,106.459999,106.970001,0
2024-11-22,107.059998,108.07,106.919998,107.489998,0
2024-11-25,107.25,107.25,106.580002,106.82,0
2024-11-26,107.489998,107.5,106.489998,107.010002,0
2024-11-27,106.82,106.919998,105.860001,106.080002,0
2024-11-29,105.949997,106.129997,105.620003,105.739998,0
2024-12-02,105.82,106.730003,105.82,106.449997,0
2024-12-03,106.480003,106.599998,106.089996,106.370003,0
2024-12-04,106.43,106.720001,106.089996,106.339996,0
2024-12-05,106.339996,106.370003,105.699997,105.709999,0
2024-12-06,105.790001,106.160004,105.419998,105.970001,0
2024-12-09,105.970001,106.209999,105.800003,106.150002,0
2024-12-10,106.18,106.639999,106.040001,106.400002,0
2024-12-11,106.370003,106.809998,106.269997,106.709999,0
2024-12-12,106.57,107.040001,106.349998,106.959999,0
2024-12-13,106.970001,107.190002,106.720001,107.0,0
2024-12-16,106.949997,107.169998,106.75,106.860001,0
2024-12-17,106.82,107.080002,106.699997,106.959999,0
2024-12-18,106.93,108.269997,106.82,108.029999,0
2024-12-19,108.099998,108.489998,107.82,108.410004,0
2024-12-20,108.480003,108.540001,107.589996,107.620003,0
2024-12-23,107.82,108.279999,107.68,108.040001,0
2024-12-24,108.160004,108.300003,107.919998,108.260002,0
2024-12-26,108.169998,108.300003,108.029999,108.129997,0
2024-12-27,108.080002,108.199997,107.870003,108.0,0
2024-12-30,108.010002,108.379997,107.739998,108.129997,0
2024-12-31,108.089996,108.580002,107.870003,108.489998,0
2025-01-02,108.529999,109.529999,108.269997,109.389999,0
2025-01-03,109.199997,109.220001,108.900002,108.949997,0
2025-01-06,108.919998,109.07,107.75,108.260002,0
2025-01-07,108.339996,108.699997,107.849998,108.540001,0
2025-01-08,108.620003,109.379997,108.550003,109.089996,0
2025-01-09,109.089996,109.379997,108.940002,109.18,0
2025-01-10,109.230003,109.970001,109.080002,109.650002,0
2025-01-13,109.639999,110.18,109.410004,109.959999,0
2025-01-14,109.57,109.760002,109.18,109.269997,0
2025-01-15,109.230003,109.379997,108.599998,109.089996,0
2025-01-16,109.07,109.379997,108.830002,108.959999,0
2025-01-17,108.93,109.419998,108.830002,109.349998,0
2025-01-21,107.980003,108.790001,107.919998,108.059998,0
2025-01-22,107.989998,108.269997,107.75,108.169998,0
2025-01-23,108.25,108.510002,107.919998,108.050003,0
2025-01-24,108.089996,108.190002,107.220001,107.440002,0
2025-01-27,107.470001,107.809998,106.970001,107.339996,0
2025-01-28,107.709999,108.050003,107.690002,107.870003,0
2025-01-29,107.889999,108.300003,107.75,108.0,0
2025-01-30,107.860001,108.239998,107.5,107.800003,0
2025-01-31,108.160004,108.57,107.790001,108.370003,0
2025-02-03,108.5,109.879997,108.339996,108.989998,0
2025-02-04,108.68,109.040001,107.919998,107.959999,0
2025-02-05,108.010002,108.010002,107.300003,107.580002,0
2025-02-06,107.620003,108.099998,107.540001,107.690002,0
2025-02-07,107.699997,108.32,107.519997,108.040001,0
2025-02-10,108.099998,108.440002,108.089996,108.32,0
2025-02-11,108.339996,108.459999,107.779999,107.959999,0
2025-02-12,108.010002,108.519997,107.629997,107.940002,0
2025-02-13,107.919998,108.0,107.029999,107.309998,0
2025-02-14,107.120003,107.18,106.57,106.57,0
2025-02-18,106.82,107.120003,106.809998,107.050003,0
2025-02-19,107.029999,107.379997,106.879997,107.169998,0
2025-02-20,107.120003,107.150002,106.339996,106.339996,0
2025-02-21,106.459999,106.75,106.379997,106.610001,0
2025-02-24,106.639999,106.75,106.129997,106.599998,0
2025-02-25,106.769997,106.790001,106.190002,106.309998,0
2025-02-26,106.169998,106.650002,106.160004,106.419998,0
2025-02-27,106.529999,107.309998,106.519997,107.239998,0
2025-02-28,107.25,107.660004,107.18,107.610001,0
2025-03-03,107.559998,107.559998,106.470001,106.75,0
2025-03-04,106.559998,106.650002,105.529999,105.739998,0
2025-03-05,105.620003,105.769997,104.260002,105.739998,0
2025-03-06,104.32,104.389999,103.760002,104.059998,0
2025-03-07,104.110001,104.239998,103.459999,103.839996,0
2025-03-10,103.910004,104.059998,103.559998,103.910004,0
2025-03-11,103.839996,103.919998,103.220001,103.440002,0
2025-03-12,103.419998,103.779999,103.349998,103.610001,0
2025-03-13,103.610001,104.080002,103.510002,103.830002,0
2025-03-14,103.839996,104.089996,103.57,103.720001,0
2025-03-17,103.739998,103.809998,103.300003,103.370003,0
2025-03-18,103.440002,103.68,103.199997,103.239998,0
2025-03-19,103.269997,103.910004,103.25,103.43,0
2025-03-20,103.43,104.129997,103.32,103.849998,0
2025-03-21,103.779999,104.220001,103.760002,104.089996,0
2025-03-24,104.150002,104.440002,103.839996,104.260002,0
2025-03-25,104.330002,104.470001,103.940002,104.18,0
2025-03-26,104.25,104.68,104.18,104.550003,0
2025-03-27,104.650002,104.650002,104.07,104.07,0
2025-03-28,104.279999,104.5,103.900002,104.040001,0
2025-03-31,104.010002,104.389999,103.75,104.209999,0
2025-04-01,104.18,104.370003,104.019997,104.260002,0
2025-04-02,104.199997,104.309998,103.370003,103.809998,0
2025-04-03,103.150002,103.379997,101.269997,102.07,0
2025-04-04,101.989998,103.18,101.540001,103.019997,0
2025-04-07,103.07,103.540001,102.18,103.260002,0
2025-04-08,103.43,103.440002,102.75,102.959999,0
2025-04-09,102.75,103.330002,101.839996,102.900002,0
2025-04-10,102.989998,103.029999,100.699997,100.870003,0
2025-04-11,100.779999,100.779999,99.010002,99.779999,0
2025-04-14,100.019997,100.160004,99.209999,99.639999,0
2025-04-15,99.809998,100.279999,99.480003,100.220001,0
2025-04-16,100.059998,100.099998,99.169998,99.379997,0
2025-04-17,99.230003,99.75,99.220001,99.379997,0
2025-04-21,99.080002,99.209999,97.919998,98.279999,0
2025-04-22,98.300003,99.349998,98.010002,98.919998,0
2025-04-23,99.480003,99.940002,98.860001,99.839996,0
2025-04-24,99.75,99.839996,99.220001,99.290001,0
2025-04-25,99.410004,99.889999,99.400002,99.470001,0
2025-04-28,99.610001,99.839996,98.900002,99.010002,0
2025-04-29,99.040001,99.370003,98.949997,99.239998,0
2025-04-30,99.169998,99.709999,99.139999,99.470001,0
2025-05-01,99.650002,100.379997,99.610001,100.25,0
2025-05-02,100.18,100.330002,99.400002,100.0,0
2025-05-05,100.0,100.050003,99.459999,99.830002,0
2025-05-06,99.830002,100.099998,99.169998,99.239998,0
2025-05-07,99.5,99.970001,99.290001,99.610001,0
2025-05-08,99.849998,100.760002,99.610001,100.639999,0
2025-05-09,100.639999,100.860001,100.089996,100.339996,0
2025-05-12,100.690002,101.980003,100.510002,101.790001,0
2025-05-13,101.730003,101.760002,100.910004,101.0,0
2025-05-14,100.949997,101.139999,100.269997,101.040001,0
2025-05-15,100.970001,101.059998,100.589996,100.879997,0
2025-05-16,100.769997,101.260002,100.519997,101.089996,0
2025-05-19,100.910004,100.910004,100.059998,100.43,0
2025-05-20,100.43,100.580002,100.010002,100.120003,0
2025-05-21,99.989998,99.989998,99.339996,99.559998,0
2025-05-22,99.639999,100.120003,99.440002,99.959999,0
2025-05-23,99.879997,99.940002,99.050003,99.110001,0
2025-05-26,99.089996,99.160004,98.690002,98.93,0
2025-05-27,98.959999,99.620003,98.779999,99.519997,0
2025-05-28,99.529999,99.959999,99.440002,99.879997,0
2025-05-29,100.540001,100.540001,99.220001,99.279999,0
2025-05-30,99.25,99.669998,99.129997,99.330002,0
2025-06-02,99.410004,99.419998,98.610001,98.699997,0
2025-06-03,98.589996,99.330002,98.580002,99.25,0
2025-06-04,99.18,99.389999,98.669998,98.790001,0
2025-06-05,98.800003,98.940002,98.349998,98.739998,0
2025-06-06,98.699997,99.360001,98.660004,99.190002,0
2025-06-09,99.199997,99.230003,98.82,98.940002,0
2025-06-10,98.980003,99.389999,98.860001,99.050003,0
2025-06-11,98.959999,99.220001,98.529999,98.629997,0
2025-06-12,98.459999,98.519997,97.599998,97.919998,0
2025-06-13,97.809998,98.589996,97.620003,98.18,0
2025-06-16,98.260002,98.370003,97.690002,98.0,0
2025-06-17,98.190002,98.870003,98.019997,98.82,0
2025-06-18,98.870003,99.010002,98.480003,98.910004,0
2025-06-20,98.669998,98.889999,98.540001,98.709999,0
2025-06-23,99.089996,99.419998,98.349998,98.419998,0
2025-06-24,98.160004,98.279999,97.709999,97.860001,0
2025-06-25,97.940002,98.199997,97.650002,97.68,0
2025-06-26,97.550003,97.610001,97.0,97.150002,0
2025-06-27,97.330002,97.5,97.0,97.400002,0
2025-06-30,97.190002,97.32,96.769997,96.879997,0
2025-07-01,96.779999,96.949997,96.379997,96.82,0
2025-07-02,96.639999,97.150002,96.620003,96.779999,0
2025-07-03,96.75,97.419998,96.690002,97.18,0
2025-07-07,96.959999,97.669998,96.889999,97.480003,0
2025-07-08,97.360001,97.839996,97.18,97.510002,0
2025-07-09,97.550003,97.75,97.459999,97.470001,0
2025-07-10,97.440002,97.919998,97.269997,97.650002,0
2025-07-11,97.57,97.959999,97.559998,97.849998,0
2025-07-14,97.959999,98.139999,97.769997,98.080002,0
2025-07-15,98.139999,98.699997,97.93,98.620003,0
2025-07-16,98.580002,98.910004,97.709999,98.389999,0
2025-07-17,98.349998,98.949997,98.339996,98.730003,0
2025-07-18,98.489998,98.580002,98.099998,98.480003,0
2025-07-21,98.360001,98.510002,97.699997,97.849998,0
2025-07-22,97.870003,97.989998,97.309998,97.389999,0
2025-07-23,97.470001,97.610001,97.190002,97.209999,0
2025-07-24,97.18,97.550003,97.110001,97.379997,0
2025-07-25,97.449997,97.910004,97.43,97.650002,0
2025-07-28,97.580002,98.690002,97.489998,98.660004,0
2025-07-29,98.639999,99.139999,98.580002,98.910004,0
2025-07-30,98.919998,99.980003,98.699997,99.940002,0
2025-07-31,99.800003,100.099998,99.519997,100.029999,0
2025-08-01,100.010002,100.260002,98.610001,98.690002,0
2025-08-04,98.650002,98.980003,98.589996,98.779999,0
2025-08-05,98.620003,99.07,98.589996,98.779999,0
2025-08-06,98.75,98.839996,98.129997,98.18,0
2025-08-07,98.190002,98.470001,97.949997,98.400002,0
2025-08-08,97.980003,98.349998,97.959999,98.18,0
2025-08-11,98.239998,99.32,98.029999,98.519997,0
2025-08-12,98.510002,98.620003,97.900002,98.099998,0
2025-08-13,98.040001,98.129997,97.629997,97.839996,0
2025-08-14,97.75,98.32,97.629997,98.25,0
2025-08-15,98.18,98.209999,97.730003,97.849998,0
2025-08-18,97.790001,98.190002,97.779999,98.169998,0
2025-08-19,98.150002,98.32,97.940002,98.269997,0
2025-08-20,98.290001,98.440002,98.080002,98.220001,0
2025-08-21,98.25,98.68,98.18,98.620003,0
2025-08-22,98.599998,98.830002,97.559998,97.720001,0
2025-08-25,97.730003,98.540001,97.709999,98.43,0
2025-08-26,98.470001,98.559998,98.089996,98.230003,0
2025-08-27,98.25,98.730003,98.160004,98.230003,0
2025-08-28,98.120003,98.230003,97.739998,97.809998,0
2025-08-29,97.870003,98.129997,97.690002,97.769997,0
2025-09-02,97.650002,98.599998,97.620003,98.400002,0
2025-09-03,98.400002,98.639999,98.010002,98.139999,0
2025-09-04,98.150002,98.440002,98.080002,98.349998,0
2025-09-05,98.239998,98.260002,97.43,97.769997,0
2025-09-08,97.790001,97.940002,97.419998,97.449997,0
2025-09-09,97.379997,97.82,97.25,97.790001,0
2025-09-10,97.830002,97.93,97.599998,97.779999,0
2025-09-11,97.790001,98.089996,97.470001,97.540001,0
2025-09-12,97.519997,97.860001,97.489998,97.550003,0
2025-09-15,97.629997,97.699997,97.269997,97.300003,0
2025-09-16,97.339996,97.389999,96.559998,96.629997,0
2025-09-17,96.620003,97.07,96.220001,96.870003,0
2025-09-18,96.93,97.599998,96.839996,97.349998,0
2025-09-19,97.339996,97.809998,97.269997,97.639999,0
2025-09-22,97.650002,97.82,97.309998,97.330002,0
2025-09-23,97.32,97.459999,97.199997,97.260002,0
2025-09-24,97.239998,97.919998,97.220001,97.870003,0
2025-09-25,97.82,98.610001,97.739998,98.550003,0
2025-09-26,98.5,98.529999,98.129997,98.150002,0
2025-09-29,98.169998,98.18,97.769997,97.910004,0
2025-09-30,97.910004,98.050003,97.629997,97.769997,0
2025-10-01,97.82,97.879997,97.459999,97.709999,0
2025-10-02,97.699997,98.129997,97.519997,97.849998,0
2025-10-03,97.849998,97.949997,97.599998,97.720001,0
2025-10-06,97.959999,98.5,97.959999,98.110001,0
2025-10-07,98.089996,98.660004,98.089996,98.580002,0
2025-10-08,98.610001,99.059998,98.589996,98.849998,0
2025-10-09,98.839996,99.559998,98.699997,99.540001,0
2025-10-10,99.389999,99.43,98.809998,98.980003,0
2025-10-13,98.940002,99.349998,98.830002,99.269997,0
2025-10-14,99.300003,99.480003,98.989998,99.050003,0
2025-10-15,99.050003,99.080002,98.660004,98.790001,0
2025-10-16,98.669998,98.699997,98.300003,98.389999,0
2025-10-17,98.260002,98.550003,98.029999,98.43,0
2025-10-20,98.669998,98.669998,98.389999,98.589996,0
2025-10-21,98.610001,98.980003,98.510002,98.93,0
2025-10-22,98.970001,99.139999,98.790001,98.900002,0
2025-10-23,98.919998,99.139999,98.910004,98.940002,0
2025-10-24,98.940002,99.099998,98.730003,98.949997,0
2025-10-27,98.839996,99.0,98.730003,98.779999,0
2025-10-28,98.75,98.949997,98.57,98.690002,0
2025-10-29,98.739998,99.360001,98.620003,99.220001,0
2025-10-30,99.139999,99.720001,98.919998,99.529999,0
2025-10-31,99.489998,99.839996,99.419998,99.800003,0
2025-11-03,99.75,99.989998,99.709999,99.870003,0
2025-11-04,99.980003,100.260002,99.739998,100.220001,0
2025-11-05,100.18,100.360001,100.059998,100.199997,0
2025-11-06,100.110001,100.110001,99.669998,99.730003,0
2025-11-07,99.760002,99.870003,99.400002,99.599998,0
2025-11-10,99.629997,99.739998,99.459999,99.620003,0
2025-11-11,99.660004,99.739998,99.290001,99.459999,0
2025-11-12,99.459999,99.709999,99.419998,99.480003,0
2025-11-13,99.519997,99.589996,98.989998,99.18,0
2025-11-14,99.260002,99.400002,98.989998,99.269997,0
2025-11-17,99.269997,99.599998,99.25,99.589996,0
2025-11-18,99.559998,99.660004,99.400002,99.550003,0
2025-11-19,99.580002,100.239998,99.489998,100.230003,0
2025-11-20,100.169998,100.360001,100.029999,100.160004,0
2025-11-21,100.160004,100.400002,99.989998,100.18,0
2025-11-24,100.199997,100.300003,100.010002,100.139999,0
2025-11-25,100.209999,100.260002,99.650002,99.660004,0
2025-11-26,99.839996,99.959999,99.559998,99.599998,0
2025-11-28,99.57,99.82,99.379997,99.459999,0
2025-12-01,99.480003,99.510002,99.010002,99.410004,0
2025-12-02,99.449997,99.57,99.32,99.360001,0
2025-12-03,99.279999,99.290001,98.82,98.849998,0
2025-12-04,98.919998,99.080002,98.769997,98.989998,0
2025-12-05,99.040001,99.129997,98.809998,98.989998,0
2025-12-08,98.970001,99.230003,98.790001,99.089996,0
2025-12-09,99.050003,99.309998,98.949997,99.220001,0
2025-12-10,99.220001,99.260002,98.589996,98.790001,0
2025-12-11,98.559998,98.760002,98.129997,98.349998,0
2025-12-12,98.32,98.529999,98.300003,98.400002,0
2025-12-15,98.309998,98.309998,98.309998,98.309998,0
2025-12-16,98.267998,98.32,97.869003,98.164001,0
