observation_date,T10Y2Y,VIX_Close,FEDFUNDS,BAA10Y,NFCI,SKEW_Close,TXN_Close,VVIX,VXN,VIX3M,STLFSI4,T10YIE,XLY_close,SMH_close,DGS10
2000-06-05,-0.37,22.71,6.53,2.44,0.03238,109.660004,84.0,86.01478215237886,80.76531728749791,24.293467308204917,0.4448,3.1299479366197183,13.953125,49.34375,6.12
2000-06-06,-0.37,23.05,6.53,2.39,0.03238,109.779999,80.5,85.93396113227728,81.66712659039487,24.633467308204914,0.4448,3.128954635492958,13.507813,47.3125,6.14
2000-06-07,-0.39,22.48,6.53,2.36,0.03238,109.949997,82.875,85.7619238804098,80.15159091253349,24.063467308204913,0.4448,3.1279613343661974,13.507813,48.09375,6.13
2000-06-08,-0.43,22.77,6.53,2.35,0.03238,110.050003,81.75,85.5479732790217,81.04269714467102,24.353467308204912,0.4448,3.1269680332394367,13.375,48.3125,6.13
2000-06-09,-0.43,22.14,6.53,2.34,0.03367,109.669998,83.75,85.02372573865865,79.98963262767316,23.723467308204917,0.3984,3.125974732112676,13.15625,49.3125,6.13
2000-06-12,-0.43,22.32,6.53,2.35,0.03367,112.410004,79.125,84.59320976538056,81.16392853224738,23.903467308204917,0.3984,3.1229948287323945,12.828125,47.40625,6.09
2000-06-13,-0.38,21.67,6.53,2.36,0.03367,111.959999,83.25,84.40991612140957,77.88264001594746,23.25346730820492,0.3984,3.122001527605634,13.078125,49.40625,6.11
2000-06-14,-0.38,21.48,6.53,2.35,0.03367,113.099998,81.875,84.37071901988408,78.05642335466624,23.063467308204913,0.3984,3.121008226478873,13.125,47.28125,6.06
2000-06-15,-0.39,20.68,6.53,2.36,0.03367,113.300003,80.5,84.53173813499566,76.16599104577783,22.263467308204916,0.3984,3.120014925352113,13.09375,47.6875,6.05
2000-06-16,-0.39,20.5,6.53,2.37,0.02901,114.519997,82.0,84.52523047980665,74.32769295796727,22.083467308204916,0.3787,3.1190216242253523,12.921875,48.0,5.99
2000-06-19,-0.4,20.63,6.53,2.38,0.02901,111.559998,87.75,83.61600355592657,74.80463581466377,22.213467308204912,0.3787,3.1160417208450704,12.90625,51.25,6.0
2000-06-20,-0.4,20.88,6.53,2.36,0.02901,112.339996,86.875,83.50366637185364,76.56426743002623,22.463467308204912,0.3787,3.11504841971831,12.625,52.0,6.03
2000-06-21,-0.39,20.61,6.53,2.35,0.02901,110.870003,82.0,83.49781097820652,68.16668281795674,22.193467308204916,0.3787,3.1140551185915495,12.539063,52.21875,6.11
2000-06-22,-0.38,22.0,6.53,2.37,0.02901,111.620003,81.625,84.08468079267276,70.83534957376168,23.583467308204916,0.3787,3.113061817464789,12.484375,49.625,6.12
2000-06-23,-0.36,22.34,6.53,2.34,0.0172,110.919998,75.75,84.11658383625667,77.24531688646464,23.923467308204913,0.4234,3.112068516338028,12.5625,48.75,6.19
2000-06-26,-0.39,22.45,6.53,2.41,0.0172,109.160004,74.75,84.13201888230829,76.56220148422435,24.033467308204912,0.4234,3.109088612957746,12.5625,48.75,6.11
2000-06-27,-0.4,21.8,6.53,2.38,0.0172,110.620003,71.75,84.0697826674875,73.72519898913359,23.383467308204914,0.4234,3.108095311830986,12.921875,47.1875,6.1
2000-06-28,-0.32,20.29,6.53,2.4,0.0172,109.830002,71.625,84.80701020155706,66.48898035633574,21.873467308204916,0.4234,3.1071020107042253,12.875,47.4375,6.11
2000-06-29,-0.33,19.7,6.53,2.4,0.0172,111.489998,69.0,84.48802588769925,65.48439129288917,21.283467308204912,0.4234,3.106108709577465,12.65625,46.34375,6.04
2000-06-30,-0.35,19.54,6.53,2.4,-0.00088,109.919998,68.6875,84.2733391553712,59.37360437814977,21.123467308204916,0.3555,3.1051154084507044,12.796875,47.0,6.03
2000-07-03,-0.31,19.83,6.53,2.41,-0.00088,107.349998,69.0,83.58505068203061,57.911874842406014,21.413467308204915,0.3555,3.102135505070423,12.96875,48.0625,6.0
2000-07-04,-0.31,19.83,6.53,2.41,-0.00088,107.349998,69.0,83.58505068203061,57.911874842406014,21.413467308204915,0.3555,3.1011422039436622,12.96875,48.0625,6.0
2000-07-05,-0.3,21.16,6.53,2.4,-0.00088,109.93,65.75,84.51054300168443,58.84211496910185,22.743467308204913,0.3555,3.1001489028169016,13.125,44.3125,5.99
2000-07-06,-0.29,20.94,6.53,2.38,-0.00088,110.559998,67.0,84.43696924523599,58.02945196569352,22.52346730820491,0.3555,3.099155601690141,13.21875,46.125,6.05
2000-07-07,-0.28,19.22,6.53,2.37,-0.02576,109.879997,69.0,85.3858786007151,51.03066071923975,20.803467308204915,0.2737,3.0981623005633803,13.859375,47.625,6.01
2000-07-10,-0.27,20.33,6.53,2.34,-0.02576,110.839996,68.0,85.93704931670081,54.524734577508774,21.913467308204915,0.2737,3.0951823971830987,14.0625,47.5625,6.04
2000-07-11,-0.26,20.11,6.53,2.33,-0.02576,110.440002,68.0,85.92182427528755,53.46512883090525,21.693467308204916,0.2737,3.094189096056338,14.164063,46.8125,6.06
2000-07-12,-0.25,20.03,6.53,2.29,-0.02576,108.559998,68.0,85.8247879021106,55.186829549258654,21.61346730820492,0.2737,3.0931957949295774,14.203125,47.96875,6.09
2000-07-13,-0.3,20.03,6.53,2.3,-0.02576,109.309998,70.875,85.82108834083905,53.66675477755133,21.61346730820492,0.2737,3.092202493802817,13.9375,49.1875,6.01
2000-07-14,-0.31,19.32,6.53,2.24,-0.05503,109.059998,72.5,85.80260222874969,51.00046472643821,20.903467308204917,0.1403,3.0912091926760565,14.109375,50.6875,6.1
2000-07-17,-0.29,19.45,6.53,2.22,-0.05503,112.370003,73.5,85.80884770036042,53.3006438325076,21.033467308204912,0.1403,3.088229289295775,14.03125,51.46875,6.17
2000-07-18,-0.28,19.75,6.53,2.22,-0.05503,112.25,70.5625,85.84375963633727,52.97538681423832,21.333467308204916,0.1403,3.0872359881690143,14.0625,49.21875,6.16
2000-07-19,-0.3,19.65,6.53,2.24,-0.05503,112.019997,67.25,85.81528277915318,53.2022076035225,21.233467308204915,0.1403,3.0862426870422537,13.882813,47.46875,6.16
2000-07-20,-0.31,18.94,6.53,2.29,-0.05503,110.32,67.75,85.9674378219628,50.8643728410064,20.52346730820491,0.1403,3.085249385915493,13.84375,46.71875,6.01
2000-07-21,-0.31,18.94,6.53,2.27,-0.08571,108.589996,63.5,85.1395282805743,48.506814817851264,20.52346730820491,0.0625,3.0842560847887324,13.8125,44.8125,6.01
2000-07-24,-0.31,19.92,6.53,2.26,-0.08571,113.650002,68.0,85.6026582982685,48.791983853601934,21.50346730820492,0.0625,3.081276181408451,13.59375,44.625,6.04
2000-07-25,-0.31,19.39,6.53,2.26,-0.08571,110.220001,67.0625,85.65204754532053,47.6702852897142,20.973467308204917,0.0625,3.08028288028169,13.625,46.40625,6.04
2000-07-26,-0.25,19.67,6.53,2.27,-0.08571,112.970001,64.0625,85.6287491802622,47.40337843594656,21.25346730820492,0.0625,3.0792895791549295,13.578125,44.375,6.04
2000-07-27,-0.25,19.6,6.53,2.24,-0.08571,113.279999,57.0625,84.90712484006036,50.65428517812121,21.18346730820492,0.0625,3.0782962780281693,13.6875,41.34375,6.02
2000-07-28,-0.26,20.84,6.53,2.25,-0.11628,112.169998,57.5,85.39566666895155,53.91195080424534,22.423467308204913,0.1155,3.0773029769014086,13.265625,40.96875,6.04
2000-07-31,-0.26,20.74,6.53,2.27,-0.11628,112.199997,59.5,85.38497520495758,54.94879650009795,22.32346730820491,0.1155,3.074323073521127,13.0,42.3125,6.04
2000-08-01,-0.27,20.55,6.5,2.27,-0.11628,112.980003,58.0,85.38633534685425,55.6573539140509,22.133467308204914,0.1155,3.0733297723943664,13.1875,40.90625,6.0
2000-08-02,-0.25,20.0,6.5,2.3,-0.11628,109.860001,57.0,84.75491192945543,55.47474775912664,21.583467308204916,0.1155,3.072336471267606,13.1875,40.5,5.98
2000-08-03,-0.27,19.99,6.5,2.31,-0.11628,111.260002,55.75,84.74308405706034,58.38004773291415,21.57346730820491,0.1155,3.071343170140845,13.125,40.4375,5.95
2000-08-04,-0.24,18.62,6.5,2.33,-0.14444,108.650002,55.25,84.38286196864465,56.871653604210536,20.20346730820491,0.1242,3.0703498690140845,13.070313,39.34375,5.91
2000-08-07,-0.23,19.03,6.5,2.29,-0.14444,106.889999,58.5,83.81019457405375,56.805110314724374,20.61346730820492,0.1242,3.067369965633803,13.421875,40.5,5.97
2000-08-08,-0.23,18.79,6.5,2.31,-0.14444,108.589996,59.875,83.81647191197827,56.77380349485379,20.373467308204916,0.1242,3.0663766645070423,13.820313,40.53125,5.93
2000-08-09,-0.37,19.18,6.5,2.44,-0.14444,110.050003,60.0,83.92168443960963,57.60277759308581,20.763467308204916,0.1242,3.065383363380282,13.578125,41.71875,5.81
2000-08-10,-0.4,19.19,6.5,2.47,-0.14444,110.019997,60.5,83.92209138570715,57.78001812438154,20.77346730820491,0.1242,3.0643900622535214,13.1875,40.71875,5.76
2000-08-11,-0.46,18.55,6.5,2.45,-0.16863,108.540001,57.25,83.8950917075257,56.46480825353284,20.133467308204914,-0.0256,3.0633967611267607,13.375,41.34375,5.79
2000-08-14,-0.47,17.88,6.5,2.45,-0.16863,109.059998,63.5,84.09504823326887,52.62169527557334,19.463467308204912,-0.0256,3.060416857746479,13.546875,43.875,5.78
2000-08-15,-0.47,17.98,6.5,2.43,-0.16863,108.879997,66.5,84.04024366826314,53.10646109828021,19.563467308204913,-0.0256,3.0594235566197185,13.15625,45.3125,5.81
2000-08-16,-0.47,18.02,6.5,2.42,-0.16863,109.949997,66.5,84.04766783576918,53.42242773870186,19.603467308204912,-0.0256,3.058430255492958,12.898438,46.625,5.83
2000-08-17,-0.49,17.48,6.5,2.46,-0.16863,109.220001,67.5,83.97762099505124,51.57498589041033,19.063467308204913,-0.0256,3.0574369543661972,12.90625,47.53125,5.81
2000-08-18,-0.49,17.05,6.5,2.46,-0.18685,110.339996,70.625,84.05491113653176,54.33142732762337,18.633467308204914,-0.0062,3.056443653239437,13.078125,48.71875,5.78
2000-08-21,-0.49,17.35,6.5,2.47,-0.18685,110.529999,67.75,83.50238718143355,54.766873059463336,18.93346730820492,-0.0062,3.053463749859155,12.765625,47.5,5.79
2000-08-22,-0.49,17.47,6.5,2.51,-0.18685,108.349998,65.375,83.44346568495544,54.92988190425374,19.053467308204915,-0.0062,3.0524704487323944,13.015625,47.96875,5.78
2000-08-23,-0.47,17.38,6.5,2.53,-0.18685,111.290001,67.875,83.36032480601007,57.75898708275048,18.963467308204912,-0.0062,3.051477147605634,12.9375,49.875,5.73
2000-08-24,-0.46,17.04,6.5,2.49,-0.18685,109.440002,69.625,83.39691784414795,53.10134432170282,18.623467308204916,-0.0062,3.0504838464788735,12.9375,49.625,5.73
2000-08-25,-0.46,16.53,6.5,2.5,-0.19921,112.269997,67.125,82.27818143392845,58.851858300957794,18.11346730820492,0.0127,3.049490545352113,13.054688,49.0,5.73
2000-08-28,-0.45,16.54,6.5,2.49,-0.19921,110.93,69.375,82.30355494737361,56.61025323629917,18.123467308204916,0.0127,3.0465106419718313,12.84375,49.25,5.78
2000-08-29,-0.45,16.89,6.5,2.49,-0.19921,111.370003,67.0625,82.55264145155408,56.16048445103685,18.473467308204917,0.0127,3.04551734084507,12.789063,48.875,5.81
2000-08-30,-0.43,17.69,6.5,2.49,-0.19921,110.879997,66.9375,83.17295627882547,50.466452592849464,19.27346730820491,0.0127,3.04452403971831,12.640625,48.40625,5.81
2000-08-31,-0.45,16.84,6.5,2.51,-0.19921,112.650002,66.75,83.52638802693784,40.54284764303355,18.423467308204913,0.0127,3.0435307385915493,12.460938,49.34375,5.73
2000-09-01,-0.41,17.53,6.52,2.54,-0.20657,114.5,67.0,83.13180463797892,41.970052247643224,19.11346730820492,-0.071,3.042537437464789,12.710938,48.9375,5.68
2000-09-04,-0.41,17.53,6.52,2.54,-0.20657,114.5,67.0,83.13180463797892,41.970052247643224,19.11346730820492,-0.071,3.039557534084507,12.710938,48.9375,5.68
2000-09-05,-0.4,19.82,6.52,2.53,-0.20657,112.5,66.0,86.08288836511079,53.49411850124584,21.403467308204917,-0.071,3.0385642329577465,12.84375,47.5625,5.69
2000-09-06,-0.39,20.79,6.52,2.54,-0.20657,110.440002,62.875,86.33276725912982,57.66181515853098,22.373467308204916,-0.071,3.0375709318309863,13.03125,44.53125,5.72
2000-09-07,-0.38,19.42,6.52,2.51,-0.20657,112.330002,61.5,86.96659071663538,52.389117580491074,21.00346730820492,-0.071,3.0365776307042256,12.921875,46.0,5.76
2000-09-08,-0.38,18.46,6.52,2.52,-0.20856,111.029999,58.625,87.29395771990221,51.801031895021744,20.043467308204917,0.0587,3.035584329577465,13.164063,43.8125,5.73
2000-09-11,-0.35,18.4,6.52,2.52,-0.20856,111.349998,58.0,87.15115262974112,54.20730421481972,19.983467308204915,0.0587,3.0326044261971834,13.40625,43.125,5.77
2000-09-12,-0.34,18.59,6.52,2.56,-0.20856,112.019997,57.25,86.97048946410284,56.98480808855879,20.173467308204913,0.0587,3.0316111250704227,13.40625,42.09375,5.78
2000-09-13,-0.35,18.32,6.52,2.58,-0.20856,112.160004,57.0,87.00723687582702,58.28037951747445,19.903467308204917,0.0587,3.030617823943662,13.40625,42.4375,5.74
2000-09-14,-0.32,18.26,6.52,2.58,-0.20856,111.980003,60.125,87.01049628400487,57.4442484422208,19.84346730820491,0.0587,3.0296245228169014,13.328125,42.40625,5.79
2000-09-15,-0.23,18.52,6.52,2.6,-0.20713,111.910004,59.0,86.8848903721635,46.79874749261247,20.103467308204912,0.085,3.028631221690141,13.179688,41.375,5.84
2000-09-18,-0.16,20.25,6.52,2.61,-0.20713,111.290001,59.1875,87.7366218012128,50.74094735479859,21.833467308204916,0.085,3.0256513183098592,12.914063,40.5,5.88
2000-09-19,-0.19,19.54,6.52,2.57,-0.20713,111.809998,63.6875,87.95896694764956,52.75883804119876,21.123467308204916,0.085,3.0246580171830986,12.695313,43.53125,5.86
2000-09-20,-0.2,19.93,6.52,2.55,-0.20713,111.809998,60.0,87.97839139276022,54.00210147436136,21.513467308204916,0.085,3.0236647160563384,12.445313,43.875,5.91
2000-09-21,-0.23,20.18,6.52,2.55,-0.20713,111.809998,53.875,87.9592626696872,64.81690127057097,21.763467308204916,0.085,3.0226714149295777,12.90625,42.125,5.88
2000-09-22,-0.24,20.74,6.52,2.55,-0.20277,111.809998,57.0,87.8936553830728,67.25755729340005,22.32346730820491,0.2539,3.021678113802817,12.820313,39.0625,5.85
2000-09-25,-0.27,21.41,6.52,2.53,-0.20277,111.809998,52.0,87.71914333680489,70.17758516324838,22.993467308204913,0.2539,3.0186982104225355,12.625,37.005001,5.84
2000-09-26,-0.26,21.88,6.52,2.52,-0.20277,111.809998,49.0625,87.70153748162414,70.55915394574318,23.463467308204912,0.2539,3.017704909295775,12.34375,36.625,5.81
2000-09-27,-0.17,21.67,6.52,2.54,-0.20277,111.809998,48.375,87.76731130130554,68.80502560795176,23.25346730820492,0.2539,3.016711608169014,12.460938,36.25,5.83
2000-09-28,-0.2,19.47,6.52,2.5,-0.20277,111.809998,47.0,89.05826176880916,60.54783278273476,21.053467308204915,0.2539,3.0157183070422535,12.65625,37.375,5.82
2000-09-29,-0.18,20.57,6.52,2.54,-0.19676,111.809998,47.5,88.95308936942568,66.08233567368981,22.153467308204917,0.1204,3.0147250059154933,12.445313,35.549999,5.8
2000-10-02,-0.15,21.23,6.52,2.58,-0.19676,112.900002,50.0,88.90240147378503,68.03882443250741,22.813467308204913,0.1204,3.0117451025352113,12.25,34.75,5.83
2000-10-03,-0.13,21.85,6.52,2.54,-0.19676,113.269997,48.75,87.13589841342986,69.8885614037461,23.43346730820492,0.1204,3.0107518014084507,12.34375,34.224998,5.87
2000-10-04,-0.13,21.54,6.52,2.51,-0.19676,113.019997,50.75,86.91377462755898,68.03402910307436,23.123467308204916,0.1204,3.0097585002816905,12.5625,36.0,5.9
2000-10-05,-0.15,21.03,6.52,2.52,-0.19676,112.879997,48.8125,86.34123435747472,66.348433377833,22.61346730820492,0.1204,3.00876519915493,12.398438,35.099998,5.87
2000-10-06,-0.16,22.71,6.52,2.53,-0.18997,113.57,46.875,86.60602884659355,66.62727068074621,24.293467308204917,0.1792,3.007771898028169,12.007813,33.849998,5.82
2000-10-09,-0.16,24.02,6.52,2.53,-0.18997,112.110001,45.375,86.84936161977225,69.51789767501695,25.603467308204912,0.1792,3.0047919946478876,12.085938,33.25,5.82
2000-10-10,-0.18,24.86,6.52,2.54,-0.18997,110.959999,43.25,86.90125387720367,73.91351504798006,26.443467308204916,0.1792,3.003798693521127,12.09375,30.17,5.8
2000-10-11,-0.16,26.57,6.52,2.61,-0.18997,111.129997,41.8125,87.11419947685955,77.34346286271366,28.153467308204917,0.1792,3.0028053923943663,11.75,29.975,5.77
2000-10-12,-0.13,30.51,6.52,2.64,-0.18997,107.790001,39.5625,88.92274337892802,84.6295973880213,32.093467308204914,0.1792,3.0018120912676056,10.929688,29.299999,5.73
2000-10-13,-0.11,27.6,6.52,2.64,-0.18197,111.230003,44.5,90.42848493636404,78.99517930938673,29.18346730820492,0.6641,3.0008187901408454,11.15625,32.375,5.73
2000-10-16,-0.15,26.79,6.52,2.63,-0.18197,111.290001,43.5625,90.09940506974417,76.71841895347032,28.373467308204916,0.6641,2.997838886760563,11.351563,30.525,5.74
2000-10-17,-0.15,27.84,6.52,2.64,-0.18197,110.349998,40.1875,89.86320077169508,76.14995916155833,29.423467308204913,0.6641,2.9968455856338028,11.039063,28.865,5.68
2000-10-18,-0.16,28.72,6.52,2.68,-0.18197,110.650002,36.875,89.87801951141483,77.8359004257437,30.303467308204915,0.6641,2.9958522845070426,11.25,28.299999,5.66
2000-10-19,-0.2,25.09,6.52,2.66,-0.18197,113.540001,45.75,91.84258457192249,63.79391823957435,26.673467308204913,0.6641,2.994858983380282,11.710938,32.875,5.66
2000-10-20,-0.2,24.24,6.52,2.65,-0.17532,114.639999,47.5,92.0025841167253,59.79010600847524,25.82346730820491,0.4734,2.9938656822535212,11.5,33.375,5.64
2000-10-23,-0.23,24.69,6.52,2.68,-0.17532,115.660004,48.875,91.96381634665222,60.19497371459474,26.27346730820491,0.4734,2.9908857788732397,11.570313,34.150002,5.59
2000-10-24,-0.23,24.28,6.52,2.66,-0.17532,115.029999,45.875,92.0022414636147,61.584385189233586,25.86346730820492,0.4734,2.989892477746479,11.578125,31.875,5.63
2000-10-25,-0.2,26.65,6.52,2.65,-0.17532,113.860001,42.625,92.6367932041306,67.99911768845452,28.233467308204915,0.4734,2.9888991766197184,11.40625,29.395,5.67
2000-10-26,-0.21,28.62,6.52,2.6,-0.17532,113.190002,44.25,91.68485076405054,74.68130451149034,30.20346730820491,0.4734,2.9879058754929577,11.367188,30.924999,5.69
2000-10-27,-0.22,26.47,6.52,2.58,-0.16841,115.209999,44.6875,92.32714891248916,66.00570415574431,28.053467308204915,0.3076,2.9869125743661975,11.476563,30.85,5.72
2000-10-30,-0.23,25.46,6.52,2.56,-0.16841,115.599998,46.6875,92.5230348496224,63.739073025453685,27.043467308204917,0.3076,2.9839326709859155,11.765625,31.065001,5.74
2000-10-31,-0.17,23.63,6.52,2.56,-0.16841,116.809998,49.0625,93.03771344842208,61.52938671678062,25.213467308204912,0.3076,2.9829393698591553,12.289063,32.875,5.77
2000-11-01,-0.14,24.28,6.51,2.57,-0.16841,116.510002,46.75,93.03302493456728,63.16986378808428,25.86346730820492,0.3076,2.9819460687323947,12.390625,31.700001,5.74
2000-11-02,-0.13,23.92,6.51,2.54,-0.16841,117.57,47.5,92.9920216965709,62.4529000530714,25.50346730820492,0.3076,2.980952767605634,12.5,32.5,5.74
2000-11-03,-0.11,23.67,6.51,2.52,-0.15888,119.019997,46.625,92.5625331645165,63.49158160858443,25.25346730820492,0.1187,2.9799594664788733,12.320313,32.244999,5.83
2000-11-06,-0.12,24.52,6.51,2.5,-0.15888,118.089996,46.375,92.40122866048944,66.04730696698691,26.103467308204912,0.1187,2.976979563098592,12.484375,32.25,5.87
2000-11-07,-0.12,24.91,6.51,2.5,-0.15888,118.300003,44.9375,92.32615126153888,66.05837316955552,26.493467308204913,0.1187,2.975986261971831,12.359375,30.745001,5.87
2000-11-08,-0.12,25.66,6.51,2.48,-0.15888,114.269997,42.3125,91.99870850510672,71.50634497728275,27.243467308204913,0.1187,2.9749929608450705,12.5,28.325001,5.87
2000-11-09,-0.12,27.2,6.51,2.5,-0.15888,116.910004,41.875,90.22868984344424,80.16315940072222,28.783467308204912,0.1187,2.97399965971831,12.015625,28.25,5.82
2000-11-10,-0.1,28.53,6.51,2.5,-0.14568,115.510002,38.75,89.54741356646015,81.62909286720618,30.11346730820492,0.3045,2.9730063585915496,11.460938,26.5,5.82
2000-11-13,-0.13,29.06,6.51,2.52,-0.14568,116.169998,42.3125,89.44777622420023,82.67511075125077,30.64346730820491,0.3045,2.9700264552112676,11.78125,27.65,5.77
2000-11-14,-0.16,26.81,6.51,2.52,-0.14568,119.839996,45.6875,89.98069753452907,78.08887669809107,28.39346730820491,0.3045,2.9690331540845074,12.132813,29.225,5.76
2000-11-15,-0.18,26.15,6.51,2.52,-0.14568,117.300003,48.0,89.92026271744332,76.89423803337516,27.733467308204915,0.3045,2.9680398529577467,12.25,30.549999,5.72
2000-11-16,-0.19,25.05,6.51,2.54,-0.14568,116.43,46.5,88.37387710268271,76.38387940028657,26.633467308204914,0.3045,2.967046551830986,12.117188,28.9,5.68
2000-11-17,-0.17,24.81,6.51,2.58,-0.12802,118.760002,43.75,88.23886701209902,75.08216939255416,26.39346730820491,0.3923,2.9660532507042254,12.109375,28.825001,5.71
2000-11-20,-0.19,27.43,6.51,2.61,-0.12802,116.010002,42.3125,89.37589041550173,83.0747995795923,29.013467308204916,0.3923,2.963073347323944,11.8125,28.450001,5.68
2000-11-21,-0.19,26.62,6.51,2.64,-0.12802,119.0,41.9375,89.45779131713061,78.70888303396343,28.20346730820491,0.3923,2.9620800461971832,11.71875,27.844999,5.67
2000-11-22,-0.23,27.71,6.51,2.61,-0.12802,116.709999,41.6875,88.64365389561162,80.1995417809623,29.293467308204917,0.3923,2.9610867450704226,11.59375,27.25,5.62
2000-11-23,-0.23,27.71,6.51,2.61,-0.12802,116.709999,41.6875,88.64365389561162,80.1995417809623,29.293467308204917,0.3923,2.9600934439436624,11.59375,27.25,5.62
2000-11-24,-0.23,26.0,6.51,2.63,-0.10737,116.120003,44.0,88.44503712689993,75.27125200911567,27.583467308204916,0.5377,2.9591001428169017,11.671875,29.245001,5.63
2000-11-27,-0.22,26.93,6.51,2.65,-0.10737,110.519997,44.25,87.94427643611158,80.98176174965634,28.513467308204916,0.5377,2.9561202394366197,12.09375,27.65,5.64
2000-11-28,-0.2,27.64,6.51,2.6,-0.10737,113.169998,40.5,87.79362581398205,84.42350915609201,29.223467308204917,0.5377,2.9551269383098595,12.046875,25.75,5.59
2000-11-29,-0.14,27.49,6.51,2.63,-0.10737,111.639999,39.0625,87.01326932772317,81.3809482380877,29.07346730820491,0.5377,2.954133637183099,12.21875,26.045,5.55
2000-11-30,-0.13,29.65,6.51,2.64,-0.10737,110.669998,37.3125,87.58943744733833,87.7061464487691,31.233467308204915,0.5377,2.953140336056338,11.984375,24.0,5.48
2000-12-01,-0.1,27.48,6.4,2.66,-0.08684,112.540001,37.8125,88.35420882772007,81.81308879264218,29.063467308204913,0.5786,2.9521470349295775,12.0,23.809999,5.52
2000-12-04,-0.06,27.78,6.4,2.66,-0.08684,112.800003,39.625,88.311575327153,81.48604290110987,29.36346730820492,0.5786,2.949167131549296,12.453125,23.98,5.53
2000-12-05,-0.06,24.99,6.4,2.69,-0.08684,109.779999,45.6875,89.47953168653412,74.67035293993989,26.57346730820491,0.5786,2.9481738304225353,12.75,26.495001,5.43
2000-12-06,-0.1,25.07,6.4,2.73,-0.08684,109.419998,46.3125,89.45912814286373,74.51809816557204,26.653467308204917,0.5786,2.9471805292957747,12.671875,25.4,5.32
2000-12-07,-0.13,25.34,6.4,2.72,-0.08684,109.660004,42.875,89.37925297229471,71.94887763698709,26.923467308204913,0.5786,2.9461872281690145,12.5,24.889999,5.32
2000-12-08,-0.15,22.41,6.4,2.74,-0.07115,112.559998,49.5,90.2655241082042,64.25814580633187,23.993467308204913,0.6174,2.945193927042254,12.632813,27.625,5.35
2000-12-11,-0.15,23.51,6.4,2.71,-0.07115,109.459999,51.875,90.26768388608455,69.03120509274467,25.09346730820491,0.6174,2.942214023661972,12.476563,29.6,5.37
2000-12-12,-0.18,24.88,6.4,2.72,-0.07115,113.110001,52.8125,90.62589827612274,74.77067145387794,26.463467308204912,0.6174,2.9412207225352116,12.5,28.6,5.36
2000-12-13,-0.16,23.63,6.4,2.74,-0.07115,113.349998,48.0,90.31042214893326,72.89962078757941,25.213467308204912,0.6174,2.940227421408451,12.25,26.674999,5.29
2000-12-14,-0.2,24.86,6.4,2.77,-0.07115,113.300003,49.25,90.56113918455657,77.04688787156903,26.443467308204916,0.6174,2.9392341202816903,12.210938,26.360001,5.23
2000-12-15,-0.18,26.55,6.4,2.77,-0.06537,111.970001,47.0,90.79786810638905,76.96669685598079,28.133467308204914,0.4462,2.9382408191549296,11.859375,25.65,5.2
2000-12-18,-0.16,27.7,6.4,2.81,-0.06537,112.260002,47.75,90.90852659862036,78.77723998130163,29.283467308204912,0.4462,2.935260915774648,12.117188,25.625,5.17
2000-12-19,-0.16,27.17,6.4,2.81,-0.06537,112.150002,48.0,89.93996991399841,79.68904053236413,28.75346730820492,0.4462,2.934267614647887,11.828125,25.299999,5.19
2000-12-20,-0.16,31.74,6.4,2.87,-0.06537,110.160004,43.0,92.3052635006466,90.85358634362495,33.32346730820491,0.4462,2.9332743135211268,11.6875,23.799999,5.08
2000-12-21,-0.11,29.66,6.4,2.89,-0.06537,110.510002,43.875,92.68282874243818,86.28772921994627,31.243467308204913,0.4462,2.9322810123943666,12.046875,23.75,5.03
2000-12-22,-0.08,27.55,6.4,2.9,-0.07044,111.300003,47.625,92.79750566696052,79.9833944826826,29.133467308204914,0.8932,2.931287711267606,12.25,25.375,5.02
2000-12-25,-0.08,27.55,6.4,2.9,-0.07044,111.300003,47.625,92.79750566696052,79.9833944826826,29.133467308204914,0.8932,2.928307807887324,12.25,25.375,5.02
2000-12-26,-0.06,28.73,6.4,2.89,-0.07044,110.779999,46.75,92.83786894512136,83.24253135038605,30.313467308204913,0.8932,2.9273145067605637,12.015625,25.1,5.04
2000-12-27,0.01,28.14,6.4,2.86,-0.07044,111.360001,50.0,92.8493464411592,80.22594655882543,29.723467308204917,0.8932,2.926321205633803,12.59375,26.325001,5.11
2000-12-28,-0.05,26.57,6.4,2.83,-0.07044,110.470001,49.75,93.12249948843385,74.47194166379685,28.153467308204917,0.8932,2.9253279045070424,12.75,25.635,5.13
2000-12-29,0.01,26.85,6.4,2.88,-0.09064,111.040001,47.375,92.6016947521878,75.7311636444906,28.43346730820492,0.6928,2.9243346033802817,12.796875,24.5,5.12
2001-01-01,0.01,26.85,5.98,2.88,-0.09064,111.040001,47.375,92.6016947521878,75.7311636444906,28.43346730820492,0.6928,2.9213547,12.796875,24.5,5.12
2001-01-02,0.05,29.99,5.98,2.99,-0.09064,109.650002,46.3125,93.2332911651049,88.16352434598129,31.57346730820491,0.6928,2.9265386,12.773438,24.15,4.92
2001-01-03,0.22,26.6,5.98,2.83,-0.09064,110.940002,50.25,94.31027469731175,86.07725685716287,28.18346730820492,0.6928,2.8372395,13.78125,28.125,5.14
2001-01-04,0.26,26.97,5.98,2.91,-0.09064,110.400002,52.0625,93.4686994507196,87.4978633728854,28.553467308204915,0.6928,2.9414015,13.976563,27.254999,5.03
2001-01-05,0.37,28.67,5.98,2.99,-0.12034,109.919998,47.3125,93.71178577452169,91.5006517188978,30.25346730820492,0.9066,3.129805,13.515625,25.625,4.93
2001-01-08,0.4,29.84,5.98,2.94,-0.12034,109.599998,47.0,93.7869464909229,95.58344861405554,31.423467308204913,0.9066,3.0763889,13.335938,25.995001,4.94
2001-01-09,0.34,27.99,5.98,2.92,-0.12034,111.07,44.75,92.90498931266632,89.23282254619977,29.57346730820491,0.9066,3.1559228,13.226563,25.549999,4.98
2001-01-10,0.34,26.8,5.98,2.83,-0.12034,112.18,46.4375,93.02577504462975,86.12186088564499,28.383467308204914,0.9066,2.8534305,13.3125,26.65,5.1
2001-01-11,0.37,25.79,5.98,2.85,-0.12034,110.050003,49.625,92.96514522706023,83.14596657625452,27.373467308204916,0.9066,2.72442993,13.429688,28.110001,5.14
2001-01-12,0.35,24.56,5.98,2.8,-0.15606,110.43,47.875,92.94253903080788,79.28087694797769,26.14346730820491,0.4904,3.06783239,13.421875,27.725,5.25
2001-01-15,0.35,24.56,5.98,2.8,-0.15606,110.43,47.875,92.94253903080788,79.28087694797769,26.14346730820491,0.4904,3.0695975790677967,13.421875,27.725,5.25
2001-01-16,0.35,25.28,5.98,2.73,-0.15606,110.699997,47.6875,92.80124356583237,80.75533864255009,26.86346730820492,0.4904,3.070185975423729,13.734375,26.75,5.24
2001-01-17,0.35,24.93,5.98,2.72,-0.15606,116.940002,50.5625,92.43798344340412,83.46163790304394,26.513467308204916,0.4904,3.070774371779661,13.546875,28.155001,5.19
2001-01-18,0.4,23.37,5.98,2.72,-0.15606,111.120003,51.25,92.5469573703472,79.57782024746588,24.95346730820491,0.4904,3.071362768135593,13.34375,29.75,5.12
2001-01-19,0.44,23.24,5.98,2.7,-0.19295,112.25,50.3125,92.53208042177502,77.4483763869942,24.82346730820491,0.2866,3.0719511644915256,12.8125,29.855,5.19
2001-01-22,0.5,23.25,5.98,2.71,-0.19295,112.760002,48.5625,89.5274717993872,80.79049924088334,24.833467308204916,0.2866,3.073716353559322,13.296875,29.125,5.25
2001-01-23,0.48,21.57,5.98,2.67,-0.19295,111.589996,45.0,89.60580992582337,58.57,23.153467308204917,0.2866,3.074304749915254,13.453125,29.325001,5.3
2001-01-24,0.52,22.03,5.98,2.61,-0.19295,111.43,43.5,89.35053492213497,60.66,23.61346730820492,0.2866,3.0748931462711866,13.46875,29.275,5.33
2001-01-25,0.51,22.64,5.98,2.63,-0.19295,110.980003,42.0625,89.20081811408818,63.48,24.223467308204917,0.2866,3.0754815426271187,13.679688,28.200001,5.29
2001-01-26,0.51,22.57,5.98,2.65,-0.22634,111.75,41.5,89.19402400622538,62.459999,24.153467308204917,0.2593,3.076069938983051,13.53125,28.325001,5.29
2001-01-29,0.55,22.61,5.98,2.65,-0.22634,111.220001,43.950001,88.95348528562579,62.400002,24.193467308204916,0.2593,3.0778351280508476,13.8,29.075001,5.32
2001-01-30,0.54,22.57,5.98,2.65,-0.22634,111.379997,44.73,88.92196924763999,62.5,24.153467308204917,0.2593,3.0784235244067797,13.84,29.6,5.24
2001-01-31,0.57,22.02,5.98,2.62,-0.22634,112.330002,43.799999,86.9394909034044,61.450001,23.603467308204912,0.2593,3.079011920762712,14.285,29.504999,5.19
2001-02-01,0.55,21.66,5.49,2.63,-0.22634,113.0,43.709999,85.44601794146844,60.490002,23.243467308204913,0.2593,3.079600317118644,14.265,29.325001,5.1
2001-02-02,0.52,21.95,5.49,2.63,-0.25334,112.199997,43.080002,85.44214638580891,63.75,23.533467308204912,0.394,3.0801887134745765,13.995,28.049999,5.17
2001-02-05,0.5,22.19,5.49,2.59,-0.25334,111.82,41.009998,84.60098960375755,62.93,23.77346730820491,0.394,3.081953902542373,13.915,26.945,5.18
2001-02-06,0.5,21.98,5.49,2.58,-0.25334,112.279999,41.009998,84.05900305729119,60.700001,23.563467308204913,0.394,3.082542298898305,13.93,27.004999,5.22
2001-02-07,0.4,21.67,5.49,2.77,-0.25334,111.800003,39.0,83.59084473120056,62.0,23.25346730820492,0.394,3.0831306952542374,13.96,26.125,5.1
2001-02-08,0.37,21.46,5.49,2.78,-0.25334,111.75,38.75,83.38963053478956,62.91,23.043467308204917,0.394,3.0837190916101695,13.55,25.764999,5.1
2001-02-09,0.36,22.03,5.49,2.79,-0.27197,111.730003,37.330002,83.48513500629323,65.209999,23.61346730820492,0.3698,3.0843074879661017,13.375,25.450001,5.03
2001-02-12,0.38,21.92,5.49,2.82,-0.27197,111.010002,37.700001,83.11648098822057,64.269997,23.50346730820492,0.3698,3.0860726770338984,13.75,25.969999,5.05
2001-02-13,0.32,21.37,5.49,2.82,-0.27197,112.07,37.41,82.89853712136731,66.360001,22.95346730820491,0.3698,3.0866610733898305,13.935,25.290001,5.07
2001-02-14,0.29,21.52,5.49,2.77,-0.27197,113.089996,38.75,82.93824309227544,65.830002,23.103467308204912,0.3698,3.087249469745762,13.8,27.004999,5.13
2001-02-15,0.3,20.27,5.49,2.77,-0.27197,114.5,40.66,82.82668647395744,63.549999,21.853467308204912,0.3698,3.0878378661016948,13.795,28.0,5.19
2001-02-16,0.36,22.12,5.49,2.81,-0.28107,112.290001,36.599998,84.66991484998626,64.410004,23.70346730820491,0.2841,3.0884262624576273,13.62,26.309999,5.11
2001-02-19,0.36,22.12,5.49,2.81,-0.28107,112.290001,36.599998,84.66991484998626,64.410004,23.70346730820491,0.2841,3.0901914515254236,13.62,26.309999,5.11
2001-02-20,0.38,24.69,5.49,2.81,-0.28107,112.099998,34.5,86.72915786644933,67.599998,26.27346730820491,0.2841,3.0907798478813557,13.8,24.35,5.11
2001-02-21,0.46,25.75,5.49,2.82,-0.28107,112.470001,34.25,86.02160767600449,68.57,27.333467308204916,0.2841,3.0913682442372883,13.205,24.1,5.14
2001-02-22,0.52,26.76,5.49,2.84,-0.28107,113.650002,32.700001,86.12909449832851,71.830002,28.34346730820491,0.2841,3.0919566405932204,13.0,23.75,5.15
2001-02-23,0.57,27.21,5.49,2.86,-0.28034,113.120003,30.15,86.09041197769976,72.040001,28.793467308204917,0.6515,3.0925450369491525,13.215,23.700001,5.1
2001-02-26,0.59,25.43,5.49,2.89,-0.28034,112.709999,29.15,86.846197534233,70.910004,27.013467308204916,0.6515,3.0943102260169493,13.62,23.0,5.05
2001-02-27,0.52,26.49,5.49,2.86,-0.28034,112.650002,30.0,86.99645343099593,73.449997,28.07346730820491,0.6515,3.0948986223728814,13.55,22.040001,4.96
2001-02-28,0.51,28.35,5.49,2.88,-0.28034,112.910004,29.549999,87.4428965611536,75.57,29.93346730820492,0.6515,3.0954870187288135,13.265,20.924999,4.92
2001-03-01,0.46,28.08,5.31,2.88,-0.28034,112.910004,32.400002,87.32868540778742,74.809998,29.663467308204915,0.6515,3.0960754150847456,13.05,22.299999,4.87
2001-03-02,0.47,27.43,5.31,2.87,-0.27422,112.099998,35.060001,87.38643927147005,77.43,29.013467308204916,0.5354,3.096663811440678,13.15,22.67,4.95
2001-03-05,0.49,27.12,5.31,2.83,-0.27422,112.519997,34.700001,87.45753560059711,72.790001,28.70346730820491,0.5354,3.0984290005084745,13.01,23.504999,4.98
2001-03-06,0.5,25.89,5.31,2.85,-0.27422,111.93,36.099998,87.8462408014821,69.029999,27.473467308204917,0.5354,3.0990173968644066,13.34,24.795,4.99
2001-03-07,0.49,24.12,5.31,2.85,-0.27422,111.160004,34.759998,88.49972117631552,67.32,25.70346730820491,0.5354,3.099605793220339,13.67,24.6,4.92
2001-03-08,0.46,24.29,5.31,2.87,-0.27422,112.339996,34.799999,88.45082949510092,67.629997,25.873467308204916,0.5354,3.1001941895762712,13.89,24.6,4.89
2001-03-09,0.48,25.62,5.31,2.82,-0.26538,109.239998,32.75,88.66036218272261,70.699997,27.20346730820491,0.4043,3.1007825859322034,13.75,22.995001,4.95
2001-03-12,0.46,30.32,5.31,2.86,-0.26538,109.230003,31.1,91.56870486389828,76.25,31.903467308204917,0.4043,3.102547775,13.24,22.1,4.92
2001-03-13,0.49,27.55,5.31,2.85,-0.26538,110.690002,32.810001,92.54714926751753,72.669998,29.133467308204914,0.4043,3.103136171355932,13.18,23.200001,4.95
2001-03-14,0.52,29.61,5.31,2.98,-0.26538,109.510002,31.51,92.69530022418336,73.610001,31.193467308204916,0.4043,3.1037245677118643,12.895,22.950001,4.84
2001-03-15,0.59,28.56,5.31,3.03,-0.26538,109.989998,31.48,92.92294801282212,75.93,30.14346730820491,0.4043,3.1043129640677964,13.04,22.32,4.81
2001-03-16,0.52,29.91,5.31,3.03,-0.25636,109.209999,31.35,92.48393837290152,76.230003,31.493467308204913,0.781,3.104901360423729,12.75,21.629999,4.78
2001-03-19,0.5,29.78,5.31,3.02,-0.25636,114.43,32.509998,92.08259291093891,73.599998,31.36346730820492,0.781,3.1066665494915253,12.9,22.5,4.82
2001-03-20,0.54,30.96,5.31,3.06,-0.25636,112.889999,32.25,91.20663233252456,74.339996,32.54346730820492,0.781,3.1072549458474574,12.93,21.125,4.78
2001-03-21,0.56,31.93,5.31,3.06,-0.25636,111.739998,34.02,91.15368898427128,71.339996,33.513467308204916,0.781,3.10784334220339,12.85,21.844999,4.77
2001-03-22,0.56,32.84,5.31,3.07,-0.25636,110.550003,37.869999,91.11007537202732,71.540001,34.42346730820492,0.781,3.108431738559322,12.45,24.105,4.73
2001-03-23,0.56,30.45,5.31,3.04,-0.25224,111.209999,38.810001,91.73656041865028,70.699997,32.03346730820491,1.0512,3.109020134915254,12.59,24.65,4.8
2001-03-26,0.58,29.04,5.31,3.05,-0.25224,109.790001,36.5,91.5137505414215,69.199997,30.623467308204916,1.0512,3.110785323983051,12.81,23.77,4.85
2001-03-27,0.59,27.04,5.31,2.98,-0.25224,111.57,36.25,91.90200006587504,66.599998,28.623467308204916,1.0512,3.111373720338983,13.09,23.9,5.0
2001-03-28,0.67,28.58,5.31,3.03,-0.25224,110.239998,32.48,91.75672747564218,68.370003,30.163467308204915,1.0512,3.111962116694915,12.875,22.15,4.97
2001-03-29,0.71,29.17,5.31,3.02,-0.25224,110.650002,31.42,91.7701415039798,73.220001,30.75346730820492,1.0512,3.1125505130508473,13.0,21.65,4.98
2001-03-30,0.75,28.64,5.31,3.04,-0.25568,109.580002,30.98,91.74797594347096,72.129997,30.223467308204917,0.5333,3.11313890940678,13.045,20.745001,4.93
2001-04-02,0.76,31.21,5.31,3.0,-0.25568,109.32,28.35,92.33170253515117,72.220001,32.79346730820492,0.5333,3.114904098474576,13.05,19.35,4.98
2001-04-03,0.79,34.72,5.31,3.03,-0.25568,109.099998,27.5,92.8828884668529,75.120003,36.303467308204915,0.5333,3.1154924948305083,12.61,18.799999,4.94
2001-04-04,0.82,34.07,5.31,3.04,-0.25568,108.730003,27.690001,92.35928436904946,76.370003,35.65346730820492,0.5333,3.116080891186441,12.745,17.65,4.94
2001-04-05,0.79,29.94,5.31,3.03,-0.25568,110.620003,31.15,93.91338654745896,76.290001,31.52346730820491,0.5333,3.116669287542373,13.03,20.049999,4.98
2001-04-06,0.82,31.69,5.31,3.06,-0.2654,109.07,28.26,93.93860180573472,79.559998,33.273467308204914,1.0284,3.117257683898305,12.99,18.68,4.89
2001-04-09,0.83,31.91,5.31,3.04,-0.2654,108.309998,27.51,91.3431973109335,75.18,33.49346730820491,1.0284,3.119022872966102,12.87,18.200001,4.93
2001-04-10,0.85,29.44,5.31,2.99,-0.2654,109.730003,29.6,91.10969921568616,74.400002,31.02346730820491,1.0284,3.119611269322034,13.0,19.85,5.09
2001-04-11,0.83,28.46,5.31,2.96,-0.2654,110.0,34.0,90.73097615674764,75.18,30.043467308204917,1.0284,3.120199665677966,12.855,21.995001,5.12
2001-04-12,0.81,26.12,5.31,2.92,-0.2654,110.400002,35.450001,91.24358252317955,66.330002,27.70346730820491,1.0284,3.120788062033898,12.635,23.174999,5.17
2001-04-13,0.81,26.12,5.31,2.92,-0.28455,110.400002,35.450001,91.24358252317955,66.330002,27.70346730820491,0.7296,3.1213764583898307,12.635,23.174999,5.17
2001-04-16,0.79,26.33,5.31,2.9,-0.28455,109.099998,33.009998,91.0123085321241,73.370003,27.913467308204915,0.7296,3.123141647457627,12.695,21.995001,5.28
2001-04-17,0.8,25.61,5.31,2.93,-0.28455,110.440002,34.0,91.05927977425496,73.589996,27.193467308204916,0.7296,3.123730043813559,12.87,21.975,5.21
2001-04-18,0.88,24.13,5.31,2.95,-0.28455,111.040001,36.139999,91.07712653745187,69.709999,25.713467308204912,0.7296,3.1243184401694917,13.66,24.799999,5.14
2001-04-19,0.98,24.16,5.31,2.91,-0.28455,112.290001,38.810001,90.91880644602576,71.830002,25.743467308204913,0.7296,3.124906836525424,13.7,26.5,5.27
2001-04-20,1.03,25.38,5.31,2.87,-0.30902,112.669998,37.5,91.13234390767556,74.339996,26.963467308204912,0.629,3.125495232881356,13.555,25.924999,5.29
2001-04-23,1.05,28.16,5.31,2.9,-0.30902,113.18,35.68,91.96081227575009,78.370003,29.743467308204913,0.629,3.1272604219491527,13.465,24.424999,5.2
2001-04-24,1.06,28.49,5.31,2.85,-0.30902,113.239998,34.450001,91.7849617227754,79.949997,30.07346730820491,0.629,3.1278488183050848,13.23,23.799999,5.22
2001-04-25,1.08,27.4,5.31,2.85,-0.30902,112.330002,35.049999,91.47581770782968,79.75,28.983467308204915,0.629,3.128437214661017,13.24,24.25,5.28
2001-04-26,1.06,25.96,5.31,2.83,-0.30902,112.849998,34.5,91.4283782000519,78.419998,27.543467308204917,0.629,3.129025611016949,13.57,23.575001,5.2
2001-04-27,1.06,24.02,5.31,2.76,-0.3359,113.620003,36.98,91.80733380195254,71.300003,25.603467308204912,0.7582,3.1296140073728815,13.895,24.75,5.34
2001-04-30,1.05,25.48,5.31,2.73,-0.3359,113.559998,38.700001,92.18616511262007,68.709999,27.063467308204913,0.7582,3.131379196440678,13.65,25.65,5.35
2001-05-01,1.07,24.2,4.21,2.75,-0.3359,113.169998,39.57,91.50847880163224,65.459999,25.783467308204912,0.7582,3.13196759279661,13.8,25.975,5.3
2001-05-02,1.04,24.23,4.21,2.7,-0.3359,113.519997,39.950001,89.98900827602623,63.900002,25.813467308204913,0.7582,3.1325559891525425,13.91,26.4,5.31
2001-05-03,1.0,25.78,4.21,2.7,-0.3359,112.830002,37.970001,90.60097800273232,68.620003,27.36346730820492,0.7582,3.133144385508474,13.75,25.235001,5.22
2001-05-04,1.07,23.91,4.21,2.73,-0.36391,113.199997,37.849998,89.75216932092394,66.199997,25.493467308204913,0.3017,3.1337327818644067,13.875,25.275,5.21
2001-05-07,1.09,24.86,4.21,2.75,-0.36391,113.669998,38.43,89.51738023640286,63.830002,26.443467308204916,0.3017,3.1354979709322035,13.77,25.15,5.21
2001-05-08,1.14,24.44,4.21,2.76,-0.36391,113.959999,39.099998,89.4854855874016,62.919998,26.02346730820491,0.3017,3.1360863672881356,13.76,25.504999,5.24
2001-05-09,1.13,24.35,4.21,2.76,-0.36391,113.699997,37.549999,88.99281867820552,65.660004,25.93346730820492,0.3017,3.1366747636440677,13.55,24.549999,5.2
2001-05-10,1.14,24.0,4.21,2.74,-0.36391,114.120003,37.779999,88.924363038104,66.540001,25.583467308204916,0.3017,3.13726316,13.94,24.450001,5.31
2001-05-11,1.15,23.54,4.21,2.67,-0.38926,114.330002,37.470001,88.26766828648942,65.620003,25.123467308204916,0.4088,3.1378515563559324,14.0,24.075001,5.51
2001-05-14,1.17,24.26,4.21,2.68,-0.38926,116.739998,36.790001,88.38925132197271,66.120003,25.84346730820491,0.4088,3.1396167454237287,13.965,23.525,5.46
2001-05-15,1.22,23.71,4.21,2.69,-0.38926,115.199997,37.029999,88.36479205799193,63.68,25.293467308204917,0.4088,3.140205141779661,13.915,23.65,5.5
2001-05-16,1.23,21.89,4.21,2.66,-0.38926,115.269997,38.5,88.64808172255432,60.220001,23.473467308204917,0.4088,3.140793538135594,14.085,24.950001,5.48
2001-05-17,1.13,21.47,4.21,2.61,-0.38926,116.099998,39.799999,88.6707681628784,58.689999,23.053467308204915,0.4088,3.1413819344915255,14.3,25.35,5.46
2001-05-18,1.04,21.23,4.21,2.62,-0.40914,118.370003,39.709999,88.2987589065761,53.060001,22.813467308204913,0.43,3.1419703308474576,14.29,25.475,5.41
2001-05-21,1.04,20.76,4.21,2.61,-0.40914,118.449997,41.860001,86.43153571825874,52.970001,22.34346730820491,0.43,3.1437355199152544,14.45,27.200001,5.41
2001-05-22,1.08,21.35,4.21,2.63,-0.40914,117.739998,41.310001,86.5920794922849,52.900002,22.93346730820492,0.43,3.1443239162711865,14.5,26.65,5.42
2001-05-23,1.12,22.08,4.21,2.69,-0.40914,115.379997,39.580002,86.78595952097157,53.639999,23.663467308204915,0.43,3.1449123126271186,14.24,25.450001,5.41
2001-05-24,1.2,20.57,4.21,2.65,-0.40914,116.879997,38.41,87.002043666194,53.220001,22.153467308204917,0.43,3.1455007089830507,14.19,25.424999,5.52
2001-05-25,1.21,20.6,4.21,2.65,-0.42507,115.099998,37.849998,86.41317158610538,52.459999,22.18346730820492,0.3584,3.1460891053389832,14.12,25.225,5.52
2001-05-28,1.21,20.6,4.21,2.65,-0.42507,115.099998,37.849998,86.41317158610538,52.459999,22.18346730820492,0.3584,3.1478542944067796,14.12,25.225,5.52
2001-05-29,1.21,22.14,4.21,2.64,-0.42507,112.910004,36.549999,86.70535304128154,56.080002,23.723467308204917,0.3584,3.1484426907627117,14.01,24.084999,5.54
2001-05-30,1.2,22.76,4.21,2.63,-0.42507,111.540001,33.09,86.55386508526122,59.619999,24.34346730820491,0.3584,3.149031087118644,13.755,22.525,5.54
2001-05-31,1.21,22.64,4.21,2.65,-0.42507,113.129997,34.119999,86.55317286942206,59.669998,24.223467308204917,0.3584,3.1496194834745763,13.975,23.0,5.43
2001-06-01,1.17,21.59,3.97,2.63,-0.4363,111.75,34.25,86.1036281773597,57.189999,23.173467308204913,0.4059,3.1502078798305084,13.925,23.799999,5.39
2001-06-04,1.16,21.38,3.97,2.65,-0.4363,110.580002,34.25,85.43453743575908,57.07,22.963467308204912,0.4059,3.151973068898305,13.88,23.48,5.35
2001-06-05,1.17,19.58,3.97,2.66,-0.4363,109.699997,35.990002,85.97974829042059,53.900002,21.163467308204915,0.4059,3.1525614652542373,14.045,24.950001,5.29
2001-06-06,1.15,20.39,3.97,2.69,-0.4363,111.669998,35.509998,86.35493239541834,54.34,21.973467308204917,0.4059,3.1531498616101694,13.9,24.775,5.27
2001-06-07,1.19,19.67,3.97,2.68,-0.4363,110.25,39.389999,86.44994251047925,52.700001,21.25346730820492,0.4059,3.1537382579661015,14.005,26.67,5.33
2001-06-08,1.21,19.92,3.97,2.65,-0.44403,110.519997,38.07,86.51367530004997,52.790001,21.50346730820492,0.37,3.154326654322034,14.055,25.809999,5.38
2001-06-11,1.21,20.7,3.97,2.66,-0.44403,111.410004,36.810001,86.78976617777883,54.48,22.283467308204912,0.37,3.1560918433898304,13.845,24.965,5.32
2001-06-12,1.18,20.7,3.97,2.68,-0.44403,114.050003,34.900002,86.60661810568418,54.130001,22.283467308204912,0.37,3.1566802397457625,13.95,24.92,5.27
2001-06-13,1.2,21.45,3.97,2.67,-0.44403,114.129997,34.02,86.80845876118047,57.639999,23.033467308204912,0.37,3.157268636101695,13.8,24.190001,5.28
2001-06-14,1.22,23.12,3.97,2.67,-0.44403,113.669998,31.51,86.84204512830787,59.459999,24.70346730820491,0.37,3.157857032457627,13.655,22.825001,5.26
2001-06-15,1.26,22.81,3.97,2.71,-0.44989,114.519997,32.139999,86.81031618594966,60.549999,24.39346730820491,0.4539,3.1584454288135593,13.49,22.825001,5.27
2001-06-18,1.29,23.17,3.97,2.73,-0.44989,113.029999,31.129999,86.7934484659766,56.400002,24.75346730820492,0.4539,3.160210617881356,13.635,22.540001,5.27
2001-06-19,1.27,22.34,3.97,2.73,-0.44989,113.349998,29.6,86.91998928529962,55.240002,23.923467308204913,0.4539,3.160799014237288,13.68,22.0,5.26
2001-06-20,1.26,21.71,3.97,2.74,-0.44989,113.260002,29.950001,86.96663442401032,54.52,23.293467308204917,0.4539,3.1613874105932203,13.88,22.075001,5.24
2001-06-21,1.23,19.38,3.97,2.74,-0.44989,114.699997,30.4,88.21392950487751,52.060001,20.963467308204912,0.4539,3.1619758069491524,14.13,22.025,5.22
2001-06-22,1.21,20.02,3.97,2.75,-0.45555,114.68,30.299999,87.8469475677478,51.84,21.603467308204912,0.496,3.162564203305085,13.99,21.98,5.14
2001-06-25,1.2,20.67,3.97,2.75,-0.45555,113.300003,30.85,87.97240124099982,54.009998,22.25346730820492,0.496,3.1643293923728812,13.81,22.605,5.16
2001-06-26,1.21,21.2,3.97,2.72,-0.45555,111.849998,30.91,87.3524258136487,52.810001,22.783467308204912,0.496,3.164917788728814,13.625,22.754999,5.24
2001-06-27,1.2,20.88,3.97,2.68,-0.45555,111.550003,30.91,87.25464836071805,51.889999,22.463467308204912,0.496,3.165506185084746,13.56,22.475,5.26
2001-06-28,1.13,20.01,3.97,2.66,-0.45555,114.010002,31.719999,87.4364066923406,48.709999,21.59346730820491,0.496,3.166094581440678,13.775,23.4,5.35
2001-06-29,1.17,19.06,3.97,2.65,-0.46231,115.699997,31.9,87.4481993040568,45.490002,20.64346730820491,0.3078,3.16668297779661,13.835,24.1,5.42
2001-07-02,1.16,18.76,3.97,2.67,-0.46231,114.599998,32.830002,87.45960453535346,43.970001,20.34346730820491,0.3078,3.168448166864407,13.97,23.945,5.37
2001-07-03,1.17,18.92,3.97,2.67,-0.46231,110.239998,32.32,86.59851204136073,45.139999,20.50346730820492,0.3078,3.169036563220339,13.945,24.02,5.41
2001-07-04,1.17,18.92,3.97,2.67,-0.46231,110.239998,32.32,86.59851204136073,45.139999,20.50346730820492,0.3078,3.169624959576271,13.945,24.02,5.41
2001-07-05,1.2,20.09,3.97,2.67,-0.46231,114.040001,31.360001,86.89209288704933,49.439999,21.673467308204913,0.3078,3.170213355932203,13.66,23.299999,5.44
2001-07-06,1.25,21.63,3.97,2.69,-0.47145,112.690002,29.25,87.41694165353807,51.990002,23.213467308204912,0.2797,3.170801752288136,13.335,21.504999,5.41
2001-07-09,1.22,22.48,3.97,2.69,-0.47145,111.330002,29.4,87.55028810186283,51.139999,24.063467308204913,0.2797,3.172566941355932,13.43,21.665001,5.37
2001-07-10,1.24,23.25,3.97,2.71,-0.47145,111.080002,29.65,87.51310682598422,56.200001,24.833467308204916,0.2797,3.173155337711864,13.37,20.805,5.32
2001-07-11,1.24,24.01,3.97,2.74,-0.47145,114.330002,30.049999,87.58535802151013,57.200001,25.59346730820491,0.2797,3.1737437340677968,13.515,21.450001,5.31
2001-07-12,1.2,22.09,3.97,2.74,-0.47145,113.57,33.139999,88.36463553847864,54.02,23.673467308204913,0.2797,3.174332130423729,14.1,23.139999,5.27
2001-07-13,1.15,21.14,3.97,2.71,-0.48189,112.879997,33.200001,87.84571694433785,53.470001,22.723467308204917,0.5476,3.174920526779661,14.33,22.825001,5.27
2001-07-16,1.14,22.91,3.97,2.74,-0.48189,113.209999,31.540001,88.68054668049336,53.959999,24.493467308204913,0.5476,3.1766857158474577,14.37,21.58,5.21
2001-07-17,1.13,22.61,3.97,2.73,-0.48189,112.660004,31.719999,88.67666862985072,54.84,24.193467308204916,0.5476,3.17727411220339,14.45,22.450001,5.22
2001-07-18,1.16,23.6,3.97,2.78,-0.48189,112.639999,30.1,88.71232094575805,56.439999,25.18346730820492,0.5476,3.177862508559322,14.46,21.57,5.12
2001-07-19,1.15,22.51,3.97,2.78,-0.48189,115.18,32.759998,88.87878007856551,54.59,24.09346730820491,0.5476,3.178450904915254,14.56,22.665001,5.13
2001-07-20,1.17,22.34,3.97,2.77,-0.49241,114.459999,31.51,87.36181582056922,53.639999,23.923467308204913,0.4358,3.1790393012711866,14.575,22.299999,5.15
2001-07-23,1.15,23.74,3.97,2.77,-0.49241,113.650002,30.799999,87.65718326313076,54.720001,25.32346730820491,0.4358,3.180804490338983,14.305,21.6,5.13
2001-07-24,1.16,25.24,3.97,2.74,-0.49241,113.120003,30.200001,87.9431480983417,57.619999,26.82346730820491,0.4358,3.181392886694915,14.1,21.26,5.13
2001-07-25,1.22,24.0,3.97,2.74,-0.49241,114.330002,31.610001,88.3213495368802,54.720001,25.583467308204916,0.4358,3.1819812830508476,14.375,21.615,5.2
2001-07-26,1.25,23.01,3.97,2.76,-0.49241,115.019997,33.82,88.53544039638658,52.720001,24.59346730820491,0.4358,3.1825696794067797,14.39,22.885,5.19
2001-07-27,1.26,22.0,3.97,2.77,-0.50202,116.989998,34.849998,88.56066107844492,51.77,23.583467308204916,0.3183,3.183158075762712,14.35,23.15,5.13
2001-07-30,1.25,22.69,3.97,2.76,-0.50202,114.720001,34.950001,88.26453831486883,50.59,24.27346730820491,0.3183,3.1849232648305086,14.445,23.184999,5.11
2001-07-31,1.28,21.62,3.97,2.78,-0.50202,115.309998,34.5,88.56383683744932,48.349998,23.20346730820491,0.3183,3.1855116611864407,14.45,23.305,5.07
2001-08-01,1.28,20.56,3.65,2.76,-0.50202,116.68,36.630001,88.92028783461356,47.810001,22.14346730820491,0.3183,3.186100057542373,14.435,24.6,5.11
2001-08-02,1.28,20.09,3.65,2.74,-0.50202,115.959999,38.150002,88.60891751849412,48.049999,21.673467308204913,0.3183,3.186688453898305,14.525,25.424999,5.17
2001-08-03,1.29,19.89,3.65,2.72,-0.50697,115.669998,37.5,87.90150679739035,48.470001,21.473467308204917,0.2447,3.1872768502542375,14.43,24.889999,5.2
2001-08-06,1.31,21.89,3.65,2.75,-0.50697,115.550003,36.740002,88.92976250523364,48.419998,23.473467308204917,0.2447,3.189042039322034,14.17,24.41,5.19
2001-08-07,1.3,21.01,3.65,2.74,-0.50697,114.760002,35.450001,88.9476300843415,48.759998,22.59346730820491,0.2447,3.189630435677966,14.33,23.889999,5.2
2001-08-08,1.22,22.32,3.65,2.88,-0.50697,114.699997,33.66,89.27894061225001,48.73,23.903467308204917,0.2447,3.1902188320338984,14.15,22.775,4.99
2001-08-09,1.27,21.75,3.65,2.84,-0.50697,115.330002,34.200001,88.64755876908686,48.150002,23.333467308204916,0.2447,3.1908072283898306,14.1,22.875,5.04
2001-08-10,1.26,20.55,3.65,2.87,-0.50283,114.68,34.650002,88.78448197547873,48.52,22.133467308204914,0.2582,3.1913956247457627,14.09,23.094999,4.99
2001-08-13,1.27,20.42,3.65,2.89,-0.50283,115.550003,34.779999,87.909717162976,47.490002,22.00346730820492,0.2582,3.193160813813559,13.93,23.540001,4.97
2001-08-14,1.23,20.48,3.65,2.89,-0.50283,116.550003,34.860001,87.90653437497672,48.439999,22.063467308204913,0.2582,3.1937492101694915,13.97,23.18,4.97
2001-08-15,1.2,20.91,3.65,2.86,-0.50283,116.730003,33.419998,87.69802668112723,48.369999,22.493467308204913,0.2582,3.1943376065254236,13.85,22.48,5.0
2001-08-16,1.2,21.54,3.65,2.89,-0.50283,117.660004,34.720001,87.60326613732035,50.98,23.123467308204916,0.2582,3.194926002881356,13.955,22.875,4.95
2001-08-17,1.17,23.84,3.65,2.97,-0.48916,115.870003,33.139999,88.9089378575287,52.02,25.423467308204913,0.3682,3.1955143992372883,13.59,21.780001,4.84
2001-08-20,1.17,22.87,3.65,2.93,-0.48916,116.370003,33.360001,88.69665917343342,51.639999,24.45346730820491,0.3682,3.1972795883050846,13.76,22.059999,4.91
2001-08-21,1.18,24.4,3.65,2.98,-0.48916,115.459999,32.509998,88.75233689511794,52.540001,25.983467308204915,0.3682,3.1978679846610167,13.42,21.0,4.87
2001-08-22,1.15,22.44,3.65,2.94,-0.48916,114.769997,33.650002,89.19526050531277,51.09,24.02346730820491,0.3682,3.1984563810169493,13.455,21.975,4.91
2001-08-23,1.17,22.23,3.65,2.92,-0.48916,117.309998,33.959999,89.02550290435539,49.259998,23.813467308204913,0.3682,3.1990447773728814,13.385,21.92,4.89
2001-08-24,1.17,19.71,3.65,2.91,-0.46511,115.839996,35.5,90.1540126530908,47.700001,21.293467308204917,0.4695,3.1996331737288135,13.64,23.105,4.93
2001-08-27,1.16,20.56,3.65,2.91,-0.46511,115.309998,36.0,90.2512594788768,47.220001,22.14346730820491,0.4695,3.2013983627966103,13.625,23.459999,4.94
2001-08-28,1.14,22.0,3.65,2.95,-0.46511,114.389999,35.709999,90.52768623124624,48.740002,23.583467308204916,0.4695,3.2019867591525424,13.51,22.83,4.85
2001-08-29,1.11,23.03,3.65,2.97,-0.46511,115.870003,34.049999,90.41266645752312,49.279999,24.61346730820492,0.4695,3.2025751555084745,13.26,22.125,4.78
2001-08-30,1.18,25.41,3.65,2.97,-0.46511,114.169998,32.990002,91.1402713328274,52.279999,26.993467308204913,0.4695,3.2031635518644066,12.99,21.57,4.79
2001-08-31,1.21,24.92,3.65,2.9,-0.43418,113.269997,33.099998,91.18955439972636,52.860001,26.50346730820492,0.3902,3.203751948220339,13.185,21.9,4.85
2001-09-03,1.21,24.92,3.65,2.9,-0.43418,113.269997,33.099998,91.18955439972636,52.860001,26.50346730820492,0.3902,3.2055171372881355,13.185,21.9,4.85
2001-09-04,1.16,25.85,3.65,2.88,-0.43418,113.099998,32.099998,90.49015233235735,57.150002,27.43346730820492,0.3902,3.2061055336440676,13.255,21.08,4.99
2001-09-05,1.18,26.35,3.65,2.9,-0.43418,113.809998,30.84,90.22886701956492,58.73,27.93346730820492,0.3902,3.20669393,13.26,20.995001,4.97
2001-09-06,1.21,28.61,3.65,2.94,-0.43418,112.449997,29.5,90.51183931513356,62.009998,30.193467308204916,0.3902,3.207282326355932,12.78,19.955,4.86
2001-09-07,1.27,30.99,3.65,2.99,-0.40025,111.43,28.620001,90.76593447184844,65.449997,32.57346730820491,0.5042,3.2078707227118644,12.315,19.885,4.8
2001-09-10,1.31,31.84,3.65,2.99,-0.40025,112.5,28.610001,90.18387166840812,63.84,33.42346730820491,0.5042,3.209635911779661,12.21,19.785,4.84
2001-09-11,1.31,31.84,3.65,2.99,-0.40025,112.5,28.610001,90.18387166840812,63.84,33.42346730820491,0.5042,3.2102243081355932,12.21,19.785,4.84
2001-09-12,1.31,31.84,3.65,2.99,-0.40025,112.5,28.610001,90.18387166840812,63.84,33.42346730820491,0.5042,3.2108127044915253,12.21,19.785,4.84
2001-09-13,1.65,31.84,3.65,3.16,-0.40025,112.5,28.610001,90.18387166840812,63.84,33.42346730820491,0.5042,3.2114011008474574,12.21,19.785,4.64
2001-09-14,1.7,31.84,3.65,3.36,-0.36813,112.5,28.610001,90.18387166840812,63.84,33.42346730820491,1.466,3.21198949720339,12.21,19.785,4.57
2001-09-17,1.67,41.76,3.65,3.45,-0.36813,110.900002,27.0,96.45629281240409,73.260002,43.343467308204914,1.466,3.2137546862711863,11.075,17.950001,4.63
2001-09-18,1.76,38.87,3.65,3.48,-0.36813,114.970001,24.299999,97.14301520857096,74.739998,40.453467308204914,1.466,3.2143430826271184,11.14,16.764999,4.72
2001-09-19,1.88,40.56,3.65,3.52,-0.36813,113.160004,23.9,97.13011774403488,76.93,42.14346730820492,1.466,3.214931478983051,10.885,16.1,4.69
2001-09-20,1.84,43.74,3.65,3.52,-0.36813,111.57,21.73,97.23116782299428,82.489998,45.32346730820492,1.466,3.215519875338983,10.51,15.03,4.75
2001-09-21,1.79,42.66,3.65,3.53,-0.34595,112.230003,23.0,97.14874813336463,77.730003,44.24346730820491,1.998,3.216108271694915,10.525,14.66,4.7
2001-09-24,1.79,37.75,3.65,3.48,-0.34595,114.589996,24.450001,98.19056173465216,69.410004,39.33346730820491,1.998,3.217873460762712,11.105,15.575,4.73
2001-09-25,1.84,35.81,3.65,3.48,-0.34595,115.019997,24.4,98.46369268718608,67.57,37.39346730820492,1.998,3.218461857118644,11.135,15.775,4.72
2001-09-26,1.83,35.26,3.65,3.46,-0.34595,114.480003,23.75,97.87052164086884,65.940002,36.843467308204914,1.998,3.219050253474576,11.17,14.74,4.65
2001-09-27,1.8,34.0,3.65,3.47,-0.34595,115.260002,23.75,98.03254347539924,65.910004,35.583467308204916,1.998,3.2196386498305083,11.2,14.42,4.58
2001-09-28,1.74,31.93,3.65,3.42,-0.33951,114.959999,24.98,97.26535417655322,65.190002,33.513467308204916,0.7348,3.220227046186441,11.485,14.78,4.6
2001-10-01,1.73,32.32,2.49,3.44,-0.33951,115.489998,24.99,97.26319074822278,64.940002,33.90346730820492,0.7348,3.221992235254237,11.475,14.48,4.55
2001-10-02,1.76,31.18,2.49,3.42,-0.33951,117.190002,23.139999,97.35058102296628,63.84,32.763467308204916,0.7348,3.2225806316101693,11.795,14.09,4.53
2001-10-03,1.73,31.34,2.49,3.43,-0.33951,118.470001,25.26,97.31835991109624,62.169998,32.92346730820491,0.7348,3.223169027966102,12.21,15.45,4.5
2001-10-04,1.78,31.97,2.49,3.38,-0.33951,118.059998,27.049999,96.82508814919848,61.939999,33.553467308204915,0.7348,3.223757424322034,11.95,16.174999,4.53
2001-10-05,1.81,33.39,2.49,3.4,-0.34188,119.360001,27.110001,96.79197574985255,63.349998,34.97346730820492,1.118,3.224345820677966,12.05,16.32,4.52
2001-10-08,1.81,35.12,2.49,3.4,-0.34188,117.940002,28.75,96.84279967979518,66.129997,36.703467308204914,1.118,3.226111009745763,11.805,16.99,4.52
2001-10-09,1.88,34.83,2.49,3.36,-0.34188,118.480003,26.809999,96.8890246796804,66.260002,36.413467308204915,1.118,3.226699406101695,11.815,16.15,4.62
2001-10-10,1.83,31.6,2.49,3.34,-0.34188,119.279999,28.549999,97.27615660764722,66.190002,33.18346730820492,1.118,3.227287802457627,12.305,17.200001,4.61
2001-10-11,1.81,31.5,2.49,3.3,-0.34188,120.0,30.85,96.89121621815428,61.639999,33.083467308204916,1.118,3.227876198813559,12.7,18.83,4.69
2001-10-12,1.87,35.27,2.49,3.33,-0.3534,118.830002,31.4,97.70115498260516,65.980003,36.85346730820492,0.8627,3.2284645951694917,12.425,18.870001,4.68
2001-10-15,1.84,35.31,2.49,3.34,-0.3534,118.57,30.34,90.1083122487143,66.239998,36.89346730820492,0.8627,3.230229784237288,12.39,18.045,4.62
2001-10-16,1.82,32.88,2.49,3.33,-0.3534,119.860001,31.49,90.10341266414548,64.010002,34.46346730820492,0.8627,3.23081818059322,12.515,18.48,4.59
2001-10-17,1.79,35.08,2.49,3.31,-0.3534,118.230003,29.91,90.39340472519396,67.110001,36.663467308204915,0.8627,3.2314065769491527,12.2,17.395,4.59
2001-10-18,1.81,34.95,2.49,3.31,-0.3534,118.419998,28.0,89.63481643808501,70.690002,36.53346730820492,0.8627,3.231994973305085,12.2,16.77,4.58
2001-10-19,1.86,34.11,2.49,3.29,-0.36923,119.220001,27.74,89.63277263882746,69.279999,35.693467308204916,0.7582,3.232583369661017,12.03,17.0,4.63
2001-10-22,1.84,32.25,2.49,3.28,-0.36923,120.220001,28.91,88.60713719777601,67.360001,33.833467308204916,0.7582,3.2343485587288137,12.3,17.950001,4.63
2001-10-23,1.85,32.0,2.49,3.28,-0.36923,119.800003,28.6,88.36237272094696,63.73,33.583467308204916,0.7582,3.2349369550847458,12.325,17.790001,4.66
2001-10-24,1.89,30.95,2.49,3.28,-0.36923,119.980003,29.85,88.44117527961288,61.91,32.53346730820491,0.7582,3.235525351440678,12.275,18.450001,4.61
2001-10-25,1.93,29.46,2.49,3.3,-0.36923,119.010002,31.26,88.54622212738529,56.93,31.043467308204917,0.7582,3.23611374779661,12.39,19.379999,4.56
2001-10-26,1.9,28.42,2.49,3.31,-0.3859,119.860001,30.450001,88.28925167379856,56.91,30.00346730820492,0.7381,3.2367021441525425,12.52,19.280001,4.53
2001-10-29,1.95,31.64,2.49,3.32,-0.3859,118.360001,28.5,89.75019856652143,60.290001,33.22346730820492,0.7381,3.238467333220339,12.085,17.85,4.5
2001-10-30,1.96,33.46,2.49,3.35,-0.3859,117.089996,27.27,89.91275644647811,63.41,35.04346730820492,0.7381,3.239055729576271,11.855,17.110001,4.44
2001-10-31,1.86,33.56,2.49,3.38,-0.3859,117.07,27.99,89.91316644491066,62.349998,35.14346730820492,0.7381,3.2396441259322035,12.09,17.860001,4.3
2001-11-01,1.75,32.31,2.09,3.37,-0.3859,117.379997,29.299999,90.05566389377434,61.18,33.89346730820492,0.7381,3.2402325222881356,12.315,19.0,4.24
2001-11-02,1.89,30.71,2.09,3.37,-0.39764,118.559998,29.93,90.09918068713664,61.189999,32.29346730820492,1.0349,3.2408209186440677,12.5,19.4,4.37
2001-11-05,1.85,30.5,2.09,3.34,-0.39764,118.879997,29.9,89.7769859644535,58.959999,32.083467308204916,1.0349,3.2425861077118645,12.795,19.915001,4.31
2001-11-06,1.93,28.8,2.09,3.36,-0.39764,116.739998,31.49,90.02537194714614,57.310001,30.383467308204914,1.0349,3.2431745040677966,12.95,20.719999,4.3
2001-11-07,1.9,29.13,2.09,3.35,-0.39764,117.449997,31.85,89.24679371992646,57.18,30.713467308204912,1.0349,3.2437629004237287,12.86,20.75,4.22
2001-11-08,1.9,28.62,2.09,3.28,-0.39764,117.580002,31.91,89.26948699924907,58.75,30.20346730820491,1.0349,3.244351296779661,12.97,20.375,4.32
2001-11-09,1.89,27.44,2.09,3.27,-0.40304,117.610001,31.0,87.50051884407685,58.59,29.02346730820491,0.8323,3.2449396931355934,12.9,20.290001,4.34
2001-11-12,1.89,29.35,2.09,3.27,-0.40304,118.410004,31.9,88.26278149539996,58.990002,30.93346730820492,0.8323,3.2467048822033897,12.945,20.799999,4.34
2001-11-13,1.87,26.47,2.09,3.24,-0.40304,120.220001,33.82,88.77192078266108,55.939999,28.053467308204915,0.8323,3.247293278559322,13.275,22.025,4.41
2001-11-14,1.84,26.56,2.09,3.19,-0.40304,119.589996,33.880001,88.08261237747703,56.380001,28.14346730820491,0.8323,3.2478816749152544,13.575,21.855,4.54
2001-11-15,1.81,25.56,2.09,3.1,-0.40304,121.57,33.27,88.14093343908824,57.450001,27.14346730820491,0.8323,3.2484700712711865,13.575,21.545,4.79
2001-11-16,1.82,25.07,2.09,3.07,-0.40134,122.230003,32.630001,88.13236505143085,55.009998,26.653467308204917,0.3955,3.2490584676271186,13.425,21.33,4.91
2001-11-19,1.88,24.46,2.09,3.08,-0.40134,122.309998,32.959999,87.94141301034921,50.830002,26.043467308204917,0.3955,3.2508236566949154,13.87,21.375,4.8
2001-11-20,1.92,24.12,2.09,3.08,-0.40134,120.480003,31.25,87.93842450854294,51.41,25.70346730820491,0.3955,3.2514120530508475,13.7,20.165001,4.88
2001-11-21,1.87,24.19,2.09,3.01,-0.40134,119.879997,31.1,87.91311617739863,52.68,25.77346730820491,0.3955,3.2520004494067796,13.57,20.51,4.98
2001-11-22,1.87,24.19,2.09,3.01,-0.40134,119.879997,31.1,87.91311617739863,52.68,25.77346730820491,0.3955,3.2525888457627117,13.57,20.51,4.98
2001-11-23,1.84,23.25,2.09,2.97,-0.39124,120.260002,31.74,87.8385599556309,50.810001,24.833467308204916,0.5188,3.253177242118644,13.725,20.825001,5.04
2001-11-26,1.83,23.79,2.09,2.96,-0.39124,119.129997,32.450001,87.88497974134779,48.220001,25.373467308204916,0.5188,3.254942431186441,13.835,21.620001,5.05
2001-11-27,1.87,24.0,2.09,3.01,-0.39124,118.32,32.580002,85.85036556607886,49.27,25.583467308204916,0.5188,3.2555308275423727,13.585,21.83,4.98
2001-11-28,1.86,25.9,2.09,3.01,-0.39124,118.25,31.030001,86.3678252857719,52.209999,27.483467308204915,0.5188,3.256119223898305,13.5,20.860001,4.98
2001-11-29,1.92,25.18,2.09,3.07,-0.39124,121.129997,32.07,86.36524443816351,48.91,26.763467308204916,0.5188,3.2567076202542373,13.595,21.66,4.79
2001-11-30,1.94,23.84,2.09,3.1,-0.37736,120.300003,32.049999,86.50815420233339,48.450001,25.423467308204913,0.6819,3.2572960166101694,13.7,21.315001,4.78
2001-12-03,1.93,25.77,2.09,3.14,-0.37736,119.68,30.98,87.44755718787512,49.740002,27.353467308204912,0.6819,3.259061205677966,13.5,20.950001,4.75
2001-12-04,1.89,24.08,2.09,3.15,-0.37736,121.639999,31.0,87.84739304931502,48.040001,25.663467308204915,0.6819,3.2596496020338983,13.8,22.035,4.7
2001-12-05,1.85,23.02,2.09,3.07,-0.37736,116.529999,33.5,87.73230011102962,47.439999,24.603467308204912,0.6819,3.2602379983898304,14.21,23.620001,4.92
2001-12-06,1.85,23.71,2.09,3.03,-0.37736,117.879997,33.5,87.87187595051203,48.389999,25.293467308204917,0.6819,3.2608263947457625,14.05,23.540001,5.04
2001-12-07,2.01,23.49,2.09,2.96,-0.36464,118.129997,32.700001,87.86287118684766,50.18,25.07346730820491,0.7776,3.261414791101695,14.055,22.969999,5.2
2001-12-10,2.07,25.62,2.09,3.0,-0.36464,117.860001,31.110001,88.8044379360406,52.119999,27.20346730820491,0.7776,3.2631799801694914,13.87,22.405001,5.17
2001-12-11,2.1,25.3,2.09,3.01,-0.36464,118.040001,31.049999,88.17702950272192,50.73,26.883467308204914,0.7776,3.2637683765254235,13.775,22.525,5.13
2001-12-12,2.05,24.87,2.09,3.04,-0.36464,119.199997,32.200001,87.08462303926724,48.09,26.45346730820491,0.7776,3.264356772881356,13.8,23.040001,5.02
2001-12-13,2.04,25.91,2.09,2.98,-0.36464,119.059998,29.92,87.32593112025057,52.150002,27.493467308204913,0.7776,3.264945169237288,13.645,21.555,5.13
2001-12-14,2.04,24.63,2.09,2.91,-0.35826,120.400002,30.35,87.45636932396313,52.790001,26.213467308204912,0.7783,3.2655335655932203,13.755,22.049999,5.24
2001-12-17,2.05,24.26,2.09,2.97,-0.35826,122.059998,30.17,87.43896233086399,51.07,25.84346730820491,0.7783,3.267298754661017,13.905,22.445,5.26
2001-12-18,2.03,23.29,2.09,2.94,-0.35826,122.32,29.809999,87.5634231305049,49.049999,24.873467308204916,0.7783,3.267887151016949,14.05,22.565001,5.16
2001-12-19,1.97,22.58,2.09,2.94,-0.35826,122.57,27.9,87.64875656549495,49.68,24.163467308204915,0.7783,3.2684755473728813,14.12,21.495001,5.08
2001-12-20,1.93,23.67,2.09,2.92,-0.35826,124.639999,26.5,87.95012612125811,52.91,25.25346730820492,0.7783,3.269063943728814,14.035,20.415001,5.08
2001-12-21,1.95,22.5,2.09,2.87,-0.36052,123.860001,28.0,88.06313334561254,50.959999,24.083467308204916,0.7509,3.269652340084746,14.215,20.950001,5.12
2001-12-24,1.96,22.62,2.09,2.87,-0.36052,124.620003,27.83,87.99671196389019,49.439999,24.20346730820491,0.7509,3.2714175291525422,14.265,20.77,5.18
2001-12-25,1.96,22.62,2.09,2.87,-0.36052,124.620003,27.83,87.99671196389019,49.439999,24.20346730820491,0.7509,3.2720059255084744,14.265,20.77,5.18
2001-12-26,1.96,22.29,2.09,2.82,-0.36052,119.0,28.049999,88.00163117191227,49.060001,23.873467308204916,0.7509,3.272594321864407,14.4,20.955,5.22
2001-12-27,1.94,21.59,2.09,2.88,-0.36052,122.940002,28.75,87.18188066719301,47.459999,23.173467308204913,0.7509,3.273182718220339,14.415,21.32,5.13
2001-12-28,1.99,21.4,2.09,2.87,-0.37389,123.669998,28.66,87.12838029524826,45.939999,22.983467308204915,0.5891,3.273771114576271,14.52,21.584999,5.15
2001-12-31,2.0,23.8,2.09,2.85,-0.37389,121.129997,28.0,88.46479050522706,47.259998,25.383467308204914,0.5891,3.275536303644068,14.3,20.924999,5.07
2002-01-01,2.0,23.8,1.73,2.85,-0.37389,121.129997,28.0,88.46479050522706,47.259998,25.383467308204914,0.5891,3.2761247,14.3,20.924999,5.07
2002-01-02,1.98,22.71,1.73,2.82,-0.37389,119.540001,28.82,87.86624830059762,48.049999,24.293467308204917,0.5891,3.1742333,14.345,21.799999,5.2
2002-01-03,1.97,21.34,1.73,2.82,-0.37389,118.889999,30.700001,87.79095349557785,47.07,22.923467308204913,0.5891,3.1633943,14.3,23.58,5.16
2002-01-04,1.99,20.45,1.73,2.78,-0.3942,122.269997,30.4,87.76910219469352,46.860001,22.033467308204912,0.5458,3.4305994,14.535,23.565001,5.18
2002-01-07,2.01,21.94,1.73,2.8,-0.3942,121.660004,29.41,88.34356179820365,47.889999,23.52346730820491,0.5458,3.06428273,14.45,23.129999,5.09
2002-01-08,2.03,21.83,1.73,2.8,-0.3942,121.559998,29.0,88.33900254850757,47.41,23.413467308204915,0.5458,2.79450056,14.5,23.26,5.1
2002-01-09,2.07,22.13,1.73,2.78,-0.3942,119.860001,28.209999,87.25586008509364,48.349998,23.713467308204912,0.5458,2.61084204,14.3,23.27,5.1
2002-01-10,2.06,22.36,1.73,2.82,-0.3942,119.440002,27.549999,87.28425106135093,48.66,23.943467308204916,0.5458,2.50764084,14.4,22.825001,5.0
2002-01-11,2.16,22.6,1.73,2.86,-0.41981,121.919998,27.24,87.29434903273527,48.369999,24.18346730820492,0.527,2.60382618,14.13,22.65,4.92
2002-01-14,2.12,23.58,1.73,2.88,-0.41981,118.870003,27.09,87.31303757071414,49.509998,25.163467308204915,0.527,2.7870426768926553,14.025,22.5,4.91
2002-01-15,2.09,22.7,1.73,2.86,-0.41981,121.970001,26.41,87.18665427367021,48.02,24.283467308204912,0.527,2.786598160338983,14.115,22.424999,4.88
2002-01-16,2.04,23.45,1.73,2.87,-0.41981,119.459999,26.309999,87.32462993980607,49.43,25.033467308204912,0.527,2.786153643785311,13.875,21.67,4.88
2002-01-17,2.02,22.25,1.73,2.82,-0.41981,119.860001,27.450001,87.45349834056964,46.970001,23.833467308204916,0.527,2.7857091272316383,14.04,21.975,4.98
2002-01-18,2.03,22.52,1.73,2.86,-0.4453,120.849998,27.540001,87.35522184189924,48.889999,24.103467308204912,0.583,2.785264610677966,14.0,21.41,4.94
2002-01-21,2.03,22.52,1.73,2.86,-0.4453,120.849998,27.540001,87.35522184189924,48.889999,24.103467308204912,0.583,2.783931061016949,14.0,21.41,4.94
2002-01-22,1.99,23.61,1.73,2.85,-0.4453,120.720001,25.75,87.35680671058245,50.369999,25.193467308204916,0.583,2.783486544463277,14.09,20.360001,4.96
2002-01-23,1.98,21.88,1.73,2.87,-0.4453,119.620003,26.0,87.7307386550445,48.150002,23.463467308204912,0.583,2.7830420279096044,14.395,21.01,5.05
2002-01-24,1.92,21.15,1.73,2.85,-0.4453,119.839996,27.450001,87.8527993660806,47.369999,22.733467308204915,0.583,2.7825975113559323,14.4,21.325001,5.07
2002-01-25,1.93,21.01,1.73,2.81,-0.46652,121.739998,27.450001,87.83602724306004,45.669998,22.59346730820491,0.3595,2.78215299480226,14.25,21.700001,5.1
2002-01-28,1.93,21.14,1.73,2.78,-0.46652,123.279999,28.4,87.72703186441038,42.959999,22.723467308204917,0.3595,2.780819445141243,14.495,22.025,5.12
2002-01-29,1.97,24.35,1.73,2.84,-0.46652,118.279999,29.959999,90.15901801084892,45.900002,25.93346730820492,0.3595,2.7803749285875705,14.19,21.575001,5.02
2002-01-30,1.96,23.22,1.73,2.89,-0.46652,120.529999,30.719999,89.19491532909805,44.669998,24.803467308204915,0.3595,2.7799304120338983,14.55,22.424999,5.02
2002-01-31,1.91,21.09,1.73,2.85,-0.46652,120.260002,31.209999,89.85896701468697,42.459999,22.673467308204913,0.3595,2.779485895480226,14.77,22.65,5.07
2002-02-01,1.94,21.12,1.74,2.86,-0.48165,119.870003,30.5,89.48384214020449,43.080002,22.70346730820491,0.5041,2.7790413789265536,14.62,22.4,5.02
2002-02-04,1.95,24.87,1.74,2.93,-0.48165,118.400002,29.75,92.09768014474326,45.84,26.45346730820491,0.5041,2.7777078292655366,14.375,22.075001,4.94
2002-02-05,1.93,25.45,1.74,2.98,-0.48165,118.139999,29.75,91.76600256927092,46.740002,27.033467308204912,0.5041,2.7772633127118644,14.36,22.0,4.92
2002-02-06,1.94,26.09,1.74,3.01,-0.48165,117.459999,29.5,91.76573470572396,49.060001,27.673467308204913,0.5041,2.7768187961581923,14.245,21.895,4.92
2002-02-07,1.94,25.11,1.74,3.05,-0.48165,116.889999,29.540001,91.96360315474706,51.110001,26.693467308204916,0.5041,2.7763742796045197,14.075,21.025,4.93
2002-02-08,1.95,23.26,1.74,3.03,-0.49065,118.019997,30.290001,92.52003765502371,49.279999,24.84346730820491,0.6611,2.7759297630508475,14.2,21.459999,4.9
2002-02-11,1.96,21.78,1.74,3.02,-0.49065,120.059998,31.950001,92.88208067776166,46.41,23.36346730820492,0.6611,2.7745962133898305,14.625,22.34,4.91
2002-02-12,1.93,21.62,1.74,2.99,-0.49065,119.919998,31.82,92.72054979200531,45.450001,23.20346730820491,0.6611,2.7741516968361584,14.5,22.139999,4.97
2002-02-13,1.92,20.85,1.74,2.93,-0.49065,121.349998,32.91,92.71062046722062,44.470001,22.43346730820492,0.6611,2.7737071802824858,14.715,22.865,5.01
2002-02-14,1.88,21.77,1.74,2.95,-0.49065,121.260002,32.509998,92.78633328453556,42.220001,23.353467308204912,0.6611,2.7732626637288136,14.77,22.65,4.95
2002-02-15,1.89,22.37,1.74,2.98,-0.49496,122.629997,31.5,92.62254196304464,44.990002,23.95346730820491,0.3661,2.7728181471751414,14.6,22.25,4.86
2002-02-18,1.89,22.37,1.74,2.98,-0.49496,122.629997,31.5,92.62254196304464,44.990002,23.95346730820491,0.3661,2.7714845975141245,14.6,22.25,4.86
2002-02-19,1.9,24.43,1.74,2.99,-0.49496,120.849998,29.940001,93.25968435567768,47.23,26.013467308204916,0.3661,2.771040080960452,14.43,21.379999,4.88
2002-02-20,1.88,22.66,1.74,3.01,-0.49496,121.0,29.99,93.5621547710664,46.700001,24.243467308204913,0.3661,2.7705955644067797,14.715,21.629999,4.88
2002-02-21,1.88,23.8,1.74,2.97,-0.49496,117.699997,28.860001,93.2623909162559,48.080002,25.383467308204914,0.3661,2.7701510478531075,14.575,20.235001,4.88
2002-02-22,1.87,22.86,1.74,2.98,-0.49516,118.879997,29.51,93.30534525976807,48.57,24.443467308204916,0.5426,2.769706531299435,14.595,20.299999,4.84
2002-02-25,1.85,21.84,1.74,2.98,-0.49516,116.849998,30.85,93.49610851388604,44.07,23.423467308204913,0.5426,2.768372981638418,14.84,21.42,4.86
2002-02-26,1.85,21.68,1.74,2.96,-0.49516,118.269997,30.99,93.50610106375709,44.77,23.263467308204916,0.5426,2.7679284650847458,15.0,21.139999,4.93
2002-02-27,1.75,21.49,1.74,3.0,-0.49516,118.209999,30.360001,91.52307937764184,45.759998,23.07346730820491,0.5426,2.7674839485310736,14.975,20.865,4.84
2002-02-28,1.82,21.59,1.74,2.98,-0.49516,119.660004,29.35,91.35515153586584,46.189999,23.173467308204913,0.5426,2.767039431977401,14.85,20.18,4.88
2002-03-01,1.8,19.96,1.73,2.97,-0.49452,119.580002,31.5,91.1048387888718,41.939999,21.543467308204917,0.3806,2.766594915423729,14.99,22.139999,4.98
2002-03-04,1.78,20.5,1.73,2.94,-0.49452,116.980003,33.990002,91.1754151366986,40.790001,22.083467308204916,0.3806,2.765261365762712,15.215,23.469999,5.02
2002-03-05,1.77,20.3,1.73,2.9,-0.49452,116.82,33.990002,87.603962199075,42.279999,21.883467308204914,0.3806,2.7648168492090397,14.77,23.91,5.02
2002-03-06,1.8,19.94,1.73,2.91,-0.49452,115.400002,34.200001,87.46906783160664,42.73,21.52346730820491,0.3806,2.764372332655367,14.975,23.799999,5.06
2002-03-07,1.86,20.04,1.73,2.83,-0.49452,115.970001,34.75,87.33018887530847,43.759998,21.623467308204916,0.3806,2.763927816101695,15.09,23.950001,5.22
2002-03-08,1.73,19.27,1.73,2.79,-0.49352,115.629997,35.709999,87.33597109220572,41.619999,20.853467308204912,0.1966,2.7634832995480227,15.175,24.9,5.33
2002-03-11,1.74,19.84,1.73,2.78,-0.49352,116.18,34.110001,86.99608143148906,42.049999,21.423467308204913,0.1966,2.762149749887006,15.105,24.299999,5.33
2002-03-12,1.76,19.59,1.73,2.78,-0.49352,117.230003,32.75,86.54116119366913,43.009998,21.173467308204913,0.1966,2.761705233333333,15.135,23.545,5.32
2002-03-13,1.79,19.46,1.73,2.82,-0.49352,116.510002,32.400002,86.54065103313,43.259998,21.043467308204917,0.1966,2.761260716779661,15.1,22.77,5.28
2002-03-14,1.77,19.2,1.73,2.79,-0.49352,115.260002,32.889999,86.41029806402273,42.330002,20.783467308204912,0.1966,2.760816200225989,15.1,22.665001,5.4
2002-03-15,1.72,18.42,1.73,2.81,-0.49409,117.620003,34.09,86.23444411497562,40.259998,20.00346730820492,0.1658,2.7603716836723167,15.275,23.32,5.35
2002-03-18,1.65,18.93,1.73,2.8,-0.49409,117.209999,34.0,86.23574124912491,38.75,20.513467308204916,0.1658,2.7590381340112997,15.28,23.469999,5.32
2002-03-19,1.69,18.16,1.73,2.83,-0.49409,115.470001,34.57,84.68616717432944,38.990002,19.743467308204913,0.1658,2.758593617457627,15.345,23.715,5.33
2002-03-20,1.69,18.46,1.73,2.81,-0.49409,116.68,33.5,84.16617850806821,38.16,20.043467308204917,0.1658,2.758149100903955,15.285,22.879999,5.4
2002-03-21,1.66,18.15,1.73,2.78,-0.49409,117.419998,34.16,83.40866387019828,36.98,19.733467308204915,0.1658,2.7577045843502828,15.095,23.52,5.39
2002-03-22,1.63,17.77,1.73,2.78,-0.49821,116.650002,33.16,83.26820531101085,37.560001,19.353467308204912,0.2834,2.75726006779661,15.025,23.125,5.4
2002-03-25,1.63,18.48,1.73,2.74,-0.49821,116.889999,32.049999,83.545829945195,39.18,20.063467308204913,0.2834,2.755926518135593,14.75,22.525,5.41
2002-03-26,1.67,18.13,1.73,2.76,-0.49821,118.599998,33.52,83.56950764283997,37.68,19.713467308204912,0.2834,2.755482001581921,14.95,23.075001,5.35
2002-03-27,1.69,17.7,1.73,2.81,-0.49821,117.129997,33.099998,83.61492493143174,37.16,19.283467308204912,0.2834,2.755037485028249,15.05,22.875,5.35
2002-03-28,1.7,17.4,1.73,2.81,-0.49821,112.970001,33.099998,83.58235511352657,36.279999,18.983467308204915,0.2834,2.754592968474576,15.02,23.264999,5.42
2002-03-29,1.7,17.4,1.73,2.81,-0.50645,112.970001,33.099998,83.58235511352657,36.279999,18.983467308204915,0.3382,2.754148451920904,15.02,23.264999,5.42
2002-04-01,1.7,18.73,1.75,2.78,-0.50645,115.839996,34.09,84.00880884742347,36.450001,20.313467308204913,0.3382,2.752814902259887,14.74,23.875,5.44
2002-04-02,1.73,19.16,1.75,2.81,-0.50645,113.949997,33.75,83.9644361959109,39.32,20.743467308204913,0.3382,2.752370385706215,14.475,23.115,5.36
2002-04-03,1.75,20.2,1.75,2.83,-0.50645,114.809998,32.990002,84.53054904275689,41.029999,21.783467308204912,0.3382,2.7519258691525423,14.365,22.65,5.3
2002-04-04,1.71,19.78,1.75,2.84,-0.50645,113.739998,33.32,84.55191142986364,40.220001,21.36346730820492,0.3382,2.75148135259887,14.56,22.955,5.28
2002-04-05,1.73,19.13,1.75,2.85,-0.5198,114.519997,33.419998,84.72751790351579,40.82,20.713467308204912,0.4326,2.751036836045198,14.65,22.625,5.22
2002-04-08,1.74,19.61,1.75,2.85,-0.5198,114.139999,33.0,84.58235379132368,40.279999,21.193467308204916,0.4326,2.749703286384181,14.87,22.700001,5.25
2002-04-09,1.74,19.47,1.75,2.85,-0.5198,115.620003,32.32,84.43981862576626,42.459999,21.053467308204915,0.4326,2.7492587698305084,14.975,21.91,5.22
2002-04-10,1.76,18.19,1.75,2.84,-0.5198,118.379997,32.150002,85.13072752110484,42.07,19.77346730820491,0.4326,2.7488142532768363,15.15,22.190001,5.24
2002-04-11,1.75,20.3,1.75,2.83,-0.5198,114.550003,30.950001,87.11329975611646,43.669998,21.883467308204914,0.4326,2.748369736723164,14.92,21.690001,5.22
2002-04-12,1.77,19.42,1.75,2.86,-0.53843,115.57,31.799999,87.35441983575443,42.810001,21.00346730820492,0.3935,2.7479252201694915,15.225,21.85,5.18
2002-04-15,1.77,19.82,1.75,2.84,-0.53843,115.309998,32.130001,87.14475990723079,41.869999,21.403467308204917,0.3935,2.7465916705084745,14.995,22.174999,5.15
2002-04-16,1.77,18.11,1.75,2.81,-0.53843,116.620003,33.790001,88.0408890485472,39.43,19.693467308204916,0.3935,2.7461471539548024,15.215,23.290001,5.2
2002-04-17,1.83,18.43,1.75,2.79,-0.53843,116.010002,34.049999,87.87167932091572,39.290001,20.013467308204916,0.3935,2.74570263740113,15.06,23.695,5.24
2002-04-18,1.85,19.29,1.75,2.82,-0.53843,115.43,33.619999,88.08553692059527,39.34,20.873467308204916,0.3935,2.7452581208474576,14.96,23.094999,5.23
2002-04-19,1.85,18.3,1.75,2.8,-0.5603,115.809998,33.299999,88.38627657798217,39.349998,19.883467308204914,0.2895,2.7448136042937854,15.025,22.695,5.21
2002-04-22,1.82,19.77,1.75,2.77,-0.5603,116.309998,32.599998,88.98026770896817,39.060001,21.353467308204912,0.2895,2.7434800546327685,14.88,22.465,5.19
2002-04-23,1.79,20.28,1.75,2.78,-0.5603,114.779999,32.43,88.89584390554724,39.93,21.86346730820492,0.2895,2.7430355380790963,14.905,22.0,5.18
2002-04-24,1.83,20.77,1.75,2.81,-0.5603,114.610001,31.75,88.85304854702169,40.18,22.353467308204912,0.2895,2.7425910215254237,14.775,21.309999,5.11
2002-04-25,1.85,20.95,1.75,2.83,-0.5603,115.309998,31.5,88.7322328411465,40.169998,22.533467308204912,0.2895,2.7421465049717515,14.815,21.34,5.1
2002-04-26,1.86,22.14,1.75,2.83,-0.58317,114.129997,30.41,88.87234375040626,42.240002,23.723467308204917,0.3714,2.7417019884180793,14.725,20.475,5.08
2002-04-29,1.87,24.05,1.75,2.82,-0.58317,113.93,30.65,89.02154964127658,45.119999,25.633467308204914,0.3714,2.7403684387570624,14.565,20.445,5.13
2002-04-30,1.87,21.91,1.75,2.84,-0.58317,114.75,30.93,90.0739839039465,43.759998,23.493467308204913,0.3714,2.7399239222033898,14.6,20.735001,5.11
2002-05-01,1.87,20.06,1.75,2.86,-0.58317,113.25,31.200001,90.62652327064102,43.91,21.64346730820491,0.3714,2.7394794056497176,14.68,20.825001,5.08
2002-05-02,1.88,20.07,1.75,2.84,-0.58317,114.690002,29.790001,90.57620251667436,44.52,21.653467308204917,0.3714,2.7390348890960454,14.815,19.950001,5.13
2002-05-03,1.91,20.19,1.75,2.89,-0.60549,113.980003,28.299999,90.44694112195026,46.259998,21.77346730820491,0.2591,2.738590372542373,14.615,19.049999,5.08
2002-05-06,1.91,22.56,1.75,2.86,-0.60549,111.290001,27.549999,91.58202587207424,49.119999,24.14346730820491,0.2591,2.737256822881356,14.35,18.639999,5.1
2002-05-07,1.95,21.94,1.75,2.86,-0.60549,111.949997,27.51,91.67765117495108,50.119999,23.52346730820491,0.2591,2.7368123063276837,14.56,18.684999,5.09
2002-05-08,1.92,20.39,1.75,2.86,-0.60549,112.0,30.6,91.7452681728182,45.810001,21.973467308204917,0.2591,2.7363677897740115,14.775,20.85,5.24
2002-05-09,1.93,21.56,1.75,2.89,-0.60549,113.269997,29.790001,90.8657316053383,48.080002,23.14346730820491,0.2591,2.735923273220339,14.55,20.219999,5.2
2002-05-10,1.96,22.41,1.75,2.93,-0.62196,113.389999,28.700001,90.72446714858336,50.73,23.993467308204913,0.3539,2.7354787566666667,14.31,19.389999,5.15
2002-05-13,1.95,20.72,1.75,2.9,-0.62196,113.269997,30.27,91.34410741684002,46.119999,22.303467308204915,0.3539,2.73414520700565,14.465,20.485001,5.23
2002-05-14,1.92,19.35,1.75,2.89,-0.62196,113.669998,31.299999,91.03770796426473,44.34,20.93346730820492,0.3539,2.7337006904519776,14.98,21.725,5.32
2002-05-15,1.91,19.19,1.75,2.91,-0.62196,113.93,31.700001,91.03663352836472,45.400002,20.77346730820491,0.3539,2.733256173898305,14.89,21.6,5.28
2002-05-16,1.92,18.5,1.75,2.96,-0.62196,114.370003,32.110001,90.98019632014606,44.52,20.083467308204916,0.3539,2.732811657344633,15.0,21.940001,5.2
2002-05-17,1.86,17.7,1.75,2.94,-0.63254,115.300003,32.34,90.90720782624834,42.939999,19.283467308204912,0.1585,2.7323671407909607,15.125,22.049999,5.27
2002-05-20,1.88,19.24,1.75,2.96,-0.63254,115.720001,31.700001,91.01369879644652,42.880001,20.82346730820491,0.1585,2.7310335911299437,15.075,21.575001,5.21
2002-05-21,1.9,20.05,1.75,2.95,-0.63254,114.760002,30.610001,91.1161111499336,44.650002,21.633467308204914,0.1585,2.730589074576271,14.7,21.049999,5.18
2002-05-22,1.9,19.58,1.75,2.98,-0.63254,116.360001,30.66,91.11346472833108,44.700001,21.163467308204915,0.1585,2.730144558022599,14.635,21.075001,5.13
2002-05-23,1.88,18.23,1.75,2.97,-0.63254,116.0,30.620001,91.50536867453164,43.200001,19.813467308204913,0.1585,2.7297000414689268,14.775,20.9,5.16
2002-05-24,1.88,18.9,1.75,2.96,-0.63448,114.489998,29.98,91.3112515901958,42.860001,20.483467308204915,0.3569,2.729255524915254,14.66,20.184999,5.16
2002-05-27,1.88,18.9,1.75,2.96,-0.63448,114.489998,29.98,91.3112515901958,42.860001,20.483467308204915,0.3569,2.727921975254237,14.66,20.184999,5.16
2002-05-28,1.86,20.31,1.75,2.95,-0.63448,114.690002,29.889999,91.12129838841014,45.110001,21.89346730820491,0.3569,2.727477458700565,14.43,20.094999,5.16
2002-05-29,1.87,20.39,1.75,2.97,-0.63448,113.93,28.73,90.43234485589552,45.700001,21.973467308204917,0.3569,2.727032942146893,14.4,19.424999,5.11
2002-05-30,1.89,20.61,1.75,3.0,-0.63448,115.07,28.799999,89.70673135982307,46.619999,22.193467308204916,0.3569,2.72658842559322,14.275,19.375,5.06
2002-05-31,1.86,19.98,1.75,2.98,-0.62834,116.040001,28.67,89.81787480506924,45.889999,21.563467308204913,0.3365,2.726143909039548,14.525,19.225,5.08
2002-06-03,1.87,23.37,1.75,3.0,-0.62834,113.650002,27.74,92.37408166449796,47.650002,24.95346730820491,0.3365,2.724810359378531,14.14,18.375,5.06
2002-06-04,1.91,23.89,1.75,3.01,-0.62834,114.32,28.1,91.30114250513904,49.66,25.473467308204917,0.3365,2.724365842824859,14.06,18.9,5.04
2002-06-05,1.92,22.61,1.75,2.99,-0.62834,114.800003,28.440001,91.51652505608654,48.02,24.193467308204916,0.3365,2.7239213262711863,14.35,19.040001,5.08
2002-06-06,1.91,24.16,1.75,2.99,-0.62834,114.139999,27.690001,91.31262585459936,49.759998,25.743467308204913,0.3365,2.723476809717514,14.125,18.4,5.04
2002-06-07,1.94,23.51,1.75,2.96,-0.6142,114.25,26.4,91.20220772984848,52.240002,25.09346730820491,0.5197,2.723032293163842,14.14,17.35,5.1
2002-06-10,1.92,23.72,1.75,2.95,-0.6142,113.279999,25.77,91.09401435649175,52.57,25.303467308204915,0.5197,2.721698743502825,14.375,17.049999,5.07
2002-06-11,1.93,24.45,1.75,2.95,-0.6142,111.959999,24.950001,90.48577231931635,53.119999,26.033467308204912,0.5197,2.7212542269491524,14.3,16.405001,5.02
2002-06-12,1.93,24.15,1.75,3.0,-0.6142,113.580002,25.639999,89.93614767487436,52.860001,25.733467308204915,0.5197,2.7208097103954803,14.42,17.049999,4.98
2002-06-13,1.94,25.02,1.75,3.0,-0.6142,112.169998,25.549999,89.93762146077727,54.299999,26.603467308204912,0.5197,2.720365193841808,14.09,16.709999,4.94
2002-06-14,1.91,25.96,1.75,3.02,-0.59387,113.0,25.4,89.69439744393247,55.669998,27.543467308204917,0.6152,2.7199206772881355,14.0,16.719999,4.83
2002-06-17,1.93,24.64,1.75,2.97,-0.59387,112.650002,26.639999,89.79865926168296,54.98,26.223467308204917,0.6152,2.7185871276271185,14.37,17.594999,4.89
2002-06-18,1.95,24.24,1.75,3.02,-0.59387,113.269997,26.09,89.36304091270101,54.549999,25.82346730820491,0.6152,2.7181426110734463,14.325,17.275,4.88
2002-06-19,1.95,26.06,1.75,3.06,-0.59387,111.459999,24.85,89.67878482950589,55.240002,27.64346730820491,0.6152,2.717698094519774,14.265,16.125,4.76
2002-06-20,1.92,27.48,1.75,3.05,-0.59387,111.220001,24.469999,89.66181233320799,57.93,29.063467308204913,0.6152,2.7172535779661016,14.055,15.42,4.85
2002-06-21,1.91,27.23,1.75,3.05,-0.56915,112.349998,22.93,88.89179325408854,59.299999,28.813467308204913,0.641,2.7168090614124294,13.81,14.875,4.79
2002-06-24,1.94,26.98,1.75,3.03,-0.56915,112.349998,24.139999,88.95947597707418,58.650002,28.563467308204913,0.641,2.7154755117514124,13.96,15.51,4.87
2002-06-25,1.96,27.84,1.75,3.03,-0.56915,111.110001,23.43,88.61868694140514,59.880001,29.423467308204913,0.641,2.7150309951977403,13.725,14.875,4.88
2002-06-26,1.98,28.42,1.75,3.12,-0.56915,111.050003,24.23,88.5988025403638,64.360001,30.00346730820492,0.641,2.7145864786440677,13.6,15.005,4.75
2002-06-27,1.99,26.29,1.75,3.14,-0.56915,112.360001,24.67,89.50978151977763,63.16,27.873467308204916,0.641,2.7141419620903955,13.68,15.465,4.84
2002-06-28,1.96,25.4,1.75,3.13,-0.54179,112.449997,23.700001,89.5418817344654,57.950001,26.983467308204915,0.9821,2.7136974455367233,13.735,15.175,4.86
2002-07-01,1.97,27.11,1.73,3.14,-0.54179,112.099998,23.450001,86.91207736697444,57.450001,28.693467308204916,0.9821,2.7123638958757064,13.32,14.49,4.85
2002-07-02,1.99,28.96,1.73,3.18,-0.54179,110.769997,22.190001,87.34832259478851,59.57,30.543467308204917,0.9821,2.7119193793220338,13.135,13.75,4.77
2002-07-03,2.0,29.42,1.73,3.17,-0.54179,109.989998,23.139999,86.76874316040977,60.060001,31.00346730820492,0.9821,2.7114748627683616,13.305,14.445,4.78
2002-07-04,2.0,29.42,1.73,3.17,-0.54179,109.989998,23.139999,86.76874316040977,60.060001,31.00346730820492,0.9821,2.7110303462146894,13.305,14.445,4.78
2002-07-05,2.0,27.11,1.73,3.15,-0.51393,116.339996,24.98,87.3739004408899,56.279999,28.693467308204916,0.7718,2.710585829661017,13.83,15.795,4.9
2002-07-08,2.0,28.25,1.73,3.19,-0.51393,112.519997,24.15,87.35765255328775,59.290001,29.833467308204916,0.7718,2.70925228,13.64,15.025,4.84
2002-07-09,2.04,30.22,1.73,3.19,-0.51393,110.75,23.299999,87.78396146446508,62.119999,31.803467308204915,0.7718,2.7088077634463277,13.33,14.475,4.78
2002-07-10,2.05,34.1,1.73,3.21,-0.51393,108.790001,22.18,89.23606767735588,65.220001,35.68346730820492,0.7718,2.7083632468926555,12.895,13.795,4.66
2002-07-11,2.05,33.85,1.73,3.21,-0.51393,110.0,23.17,89.20572919520585,68.989998,35.43346730820492,0.7718,2.7079187303389833,12.885,14.715,4.66
2002-07-12,2.07,32.94,1.73,3.24,-0.48671,111.07,23.74,89.37327178475807,66.0,34.523467308204914,0.903,2.7074742137853107,12.72,14.855,4.63
2002-07-15,2.11,35.03,1.73,3.26,-0.48671,112.400002,24.6,89.56556036733882,67.849998,36.61346730820492,0.903,2.7061406641242938,12.525,15.585,4.66
2002-07-16,2.09,36.65,1.73,3.24,-0.48671,110.699997,25.120001,89.11821643618647,67.940002,38.233467308204915,0.903,2.7056961475706216,12.185,15.185,4.75
2002-07-17,2.08,35.45,1.73,3.27,-0.48671,111.089996,25.780001,89.28282045685998,63.23,37.03346730820492,0.903,2.7052516310169494,12.12,15.29,4.71
2002-07-18,2.11,35.12,1.73,3.3,-0.48671,111.760002,25.200001,89.01424957535585,63.610001,36.703467308204914,0.903,2.704807114463277,11.92,14.825,4.66
2002-07-19,2.13,38.17,1.73,3.25,-0.46293,109.580002,24.85,89.39404675776652,61.169998,39.75346730820492,1.0305,2.7043625979096046,11.34,14.505,4.61
2002-07-22,2.11,41.87,1.73,3.3,-0.46293,108.059998,23.389999,89.91654155716486,62.580002,43.453467308204914,1.0305,2.7030290482485877,11.155,14.115,4.51
2002-07-23,2.13,44.92,1.73,3.33,-0.46293,107.900002,23.48,90.02690577651369,66.389999,46.50346730820492,1.0305,2.7025845316949155,10.975,13.6,4.47
2002-07-24,2.11,39.86,1.73,3.35,-0.46293,110.129997,24.0,91.80486653920708,65.699997,41.44346730820491,1.0305,2.702140015141243,11.62,14.2,4.49
2002-07-25,2.15,39.27,1.73,3.35,-0.46293,110.400002,22.139999,91.90862416310664,69.480003,40.85346730820492,1.0305,2.7016954985875707,11.43,12.85,4.43
2002-07-26,2.23,35.51,1.73,3.34,-0.44249,112.0,22.34,92.28758127195776,69.019997,37.093467308204914,1.4993,2.7012509820338986,11.565,12.84,4.43
2002-07-29,2.21,31.33,1.73,3.25,-0.44249,113.540001,23.5,93.56394690285168,57.57,32.913467308204915,1.4993,2.6999174323728816,12.2,13.625,4.62
2002-07-30,2.21,31.92,1.73,3.21,-0.44249,113.220001,23.65,93.31912015305062,56.459999,33.50346730820492,1.4993,2.699472915819209,12.155,13.95,4.65
2002-07-31,2.28,32.03,1.73,3.25,-0.44249,112.160004,23.15,93.03349232511582,57.860001,33.61346730820492,1.4993,2.699028399265537,12.095,13.4,4.51
2002-08-01,2.32,36.95,1.74,3.27,-0.44249,110.919998,21.110001,94.64137194095797,60.349998,38.53346730820492,1.4993,2.6985838827118647,11.725,12.545,4.47
2002-08-02,2.34,41.29,1.74,3.34,-0.42823,110.629997,19.969999,94.64831996089865,65.440002,42.87346730820491,0.9196,2.698139366158192,11.205,12.075,4.33
2002-08-05,2.36,45.08,1.74,3.36,-0.42823,109.440002,18.200001,94.95701504792108,67.519997,46.663467308204915,0.9196,2.696805816497175,10.945,11.35,4.29
2002-08-06,2.31,42.03,1.74,3.3,-0.42823,110.550003,18.889999,95.40203594880178,64.18,43.61346730820492,0.9196,2.696361299943503,11.27,12.0,4.42
2002-08-07,2.37,38.73,1.74,3.35,-0.42823,112.360001,19.5,95.08967502154482,68.839996,40.31346730820491,0.9196,2.6959167833898308,11.43,12.25,4.35
2002-08-08,2.3,36.33,1.74,3.33,-0.42823,113.129997,20.49,95.42927598972892,59.349998,37.913467308204915,0.9196,2.695472266836158,11.58,12.8,4.4
2002-08-09,2.17,35.33,1.74,3.36,-0.41702,113.269997,20.92,95.4324122524291,58.700001,36.913467308204915,1.2909,2.695027750282486,11.625,12.65,4.27
2002-08-12,2.12,37.05,1.74,3.33,-0.41702,113.699997,20.15,95.32606968181122,56.290001,38.633467308204914,1.2909,2.693694200621469,11.46,12.45,4.22
2002-08-13,2.12,35.82,1.74,3.39,-0.41702,113.559998,19.200001,95.29599966181456,57.68,37.40346730820492,1.2909,2.693249684067797,11.33,11.975,4.12
2002-08-14,1.94,32.36,1.74,3.37,-0.41702,114.629997,19.879999,95.88936718193506,53.279999,33.943467308204916,1.2909,2.692805167514124,11.95,12.82,4.06
2002-08-15,1.95,29.43,1.74,3.35,-0.41702,116.419998,20.299999,96.41492499150262,51.240002,31.013467308204916,1.2909,2.692360650960452,12.44,13.025,4.17
2002-08-16,2.04,28.81,1.74,3.32,-0.40963,116.739998,21.99,95.80102545590267,50.650002,30.39346730820491,1.0445,2.69191613440678,12.425,13.68,4.32
2002-08-19,2.04,28.61,1.74,3.32,-0.40963,117.07,22.6,94.92406612360529,47.02,30.193467308204916,1.0445,2.690582584745763,12.715,14.205,4.29
2002-08-20,2.05,29.59,1.74,3.36,-0.40963,115.839996,21.809999,94.51612516959074,47.709999,31.173467308204913,1.0445,2.6901380681920903,12.625,13.75,4.17
2002-08-21,2.08,28.23,1.74,3.32,-0.40963,118.400002,22.719999,93.864530882593,46.110001,29.813467308204913,1.0445,2.689693551638418,12.835,14.32,4.2
2002-08-22,2.08,27.75,1.74,3.28,-0.40963,117.099998,22.98,93.864996108497,45.0,29.333467308204916,1.0445,2.689249035084746,13.03,14.265,4.3
2002-08-23,2.06,29.32,1.74,3.27,-0.40167,116.75,21.799999,93.65269235646076,47.619999,30.903467308204917,0.8441,2.6888045185310734,12.67,13.38,4.25
2002-08-26,2.03,29.89,1.74,3.29,-0.40167,116.919998,22.1,92.62129761755736,48.419998,31.473467308204917,0.8441,2.6874709688700564,12.745,13.44,4.22
2002-08-27,2.03,30.11,1.74,3.28,-0.40167,116.839996,20.629999,92.59480437996535,50.009998,31.693467308204916,0.8441,2.6870264523163843,12.485,12.68,4.29
2002-08-28,1.99,33.32,1.74,3.3,-0.40167,115.269997,20.24,93.50503962102763,53.52,34.90346730820492,0.8441,2.686581935762712,12.34,12.225,4.22
2002-08-29,2.02,33.67,1.74,3.33,-0.40167,115.739998,19.950001,91.50821972122417,55.049999,35.25346730820492,0.8441,2.6861374192090395,12.455,12.215,4.16
2002-08-30,2.0,32.64,1.74,3.32,-0.3933,116.660004,19.700001,90.0796191487374,54.98,34.22346730820492,0.8328,2.6856929026553673,12.46,12.05,4.14
2002-09-02,2.0,32.64,1.74,3.32,-0.3933,116.660004,19.700001,90.0796191487374,54.98,34.22346730820492,0.8328,2.6843593529943504,12.46,12.05,4.14
2002-09-03,1.97,39.97,1.74,3.39,-0.3933,113.269997,18.52,93.96744122502076,58.790001,41.553467308204915,0.8328,2.683914836440678,12.015,11.525,3.98
2002-09-04,1.94,37.44,1.74,3.4,-0.3933,114.660004,19.18,93.924912753786,57.419998,39.023467308204914,0.8328,2.6834703198870056,12.24,11.62,3.96
2002-09-05,1.96,38.86,1.74,3.47,-0.3933,114.559998,18.620001,93.55562196054105,60.720001,40.44346730820491,0.8328,2.6830258033333334,12.015,11.14,3.91
2002-09-06,1.97,36.33,1.74,3.42,-0.38269,115.260002,20.040001,93.58890370457038,56.540001,37.913467308204915,1.3145,2.6825812867796612,12.39,11.695,4.05
2002-09-09,1.92,36.45,1.74,3.41,-0.38269,115.489998,19.91,93.51309693756724,55.470001,38.03346730820492,1.3145,2.6812477371186443,12.555,11.66,4.05
2002-09-10,1.88,35.08,1.74,3.43,-0.38269,116.370003,20.48,93.4607204854673,53.07,36.663467308204915,1.3145,2.6808032205649717,12.71,12.085,4.0
2002-09-11,1.89,34.81,1.74,3.42,-0.38269,115.860001,20.65,93.37503389270827,54.0,36.39346730820492,1.3145,2.6803587040112995,12.715,12.255,4.07
2002-09-12,1.86,37.5,1.74,3.45,-0.38269,114.839996,19.209999,92.94772482698656,56.439999,39.08346730820491,1.3145,2.6799141874576273,12.4,11.45,3.98
2002-09-13,1.85,35.82,1.74,3.44,-0.37201,115.199997,19.0,92.33666921828652,55.849998,37.40346730820492,0.9959,2.6794696709039547,12.525,11.39,3.92
2002-09-16,1.83,36.74,1.74,3.47,-0.37201,115.919998,18.27,92.24907917427406,57.73,38.32346730820492,0.9959,2.6781361212429378,12.56,11.025,3.9
2002-09-17,1.81,38.01,1.74,3.51,-0.37201,114.449997,18.0,92.238544402876,60.389999,39.593467308204914,0.9959,2.6776916046892656,12.42,10.8,3.87
2002-09-18,1.82,37.52,1.74,3.51,-0.37201,113.769997,17.610001,92.2751323835442,59.330002,39.10346730820492,0.9959,2.6772470881355934,12.435,10.655,3.86
2002-09-19,1.86,40.65,1.74,3.55,-0.37201,112.150002,17.030001,92.3101191412462,62.759998,42.233467308204915,0.9959,2.676802571581921,12.0,10.325,3.79
2002-09-20,1.85,38.98,1.74,3.59,-0.36242,112.889999,15.78,92.51355538488431,59.080002,40.56346730820491,1.2883,2.6763580550282486,12.165,10.095,3.79
2002-09-23,1.77,39.68,1.74,3.63,-0.36242,111.559998,14.95,92.38682979809408,59.849998,41.26346730820491,1.2883,2.6750245053672317,11.785,9.575,3.7
2002-09-24,1.76,40.52,1.74,3.65,-0.36242,110.470001,15.1,92.38772305219308,59.400002,42.10346730820492,1.2883,2.6745799888135595,11.6,9.69,3.69
2002-09-25,1.77,37.33,1.74,3.67,-0.36242,111.010002,16.35,93.12852494453723,56.689999,38.913467308204915,1.2883,2.674135472259887,11.83,10.37,3.77
2002-09-26,1.82,34.6,1.74,3.64,-0.36242,111.459999,16.49,92.8841032652079,59.09,36.18346730820492,1.2883,2.6736909557062147,12.115,10.185,3.79
2002-09-27,1.87,36.97,1.74,3.71,-0.35654,109.550003,15.58,93.21115351135435,57.860001,38.553467308204915,1.4273,2.6732464391525426,11.76,10.0,3.69
2002-09-30,1.91,39.69,1.74,3.76,-0.35654,109.089996,14.77,93.41373454997544,58.349998,41.273467308204914,1.4273,2.6719128894915256,11.335,9.62,3.63
2002-10-01,1.92,34.12,1.75,3.74,-0.35654,110.559998,16.120001,90.90747002634131,57.240002,35.703467308204914,1.4273,2.671468372937853,11.65,10.14,3.72
2002-10-02,1.96,36.83,1.75,3.73,-0.35654,109.639999,15.89,91.19379424851272,58.150002,38.413467308204915,1.4273,2.671023856384181,11.39,10.155,3.71
2002-10-03,1.95,37.31,1.75,3.76,-0.35654,108.849998,15.24,91.07613368679988,58.209999,38.89346730820492,1.4273,2.6705793398305087,11.335,9.595,3.7
2002-10-04,1.91,39.46,1.75,3.78,-0.35586,108.120003,14.68,90.920820527167,60.279999,41.04346730820492,1.2404,2.670134823276836,11.19,9.355,3.69
2002-10-07,1.87,42.64,1.75,3.86,-0.35586,107.169998,14.25,91.41651482825412,62.32,44.22346730820492,1.2404,2.668801273615819,10.755,9.125,3.64
2002-10-08,1.85,41.02,1.75,3.89,-0.35586,107.389999,14.0,91.42009835180949,61.16,42.60346730820492,1.2404,2.668356757062147,11.075,8.875,3.65
2002-10-09,1.89,42.13,1.75,3.9,-0.35586,106.510002,13.23,91.41369606302776,62.380001,43.71346730820492,1.2404,2.6679122405084748,10.675,8.835,3.61
2002-10-10,1.93,37.55,1.75,3.9,-0.35586,108.010002,14.2,92.1719661318618,62.82,39.133467308204914,1.2404,2.667467723954802,10.865,9.365,3.68
2002-10-11,1.98,35.7,1.75,3.88,-0.3617,109.639999,16.110001,92.21051483236884,58.869999,37.28346730820492,1.5409,2.66702320740113,11.39,10.18,3.83
2002-10-14,1.98,36.04,1.75,3.88,-0.3617,109.910004,15.99,92.1651734022559,59.080002,37.62346730820491,1.5409,2.665689657740113,11.48,10.2,3.83
2002-10-15,1.99,34.02,1.75,3.74,-0.3617,111.900002,17.629999,92.31874935396156,56.369999,35.60346730820492,1.5409,2.665245141186441,12.05,11.17,4.07
2002-10-16,2.04,36.0,1.75,3.77,-0.3617,110.660004,16.16,92.61511354856842,56.869999,37.58346730820491,1.5409,2.664800624632768,11.835,10.1,4.06
2002-10-17,2.06,34.1,1.75,3.73,-0.3617,111.82,17.190001,92.17922420951842,56.220001,35.68346730820492,1.5409,2.664356108079096,11.965,10.785,4.16
2002-10-18,2.05,33.53,1.75,3.76,-0.37433,112.57,17.1,92.08074064304066,55.330002,35.11346730820492,0.7689,2.663911591525424,12.13,10.975,4.14
2002-10-21,2.01,33.11,1.75,3.7,-0.37433,113.540001,17.120001,92.03307186284032,52.34,34.693467308204916,0.7689,2.662578041864407,12.4,11.51,4.24
2002-10-22,2.06,34.09,1.75,3.71,-0.37433,113.589996,14.0,92.08090879007794,53.610001,35.67346730820492,0.7689,2.6621335253107343,12.33,10.695,4.27
2002-10-23,2.06,33.2,1.75,3.73,-0.37433,114.059998,14.88,91.63439310297288,52.369999,34.78346730820492,0.7689,2.661689008757062,12.47,11.51,4.26
2002-10-24,2.07,34.03,1.75,3.77,-0.37433,112.949997,14.59,91.22256629959064,54.580002,35.61346730820492,0.7689,2.66124449220339,12.315,11.19,4.16
2002-10-25,2.14,30.0,1.75,3.78,-0.38998,114.339996,15.5,91.95312964913612,50.389999,31.583467308204916,0.987,2.660799975649718,12.565,11.84,4.12
2002-10-28,2.22,31.07,1.75,3.81,-0.38998,113.339996,15.7,91.51512506230604,51.52,32.65346730820492,0.987,2.6594664259887004,12.365,11.79,4.1
2002-10-29,2.18,32.27,1.75,3.85,-0.38998,112.489998,15.05,89.94269196761095,52.470001,33.85346730820492,0.987,2.6590219094350283,12.35,11.465,3.97
2002-10-30,2.25,31.23,1.75,3.83,-0.38998,113.400002,15.88,89.28934013201804,51.290001,32.81346730820491,0.987,2.658577392881356,12.135,12.075,3.99
2002-10-31,2.25,31.14,1.75,3.82,-0.38998,114.379997,15.86,89.2467527725099,52.990002,32.72346730820492,0.987,2.6581328763276835,12.1,11.99,3.93
2002-11-01,2.25,29.3,1.34,3.76,-0.40846,114.860001,16.790001,88.99476823513822,49.860001,30.883467308204914,1.1932,2.6576883597740113,12.28,12.625,4.01
2002-11-04,2.28,30.82,1.34,3.72,-0.40846,113.57,17.040001,88.46787279905524,49.220001,32.40346730820492,1.1932,2.6563548101129943,12.225,13.105,4.07
2002-11-05,2.28,31.23,1.34,3.72,-0.40846,114.43,16.219999,88.48265373097377,51.200001,32.81346730820491,1.1932,2.655910293559322,12.39,12.785,4.1
2002-11-06,2.22,30.73,1.34,3.72,-0.40846,112.169998,16.4,88.29106885033647,50.060001,32.31346730820491,1.1932,2.65546577700565,12.53,13.225,4.09
2002-11-07,2.02,31.42,1.34,3.73,-0.40846,113.110001,14.96,87.24647923270723,53.900002,33.00346730820492,1.1932,2.6550212604519774,12.225,12.345,3.88
2002-11-08,1.98,29.41,1.34,3.66,-0.42627,114.459999,15.0,87.43123241575387,52.009998,30.993467308204913,1.0532,2.6545767438983052,12.065,12.2,3.85
2002-11-11,1.98,31.3,1.34,3.66,-0.42627,111.839996,14.24,88.03555022799902,55.709999,32.883467308204914,1.0532,2.6532431942372883,11.87,11.54,3.85
2002-11-12,2.05,30.58,1.34,3.68,-0.42627,113.040001,14.81,87.75512456165316,55.25,32.163467308204915,1.0532,2.652798677683616,12.05,11.945,3.84
2002-11-13,2.08,31.24,1.34,3.67,-0.42627,113.110001,15.1,87.33515813717656,54.459999,32.82346730820491,1.0532,2.6523541611299435,12.085,11.975,3.84
2002-11-14,2.14,28.67,1.34,3.58,-0.42627,112.959999,16.25,87.7902426080717,52.400002,30.25346730820492,1.0532,2.6519096445762713,12.425,12.8,4.03
2002-11-15,2.14,26.65,1.34,3.54,-0.44166,112.339996,16.389999,88.24424098081555,49.68,28.233467308204915,0.9894,2.651465128022599,12.525,12.81,4.05
2002-11-18,2.11,27.66,1.34,3.52,-0.44166,113.599998,17.0,88.50159335758401,48.09,29.243467308204913,0.9894,2.650131578361582,12.32,12.725,4.02
2002-11-19,2.08,27.41,1.34,3.5,-0.44166,111.660004,17.18,88.32965825881881,45.52,28.993467308204913,0.9894,2.6496870618079096,12.065,12.525,3.99
2002-11-20,2.1,25.32,1.34,3.48,-0.44166,114.639999,18.42,88.79769212654764,44.82,26.903467308204917,0.9894,2.6492425452542374,12.18,13.35,4.08
2002-11-21,2.09,23.81,1.34,3.46,-0.44166,116.339996,19.68,88.8562388412,44.700001,25.39346730820491,0.9894,2.6487980287005652,12.5,14.2,4.14
2002-11-22,2.08,23.16,1.34,3.43,-0.45237,114.239998,19.219999,87.57627204716394,46.490002,24.743467308204913,0.516,2.6483535121468926,12.535,14.2,4.18
2002-11-25,2.1,24.07,1.34,3.42,-0.45237,113.480003,19.52,87.6214592976503,45.68,25.653467308204917,0.516,2.6470199624858757,12.615,14.655,4.19
2002-11-26,2.11,25.97,1.34,3.45,-0.45237,113.07,18.450001,88.3061205628412,47.990002,27.553467308204915,0.516,2.6465754459322035,12.27,14.125,4.08
2002-11-27,2.13,27.25,1.34,3.39,-0.45237,112.739998,20.27,88.61337266751502,47.419998,28.833467308204916,0.516,2.6461309293785313,12.78,14.9,4.26
2002-11-28,2.13,27.25,1.34,3.39,-0.45237,112.739998,20.27,88.61337266751502,47.419998,28.833467308204916,0.516,2.6456864128248587,12.78,14.9,4.26
2002-11-29,2.14,27.5,1.34,3.38,-0.45862,112.449997,20.01,88.63669809351339,49.48,29.083467308204916,0.6747,2.6452418962711866,12.66,14.65,4.22
2002-12-02,2.15,27.46,1.34,3.37,-0.45862,112.440002,19.77,88.27586226179193,50.16,29.043467308204917,0.6747,2.6439083466101696,12.75,14.645,4.22
2002-12-03,2.16,28.33,1.34,3.35,-0.45862,111.889999,18.950001,88.06082871246282,51.990002,29.913467308204915,0.6747,2.6434638300564974,12.35,13.995,4.24
2002-12-04,2.16,28.92,1.34,3.38,-0.45862,111.889999,18.23,88.09716248745968,53.549999,30.50346730820492,0.6747,2.643019313502825,12.35,13.3,4.18
2002-12-05,2.16,30.1,1.34,3.38,-0.45862,112.279999,18.299999,88.28331829644728,54.16,31.68346730820492,0.6747,2.6425747969491526,12.265,13.1,4.13
2002-12-06,2.2,28.88,1.34,3.42,-0.46099,112.800003,18.23,88.39655024032078,52.279999,30.463467308204912,0.8514,2.6421302803954805,12.25,13.045,4.09
2002-12-09,2.18,30.78,1.34,3.42,-0.46099,111.029999,16.940001,88.41706375794747,52.98,32.36346730820492,0.8514,2.6407967307344635,11.85,12.19,4.06
2002-12-10,2.16,28.76,1.34,3.4,-0.46099,111.330002,17.110001,88.44490637159694,51.75,30.34346730820491,0.8514,2.640352214180791,12.065,12.69,4.06
2002-12-11,2.16,27.76,1.34,3.4,-0.46099,111.480003,17.219999,88.51516537721326,51.619999,29.34346730820491,0.8514,2.6399076976271187,12.05,12.7,4.01
2002-12-12,2.16,27.29,1.34,3.42,-0.46099,110.400002,17.440001,88.4532300530196,51.049999,28.873467308204916,0.8514,2.6394631810734466,11.975,12.645,4.01
2002-12-13,2.2,28.18,1.34,3.42,-0.46415,111.800003,16.700001,87.84055072436766,50.919998,29.763467308204916,0.8638,2.639018664519774,11.76,12.14,4.07
2002-12-16,2.21,26.24,1.34,3.37,-0.46415,114.760002,17.25,87.81259153556975,49.84,27.82346730820491,0.8638,2.637685114858757,12.05,12.64,4.15
2002-12-17,2.24,26.66,1.34,3.37,-0.46415,112.25,17.34,87.66374570018183,48.139999,28.243467308204913,0.8638,2.637240598305085,11.875,12.535,4.13
2002-12-18,2.25,28.29,1.34,3.4,-0.46415,113.809998,16.280001,88.09799793406184,49.639999,29.873467308204916,0.8638,2.6367960817514127,11.725,11.695,4.06
2002-12-19,2.22,30.21,1.34,3.44,-0.46415,115.690002,15.68,87.725823415847,49.470001,31.793467308204917,0.8638,2.63635156519774,11.62,11.625,3.96
2002-12-20,2.21,26.71,1.34,3.42,-0.46788,112.709999,15.74,89.00219775581567,48.509998,28.293467308204917,0.6583,2.635907048644068,11.74,11.65,3.97
2002-12-23,2.19,26.2,1.34,3.44,-0.46788,111.790001,15.83,88.94622524895377,45.889999,27.783467308204912,0.6583,2.634573498983051,11.575,11.865,3.98
2002-12-24,2.22,26.49,1.34,3.44,-0.46788,114.459999,15.78,88.82943631397909,45.130001,28.07346730820491,0.6583,2.6341289824293788,11.515,11.745,3.95
2002-12-25,2.22,26.49,1.34,3.44,-0.46788,114.459999,15.78,88.82943631397909,45.130001,28.07346730820491,0.6583,2.633684465875706,11.515,11.745,3.95
2002-12-26,2.23,27.37,1.34,3.45,-0.46788,114.309998,15.6,88.28772585245406,45.360001,28.95346730820491,0.6583,2.633239949322034,11.645,11.675,3.93
2002-12-27,2.23,29.55,1.34,3.49,-0.47454,112.860001,15.29,88.71145352139821,46.709999,31.133467308204914,0.8905,2.632795432768362,11.375,11.49,3.83
2002-12-30,2.21,29.62,1.34,3.48,-0.47454,114.849998,15.11,88.71051163497066,46.490002,31.20346730820491,0.8905,2.631461883107345,11.485,11.165,3.82
2002-12-31,2.22,28.62,1.34,3.48,-0.47454,114.339996,15.01,88.87046681850619,46.939999,30.20346730820491,0.8905,2.631017366553672,11.555,11.075,3.83
2003-01-01,2.22,28.62,1.24,3.48,-0.47454,114.339996,15.01,88.87046681850619,46.939999,30.20346730820491,0.8905,2.63057285,11.555,11.075,3.83
2003-01-02,2.27,25.39,1.24,3.37,-0.47454,116.220001,16.040001,90.11930151805714,47.049999,26.973467308204917,0.8905,1.64,11.99,11.86,4.07
2003-01-03,2.26,24.68,1.24,3.39,-0.48522,114.639999,16.129999,90.10441531008632,45.709999,26.263467308204916,0.9105,1.62,11.715,12.025,4.05
2003-01-06,2.25,24.91,1.24,3.38,-0.48522,113.040001,17.040001,89.89640339871403,43.450001,26.493467308204913,0.9105,1.63,11.93,12.65,4.09
2003-01-07,2.27,25.13,1.24,3.39,-0.48522,112.790001,16.5,89.80165293980984,42.959999,26.713467308204912,0.9105,1.62,11.865,12.655,4.04
2003-01-08,2.29,25.53,1.24,3.35,-0.48522,112.160004,16.0,89.29679638918208,44.560001,27.11346730820492,0.9105,1.71,11.755,12.22,4.0
2003-01-09,2.32,24.25,1.24,3.29,-0.48522,112.599998,15.86,89.12574467303062,42.990002,25.833467308204916,0.9105,1.78,12.08,12.46,4.19
2003-01-10,2.37,24.32,1.24,3.31,-0.49836,112.800003,16.049999,89.04422625453437,42.279999,25.903467308204917,0.462,1.75,12.11,12.77,4.16
2003-01-13,2.34,24.9,1.24,3.29,-0.49836,110.610001,16.1,89.11351919667324,41.740002,26.483467308204915,0.462,1.77,12.17,12.625,4.15
2003-01-14,2.34,24.57,1.24,3.31,-0.49836,114.010002,16.120001,88.97061236070512,41.919998,26.153467308204917,0.462,1.76,12.185,12.725,4.1
2003-01-15,2.35,25.51,1.24,3.29,-0.49836,111.57,15.91,88.66754498119187,43.450001,27.09346730820491,0.462,1.8,12.04,12.39,4.1
2003-01-16,2.35,25.01,1.24,3.29,-0.49836,114.0,15.07,88.67391912892603,44.799999,26.59346730820491,0.462,1.79,11.995,12.03,4.1
2003-01-17,2.35,25.7,1.24,3.29,-0.51076,112.68,14.55,88.30526737991589,42.84,27.283467308204912,0.6433,1.8,11.875,11.39,4.05
2003-01-20,2.35,25.7,1.24,3.29,-0.51076,112.68,14.55,88.30526737991589,42.84,27.283467308204912,0.6433,1.8,11.875,11.39,4.05
2003-01-21,2.34,27.59,1.24,3.31,-0.51076,112.809998,14.15,88.40455137098087,43.240002,29.173467308204913,0.6433,1.78,11.54,11.27,4.01
2003-01-22,2.29,29.01,1.24,3.33,-0.51076,111.32,14.25,87.01780699193156,44.16,30.59346730820491,0.6433,1.72,11.375,11.225,3.95
2003-01-23,2.29,27.53,1.24,3.33,-0.51076,110.550003,16.120001,87.3490385867362,43.27,29.11346730820492,0.6433,1.78,11.64,11.59,3.98
2003-01-24,2.28,31.51,1.24,3.33,-0.52039,112.07,15.86,89.56641757663205,45.049999,33.093467308204914,0.9243,1.8,11.315,11.1,3.94
2003-01-27,2.28,34.69,1.24,3.27,-0.52039,111.309998,15.42,90.33819798405742,46.59,36.273467308204914,0.9243,1.82,11.135,10.965,3.98
2003-01-28,2.3,31.93,1.24,3.23,-0.52039,110.239998,16.0,90.6379002973629,46.73,33.513467308204916,0.9243,1.81,11.3,11.11,4.0
2003-01-29,2.29,31.26,1.24,3.18,-0.52039,109.720001,16.35,90.70309988579456,43.639999,32.843467308204914,0.9243,1.85,11.4,11.455,4.06
2003-01-30,2.3,31.32,1.24,3.19,-0.52039,109.449997,15.66,90.55477386271244,46.220001,32.90346730820492,0.9243,1.8,11.075,10.86,4.0
2003-01-31,2.28,31.17,1.24,3.16,-0.52751,109.199997,15.9,89.02496262556909,46.810001,32.75346730820492,0.9092,1.81,11.17,10.75,4.0
2003-02-03,2.29,31.02,1.24,3.14,-0.52751,110.660004,15.85,88.8768496195032,46.040001,32.60346730820491,0.9092,1.81,11.21,10.7,4.01
2003-02-04,2.28,32.76,1.24,3.12,-0.52751,109.699997,15.49,89.07336052076116,48.310001,34.343467308204914,0.9092,1.84,10.98,10.665,3.96
2003-02-05,2.29,33.04,1.24,3.11,-0.52751,109.82,15.49,89.07376387248438,48.509998,34.623467308204916,0.9092,1.9,10.95,10.65,4.02
2003-02-06,2.29,33.35,1.24,3.12,-0.52751,110.809998,15.06,89.07703334414047,48.619999,34.93346730820492,0.9092,1.88,10.91,10.49,3.97
2003-02-07,2.33,34.01,1.24,3.11,-0.53139,110.650002,14.99,88.57560910421384,48.259998,35.593467308204914,0.935,1.89,10.825,10.32,3.96
2003-02-10,2.31,33.99,1.24,3.11,-0.53139,111.440002,15.05,88.5892760762465,47.310001,35.57346730820492,0.935,1.93,10.83,10.45,3.99
2003-02-11,2.33,33.68,1.24,3.13,-0.53139,110.93,15.44,88.66431431524218,46.900002,35.263467308204916,0.935,1.93,10.87,10.53,3.98
2003-02-12,2.31,34.33,1.24,3.16,-0.53139,110.739998,15.25,88.55759318301408,47.43,35.913467308204915,0.935,1.89,10.78,10.45,3.93
2003-02-13,2.32,33.7,1.24,3.17,-0.53139,110.769997,14.91,88.64487896773116,50.970001,35.28346730820492,0.935,1.88,10.645,10.425,3.89
2003-02-14,2.33,32.62,1.24,3.16,-0.53399,111.309998,15.48,88.7609147739156,48.380001,34.203467308204914,0.8902,1.92,10.875,11.005,3.95
2003-02-17,2.33,32.62,1.24,3.16,-0.53399,111.309998,15.48,88.7609147739156,48.380001,34.203467308204914,0.8902,1.92,10.875,11.005,3.95
2003-02-18,2.28,31.11,1.24,3.16,-0.53399,112.940002,16.24,89.12687666258287,48.400002,32.693467308204916,0.8902,1.89,11.175,11.49,3.94
2003-02-19,2.27,31.31,1.24,3.16,-0.53399,112.910004,16.41,88.66206459732354,47.630001,32.89346730820491,0.8902,1.89,11.02,11.38,3.88
2003-02-20,2.26,31.16,1.24,3.18,-0.53399,109.970001,15.99,88.43755080822429,48.560001,32.74346730820491,0.8902,1.94,10.915,11.5,3.85
2003-02-21,2.27,30.25,1.24,3.16,-0.53665,110.470001,15.89,88.20312717749239,46.099998,31.833467308204916,0.6639,1.97,11.08,11.52,3.9
2003-02-24,2.26,31.98,1.24,3.17,-0.53665,109.800003,15.93,85.93489411821142,44.880001,33.56346730820491,0.6639,1.99,10.77,11.38,3.86
2003-02-25,2.23,31.74,1.24,3.18,-0.53665,110.300003,16.030001,84.19049788546151,44.330002,33.32346730820491,0.6639,1.97,10.99,11.415,3.81
2003-02-26,2.21,31.94,1.24,3.18,-0.53665,108.889999,15.75,82.95191909782002,46.970001,33.523467308204914,0.6639,1.94,10.84,11.11,3.78
2003-02-27,2.18,30.53,1.24,3.2,-0.53665,109.720001,16.299999,83.28590914454986,46.16,32.11346730820492,0.6639,1.94,10.99,11.375,3.76
2003-02-28,2.18,29.63,1.24,3.21,-0.54091,109.580002,16.75,83.44940088654923,45.66,31.213467308204912,0.6535,1.94,11.12,11.77,3.71
2003-03-03,2.16,30.43,1.24,3.23,-0.54091,109.410004,16.200001,83.61791112555666,45.830002,32.013467308204916,0.6535,1.91,10.95,11.365,3.68
2003-03-04,2.16,31.83,1.24,3.25,-0.54091,108.82,16.0,84.02596350374574,44.970001,33.413467308204915,0.6535,1.88,10.645,11.24,3.65
2003-03-05,2.17,30.38,1.24,3.25,-0.54091,108.68,16.200001,83.78245933109483,44.34,31.963467308204912,0.6535,1.88,10.78,11.41,3.63
2003-03-06,2.2,31.37,1.24,3.24,-0.54091,108.010002,16.450001,84.00358089404263,45.650002,32.953467308204914,0.6535,1.93,10.655,11.35,3.67
2003-03-07,2.24,31.08,1.24,3.26,-0.54755,107.419998,16.299999,83.98412044469745,46.389999,32.663467308204915,0.7154,1.91,10.815,11.205,3.63
2003-03-10,2.24,33.31,1.24,3.29,-0.54755,107.32,16.02,84.88528733418954,47.029999,34.89346730820492,0.7154,1.9,10.56,10.985,3.59
2003-03-11,2.22,33.61,1.24,3.28,-0.54755,106.889999,16.370001,84.89994925413247,47.529999,35.193467308204916,0.7154,1.92,10.47,11.015,3.6
2003-03-12,2.15,33.51,1.24,3.26,-0.54755,106.559998,16.690001,84.8869019367911,47.5,35.093467308204914,0.7154,1.92,10.45,11.285,3.6
2003-03-13,2.15,31.76,1.24,3.21,-0.54755,107.080002,17.91,85.24592278184376,44.98,33.343467308204914,0.7154,2.01,11.005,12.175,3.74
2003-03-14,2.16,30.98,1.24,3.22,-0.5576,107.050003,17.41,85.28250750886541,45.799999,32.56346730820491,0.7806,1.83,11.025,11.99,3.72
2003-03-17,2.19,31.75,1.24,3.17,-0.5576,109.459999,18.26,85.25588899376702,46.669998,33.333467308204916,0.7806,1.85,11.555,12.375,3.82
2003-03-18,2.19,30.43,1.24,3.11,-0.5576,108.410004,18.459999,85.18875712300105,48.02,32.013467308204916,0.7806,1.83,11.48,12.81,3.91
2003-03-19,2.26,31.54,1.24,3.04,-0.5576,109.099998,18.26,85.39640179710912,48.200001,33.123467308204916,0.7806,1.83,11.7,12.775,3.98
2003-03-20,2.26,30.44,1.24,3.05,-0.5576,109.620003,18.280001,85.58845074912406,48.48,32.023467308204914,0.7806,1.81,11.79,12.875,4.01
2003-03-21,2.31,28.67,1.24,2.99,-0.5723,110.18,18.67,85.96599666423722,45.779999,30.25346730820492,0.4586,1.82,12.14,13.18,4.11
2003-03-24,2.27,30.39,1.24,3.03,-0.5723,108.959999,17.73,86.016818980095,46.360001,31.973467308204917,0.4586,1.8,11.585,12.5,3.98
2003-03-25,2.28,28.75,1.24,3.04,-0.5723,109.650002,17.9,86.394237887517,45.0,30.333467308204916,0.4586,1.8,11.755,12.605,3.97
2003-03-26,2.28,28.23,1.24,3.01,-0.5723,109.279999,17.75,86.40223658337047,43.939999,29.813467308204913,0.4586,1.81,11.77,12.55,3.96
2003-03-27,2.33,27.96,1.24,3.0,-0.5723,109.169998,17.75,86.17804952143469,43.869999,29.543467308204917,0.4586,1.85,11.725,12.445,3.95
2003-03-28,2.36,27.75,1.24,3.01,-0.59186,109.080002,17.379999,86.07807802682971,43.09,29.333467308204916,0.6391,1.83,11.605,12.195,3.92
2003-03-31,2.32,29.15,1.24,3.04,-0.59186,108.779999,16.370001,86.35681652003566,43.049999,30.733467308204915,0.6391,1.8,11.365,11.545,3.83
2003-04-01,2.34,28.36,1.26,3.02,-0.59186,108.809998,16.440001,86.08690293584006,41.970001,29.943467308204916,0.6391,1.82,11.5,11.655,3.84
2003-04-02,2.34,28.02,1.26,2.98,-0.59186,108.5,17.58,85.83855264681333,41.599998,29.603467308204912,0.6391,1.83,11.8,12.455,3.94
2003-04-03,2.38,28.21,1.26,3.01,-0.59186,108.5,17.75,85.6501422572475,42.09,29.793467308204917,0.6391,1.81,11.86,12.51,3.93
2003-04-04,2.41,29.13,1.26,2.99,-0.61517,108.160004,16.9,85.84714490942365,42.849998,30.713467308204912,0.5382,1.8,11.945,12.195,3.96
2003-04-07,2.38,28.45,1.26,2.95,-0.61517,107.82,17.200001,84.95719660111254,41.439999,30.033467308204912,0.5382,1.82,12.05,12.39,4.03
2003-04-08,2.36,27.13,1.26,2.97,-0.61517,108.849998,16.389999,85.14374856811376,40.919998,28.713467308204912,0.5382,1.77,12.06,11.945,3.95
2003-04-09,2.38,27.11,1.26,2.97,-0.61517,108.629997,16.24,85.14979789240682,41.450001,28.693467308204916,0.5382,1.8,11.9,11.745,3.93
2003-04-10,2.35,25.6,1.26,2.96,-0.61517,107.459999,16.530001,85.20028540715612,40.330002,27.18346730820492,0.5382,1.79,12.035,11.855,3.95
2003-04-11,2.35,24.44,1.26,2.93,-0.64072,109.290001,16.23,85.36479533993648,39.619999,26.02346730820491,0.4291,1.77,11.91,11.725,4.0
2003-04-14,2.3,23.41,1.26,2.92,-0.64072,111.440002,16.940001,85.2736902891686,39.509998,24.993467308204913,0.4291,1.82,12.215,12.05,4.04
2003-04-15,2.29,22.56,1.26,2.92,-0.64072,110.779999,17.219999,85.23133042446348,36.5,24.14346730820491,0.4291,1.8,12.305,12.145,3.98
2003-04-16,2.29,22.52,1.26,2.9,-0.64072,111.120003,19.0,84.81149360570207,37.049999,24.103467308204912,0.4291,1.76,12.135,12.755,3.96
2003-04-17,2.27,21.5,1.26,2.86,-0.64072,110.190002,19.4,84.89645430376196,35.880001,23.083467308204916,0.4291,1.76,12.365,13.215,3.98
2003-04-18,2.27,21.5,1.26,2.86,-0.66534,110.190002,19.4,84.89645430376196,35.880001,23.083467308204916,0.2495,1.76,12.365,13.215,3.98
2003-04-21,2.29,21.95,1.26,2.84,-0.66534,110.800003,19.370001,84.78979175672637,35.490002,23.533467308204912,0.2495,1.75,12.37,13.325,4.0
2003-04-22,2.31,20.7,1.26,2.83,-0.66534,107.940002,19.91,84.05640169001248,33.650002,22.283467308204912,0.2495,1.74,12.62,13.75,4.01
2003-04-23,2.32,20.8,1.26,2.79,-0.66534,110.940002,19.690001,83.8852579884557,33.130001,22.383467308204914,0.2495,1.76,12.75,13.81,4.02
2003-04-24,2.31,20.33,1.26,2.8,-0.66534,107.980003,19.35,83.89344046506349,33.68,21.913467308204915,0.2495,1.71,12.55,13.595,3.93
2003-04-25,2.34,20.8,1.26,2.82,-0.6867,109.709999,18.389999,84.16891217875005,33.700001,22.383467308204914,0.2357,1.73,12.36,12.94,3.91
2003-04-28,2.33,20.84,1.26,2.79,-0.6867,109.809998,18.780001,84.20877865087981,32.68,22.423467308204913,0.2357,1.76,12.645,13.235,3.92
2003-04-29,2.34,20.76,1.26,2.77,-0.6867,109.580002,19.059999,83.37354846478134,32.580002,22.34346730820491,0.2357,1.74,12.75,13.5,3.96
2003-04-30,2.38,21.21,1.26,2.76,-0.6867,109.349998,18.49,83.6297024588795,32.669998,22.793467308204917,0.2357,1.73,12.695,13.195,3.89
2003-05-01,2.38,21.59,1.26,2.77,-0.6867,109.370003,18.549999,83.82612660123914,32.490002,23.173467308204913,0.2357,1.75,12.58,13.24,3.88
2003-05-02,2.38,20.63,1.26,2.73,-0.70297,109.980003,19.290001,83.92804476886113,32.360001,22.213467308204912,0.1919,1.75,12.7,13.625,3.94
2003-05-05,2.37,21.13,1.26,2.71,-0.70297,110.730003,19.49,83.78278098371344,31.690001,22.713467308204912,0.1919,1.73,12.655,13.735,3.92
2003-05-06,2.39,20.8,1.26,2.74,-0.70297,111.779999,20.200001,83.76987134411571,32.130001,22.383467308204914,0.1919,1.67,12.82,14.08,3.84
2003-05-07,2.27,21.0,1.26,2.78,-0.70297,109.790001,19.299999,83.66398952723652,32.0,22.583467308204916,0.1919,1.7,12.81,13.725,3.72
2003-05-08,2.21,21.24,1.26,2.67,-0.70297,110.540001,18.870001,83.7497085864152,33.290001,22.82346730820491,0.1919,1.7,12.69,13.43,3.7
2003-05-09,2.24,19.69,1.26,2.81,-0.71261,112.209999,20.0,84.10351481330429,32.09,21.27346730820491,0.23,1.69,12.835,13.965,3.69
2003-05-12,2.18,19.52,1.26,2.83,-0.71261,111.440002,19.67,83.88537206144714,32.580002,21.103467308204912,0.23,1.68,13.03,14.275,3.64
2003-05-13,2.16,19.91,1.26,2.83,-0.71261,111.480003,19.700001,83.8388643613694,32.84,21.493467308204913,0.23,1.69,13.015,14.14,3.63
2003-05-14,2.12,20.0,1.26,2.83,-0.71261,112.050003,19.42,83.68652278906481,33.139999,21.583467308204916,0.23,1.66,12.915,13.975,3.53
2003-05-15,2.07,19.24,1.26,2.83,-0.71261,111.769997,19.6,83.8809162774332,32.18,20.82346730820491,0.23,1.67,12.945,14.155,3.53
2003-05-16,2.08,18.4,1.26,2.84,-0.71706,111.489998,19.59,83.85691630942561,31.02,19.983467308204915,0.3316,1.62,12.965,13.905,3.46
2003-05-19,2.11,20.51,1.26,2.86,-0.71706,111.0,18.77,86.16128445950383,31.1,22.09346730820491,0.3316,1.61,12.575,13.31,3.46
2003-05-20,2.07,21.29,1.26,2.86,-0.71706,111.540001,18.73,85.9007038636643,32.220001,22.873467308204916,0.3316,1.65,12.58,13.32,3.38
2003-05-21,2.01,21.21,1.26,2.86,-0.71706,111.68,18.77,85.90423348253964,30.879999,22.793467308204917,0.3316,1.66,12.635,13.35,3.39
2003-05-22,1.98,19.78,1.26,2.85,-0.71706,112.440002,18.629999,86.50213838776361,30.110001,21.36346730820492,0.3316,1.63,12.85,13.475,3.34
2003-05-23,1.96,19.17,1.26,2.81,-0.71753,112.980003,18.709999,86.53187990119194,29.73,20.75346730820492,0.5675,1.62,12.805,13.56,3.34
2003-05-26,1.96,19.17,1.26,2.81,-0.71753,112.980003,18.709999,86.53187990119194,29.73,20.75346730820492,0.5675,1.62,12.805,13.56,3.34
2003-05-27,2.08,19.99,1.26,2.83,-0.71753,114.220001,19.280001,86.81131614841703,29.280001,21.57346730820491,0.5675,1.61,13.1,14.275,3.41
2003-05-28,2.09,20.03,1.26,2.83,-0.71753,113.010002,20.17,86.81156091886575,30.219999,21.61346730820492,0.5675,1.61,13.105,14.375,3.44
2003-05-29,2.04,20.43,1.26,2.87,-0.71753,113.25,20.24,86.8013630616749,31.42,22.013467308204916,0.5675,1.58,13.09,14.765,3.34
2003-05-30,2.04,19.47,1.26,2.85,-0.71614,111.43,20.5,87.01106982006313,31.66,21.053467308204915,0.3913,1.6,13.37,14.975,3.37
2003-06-02,2.1,20.85,1.26,2.85,-0.71614,113.5,20.1,87.45265307420024,33.630001,22.43346730820492,0.3913,1.6,13.495,14.59,3.43
2003-06-03,2.14,20.84,1.26,2.88,-0.71614,113.650002,20.620001,87.38265552591727,33.509998,22.423467308204913,0.3913,1.58,13.475,14.975,3.34
2003-06-04,2.1,20.62,1.26,2.87,-0.71614,114.129997,21.1,87.36498073326815,33.009998,22.20346730820491,0.3913,1.57,13.685,15.5,3.3
2003-06-05,2.09,20.83,1.26,2.87,-0.71614,114.309998,20.84,87.36636017816943,34.529999,22.413467308204915,0.3913,1.59,13.76,15.475,3.34
2003-06-06,2.1,21.25,1.26,2.83,-0.71428,112.25,20.950001,87.400298624073,36.130001,22.833467308204916,0.3163,1.61,13.69,15.25,3.37
2003-06-09,2.1,22.15,1.26,2.87,-0.71428,111.440002,20.219999,86.81180489127345,37.43,23.733467308204915,0.3163,1.61,13.495,14.94,3.29
2003-06-10,2.07,20.64,1.26,2.89,-0.71428,112.489998,20.389999,87.49984082162909,34.0,22.223467308204917,0.3163,1.59,13.645,15.085,3.2
2003-06-11,2.05,20.21,1.26,2.87,-0.71428,112.199997,18.860001,87.5330743432627,33.740002,21.793467308204917,0.3163,1.59,13.795,14.895,3.21
2003-06-12,2.05,20.41,1.26,2.88,-0.71428,112.440002,18.49,87.54037789803206,34.009998,21.993467308204913,0.3163,1.61,13.88,14.745,3.18
2003-06-13,2.03,20.66,1.26,2.88,-0.71359,109.790001,18.0,87.33164230620979,34.459999,22.243467308204913,0.3624,1.62,13.73,14.25,3.13
2003-06-16,2.0,20.22,1.26,2.87,-0.71359,112.889999,18.440001,87.1108520135877,33.790001,21.803467308204915,0.3624,1.59,14.05,14.6,3.18
2003-06-17,2.02,20.01,1.26,2.85,-0.71359,111.330002,18.43,85.29382859139729,33.610001,21.59346730820491,0.3624,1.57,14.05,14.505,3.27
2003-06-18,2.1,19.76,1.26,2.83,-0.71359,111.690002,18.6,85.04909024675291,33.150002,21.34346730820491,0.3624,1.58,13.92,14.81,3.37
2003-06-19,2.18,19.8,1.26,2.87,-0.71359,113.120003,18.790001,85.05322038392573,33.860001,21.383467308204914,0.3624,1.61,13.69,14.645,3.35
2003-06-20,2.18,19.14,1.26,2.86,-0.71505,112.07,18.5,84.47824115012996,32.34,20.723467308204917,0.2232,1.63,13.69,14.45,3.4
2003-06-23,2.15,20.58,1.26,2.88,-0.71505,112.540001,18.09,85.23431925959353,31.799999,22.163467308204915,0.2232,1.61,13.52,14.115,3.32
2003-06-24,2.15,20.75,1.26,2.87,-0.71505,110.870003,17.77,84.97850397818347,32.43,22.333467308204916,0.2232,1.61,13.52,13.925,3.29
2003-06-25,2.08,20.81,1.26,2.85,-0.71505,110.769997,17.35,84.97850105919666,31.75,22.39346730820491,0.2232,1.67,13.44,13.815,3.38
2003-06-26,2.14,19.4,1.26,2.8,-0.71505,110.620003,17.99,85.66702332524522,30.91,20.983467308204915,0.2232,1.7,13.54,14.25,3.55
2003-06-27,2.2,19.16,1.26,2.8,-0.71771,111.699997,18.01,85.35247600061096,30.93,20.743467308204913,0.4367,1.68,13.46,14.175,3.58
2003-06-30,2.22,19.52,1.26,2.81,-0.71771,110.860001,17.6,84.53060452010595,31.23,21.103467308204912,0.4367,1.64,13.545,14.115,3.54
2003-07-01,2.26,19.46,1.01,2.81,-0.71771,113.010002,17.620001,84.52960570737511,30.219999,21.043467308204917,0.4367,1.64,13.515,14.47,3.56
2003-07-02,2.26,19.03,1.01,2.75,-0.71771,111.019997,18.219999,84.58392781803089,31.049999,20.61346730820492,0.4367,1.6,13.64,14.82,3.56
2003-07-03,2.35,19.39,1.01,2.72,-0.71771,110.419998,17.75,84.63932292489821,32.470001,20.973467308204917,0.4367,1.58,13.625,14.62,3.67
2003-07-04,2.35,19.39,1.01,2.72,-0.72065,110.419998,17.75,84.63932292489821,32.470001,20.973467308204917,0.3649,1.58,13.625,14.62,3.67
2003-07-07,2.38,20.06,1.01,2.7,-0.72065,111.410004,18.889999,84.79111159270421,33.509998,21.64346730820491,0.3649,1.6,13.9,15.53,3.74
2003-07-08,2.36,19.48,1.01,2.68,-0.72065,111.150002,19.07,84.51789537000806,33.490002,21.063467308204913,0.3649,1.63,14.095,15.775,3.75
2003-07-09,2.36,18.93,1.01,2.68,-0.72065,110.68,19.49,83.8650931993507,33.220001,20.513467308204916,0.3649,1.73,13.92,15.9,3.73
2003-07-10,2.37,19.19,1.01,2.71,-0.72065,109.209999,18.809999,83.8580401535717,33.66,20.77346730820491,0.3649,1.76,13.74,15.5,3.7
2003-07-11,2.37,18.47,1.01,2.73,-0.7222,110.599998,18.76,84.05176647346556,32.799999,20.053467308204915,0.239,1.78,13.945,15.59,3.66
2003-07-14,2.39,19.59,1.01,2.72,-0.7222,109.510002,19.120001,84.75667007940444,33.889999,21.173467308204913,0.239,1.82,14.02,16.004999,3.74
2003-07-15,2.49,19.55,1.01,2.66,-0.7222,108.910004,19.440001,84.68895339812012,33.950001,21.133467308204914,0.239,1.88,13.935,16.125,3.94
2003-07-16,2.48,19.76,1.01,2.62,-0.7222,109.699997,19.23,84.69496734201677,33.990002,21.34346730820491,0.239,1.89,13.895,16.254999,3.97
2003-07-17,2.51,20.22,1.01,2.61,-0.7222,109.779999,18.25,84.75266987651666,35.470001,21.803467308204915,0.239,1.93,13.735,15.68,3.98
2003-07-18,2.49,19.11,1.01,2.61,-0.72048,109.699997,18.690001,85.2659056407667,33.41,20.693467308204916,0.1024,1.96,13.825,15.725,4.0
2003-07-21,2.58,19.78,1.01,2.57,-0.72048,110.349998,17.879999,85.27290643292584,33.07,21.36346730820492,0.1024,1.98,13.67,15.4,4.19
2003-07-22,2.6,19.17,1.01,2.56,-0.72048,110.150002,19.25,84.44786387352653,32.450001,20.75346730820492,0.1024,1.98,13.77,15.9,4.17
2003-07-23,2.58,18.64,1.01,2.59,-0.72048,110.230003,19.290001,84.52266191114118,30.780001,20.223467308204917,0.1024,2.01,13.71,16.225,4.12
2003-07-24,2.66,18.6,1.01,2.55,-0.72048,108.889999,18.77,84.51296772062695,31.450001,20.18346730820492,0.1024,2.02,13.695,15.87,4.2
2003-07-25,2.7,17.75,1.01,2.57,-0.71544,109.860001,19.049999,84.08510719221601,30.040001,19.333467308204916,0.1278,2.08,13.875,16.17,4.22
2003-07-28,2.7,18.36,1.01,2.58,-0.71544,110.169998,19.17,84.3283216262468,30.4,19.943467308204916,0.1278,2.04,13.945,16.325001,4.31
2003-07-29,2.75,18.67,1.01,2.55,-0.71544,109.559998,18.719999,84.31453533900836,30.16,20.25346730820492,0.1278,2.04,13.855,16.1,4.42
2003-07-30,2.7,18.85,1.01,2.55,-0.71544,108.639999,18.700001,84.33672238994679,30.860001,20.43346730820492,0.1278,2.02,13.765,15.9,4.34
2003-07-31,2.69,19.49,1.01,2.58,-0.71544,108.269997,18.870001,84.45259594851166,31.219999,21.07346730820491,0.1278,2.08,13.795,16.25,4.49
2003-08-01,2.59,20.75,1.03,2.57,-0.70558,109.629997,18.870001,85.07378765190688,32.48,22.333467308204916,0.2845,2.04,13.78,16.375,4.44
2003-08-04,2.64,21.27,1.03,2.62,-0.70558,110.470001,18.799999,84.99046083252857,32.650002,22.853467308204912,0.2845,2.01,13.675,16.424999,4.35
2003-08-05,2.59,22.68,1.03,2.62,-0.70558,109.139999,18.290001,85.3927228370348,34.23,24.263467308204916,0.2845,2.04,13.45,15.9,4.47
2003-08-06,2.54,21.5,1.03,2.64,-0.70558,110.720001,18.25,85.75089200166006,34.419998,23.083467308204916,0.2845,1.98,13.495,15.75,4.32
2003-08-07,2.56,20.26,1.03,2.64,-0.70558,113.169998,18.209999,86.33119169750805,34.02,21.84346730820491,0.2845,2.01,13.61,15.69,4.3
2003-08-08,2.55,19.59,1.03,2.69,-0.69536,112.949997,18.049999,86.28108809135622,32.029999,21.173467308204913,0.5378,2.0,13.74,15.25,4.27
2003-08-11,2.57,19.75,1.03,2.61,-0.69536,113.669998,18.48,85.78009483244668,32.119999,21.333467308204916,0.5378,2.07,13.8,15.55,4.38
2003-08-12,2.66,17.94,1.03,2.63,-0.69536,113.970001,18.889999,86.95721536644876,30.209999,19.52346730820491,0.5378,2.08,13.985,15.795,4.37
2003-08-13,2.72,18.77,1.03,2.56,-0.69536,112.699997,19.32,87.25008279482796,30.27,20.353467308204912,0.5378,2.17,13.935,16.1,4.58
2003-08-14,2.69,18.47,1.03,2.59,-0.69536,113.739998,20.049999,87.18574916037431,29.27,20.053467308204915,0.5378,2.17,14.0,16.32,4.55
2003-08-15,2.7,18.27,1.03,2.55,-0.68529,114.739998,20.18,86.82583082770715,29.209999,19.853467308204912,0.149,2.19,14.1,16.25,4.55
2003-08-18,2.62,18.18,1.03,2.6,-0.68529,116.290001,20.91,86.63314905087617,26.620001,19.763467308204916,0.149,2.16,14.18,17.075001,4.49
2003-08-19,2.57,17.86,1.03,2.61,-0.68529,116.029999,21.09,86.55446391059188,26.5,19.443467308204916,0.149,2.14,14.195,17.385,4.38
2003-08-20,2.61,17.82,1.03,2.56,-0.68529,115.449997,20.799999,86.46182000799445,27.639999,19.403467308204917,0.149,2.19,14.28,17.290001,4.45
2003-08-21,2.55,17.84,1.03,2.51,-0.68529,115.660004,22.15,86.46259622758586,28.280001,19.423467308204913,0.149,2.24,14.39,17.775,4.53
2003-08-22,2.51,18.55,1.03,2.49,-0.67716,114.709999,22.809999,86.36913616011009,29.469999,20.133467308204914,0.1541,2.22,14.195,18.120001,4.48
2003-08-25,2.51,19.53,1.03,2.5,-0.67716,114.57,22.610001,86.57964821670106,29.34,21.11346730820492,0.1541,2.22,14.15,18.02,4.53
2003-08-26,2.54,19.49,1.03,2.49,-0.67716,114.470001,22.68,86.55857109991203,29.75,21.07346730820491,0.1541,2.22,14.245,18.014999,4.5
2003-08-27,2.49,19.13,1.03,2.47,-0.67716,114.650002,23.49,86.61144370201693,30.049999,20.713467308204912,0.1541,2.18,14.265,18.475,4.54
2003-08-28,2.49,18.48,1.03,2.49,-0.67716,114.75,23.76,86.6094575042277,30.309999,20.063467308204913,0.1541,2.13,14.365,18.6,4.42
2003-08-29,2.5,18.63,1.03,2.46,-0.67201,114.599998,23.85,85.95985246409538,29.52,20.213467308204912,0.0595,2.16,14.5,18.695,4.45
2003-09-01,2.5,18.63,1.01,2.46,-0.67201,114.599998,23.85,85.95985246409538,29.52,20.213467308204912,0.0595,2.16,14.5,18.695,4.45
2003-09-02,2.57,19.02,1.01,2.39,-0.67201,115.900002,24.040001,85.92533961708365,30.059999,20.603467308204912,0.0595,2.18,14.7,18.75,4.61
2003-09-03,2.58,19.44,1.01,2.4,-0.67201,114.610001,23.65,85.22769449811697,31.190001,21.02346730820491,0.0595,2.2,14.695,18.35,4.6
2003-09-04,2.61,18.71,1.01,2.46,-0.67201,115.110001,24.16,85.04444851385605,30.91,20.293467308204917,0.0595,2.2,14.74,18.695,4.52
2003-09-05,2.63,18.17,1.01,2.52,-0.67054,114.989998,25.129999,84.67076754788266,30.700001,19.75346730820492,0.0917,2.18,14.595,18.905001,4.35
2003-09-08,2.66,18.26,1.01,2.48,-0.67054,114.150002,26.030001,84.53370445474665,29.549999,19.84346730820491,0.0917,2.17,14.6,19.4,4.41
2003-09-09,2.66,18.85,1.01,2.53,-0.67054,114.639999,25.32,84.72766481548916,30.379999,20.43346730820492,0.0917,2.16,14.315,19.120001,4.37
2003-09-10,2.64,20.01,1.01,2.55,-0.67054,113.779999,23.42,83.74550491786536,33.16,21.59346730820491,0.0917,2.1,14.135,18.084999,4.28
2003-09-11,2.64,19.25,1.01,2.48,-0.67054,113.169998,23.690001,83.73274415005025,32.970001,20.833467308204916,0.0917,2.13,14.25,18.360001,4.35
2003-09-12,2.61,18.68,1.01,2.56,-0.67284,111.360001,23.879999,83.86422564081843,32.68,20.263467308204916,0.18,2.09,14.2,18.48,4.27
2003-09-15,2.65,19.28,1.01,2.55,-0.67284,113.519997,23.629999,84.00882148966005,32.93,20.86346730820492,0.18,2.1,14.25,18.235001,4.28
2003-09-16,2.66,18.03,1.01,2.57,-0.67284,112.790001,24.75,84.80931236578695,31.66,19.61346730820492,0.18,2.03,14.46,18.865,4.29
2003-09-17,2.57,18.15,1.01,2.56,-0.67284,113.220001,24.24,84.75690594761335,31.75,19.733467308204915,0.18,2.0,14.455,18.725,4.2
2003-09-18,2.51,17.57,1.01,2.54,-0.67284,113.639999,24.389999,84.93830338646525,29.75,19.153467308204917,0.18,2.01,14.55,18.85,4.19
2003-09-19,2.47,17.54,1.01,2.52,-0.67814,113.349998,24.17,84.93838086286543,29.74,19.123467308204916,-0.1007,2.0,14.445,18.780001,4.17
2003-09-22,2.56,19.65,1.01,2.52,-0.67814,113.849998,23.450001,86.84979313530555,27.940001,21.233467308204915,-0.1007,2.05,14.225,18.25,4.26
2003-09-23,2.56,19.47,1.01,2.5,-0.67814,114.43,24.110001,86.51137335563509,26.98,21.053467308204915,-0.1007,2.05,14.355,18.545,4.24
2003-09-24,2.5,21.22,1.01,2.5,-0.67814,112.940002,23.08,87.52229391175841,29.360001,22.803467308204915,-0.1007,2.03,14.075,17.67,4.16
2003-09-25,2.47,22.26,1.01,2.52,-0.67814,111.970001,23.059999,87.66497836351041,30.65,23.84346730820491,-0.1007,2.05,14.02,17.504999,4.12
2003-09-26,2.44,22.23,1.01,2.55,-0.68506,112.860001,22.58,87.44006408170222,30.879999,23.813467308204913,0.0116,2.05,13.865,17.299999,4.04
2003-09-29,2.48,21.67,1.01,2.56,-0.68506,113.940002,23.15,87.59270588894861,30.66,23.25346730820492,0.0116,2.06,13.845,17.700001,4.09
2003-09-30,2.46,22.72,1.01,2.57,-0.68506,113.190002,22.799999,87.76855595815941,32.830002,24.303467308204915,0.0116,2.01,13.79,17.200001,3.96
2003-10-01,2.49,21.07,1.01,2.56,-0.68506,114.57,23.25,88.517407217622,31.33,22.653467308204917,0.0116,2.0,14.17,17.549999,3.96
2003-10-02,2.55,20.8,1.01,2.54,-0.68506,114.730003,23.5,88.33743727714652,31.25,22.383467308204914,0.0116,2.02,14.245,17.674999,4.03
2003-10-03,2.56,19.5,1.01,2.52,-0.69288,113.309998,24.65,88.73816889287542,29.200001,21.083467308204916,0.1054,2.05,14.405,18.459999,4.21
2003-10-06,2.57,19.51,1.01,2.51,-0.69288,115.760002,24.450001,88.7401250485841,29.42,21.09346730820491,0.1054,2.06,14.51,18.459999,4.17
2003-10-07,2.6,19.41,1.01,2.49,-0.69288,115.57,24.719999,88.65460092769487,29.299999,20.993467308204913,0.1054,2.1,14.57,18.825001,4.27
2003-10-08,2.62,19.18,1.01,2.51,-0.69288,112.730003,24.68,88.24233020471547,29.16,20.763467308204916,0.1054,2.09,14.465,18.684999,4.27
2003-10-09,2.63,18.82,1.01,2.5,-0.69288,112.699997,24.99,88.11390991556871,28.84,20.403467308204917,0.1054,2.12,14.65,18.844999,4.32
2003-10-10,2.64,18.45,1.01,2.48,-0.70145,112.25,25.48,88.0540673914848,27.620001,20.033467308204912,-0.1766,2.15,14.68,19.174999,4.29
2003-10-13,2.64,17.55,1.01,2.48,-0.70145,114.639999,25.58,88.18628872705655,26.77,19.133467308204914,-0.1766,2.15,14.83,19.27,4.29
2003-10-14,2.64,17.37,1.01,2.48,-0.70145,115.300003,25.84,87.71385282901021,26.49,18.95346730820491,-0.1766,2.19,14.91,19.440001,4.37
2003-10-15,2.64,17.69,1.01,2.44,-0.70145,115.790001,25.549999,87.75237167520261,26.77,19.27346730820491,-0.1766,2.23,14.85,19.58,4.43
2003-10-16,2.51,17.19,1.01,2.4,-0.70145,115.010002,25.6,87.72474698563538,25.469999,18.77346730820491,-0.1766,2.26,14.915,19.790001,4.47
2003-10-17,2.51,17.62,1.01,2.38,-0.7094,112.379997,24.959999,87.79844104639108,25.33,19.20346730820491,-0.3513,2.27,14.705,19.27,4.41
2003-10-20,2.53,17.04,1.01,2.36,-0.7094,115.370003,25.67,85.85915427011034,24.780001,18.623467308204916,-0.3513,2.28,14.69,19.625,4.41
2003-10-21,2.49,16.55,1.01,2.39,-0.7094,115.370003,27.280001,85.93085544748135,24.35,18.133467308204914,-0.3513,2.26,14.735,20.030001,4.38
2003-10-22,2.49,17.67,1.01,2.43,-0.7094,113.459999,27.01,85.32861896540038,25.68,19.25346730820492,-0.3513,2.22,14.53,19.565001,4.29
2003-10-23,2.5,17.68,1.01,2.41,-0.7094,113.199997,27.309999,84.76717873046096,26.09,19.263467308204916,-0.3513,2.31,14.53,19.24,4.34
2003-10-24,2.48,17.71,1.01,2.42,-0.71507,117.510002,27.450001,84.77885311132168,25.450001,19.293467308204917,-0.1099,2.32,14.545,19.275,4.24
2003-10-27,2.47,18.05,1.01,2.39,-0.71507,115.839996,28.1,84.88093199689607,26.120001,19.633467308204914,-0.1099,2.34,14.705,19.495001,4.3
2003-10-28,2.52,16.82,1.01,2.41,-0.71507,115.839996,29.35,84.81624139802884,25.0,18.403467308204917,-0.1099,2.32,15.035,20.559999,4.23
2003-10-29,2.52,16.43,1.01,2.39,-0.71507,117.709999,29.18,84.19548178412316,24.719999,18.013467308204916,-0.1099,2.33,15.005,20.745001,4.31
2003-10-30,2.5,16.33,1.01,2.36,-0.71507,117.760002,29.52,84.2012618462596,24.74,17.913467308204915,-0.1099,2.39,15.055,20.924999,4.36
2003-10-31,2.48,16.1,1.01,2.36,-0.71952,116.529999,28.92,83.67117517539018,24.889999,17.683467308204918,-0.2474,2.4,15.045,20.825001,4.33
2003-11-03,2.5,16.55,1.01,2.32,-0.71952,115.769997,29.93,83.92029278553645,25.379999,18.133467308204914,-0.2474,2.43,15.16,21.565001,4.4
2003-11-04,2.47,16.55,1.01,2.36,-0.71952,115.940002,29.84,83.93050586596765,25.690001,18.133467308204914,-0.2474,2.4,15.07,21.584999,4.33
2003-11-05,2.44,16.86,1.01,2.35,-0.71952,115.010002,30.43,84.0515920883802,25.200001,18.443467308204916,-0.2474,2.36,15.055,21.975,4.38
2003-11-06,2.44,16.74,1.01,2.34,-0.71952,117.230003,30.790001,84.01896342163116,25.35,18.32346730820491,-0.2474,2.37,15.165,22.105,4.45
2003-11-07,2.44,16.93,1.01,2.32,-0.72163,117.160004,30.92,84.02460016810542,25.200001,18.513467308204916,-0.3125,2.38,15.205,21.995001,4.48
2003-11-10,2.43,17.62,1.01,2.33,-0.72163,116.389999,30.09,83.94094195468033,26.49,19.20346730820491,-0.3125,2.4,15.025,21.719999,4.49
2003-11-11,2.43,17.54,1.01,2.33,-0.72163,117.089996,29.66,83.92263405652274,26.549999,19.123467308204916,-0.3125,2.4,15.0,21.549999,4.49
2003-11-12,2.39,16.75,1.01,2.33,-0.72163,118.07,30.700001,84.23038465357749,25.549999,18.333467308204916,-0.3125,2.4,15.15,22.325001,4.44
2003-11-13,2.38,16.47,1.01,2.35,-0.72163,118.949997,30.190001,84.14087013277906,25.450001,18.053467308204915,-0.3125,2.36,15.095,21.895,4.3
2003-11-14,2.38,16.94,1.01,2.37,-0.7218,119.260002,28.83,84.17875915761472,26.16,18.52346730820491,-0.2145,2.35,14.93,21.155001,4.22
2003-11-17,2.38,18.6,1.01,2.39,-0.7218,121.550003,28.34,85.56378343161104,27.809999,20.18346730820492,-0.2145,2.36,14.795,20.950001,4.18
2003-11-18,2.34,19.11,1.01,2.38,-0.7218,116.919998,27.860001,85.43688776179964,29.65,20.693467308204916,-0.2145,2.34,14.605,20.6,4.17
2003-11-19,2.34,18.8,1.01,2.37,-0.7218,120.040001,28.23,84.88164528679138,29.959999,20.383467308204914,-0.2145,2.33,14.7,20.98,4.24
2003-11-20,2.33,19.48,1.01,2.4,-0.7218,119.720001,27.860001,85.04882564578854,30.49,21.063467308204913,-0.2145,2.24,14.685,20.549999,4.16
2003-11-21,2.31,18.98,1.01,2.39,-0.7206,121.699997,28.35,85.2012026368998,29.08,20.563467308204913,-0.0892,2.22,14.75,20.860001,4.15
2003-11-24,2.29,17.44,1.01,2.38,-0.7206,123.599998,29.440001,86.21255125724517,27.07,19.02346730820491,-0.0892,2.24,15.045,21.555,4.23
2003-11-25,2.3,16.71,1.01,2.38,-0.7206,123.360001,29.450001,85.78169507325974,25.99,18.293467308204917,-0.0892,2.27,15.19,21.625,4.19
2003-11-26,2.28,16.23,1.01,2.35,-0.7206,126.0,29.65,85.8261202599693,25.629999,17.813467308204913,-0.0892,2.29,15.185,21.67,4.25
2003-11-27,2.28,16.23,1.01,2.35,-0.7206,126.0,29.65,85.8261202599693,25.629999,17.813467308204913,-0.0892,2.29,15.185,21.67,4.25
2003-11-28,2.28,16.32,1.01,2.33,-0.71927,121.07,29.76,85.82382044709128,25.629999,17.903467308204917,-0.3629,2.31,15.18,21.9,4.34
2003-12-01,2.28,16.77,0.98,2.3,-0.71927,123.029999,30.18,85.88770722606539,26.290001,18.353467308204912,-0.3629,2.32,15.325,22.035,4.4
2003-12-02,2.31,16.27,0.98,2.3,-0.71927,121.169998,30.110001,85.9268489132357,26.719999,17.853467308204912,-0.3629,2.33,15.21,21.875,4.38
2003-12-03,2.32,16.63,0.98,2.29,-0.71927,118.510002,29.5,85.99772429714736,27.34,18.213467308204912,-0.3629,2.33,15.15,21.475,4.41
2003-12-04,2.32,16.3,0.98,2.29,-0.71927,114.269997,29.139999,86.00419392336593,26.809999,17.883467308204914,-0.3629,2.34,15.115,21.35,4.38
2003-12-05,2.35,17.09,0.98,2.33,-0.71743,120.110001,28.360001,86.33484831335066,27.049999,18.673467308204913,-0.2779,2.31,14.96,20.575001,4.23
2003-12-08,2.35,16.54,0.98,2.33,-0.71743,117.440002,28.24,86.47377342521146,27.549999,18.123467308204916,-0.2779,2.33,15.025,20.565001,4.29
2003-12-09,2.35,17.63,0.98,2.34,-0.71743,120.139999,27.49,86.84538856060749,28.32,19.213467308204912,-0.2779,2.32,14.95,19.700001,4.32
2003-12-10,2.36,17.87,0.98,2.35,-0.71743,123.129997,27.92,86.86116137740062,27.84,19.45346730820491,-0.2779,2.33,14.88,19.950001,4.3
2003-12-11,2.44,16.73,0.98,2.35,-0.71743,124.849998,28.6,87.14221078814907,26.15,18.313467308204913,-0.2779,2.37,15.11,20.475,4.27
2003-12-12,2.42,16.41,0.98,2.34,-0.71819,125.860001,28.719999,87.1541689733026,25.860001,17.993467308204913,-0.2541,2.35,15.19,20.455,4.26
2003-12-15,2.4,17.23,0.98,2.34,-0.71819,125.660004,28.34,87.36724390618372,27.07,18.813467308204913,-0.2541,2.3,15.125,19.815001,4.28
2003-12-16,2.41,15.93,0.98,2.35,-0.71819,128.699997,27.92,86.72749120218342,26.15,17.513467308204916,-0.2541,2.25,15.09,19.665001,4.24
2003-12-17,2.36,15.58,0.98,2.35,-0.71819,127.730003,27.68,86.57865938823603,25.120001,17.163467308204915,-0.2541,2.23,15.23,19.52,4.19
2003-12-18,2.31,16.16,0.98,2.32,-0.71819,124.040001,28.879999,86.85228277974386,24.530001,17.743467308204913,-0.2541,2.22,15.425,20.25,4.16
2003-12-19,2.33,16.42,0.98,2.33,-0.72151,123.580002,28.34,86.66809505078521,24.889999,18.003467308204918,-0.2599,2.2,15.43,20.105,4.15
2003-12-22,2.34,16.94,0.98,2.34,-0.72151,122.93,28.719999,86.81408609213912,24.75,18.52346730820491,-0.2599,2.2,15.48,20.120001,4.18
2003-12-23,2.32,16.49,0.98,2.31,-0.72151,123.769997,29.17,86.02756207003581,23.49,18.07346730820491,-0.2599,2.25,15.53,20.51,4.28
2003-12-24,2.37,16.66,0.98,2.34,-0.72151,121.870003,28.98,85.79039596643257,23.34,18.243467308204913,-0.2599,2.24,15.47,20.459999,4.2
2003-12-25,2.37,16.66,0.98,2.34,-0.72151,121.870003,28.98,85.79039596643257,23.34,18.243467308204913,-0.2599,2.24,15.47,20.459999,4.2
2003-12-26,2.35,17.45,0.98,2.33,-0.72781,124.120003,28.83,85.94995346631468,24.01,19.033467308204912,-0.2418,2.23,15.54,20.459999,4.17
2003-12-29,2.38,17.09,0.98,2.33,-0.72781,124.650002,29.42,86.03818435649745,23.73,18.673467308204913,-0.2418,2.25,15.68,20.9,4.24
2003-12-30,2.43,17.68,0.98,2.33,-0.72781,123.669998,29.469999,86.09566450253472,23.360001,19.263467308204916,-0.2418,2.28,15.63,20.865,4.29
2003-12-31,2.43,18.31,0.98,2.34,-0.72781,120.400002,29.379999,86.05438565506878,24.49,19.89346730820491,-0.2418,2.27,15.745,20.745001,4.27
2004-01-01,2.43,18.31,1.0,2.34,-0.72781,120.400002,29.379999,86.05438565506878,24.49,19.89346730820491,-0.2418,2.27,15.745,20.745001,4.27
2004-01-02,2.44,18.22,1.0,2.32,-0.73775,123.230003,29.309999,86.0333306862186,24.51,19.803467308204915,-0.2839,2.32,15.61,20.700001,4.38
2004-01-05,2.46,17.49,1.0,2.27,-0.73775,121.150002,29.93,86.24066483517758,23.889999,19.07346730820491,-0.2839,2.35,15.745,21.450001,4.41
2004-01-06,2.45,16.73,1.0,2.32,-0.73775,125.190002,29.99,86.22729800322196,22.76,18.313467308204913,-0.2839,2.32,15.805,21.575001,4.29
2004-01-07,2.43,15.5,1.0,2.3,-0.73775,114.989998,29.950001,86.82901435135231,21.91,17.083467308204916,-0.2839,2.33,15.875,21.83,4.27
2004-01-08,2.42,15.61,1.0,2.26,-0.73775,119.910004,31.85,86.1565876771922,21.889999,17.193467308204916,-0.2839,2.28,15.825,22.41,4.27
2004-01-09,2.43,16.75,1.0,2.31,-0.75096,121.169998,31.780001,86.94574170257755,23.01,18.333467308204916,-0.3766,2.22,15.76,22.375,4.11
2004-01-12,2.43,16.82,1.0,2.32,-0.75096,122.059998,32.799999,86.39384849881539,22.559999,18.403467308204917,-0.3766,2.22,15.725,22.870001,4.11
2004-01-13,2.42,18.04,1.0,2.35,-0.75096,124.690002,32.189999,86.98775381842518,23.049999,19.623467308204916,-0.3766,2.22,15.7,22.299999,4.05
2004-01-14,2.36,16.75,1.0,2.33,-0.75096,123.089996,32.48,87.41608424015149,23.17,18.333467308204916,-0.3766,2.16,15.825,22.25,4.01
2004-01-15,2.32,15.56,1.0,2.33,-0.75096,123.040001,33.650002,87.33290195297818,22.639999,17.143467308204915,-0.3766,2.17,15.87,22.559999,3.99
2004-01-16,2.34,15.0,1.0,2.3,-0.76482,125.75,33.529999,87.4359891320169,20.24,16.583467308204916,-0.3677,2.21,15.87,22.66,4.04
2004-01-19,2.34,15.0,1.0,2.3,-0.76482,125.75,33.529999,87.4359891320169,20.24,16.583467308204916,-0.3677,2.21,15.87,22.66,4.04
2004-01-20,2.39,15.21,1.0,2.31,-0.76482,120.059998,33.43,87.27274076421956,20.49,16.793467308204917,-0.3677,2.24,15.755,22.605,4.08
2004-01-21,2.36,14.34,1.0,2.33,-0.76482,118.370003,32.310001,87.58717006624076,20.709999,15.923467308204916,-0.3677,2.26,15.95,22.075001,4.05
2004-01-22,2.33,14.71,1.0,2.33,-0.76482,116.720001,31.73,87.53555829146785,21.74,16.293467308204917,-0.3677,2.23,16.075001,21.735001,3.99
2004-01-23,2.38,14.84,1.0,2.3,-0.77817,115.470001,30.969999,87.50184968989154,21.27,16.423467308204913,-0.4645,2.27,16.025,21.469999,4.09
2004-01-26,2.41,14.55,1.0,2.28,-0.77817,115.809998,31.99,87.49896249761953,20.99,16.133467308204914,-0.4645,2.27,16.055,21.875,4.16
2004-01-27,2.41,15.35,1.0,2.26,-0.77817,113.809998,30.5,87.60816809547815,23.030001,16.933467308204914,-0.4645,2.27,15.945,21.174999,4.11
2004-01-28,2.35,16.78,1.0,2.23,-0.77817,113.099998,30.700001,88.67050805331687,25.16,18.36346730820492,-0.4645,2.3,15.565,21.0,4.22
2004-01-29,2.34,17.14,1.0,2.19,-0.77817,112.910004,30.59,88.58623615365707,25.200001,18.723467308204917,-0.4645,2.31,15.665,20.905001,4.22
2004-01-30,2.32,16.63,1.0,2.19,-0.79043,112.160004,31.35,88.51189356588051,25.059999,18.213467308204912,-0.39,2.31,15.655,20.98,4.16
2004-02-02,2.35,17.11,1.0,2.17,-0.79043,114.290001,30.91,88.62708753288973,25.809999,18.693467308204916,-0.39,2.34,15.61,20.705,4.18
2004-02-03,2.35,17.34,1.0,2.18,-0.79043,115.290001,30.76,88.46888550153903,26.299999,18.923467308204913,-0.39,2.32,15.525,20.885,4.13
2004-02-04,2.35,17.87,1.0,2.16,-0.79043,113.760002,30.07,88.31102851374631,26.65,19.45346730820491,-0.39,2.33,15.505,20.290001,4.15
2004-02-05,2.35,17.71,1.0,2.13,-0.79043,115.629997,30.030001,87.56156081509903,26.17,19.293467308204917,-0.39,2.35,15.625,20.35,4.2
2004-02-06,2.35,16.0,1.0,2.16,-0.80037,115.089996,31.309999,88.80033043986124,24.67,17.583467308204916,-0.3803,2.33,15.79,21.25,4.12
2004-02-09,2.33,16.39,1.0,2.16,-0.80037,117.050003,31.219999,88.26443440278574,25.209999,17.973467308204917,-0.3803,2.33,15.81,21.045,4.09
2004-02-10,2.31,15.94,1.0,2.15,-0.80037,118.870003,31.35,88.34641930796727,24.5,17.523467308204914,-0.3803,2.34,15.945,21.115,4.13
2004-02-11,2.32,15.39,1.0,2.19,-0.80037,118.190002,31.620001,87.74368849604909,23.530001,16.973467308204917,-0.3803,2.3,16.105,21.475,4.05
2004-02-12,2.35,15.31,1.0,2.18,-0.80037,118.330002,31.299999,87.17927801147773,23.530001,16.893467308204915,-0.3803,2.33,16.025,21.205,4.1
2004-02-13,2.35,15.58,1.0,2.2,-0.80906,118.010002,30.77,86.56608384839224,24.139999,17.163467308204915,-0.4587,2.31,15.865,20.92,4.05
2004-02-16,2.35,15.58,1.0,2.2,-0.80906,118.010002,30.77,86.56608384839224,24.139999,17.163467308204915,-0.4587,2.31,15.865,20.92,4.05
2004-02-17,2.35,15.4,1.0,2.19,-0.80906,117.769997,31.17,86.39063185247653,23.870001,16.983467308204915,-0.4587,2.3,16.07,21.26,4.05
2004-02-18,2.33,15.59,1.0,2.19,-0.80906,116.18,31.440001,86.38534416186458,23.73,17.173467308204913,-0.4587,2.3,15.975,21.360001,4.05
2004-02-19,2.35,15.8,1.0,2.19,-0.80906,115.730003,30.9,85.84920864262973,24.24,17.383467308204914,-0.4587,2.29,15.99,20.940001,4.05
2004-02-20,2.35,16.04,1.0,2.18,-0.81517,117.940002,30.620001,85.79993763842855,24.120001,17.623467308204916,-0.4893,2.31,15.87,20.775,4.1
2004-02-23,2.36,16.29,1.0,2.2,-0.81517,115.839996,29.74,85.81441201450579,24.379999,17.873467308204916,-0.4893,2.29,15.755,20.225,4.05
2004-02-24,2.35,15.9,1.0,2.19,-0.81517,116.660004,29.91,85.85069406578482,24.68,17.483467308204915,-0.4893,2.3,15.785,20.334999,4.04
2004-02-25,2.35,14.93,1.0,2.21,-0.81517,115.379997,30.66,86.03495578059017,23.549999,16.513467308204916,-0.4893,2.31,15.87,20.68,4.02
2004-02-26,2.36,14.83,1.0,2.2,-0.81517,115.18,31.25,84.52375715341586,23.1,16.413467308204915,-0.4893,2.36,15.97,20.77,4.05
2004-02-27,2.33,14.55,1.0,2.21,-0.81866,111.879997,30.65,84.40760813892082,22.84,16.133467308204914,-0.5142,2.38,15.995,20.450001,3.99
2004-03-01,2.33,14.44,1.0,2.2,-0.81866,115.709999,31.02,84.31305755510772,22.540001,16.023467308204914,-0.5142,2.45,16.094999,20.924999,4.0
2004-03-02,2.31,14.86,1.0,2.19,-0.81866,117.800003,31.280001,84.31598630671621,22.42,16.443467308204916,-0.5142,2.47,16.049999,20.875,4.05
2004-03-03,2.33,14.55,1.0,2.18,-0.81866,115.559998,30.74,84.26903255364579,23.09,16.133467308204914,-0.5142,2.48,16.065001,20.49,4.07
2004-03-04,2.31,14.4,1.0,2.18,-0.81866,115.239998,31.120001,83.96658792734456,22.5,15.983467308204917,-0.5142,2.44,16.129999,20.83,4.04
2004-03-05,2.28,14.48,1.0,2.25,-0.81931,117.949997,31.469999,84.01299515803521,22.08,16.063467308204913,-0.6709,2.39,16.245001,20.625,3.85
2004-03-08,2.26,15.79,1.0,2.3,-0.81931,114.169998,30.6,84.1454314309495,24.08,17.373467308204916,-0.6709,2.35,16.02,19.785,3.78
2004-03-09,2.22,16.6,1.0,2.3,-0.81931,115.739998,30.26,84.51775275146899,24.700001,18.18346730820492,-0.6709,2.33,15.915,19.92,3.73
2004-03-10,2.2,18.67,1.0,2.31,-0.81931,114.040001,29.68,86.61258709251626,26.049999,20.25346730820492,-0.6709,2.29,15.72,19.514999,3.74
2004-03-11,2.22,20.67,1.0,2.32,-0.81931,111.389999,29.200001,87.52120431575352,26.58,22.25346730820492,-0.6709,2.24,15.43,19.379999,3.74
2004-03-12,2.24,18.3,1.0,2.31,-0.81783,118.669998,29.809999,89.39081592231504,25.299999,19.883467308204914,-0.3241,2.26,15.675,19.809999,3.78
2004-03-15,2.22,21.13,1.0,2.31,-0.81783,113.449997,29.120001,91.37046857451436,27.129999,22.713467308204912,-0.3241,2.31,15.365,19.285,3.78
2004-03-16,2.19,20.34,1.0,2.34,-0.81783,116.970001,29.57,91.56590628142956,27.34,21.923467308204913,-0.3241,2.3,15.5,19.5,3.7
2004-03-17,2.18,18.11,1.0,2.33,-0.81783,120.410004,29.75,92.87969148873783,24.75,19.693467308204916,-0.3241,2.35,15.72,19.809999,3.71
2004-03-18,2.21,18.53,1.0,2.32,-0.81783,122.360001,29.290001,92.893187221506,24.58,20.11346730820492,-0.3241,2.39,15.68,19.52,3.76
2004-03-19,2.24,19.15,1.0,2.3,-0.81366,118.529999,27.790001,92.9346949119499,25.99,20.733467308204915,-0.3573,2.36,15.57,18.815001,3.8
2004-03-22,2.22,21.58,1.0,2.32,-0.81366,117.559998,27.309999,93.96605437850644,27.15,23.163467308204915,-0.3573,2.32,15.33,18.684999,3.74
2004-03-23,2.21,20.67,1.0,2.33,-0.81366,120.849998,27.15,94.10663513648656,26.84,22.25346730820492,-0.3573,2.32,15.3,18.625,3.73
2004-03-24,2.23,19.81,1.0,2.33,-0.81366,118.370003,27.58,93.90121615677832,26.059999,21.39346730820491,-0.3573,2.35,15.375,18.98,3.73
2004-03-25,2.24,17.88,1.0,2.34,-0.81366,119.790001,28.809999,94.827386947671,23.700001,19.463467308204912,-0.3573,2.35,15.645,19.764999,3.75
2004-03-26,2.26,17.33,1.0,2.31,-0.80707,121.160004,28.59,94.8925217193052,23.040001,18.913467308204915,-0.3166,2.38,15.63,19.59,3.85
2004-03-29,2.28,16.5,1.0,2.28,-0.80707,118.419998,29.09,95.12136705504788,23.16,18.083467308204916,-0.3166,2.41,15.775,19.754999,3.91
2004-03-30,2.28,16.28,1.0,2.28,-0.80707,120.279999,29.049999,95.12602748884504,23.18,17.863467308204918,-0.3166,2.39,15.895,19.775,3.91
2004-03-31,2.26,16.74,1.0,2.29,-0.80707,115.870003,29.219999,95.08927651057118,23.76,18.32346730820491,-0.3166,2.38,15.875,19.75,3.86
2004-04-01,2.26,16.65,1.0,2.27,-0.80707,119.529999,29.9,95.07622946440138,23.41,18.233467308204915,-0.3166,2.43,15.945,20.065001,3.91
2004-04-02,2.29,15.64,1.0,2.17,-0.79861,121.809998,30.41,95.42507540746774,21.35,17.223467308204917,-0.6604,2.46,16.09,20.705,4.15
2004-04-05,2.33,14.97,1.0,2.13,-0.79861,123.199997,30.940001,95.03247664491757,21.110001,16.553467308204915,-0.6604,2.49,16.254999,20.959999,4.24
2004-04-06,2.33,15.32,1.0,2.16,-0.79861,120.470001,29.16,94.87639470167194,22.23,16.903467308204917,-0.6604,2.46,16.219999,20.49,4.19
2004-04-07,2.32,15.76,1.0,2.15,-0.79861,119.760002,29.299999,93.69123739258748,21.99,17.343467308204914,-0.6604,2.37,16.1,20.440001,4.19
2004-04-08,2.33,16.26,1.0,2.15,-0.79861,121.419998,29.18,92.7349601614434,21.379999,17.843467308204914,-0.6604,2.41,16.0,20.525,4.21
2004-04-09,2.33,16.26,1.0,2.15,-0.78761,121.419998,29.18,92.7349601614434,21.379999,17.843467308204914,-0.5837,2.41,16.0,20.525,4.21
2004-04-12,2.34,15.28,1.0,2.13,-0.78761,118.099998,29.469999,91.9880193573911,20.370001,16.863467308204914,-0.5837,2.44,16.135,20.67,4.25
2004-04-13,2.34,17.26,1.0,2.11,-0.78761,124.339996,28.98,91.30471330529906,22.23,18.84346730820491,-0.5837,2.47,15.835,20.415001,4.35
2004-04-14,2.27,15.62,1.0,2.08,-0.78761,118.610001,28.68,91.90010855390122,21.59,17.203467308204914,-0.5837,2.49,15.81,20.25,4.4
2004-04-15,2.32,15.74,1.0,2.09,-0.78761,119.940002,28.02,90.97161046638186,22.83,17.323467308204915,-0.5837,2.49,15.795,19.584999,4.42
2004-04-16,2.34,14.94,1.0,2.11,-0.77416,121.269997,27.66,91.06665466961904,22.549999,16.523467308204914,-0.4698,2.5,15.945,19.33,4.37
2004-04-19,2.32,15.42,1.0,2.12,-0.77416,121.139999,28.4,91.05610759217583,21.4,17.003467308204915,-0.4698,2.52,15.955,19.635,4.39
2004-04-20,2.32,16.67,1.0,2.1,-0.77416,116.029999,27.35,90.02442360811122,23.07,18.25346730820492,-0.4698,2.46,15.855,18.915001,4.43
2004-04-21,2.23,15.6,1.0,2.09,-0.77416,116.989998,27.360001,90.20991218282708,22.82,17.183467308204914,-0.4698,2.49,15.875,19.09,4.45
2004-04-22,2.25,14.61,1.0,2.1,-0.77416,117.879997,27.639999,90.38384659925008,21.35,16.193467308204916,-0.4698,2.42,16.195,19.115,4.4
2004-04-23,2.19,14.01,1.0,2.07,-0.75891,118.309998,27.940001,89.724008518925,20.68,15.593467308204914,-0.4485,2.36,16.129999,19.405001,4.48
2004-04-26,2.18,14.77,1.0,2.06,-0.75891,116.889999,27.459999,90.08114642566316,21.83,16.353467308204912,-0.4485,2.43,16.0,18.959999,4.46
2004-04-27,2.22,15.07,1.0,2.08,-0.75891,116.68,27.1,89.95385316380018,21.84,16.653467308204917,-0.4485,2.43,16.110001,18.73,4.43
2004-04-28,2.2,16.29,1.0,2.06,-0.75891,114.769997,26.719999,90.60741454459196,23.92,17.873467308204916,-0.4485,2.4,15.92,18.440001,4.5
2004-04-29,2.21,16.6,1.0,2.06,-0.75891,112.309998,25.43,90.56723456265097,24.9,18.18346730820492,-0.4485,2.4,15.815,17.959999,4.55
2004-04-30,2.22,17.19,1.0,2.05,-0.74346,111.760002,25.1,90.66998284939235,25.73,18.77346730820491,-0.4056,2.42,15.695,17.65,4.53
2004-05-03,2.19,16.62,1.0,2.05,-0.74346,113.199997,24.450001,90.393664131289,25.719999,18.20346730820491,-0.4056,2.44,15.775,17.58,4.53
2004-05-04,2.24,16.55,1.0,2.07,-0.74346,113.57,24.700001,90.16697380417506,25.139999,18.133467308204914,-0.4056,2.46,15.745,17.889999,4.56
2004-05-05,2.27,15.77,1.0,2.05,-0.74346,113.760002,24.91,90.40409000954983,24.34,17.353467308204912,-0.4056,2.51,15.78,17.950001,4.61
2004-05-06,2.24,17.05,1.0,2.06,-0.74346,112.669998,25.08,90.92229069429608,25.18,18.633467308204914,-0.4056,2.48,15.545,18.0,4.63
2004-05-07,2.15,18.13,1.0,1.97,-0.72854,111.519997,25.42,91.16888656919382,25.5,19.713467308204912,-0.4056,2.55,15.17,18.225,4.79
2004-05-10,2.2,19.77,1.0,1.98,-0.72854,115.389999,25.629999,91.28310449126224,27.91,21.353467308204912,-0.4056,2.56,14.98,18.405001,4.81
2004-05-11,2.18,18.57,1.0,1.99,-0.72854,114.669998,26.34,90.38798682826848,27.75,20.153467308204917,-0.4056,2.58,15.2,18.9,4.79
2004-05-12,2.21,18.14,1.0,2.0,-0.72854,115.669998,25.98,89.40178761764248,27.620001,19.723467308204917,-0.4056,2.66,15.25,18.645,4.83
2004-05-13,2.18,18.86,1.0,2.02,-0.72854,114.900002,25.700001,89.49798109566414,28.110001,20.443467308204916,-0.4056,2.67,15.2,18.440001,4.85
2004-05-14,2.2,18.47,1.0,2.03,-0.71585,114.900002,25.360001,89.1907963093746,29.040001,20.053467308204915,-0.3041,2.63,15.205,18.195,4.79
2004-05-17,2.19,19.96,1.0,2.08,-0.71585,114.839996,25.15,89.64241731733652,29.190001,21.543467308204917,-0.3041,2.63,14.965,17.99,4.7
2004-05-18,2.16,19.33,1.0,2.05,-0.71585,116.980003,25.23,89.32554479940683,27.75,20.913467308204915,-0.3041,2.69,15.2,18.305,4.74
2004-05-19,2.18,18.93,1.0,2.03,-0.71585,117.25,25.440001,88.82085623699666,26.09,20.513467308204916,-0.3041,2.76,15.135,18.375,4.79
2004-05-20,2.17,18.67,1.0,2.05,-0.71585,117.400002,25.17,88.2333996361265,25.540001,20.25346730820492,-0.3041,2.76,15.17,18.280001,4.72
2004-05-21,2.16,18.49,1.0,2.03,-0.70581,116.07,24.940001,87.93220607024521,24.9,20.07346730820491,-0.4663,2.72,15.245,18.344999,4.76
2004-05-24,2.16,18.08,1.0,2.02,-0.70581,116.599998,24.85,87.8775067528725,24.33,19.663467308204915,-0.4663,2.74,15.405,18.450001,4.75
2004-05-25,2.15,15.96,1.0,2.02,-0.70581,116.480003,25.33,89.64011438414518,22.040001,17.543467308204917,-0.4663,2.7,15.715,18.940001,4.73
2004-05-26,2.15,15.97,1.0,2.05,-0.70581,118.540001,25.040001,88.96818896460016,21.629999,17.553467308204915,-0.4663,2.68,15.725,19.025,4.67
2004-05-27,2.14,15.28,1.0,2.05,-0.70581,119.980003,25.84,89.11834483224936,21.5,16.863467308204914,-0.4663,2.63,15.795,19.125,4.6
2004-05-28,2.12,15.5,1.0,2.03,-0.69869,118.470001,26.110001,88.98547997873062,21.33,17.083467308204916,-0.5919,2.66,15.795,19.459999,4.66
2004-05-31,2.12,15.5,1.0,2.03,-0.69869,118.470001,26.110001,88.98547997873062,21.33,17.083467308204916,-0.5919,2.66,15.795,19.459999,4.66
2004-06-01,2.11,16.3,1.03,2.05,-0.69869,120.809998,25.860001,89.1911328662885,22.57,17.883467308204914,-0.5919,2.74,15.78,19.225,4.71
2004-06-02,2.09,16.08,1.03,2.06,-0.69869,121.230003,25.18,89.20949236658362,22.610001,17.663467308204915,-0.5919,2.7,15.84,18.844999,4.74
2004-06-03,2.08,17.03,1.03,2.08,-0.69869,116.75,24.34,89.28821912572366,23.93,18.61346730820492,-0.5919,2.66,15.74,18.375,4.71
2004-06-04,2.08,16.78,1.03,2.06,-0.69391,122.919998,25.209999,88.63599152585344,23.84,18.36346730820492,-0.559,2.67,15.805,18.75,4.78
2004-06-07,2.11,15.39,1.03,2.05,-0.69391,123.639999,26.23,88.85392913001414,22.65,16.973467308204917,-0.559,2.67,16.025,19.334999,4.78
2004-06-08,2.05,15.01,1.03,2.04,-0.69391,128.860001,26.040001,87.686376297274,22.26,16.593467308204914,-0.559,2.63,16.08,19.355,4.78
2004-06-09,2.03,15.39,1.03,2.03,-0.69391,123.989998,25.219999,87.5292184431002,22.35,16.973467308204917,-0.559,2.62,15.96,18.785,4.82
2004-06-10,2.0,15.04,1.03,2.03,-0.69391,134.229996,25.129999,87.52767446583896,21.23,16.623467308204916,-0.559,2.63,16.025,18.855,4.81
2004-06-11,2.0,15.04,1.03,2.03,-0.69126,134.229996,25.129999,87.22836150646461,23.931553194501305,16.623467308204916,-0.7464,2.63,16.025,18.855,4.81
2004-06-14,1.92,16.07,1.03,2.01,-0.69126,124.860001,24.459999,87.9507456003587,22.24,17.653467308204917,-0.7464,2.63,15.82,18.5,4.89
2004-06-15,1.92,15.05,1.03,2.06,-0.69126,127.089996,24.629999,87.29398392555287,20.879999,16.633467308204914,-0.7464,2.53,15.915,18.75,4.69
2004-06-16,1.9,14.79,1.03,2.04,-0.69126,125.639999,24.16,87.25010350534474,20.389999,16.373467308204916,-0.7464,2.56,15.93,18.52,4.74
2004-06-17,1.9,15.15,1.03,2.03,-0.69126,123.059998,23.25,87.40259531659078,21.33,16.733467308204915,-0.7464,2.55,15.97,17.969999,4.71
2004-06-18,1.91,14.99,1.03,2.03,-0.68986,121.959999,23.18,87.40082542829032,20.02,16.573467308204915,-0.5237,2.57,15.945,17.940001,4.72
2004-06-21,1.9,15.26,1.03,2.05,-0.68986,122.290001,23.0,87.49608503097411,19.73,16.843467308204914,-0.5237,2.54,15.89,17.860001,4.7
2004-06-22,1.92,14.31,1.03,2.05,-0.68986,121.540001,23.85,87.82592795135338,19.290001,15.893467308204915,-0.5237,2.55,15.82,18.4,4.72
2004-06-23,1.93,13.98,1.03,2.06,-0.68986,123.440002,24.32,86.26350425752574,18.98,15.563467308204917,-0.5237,2.53,15.945,18.799999,4.71
2004-06-24,1.92,14.81,1.03,2.06,-0.68986,121.120003,24.110001,86.83231607368488,19.360001,16.393467308204915,-0.5237,2.51,15.95,18.535,4.66
2004-06-25,1.92,15.19,1.03,2.07,-0.69027,119.150002,24.030001,86.6878398777982,18.959999,16.773467308204914,-0.549,2.5,15.935,18.625,4.66
2004-06-28,1.9,16.07,1.03,2.04,-0.69027,118.620003,23.780001,87.09632447370403,20.59,17.653467308204917,-0.549,2.53,15.905,18.434999,4.76
2004-06-29,1.87,15.47,1.03,2.06,-0.69027,117.959999,24.049999,86.93818430877762,20.15,17.053467308204915,-0.549,2.5,15.785,18.77,4.7
2004-06-30,1.92,14.34,1.03,2.09,-0.69027,118.620003,24.18,87.56357730624354,19.370001,15.923467308204916,-0.549,2.52,15.815,18.915001,4.62
2004-07-01,1.93,15.2,1.26,2.12,-0.69027,117.989998,23.540001,87.57812779222961,20.059999,16.783467308204912,-0.549,2.53,15.72,18.205,4.57
2004-07-02,1.94,15.08,1.26,2.13,-0.6916,117.919998,23.02,87.56638774385367,19.889999,16.663467308204915,-0.5169,2.52,15.635,17.82,4.48
2004-07-05,1.94,15.08,1.26,2.13,-0.6916,117.919998,23.02,87.56638774385367,19.889999,16.663467308204915,-0.5169,2.52,15.635,17.82,4.48
2004-07-06,1.93,16.25,1.26,2.14,-0.6916,116.900002,22.299999,87.47090556324873,22.110001,17.833467308204916,-0.5169,2.52,15.535,17.290001,4.49
2004-07-07,1.94,15.81,1.26,2.13,-0.6916,118.860001,22.610001,87.48896282905132,22.26,17.393467308204915,-0.5169,2.5,15.49,17.434999,4.5
2004-07-08,1.94,16.2,1.26,2.14,-0.6916,114.230003,22.290001,87.48540751646586,22.68,17.783467308204912,-0.5169,2.47,15.28,17.360001,4.49
2004-07-09,1.94,15.78,1.26,2.14,-0.69359,115.32,22.719999,87.50806573191352,22.35,17.363467308204914,-0.4123,2.47,15.365,17.684999,4.49
2004-07-12,1.93,14.96,1.26,2.15,-0.69359,119.970001,22.34,87.87450516858586,21.73,16.543467308204917,-0.4123,2.44,15.405,17.334999,4.46
2004-07-13,1.92,14.46,1.26,2.14,-0.69359,121.25,22.42,87.37842197537628,21.42,16.043467308204917,-0.4123,2.47,15.465,17.34,4.5
2004-07-14,1.88,13.76,1.26,2.12,-0.69359,115.300003,22.389999,87.17352832646796,21.639999,15.343467308204914,-0.4123,2.48,15.4,16.42,4.5
2004-07-15,1.86,14.71,1.26,2.12,-0.69359,117.120003,21.860001,87.77669117106069,21.68,16.293467308204917,-0.4123,2.49,15.325,16.34,4.5
2004-07-16,1.84,14.34,1.26,2.15,-0.69539,120.519997,21.139999,87.77607807466,20.940001,15.923467308204916,-0.5642,2.44,15.155,16.0,4.38
2004-07-19,1.82,15.17,1.26,2.14,-0.69539,123.419998,20.93,88.17159467844347,22.209999,16.753467308204915,-0.5642,2.42,15.095,16.09,4.38
2004-07-20,1.8,14.17,1.26,2.12,-0.69539,125.860001,21.76,88.63680184479439,20.91,15.753467308204916,-0.5642,2.42,15.265,16.450001,4.47
2004-07-21,1.79,16.41,1.26,2.12,-0.69539,116.849998,20.629999,90.72217057677364,22.15,17.993467308204913,-0.5642,2.45,15.13,15.885,4.5
2004-07-22,1.79,15.75,1.26,2.13,-0.69539,118.150002,21.25,90.85429058211494,22.440001,17.333467308204916,-0.5642,2.45,15.155,16.379999,4.48
2004-07-23,1.76,16.5,1.26,2.13,-0.69742,117.910004,20.790001,90.74948817443936,23.91,18.083467308204916,-0.5519,2.45,15.065,15.885,4.45
2004-07-26,1.74,17.3,1.26,2.11,-0.69742,116.779999,20.629999,90.8791916011654,25.290001,18.883467308204914,-0.5519,2.44,14.935,15.775,4.49
2004-07-27,1.8,16.55,1.26,2.09,-0.69742,117.800003,20.59,90.84842254294934,24.309999,18.133467308204914,-0.5519,2.47,15.19,15.835,4.62
2004-07-28,1.83,16.15,1.26,2.1,-0.69742,118.949997,20.76,90.76115911528925,24.870001,17.733467308204915,-0.5519,2.5,15.125,15.7,4.61
2004-07-29,1.85,15.68,1.26,2.09,-0.69742,119.0,21.34,90.27481189778209,23.99,17.263467308204916,-0.5519,2.53,15.2,16.23,4.6
2004-07-30,1.82,15.32,1.26,2.1,-0.69949,116.129997,21.33,90.02972955111632,23.309999,16.903467308204917,-0.5373,2.49,15.215,16.450001,4.5
2004-08-02,1.82,15.37,1.26,2.13,-0.69949,119.690002,21.200001,90.01946113550186,24.129999,16.953467308204914,-0.5373,2.48,15.305,16.575001,4.48
2004-08-03,1.79,16.03,1.26,2.14,-0.69949,118.279999,20.370001,89.59500271832128,25.08,17.613467308204918,-0.5373,2.47,15.15,15.935,4.45
2004-08-04,1.79,16.21,1.26,2.14,-0.69949,120.040001,20.33,89.51668674127862,25.049999,17.793467308204917,-0.5373,2.45,15.07,16.045,4.45
2004-08-05,1.79,18.32,1.26,2.14,-0.69949,117.879997,20.02,91.04793873322166,26.190001,19.903467308204917,-0.5373,2.47,14.805,15.86,4.43
2004-08-06,1.84,19.34,1.26,2.22,-0.7007,117.550003,19.67,91.12417259717223,27.450001,20.923467308204913,-0.3357,2.42,14.59,15.325,4.24
2004-08-09,1.83,18.89,1.26,2.19,-0.7007,117.620003,19.6,90.8485605412592,27.450001,20.473467308204917,-0.3357,2.43,14.57,15.27,4.28
2004-08-10,1.77,17.47,1.26,2.18,-0.7007,119.620003,19.91,91.3750579456457,26.52,19.053467308204915,-0.3357,2.42,14.785,15.43,4.32
2004-08-11,1.76,18.04,1.26,2.17,-0.7007,121.730003,18.540001,91.05171974064592,26.959999,19.623467308204916,-0.3357,2.44,14.68,14.795,4.3
2004-08-12,1.75,19.08,1.26,2.19,-0.7007,117.650002,18.4,90.9469244022594,28.280001,20.663467308204915,-0.3357,2.46,14.48,14.39,4.27
2004-08-13,1.75,17.98,1.26,2.2,-0.7025,117.900002,18.440001,91.28736554156303,27.459999,19.563467308204913,-0.4977,2.45,14.515,14.475,4.22
2004-08-16,1.75,17.57,1.26,2.2,-0.7025,122.559998,18.77,91.19111103995748,26.719999,19.153467308204917,-0.4977,2.44,14.86,14.555,4.26
2004-08-17,1.77,17.02,1.26,2.21,-0.7025,120.089996,19.0,90.80403077608926,25.549999,18.603467308204912,-0.4977,2.39,15.05,14.74,4.21
2004-08-18,1.79,16.23,1.26,2.2,-0.7025,119.5,19.809999,88.65341958446905,24.17,17.813467308204913,-0.4977,2.4,15.18,15.18,4.23
2004-08-19,1.79,16.96,1.26,2.2,-0.7025,120.300003,19.85,88.64533836921066,23.91,18.543467308204917,-0.4977,2.46,15.11,15.12,4.22
2004-08-20,1.78,16.0,1.26,2.19,-0.70377,120.669998,19.9,88.80743328121731,23.059999,17.583467308204916,-0.5151,2.45,15.245,15.145,4.24
2004-08-23,1.78,15.88,1.26,2.19,-0.70377,120.010002,20.26,88.52224591295828,22.540001,17.463467308204915,-0.5151,2.42,15.165,15.3,4.28
2004-08-24,1.78,15.33,1.26,2.18,-0.70377,119.790001,19.690001,88.44877085526623,21.969999,16.913467308204915,-0.5151,2.41,15.205,14.94,4.28
2004-08-25,1.75,14.98,1.26,2.18,-0.70377,120.970001,20.030001,88.44222834789194,21.41,16.563467308204913,-0.5151,2.38,15.32,15.115,4.26
2004-08-26,1.74,14.91,1.26,2.19,-0.70377,119.050003,20.02,88.35657434009138,21.6,16.493467308204913,-0.5151,2.36,15.315,14.95,4.22
2004-08-27,1.75,14.71,1.26,2.18,-0.70481,118.699997,20.34,88.31807068279012,21.27,16.293467308204917,-0.6374,2.37,15.315,15.08,4.23
2004-08-30,1.72,15.44,1.26,2.19,-0.70481,117.709999,19.709999,88.60182904144897,23.139999,17.023467308204914,-0.6374,2.36,15.195,14.79,4.19
2004-08-31,1.72,15.29,1.26,2.19,-0.70481,118.730003,19.540001,88.39941465879639,22.92,16.873467308204916,-0.6374,2.35,15.185,14.665,4.13
2004-09-01,1.72,14.91,1.61,2.2,-0.70481,119.169998,19.77,88.43928606710323,22.65,16.493467308204913,-0.6374,2.36,15.235,14.775,4.13
2004-09-02,1.74,14.28,1.61,2.17,-0.70481,122.199997,20.129999,86.13007445553129,21.620001,15.863467308204914,-0.6374,2.37,15.475,15.0,4.2
2004-09-03,1.69,13.91,1.61,2.15,-0.7045,122.269997,19.17,85.41375908005844,21.059999,15.493467308204917,-0.5585,2.42,15.46,14.15,4.3
2004-09-06,1.69,13.91,1.61,2.15,-0.7045,122.269997,19.17,85.41375908005844,21.059999,15.493467308204917,-0.5585,2.42,15.46,14.15,4.3
2004-09-07,1.68,14.07,1.61,2.13,-0.7045,122.160004,18.709999,85.5130955081041,21.440001,15.653467308204917,-0.5585,2.4,15.565,13.995,4.26
2004-09-08,1.68,14.06,1.61,2.15,-0.7045,122.489998,18.83,84.87865955088026,21.280001,15.643467308204915,-0.5585,2.36,15.515,14.02,4.18
2004-09-09,1.72,14.01,1.61,2.15,-0.7045,125.919998,20.77,84.55246867231182,20.58,15.593467308204914,-0.5585,2.39,15.435,14.68,4.22
2004-09-10,1.69,13.76,1.61,2.16,-0.70436,128.330002,21.940001,83.5696555703299,19.559999,15.343467308204914,-0.6647,2.36,15.575,15.18,4.19
2004-09-13,1.66,13.17,1.61,2.15,-0.70436,120.470001,22.17,83.3527780905217,19.139999,14.753467308204916,-0.6647,2.35,15.625,15.455,4.16
2004-09-14,1.68,13.56,1.61,2.15,-0.70436,127.519997,22.389999,83.72788944274104,19.49,15.143467308204915,-0.6647,2.34,15.695,15.535,4.15
2004-09-15,1.67,14.64,1.61,2.14,-0.70436,125.5,21.85,85.10196035944914,20.299999,16.223467308204917,-0.6647,2.32,15.605,15.07,4.18
2004-09-16,1.64,14.39,1.61,2.16,-0.70436,120.129997,21.59,84.84758900066299,19.92,15.973467308204915,-0.6647,2.27,15.7,15.04,4.08
2004-09-17,1.61,14.03,1.61,2.13,-0.704,117.160004,22.08,84.42075494803342,20.129999,15.613467308204914,-0.6218,2.29,15.71,15.365,4.14
2004-09-20,1.61,14.43,1.61,2.14,-0.704,125.150002,22.73,84.19257373539702,20.559999,16.013467308204916,-0.6218,2.27,15.59,15.84,4.07
2004-09-21,1.56,13.66,1.61,2.14,-0.704,123.699997,22.889999,84.60580367296188,20.299999,15.243467308204917,-0.6218,2.25,15.71,15.88,4.05
2004-09-22,1.5,14.74,1.61,2.13,-0.704,123.18,22.379999,85.60566690204452,21.059999,16.323467308204915,-0.6218,2.27,15.5,15.525,4.0
2004-09-23,1.45,14.8,1.61,2.13,-0.704,118.269997,22.450001,85.53154418668841,21.17,16.383467308204914,-0.6218,2.26,15.555,15.55,4.02
2004-09-24,1.42,14.28,1.61,2.12,-0.70337,124.860001,21.690001,85.7144219728336,21.1,15.863467308204914,-0.6472,2.26,15.6,15.085,4.04
2004-09-27,1.42,14.62,1.61,2.13,-0.70337,122.5,21.139999,85.78045487581515,21.92,16.203467308204914,-0.6472,2.29,15.49,14.9,4.01
2004-09-28,1.47,13.83,1.61,2.14,-0.70337,121.25,20.780001,85.78012607880119,21.360001,15.413467308204917,-0.6472,2.32,15.48,14.75,4.02
2004-09-29,1.49,13.21,1.61,2.12,-0.70337,118.400002,21.4,86.00993510612916,20.67,14.793467308204916,-0.6472,2.34,15.535,15.05,4.1
2004-09-30,1.51,13.34,1.61,2.11,-0.70337,117.559998,21.280001,85.991118284778,20.48,14.923467308204916,-0.6472,2.37,15.6,15.12,4.14
2004-10-01,1.58,12.75,1.76,2.09,-0.70259,120.660004,22.66,86.01379864458657,18.91,14.333467308204916,-0.622,2.38,15.795,15.845,4.21
2004-10-04,1.54,13.41,1.76,2.1,-0.70259,117.690002,23.040001,86.37592998843493,19.610001,14.993467308204917,-0.622,2.33,15.945,15.95,4.19
2004-10-05,1.53,13.95,1.76,2.1,-0.70259,118.800003,22.83,86.5899456232058,20.02,15.533467308204914,-0.622,2.34,15.925,15.955,4.18
2004-10-06,1.53,13.28,1.76,2.09,-0.70259,117.449997,23.1,86.89800596883026,19.77,14.863467308204914,-0.622,2.33,16.01,16.0,4.23
2004-10-07,1.54,14.5,1.76,2.09,-0.70259,116.559998,22.790001,87.9721735800422,20.59,16.083467308204916,-0.622,2.37,15.895,15.935,4.26
2004-10-08,1.54,15.05,1.76,2.1,-0.7025,117.099998,22.049999,88.05162116743183,20.690001,16.633467308204914,-0.6068,2.37,15.77,15.295,4.15
2004-10-11,1.54,14.71,1.76,2.1,-0.7025,122.400002,21.889999,87.85872740398081,20.049999,16.293467308204917,-0.6068,2.37,15.83,15.34,4.15
2004-10-12,1.56,15.05,1.76,2.11,-0.7025,119.599998,21.299999,87.82668733969098,20.93,16.633467308204914,-0.6068,2.37,15.79,15.1,4.12
2004-10-13,1.56,15.42,1.76,2.12,-0.7025,116.25,21.73,87.16151509456964,22.129999,17.003467308204915,-0.6068,2.37,15.74,15.37,4.09
2004-10-14,1.55,16.43,1.76,2.13,-0.7025,114.849998,21.379999,87.56014105810135,22.299999,18.013467308204916,-0.6068,2.35,15.605,14.875,4.03
2004-10-15,1.54,15.04,1.76,2.12,-0.70322,116.720001,21.219999,88.4458085075853,21.799999,16.623467308204916,-0.4571,2.37,15.715,14.88,4.07
2004-10-18,1.52,14.71,1.76,2.13,-0.70322,116.43,21.09,88.44734302150195,20.719999,16.293467308204917,-0.4571,2.36,15.825,14.96,4.07
2004-10-19,1.5,15.13,1.76,2.1,-0.70322,116.089996,22.549999,88.12424854686269,20.84,16.713467308204915,-0.4571,2.37,15.725,15.2,4.07
2004-10-20,1.48,14.85,1.76,2.13,-0.70322,114.75,22.870001,87.48279566270688,20.65,16.433467308204914,-0.4571,2.35,15.64,15.525,4.01
2004-10-21,1.44,14.54,1.76,2.12,-0.70322,115.519997,23.049999,87.5410928351363,20.360001,16.123467308204916,-0.4571,2.39,15.78,15.955,4.01
2004-10-22,1.45,15.28,1.76,2.12,-0.70578,114.410004,22.309999,87.66320536941375,21.360001,16.863467308204914,-0.5041,2.36,15.645,15.48,4.0
2004-10-25,1.45,16.58,1.76,2.13,-0.70578,114.190002,22.469999,88.38596782094639,22.700001,18.163467308204915,-0.5041,2.36,15.63,15.565,3.99
2004-10-26,1.47,16.39,1.76,2.11,-0.70578,114.309998,22.889999,87.96405961335358,22.469999,17.973467308204917,-0.5041,2.38,15.89,15.52,4.01
2004-10-27,1.48,15.72,1.76,2.08,-0.70578,116.269997,23.77,87.91311528583682,21.52,17.303467308204915,-0.5041,2.38,16.16,16.105,4.11
2004-10-28,1.5,15.39,1.76,2.1,-0.70578,116.730003,24.34,88.02335472234898,21.25,16.973467308204917,-0.5041,2.41,16.25,16.200001,4.09
2004-10-29,1.49,16.27,1.76,2.09,-0.70892,116.040001,24.450001,87.9159388292094,21.9,17.853467308204912,-0.6746,2.42,16.23,16.174999,4.05
2004-11-01,1.5,16.27,1.93,2.09,-0.70892,116.739998,24.82,87.73847475928632,22.610001,17.853467308204912,-0.6746,2.44,16.295,16.285,4.11
2004-11-02,1.5,16.18,1.93,2.09,-0.70892,114.080002,24.299999,87.64928742726372,22.969999,17.763467308204916,-0.6746,2.49,16.355,16.24,4.1
2004-11-03,1.49,14.04,1.93,2.08,-0.70892,118.260002,23.92,89.52860032776168,20.82,15.623467308204914,-0.6746,2.48,16.395,16.075001,4.09
2004-11-04,1.47,13.97,1.93,2.05,-0.70892,117.470001,24.26,88.63571519432124,20.16,15.553467308204915,-0.6746,2.45,16.754999,16.195,4.1
2004-11-05,1.41,13.84,1.93,2.02,-0.71248,116.360001,24.700001,88.45943335482613,19.469999,15.423467308204916,-0.8092,2.5,16.815001,16.440001,4.21
2004-11-08,1.42,13.8,1.93,2.03,-0.71248,111.510002,24.74,88.41196153204089,19.219999,15.383467308204915,-0.8092,2.5,16.825001,16.459999,4.22
2004-11-09,1.42,13.61,1.93,2.03,-0.71248,113.330002,24.75,88.34627568211405,19.190001,15.193467308204914,-0.8092,2.48,16.84,16.370001,4.22
2004-11-10,1.43,13.08,1.93,2.04,-0.71248,111.029999,23.969999,88.37295663387056,19.41,14.663467308204917,-0.8092,2.5,16.84,15.935,4.25
2004-11-11,1.43,13.04,1.93,2.04,-0.71248,109.389999,24.27,87.70808109117519,18.92,14.623467308204914,-0.8092,2.5,16.995001,16.23,4.25
2004-11-12,1.34,13.33,1.93,2.02,-0.71666,111.910004,24.690001,87.06041562017761,18.82,14.913467308204917,-0.8404,2.49,17.105,16.52,4.2
2004-11-15,1.31,13.38,1.93,2.01,-0.71666,111.260002,24.82,87.02834144304529,18.5,14.963467308204915,-0.8404,2.53,17.155001,16.815001,4.2
2004-11-16,1.3,13.21,1.93,2.0,-0.71666,110.010002,24.43,86.88638887156642,18.6,14.793467308204916,-0.8404,2.53,16.995001,16.764999,4.21
2004-11-17,1.29,13.21,1.93,2.01,-0.71666,109.559998,25.209999,86.86691488424376,18.5,14.793467308204916,-0.8404,2.51,17.01,17.15,4.14
2004-11-18,1.26,12.98,1.93,2.01,-0.71666,110.419998,25.360001,86.85339935094328,18.790001,14.563467308204917,-0.8404,2.48,17.09,17.4,4.12
2004-11-19,1.25,13.5,1.93,1.99,-0.71883,111.589996,24.75,86.70291566196993,19.719999,15.083467308204916,-0.7751,2.53,16.875,16.885,4.2
2004-11-22,1.23,12.97,1.93,1.96,-0.71883,111.410004,24.549999,85.55363629668011,18.77,14.553467308204915,-0.7751,2.56,16.98,16.875,4.18
2004-11-23,1.21,12.67,1.93,1.96,-0.71883,108.419998,24.33,85.57384136538688,18.43,14.253467308204916,-0.7751,2.54,17.075001,16.635,4.19
2004-11-24,1.19,12.72,1.93,1.95,-0.71883,114.510002,24.629999,85.46742681827914,17.879999,14.303467308204915,-0.7751,2.56,17.190001,16.754999,4.2
2004-11-25,1.19,12.72,1.93,1.95,-0.71883,114.510002,24.629999,85.46742681827914,17.879999,14.303467308204915,-0.7751,2.56,17.190001,16.754999,4.2
2004-11-26,1.21,12.79,1.93,1.96,-0.71947,111.529999,24.59,85.479637544099,17.940001,14.373467308204914,-0.8356,2.58,17.209999,16.625,4.24
2004-11-29,1.27,13.3,1.93,1.93,-0.71947,111.269997,24.57,85.15650811073918,18.83,14.883467308204915,-0.8356,2.6,17.094999,16.514999,4.34
2004-11-30,1.34,13.24,1.93,1.95,-0.71947,108.849998,24.18,85.14565934339679,18.84,14.823467308204917,-0.8356,2.61,16.91,16.245001,4.36
2004-12-01,1.37,12.97,2.16,1.95,-0.71947,111.459999,25.18,85.16030159390695,18.24,14.553467308204915,-0.8356,2.59,17.174999,16.865,4.38
2004-12-02,1.36,12.98,2.16,1.94,-0.71947,111.760002,24.91,81.90322877032054,18.639999,14.563467308204917,-0.8356,2.57,17.195,16.75,4.4
2004-12-03,1.33,12.96,2.16,1.96,-0.71785,114.019997,25.1,81.90392889364414,18.26,14.543467308204916,-0.7149,2.54,17.139999,17.135,4.27
2004-12-06,1.31,13.19,2.16,1.96,-0.71785,113.07,25.290001,82.01050636560029,19.530001,14.773467308204914,-0.7149,2.54,17.110001,17.225,4.24
2004-12-07,1.28,13.67,2.16,1.96,-0.71785,110.519997,25.02,82.3838107371635,20.280001,15.253467308204916,-0.7149,2.54,16.99,16.865,4.23
2004-12-08,1.23,13.19,2.16,1.94,-0.71785,109.730003,24.049999,82.63554312361775,20.01,14.773467308204914,-0.7149,2.52,17.09,16.514999,4.14
2004-12-09,1.26,12.88,2.16,1.94,-0.71785,111.0,23.700001,82.40288506814474,19.84,14.463467308204915,-0.7149,2.55,17.219999,16.290001,4.19
2004-12-10,1.21,12.76,2.16,1.95,-0.71482,113.860001,23.629999,82.4203939933552,19.57,14.343467308204914,-0.7214,2.5,17.200001,16.195,4.16
2004-12-13,1.18,12.54,2.16,1.94,-0.71482,115.550003,23.690001,82.3333586552451,18.780001,14.123467308204914,-0.7214,2.51,17.26,16.290001,4.16
2004-12-14,1.15,12.73,2.16,1.94,-0.71482,117.0,24.34,82.40318144662022,18.58,14.313467308204917,-0.7214,2.52,17.35,16.674999,4.14
2004-12-15,1.12,12.35,2.16,1.91,-0.71482,117.300003,24.42,82.56290770884233,18.77,13.933467308204914,-0.7214,2.52,17.424999,16.67,4.09
2004-12-16,1.18,12.27,2.16,1.92,-0.71482,120.269997,24.030001,82.56286216018924,18.6,13.853467308204914,-0.7214,2.55,17.395,16.389999,4.19
2004-12-17,1.18,11.95,2.16,1.92,-0.71004,117.949997,23.440001,82.63971091810282,18.209999,13.533467308204914,-0.9113,2.57,17.264999,16.23,4.21
2004-12-20,1.15,11.83,2.16,1.9,-0.71004,116.959999,23.4,82.12560232532948,18.209999,13.413467308204917,-0.9113,2.59,17.245001,16.105,4.21
2004-12-21,1.13,11.55,2.16,1.91,-0.71004,119.410004,23.629999,81.90720553105697,16.940001,13.133467308204915,-0.9113,2.59,17.34,16.375,4.18
2004-12-22,1.17,11.45,2.16,1.91,-0.71004,116.099998,23.889999,81.81947098052866,17.15,13.033467308204914,-0.9113,2.58,17.459999,16.43,4.21
2004-12-23,1.21,11.23,2.16,1.91,-0.71004,117.809998,23.860001,81.84862900859892,16.799999,12.813467308204917,-0.9113,2.61,17.43,16.49,4.23
2004-12-24,1.21,11.23,2.16,1.91,-0.70481,117.809998,23.860001,81.84862900859892,16.799999,12.813467308204917,-0.8429,2.61,17.43,16.49,4.23
2004-12-27,1.23,12.14,2.16,1.9,-0.70481,115.029999,23.799999,83.56631077996875,18.33,13.723467308204915,-0.8429,2.63,17.440001,16.34,4.3
2004-12-28,1.23,12.0,2.16,1.9,-0.70481,114.269997,23.9,83.17720500024687,17.790001,13.583467308204916,-0.8429,2.62,17.645,16.4,4.31
2004-12-29,1.21,11.62,2.16,1.89,-0.70481,115.169998,24.33,83.32662692565276,17.719999,13.203467308204914,-0.8429,2.6,17.66,16.575001,4.33
2004-12-30,1.17,12.56,2.16,1.89,-0.70481,116.669998,24.450001,84.65987171754665,17.940001,14.143467308204915,-0.8429,2.57,17.709999,16.615,4.27
2004-12-31,1.16,13.29,2.16,1.86,-0.70067,116.010002,24.620001,85.22840184020527,18.58,14.873467308204914,-0.8392,2.56,17.645,16.684999,4.24
2005-01-03,1.13,14.08,2.16,1.86,-0.70067,118.379997,24.18,85.72673111625302,19.5,15.663467308204917,-0.8392,2.53,17.530001,16.355,4.23
2005-01-04,1.09,13.98,2.16,1.85,-0.70067,116.029999,23.6,85.71810201445014,20.059999,15.563467308204917,-0.8392,2.51,17.325001,15.95,4.29
2005-01-05,1.07,14.09,2.16,1.83,-0.70067,114.720001,22.889999,85.54631066091999,20.18,15.673467308204916,-0.8392,2.5,17.26,15.675,4.29
2005-01-06,1.11,13.58,2.16,1.84,-0.70067,114.150002,22.799999,85.55921900889443,20.129999,15.163467308204917,-0.8392,2.53,17.17,15.6,4.29
2005-01-07,1.09,13.49,2.16,1.83,-0.69834,114.949997,22.92,85.46509394213201,19.15,15.073467308204917,-0.7358,2.49,17.165001,15.74,4.29
2005-01-10,1.06,13.23,2.16,1.82,-0.69834,116.919998,22.610001,85.51887579677532,19.610001,14.813467308204917,-0.7358,2.52,17.23,15.71,4.29
2005-01-11,1.02,13.19,2.16,1.81,-0.69834,115.290001,22.370001,85.46039739332198,19.67,14.773467308204914,-0.7358,2.5,17.120001,15.38,4.26
2005-01-12,1.03,12.56,2.16,1.81,-0.69834,110.889999,22.389999,85.81208899060972,19.280001,14.143467308204915,-0.7358,2.52,17.219999,15.715,4.25
2005-01-13,0.99,12.84,2.16,1.8,-0.69834,112.57,22.200001,85.73043415267541,19.09,14.423467308204916,-0.7358,2.5,17.094999,15.46,4.2
2005-01-14,0.99,12.43,2.16,1.79,-0.69883,117.019997,22.469999,85.8954675299148,18.57,14.013467308204914,-0.7093,2.51,17.254999,15.675,4.23
2005-01-17,0.99,12.43,2.16,1.79,-0.69883,117.019997,22.469999,85.8954675299148,18.57,14.013467308204914,-0.7093,2.51,17.254999,15.675,4.23
2005-01-18,0.95,12.47,2.16,1.77,-0.69883,117.550003,22.5,85.77466433951139,18.75,14.053467308204915,-0.7093,2.5,17.4,15.75,4.21
2005-01-19,0.94,13.18,2.16,1.76,-0.69883,115.400002,21.92,86.15661136825793,19.24,14.763467308204914,-0.7093,2.5,17.225,15.38,4.2
2005-01-20,0.96,13.83,2.16,1.8,-0.69883,115.370003,21.379999,86.26000267891258,19.5,15.413467308204917,-0.7093,2.47,16.915001,15.325,4.17
2005-01-21,1.0,14.36,2.16,1.79,-0.70136,123.580002,21.030001,86.31247568114556,19.370001,15.943467308204914,-0.7225,2.47,16.855,15.11,4.16
2005-01-24,0.94,14.65,2.16,1.77,-0.70136,120.099998,20.77,86.16713046488087,19.870001,16.233467308204915,-0.7225,2.46,16.690001,14.845,4.14
2005-01-25,0.97,14.06,2.16,1.78,-0.70136,121.290001,21.120001,85.82966667264857,19.52,15.643467308204915,-0.7225,2.46,16.735001,15.115,4.2
2005-01-26,0.94,13.44,2.16,1.76,-0.70136,121.279999,22.66,86.17161971742102,18.92,15.023467308204914,-0.7225,2.49,16.825001,15.48,4.21
2005-01-27,0.94,13.24,2.16,1.75,-0.70136,125.010002,22.879999,86.02180991696177,18.58,14.823467308204917,-0.7225,2.5,16.790001,15.58,4.22
2005-01-28,0.91,13.24,2.16,1.75,-0.70596,119.220001,23.110001,85.12534182915107,18.58,14.823467308204917,-0.7916,2.51,16.709999,15.54,4.16
2005-01-31,0.85,12.82,2.16,1.75,-0.70596,119.870003,23.209999,84.75120543434224,18.43,14.403467308204917,-0.7916,2.49,16.889999,15.605,4.14
2005-02-01,0.86,12.03,2.5,1.74,-0.70596,119.919998,23.58,84.61455581748208,17.76,13.613467308204914,-0.7916,2.48,16.905001,15.85,4.15
2005-02-02,0.83,11.66,2.5,1.73,-0.70596,121.199997,23.49,84.7067228408585,17.299999,13.243467308204917,-0.7916,2.45,16.955,15.755,4.15
2005-02-03,0.84,11.79,2.5,1.7,-0.70596,118.519997,23.129999,84.72736281095172,17.360001,13.373467308204914,-0.7916,2.45,16.92,15.625,4.18
2005-02-04,0.8,11.21,2.5,1.69,-0.71147,123.18,24.799999,84.8808128882729,16.92,12.793467308204916,-0.8907,2.44,17.075001,16.360001,4.09
2005-02-07,0.76,11.73,2.5,1.65,-0.71147,119.470001,24.700001,85.36674288829698,17.559999,13.313467308204917,-0.8907,2.45,17.120001,16.325001,4.07
2005-02-08,0.72,11.6,2.5,1.63,-0.71147,120.75,25.35,85.34278307189832,17.6,13.183467308204914,-0.8907,2.48,17.08,16.594999,4.05
2005-02-09,0.76,12.0,2.5,1.64,-0.71147,118.589996,24.629999,85.59061843373104,18.24,13.583467308204916,-0.8907,2.51,16.889999,16.264999,4.0
2005-02-10,0.78,11.51,2.5,1.67,-0.71147,119.709999,24.91,85.50213527044997,17.92,13.093467308204914,-0.8907,2.5,16.959999,16.389999,4.07
2005-02-11,0.76,11.43,2.5,1.65,-0.71544,123.730003,25.860001,85.3889249105293,17.190001,13.013467308204914,-0.8557,2.53,17.045,16.965,4.1
2005-02-14,0.7,11.52,2.5,1.63,-0.71544,118.900002,25.950001,85.28759388024329,17.68,13.103467308204914,-0.8557,2.54,17.02,16.959999,4.08
2005-02-15,0.73,11.27,2.5,1.64,-0.71544,121.300003,26.040001,85.33168871588913,17.559999,12.853467308204914,-0.8557,2.49,17.155001,17.049999,4.1
2005-02-16,0.75,11.1,2.5,1.62,-0.71544,122.099998,26.09,84.67066308898312,17.41,12.683467308204914,-0.8557,2.51,17.125,16.879999,4.16
2005-02-17,0.81,11.77,2.5,1.64,-0.71544,123.75,25.48,84.91083106192558,17.530001,13.353467308204914,-0.8557,2.54,17.040001,16.625,4.19
2005-02-18,0.82,11.18,2.5,1.62,-0.71622,127.870003,25.32,84.79560081055185,17.870001,12.763467308204914,-0.95,2.6,17.004999,16.674999,4.27
2005-02-21,0.82,11.18,2.5,1.62,-0.71622,127.870003,25.32,84.79560081055185,17.870001,12.763467308204914,-0.95,2.6,17.004999,16.674999,4.27
2005-02-22,0.83,13.14,2.5,1.64,-0.71622,124.5,25.57,89.20589671227366,19.0,14.723467308204915,-0.95,2.62,16.67,16.65,4.29
2005-02-23,0.81,12.39,2.5,1.64,-0.71622,126.82,25.469999,89.36736752004272,18.440001,13.973467308204915,-0.95,2.63,16.775,16.530001,4.27
2005-02-24,0.77,11.57,2.5,1.62,-0.71622,125.330002,25.959999,89.60213950320916,17.610001,13.153467308204917,-0.95,2.64,16.790001,16.879999,4.29
2005-02-25,0.73,11.49,2.5,1.62,-0.71341,126.889999,26.700001,89.59365814748324,17.34,13.073467308204917,-0.9602,2.63,16.870001,17.219999,4.27
2005-02-28,0.77,12.08,2.5,1.59,-0.71341,119.82,26.469999,89.91740805660798,18.07,13.663467308204917,-0.9602,2.66,16.799999,16.995001,4.36
2005-03-01,0.79,12.04,2.63,1.58,-0.71341,118.150002,27.15,89.82824667567549,17.780001,13.623467308204914,-0.9602,2.69,16.99,17.395,4.38
2005-03-02,0.81,12.5,2.63,1.6,-0.71341,116.599998,26.969999,89.56524798342555,18.200001,14.083467308204916,-0.9602,2.69,17.0,17.15,4.38
2005-03-03,0.8,12.93,2.63,1.59,-0.71341,122.870003,26.58,89.5221413900641,18.76,14.513467308204914,-0.9602,2.7,16.98,16.965,4.39
2005-03-04,0.75,11.94,2.63,1.57,-0.70641,121.980003,26.889999,90.198132605467,18.129999,13.523467308204914,-0.9351,2.67,17.125,17.004999,4.32
2005-03-07,0.7,12.26,2.63,1.55,-0.70641,123.860001,27.370001,89.9610919532254,17.73,13.843467308204914,-0.9351,2.68,17.139999,17.315001,4.31
2005-03-08,0.76,12.4,2.63,1.54,-0.70641,127.25,26.34,89.78819213659378,17.860001,13.983467308204917,-0.9351,2.71,17.049999,16.99,4.38
2005-03-09,0.86,12.7,2.63,1.53,-0.70641,115.849998,26.639999,89.7989185271761,17.799999,14.283467308204914,-0.9351,2.75,16.860001,17.030001,4.52
2005-03-10,0.8,12.49,2.63,1.51,-0.70641,118.5,27.08,89.75336013718562,17.879999,14.073467308204917,-0.9351,2.72,16.889999,17.225,4.48
2005-03-11,0.83,12.8,2.63,1.48,-0.69607,114.639999,26.200001,89.5719925754857,18.57,14.383467308204915,-0.9517,2.74,16.870001,16.775,4.56
2005-03-14,0.77,12.39,2.63,1.5,-0.69607,113.029999,26.26,89.70773476845896,18.35,13.973467308204915,-0.9517,2.7,16.895,16.815001,4.52
2005-03-15,0.79,13.15,2.63,1.51,-0.69607,115.410004,25.719999,90.01680896570092,18.68,14.733467308204917,-0.9517,2.72,16.915001,16.535,4.54
2005-03-16,0.8,13.49,2.63,1.53,-0.69607,112.82,25.450001,89.94585433354295,19.01,15.073467308204917,-0.9517,2.73,16.815001,16.344999,4.52
2005-03-17,0.77,13.29,2.63,1.57,-0.69607,115.019997,25.639999,89.94449453046776,18.459999,14.873467308204914,-0.9517,2.74,16.83,16.360001,4.47
2005-03-18,0.79,13.14,2.63,1.59,-0.6827,121.75,25.440001,89.70845925177916,17.879999,14.723467308204915,-0.7874,2.74,16.709999,16.219999,4.51
2005-03-21,0.81,13.61,2.63,1.6,-0.6827,117.720001,25.219999,89.41084689975804,17.83,15.193467308204914,-0.7874,2.73,16.629999,16.24,4.53
2005-03-22,0.77,14.27,2.63,1.56,-0.6827,117.150002,25.0,86.12971800567556,18.030001,15.853467308204914,-0.7874,2.76,16.49,16.02,4.63
2005-03-23,0.77,14.06,2.63,1.57,-0.6827,116.349998,25.34,85.59007045021042,17.68,15.643467308204915,-0.7874,2.69,16.434999,16.254999,4.61
2005-03-24,0.72,13.42,2.63,1.58,-0.6827,119.080002,25.51,85.16787051080438,17.15,15.003467308204916,-0.7874,2.7,16.459999,16.325001,4.6
2005-03-25,0.72,13.42,2.63,1.58,-0.66822,119.080002,25.51,85.16787051080438,17.15,15.003467308204916,-0.7332,2.7,16.459999,16.325001,4.6
2005-03-28,0.74,13.75,2.63,1.58,-0.66822,114.209999,25.49,85.16790458808953,17.74,15.333467308204916,-0.7332,2.7,16.575001,16.280001,4.64
2005-03-29,0.73,14.49,2.63,1.6,-0.66822,117.209999,25.18,85.20288472395428,17.99,16.073467308204915,-0.7332,2.69,16.365,16.084999,4.6
2005-03-30,0.7,13.64,2.63,1.61,-0.66822,117.360001,25.75,85.89079847485027,17.360001,15.223467308204915,-0.7332,2.67,16.629999,16.445,4.56
2005-03-31,0.7,14.02,2.63,1.64,-0.66822,118.510002,25.49,85.80782568772584,17.65,15.603467308204914,-0.7332,2.71,16.58,16.264999,4.5
2005-04-01,0.71,14.09,2.79,1.65,-0.65383,116.279999,24.959999,85.68107346618223,17.610001,15.673467308204916,-0.7147,2.69,16.450001,16.040001,4.46
2005-04-04,0.73,14.11,2.79,1.65,-0.65383,117.599998,24.85,84.52252590372044,18.07,15.693467308204914,-0.7147,2.68,16.495001,16.030001,4.47
2005-04-05,0.73,13.68,2.79,1.66,-0.65383,118.07,24.870001,84.71187205628534,17.67,15.263467308204914,-0.7147,2.67,16.594999,16.045,4.48
2005-04-06,0.74,13.15,2.79,1.67,-0.65383,115.82,24.73,85.02981135947493,17.35,14.733467308204917,-0.7147,2.64,16.525,16.055,4.44
2005-04-07,0.77,12.33,2.79,1.65,-0.65383,115.809998,25.07,85.60438171261437,16.67,13.913467308204917,-0.7147,2.64,16.6,16.334999,4.49
2005-04-08,0.73,12.62,2.79,1.64,-0.64052,114.010002,24.91,85.64574943771984,16.959999,14.203467308204914,-0.7351,2.66,16.469999,16.245001,4.5
2005-04-11,0.7,11.98,2.79,1.67,-0.64052,112.550003,24.700001,85.92980220208844,16.9,13.563467308204917,-0.7351,2.63,16.379999,16.105,4.45
2005-04-12,0.67,11.3,2.79,1.66,-0.64052,111.18,24.219999,86.2321392200973,16.24,12.883467308204915,-0.7351,2.65,16.535,16.040001,4.38
2005-04-13,0.72,13.31,2.79,1.69,-0.64052,121.010002,23.639999,89.67207829701815,16.07,14.893467308204915,-0.7351,2.64,16.285,15.7,4.38
2005-04-14,0.77,14.53,2.79,1.75,-0.64052,115.82,23.389999,90.41517776402904,18.01,16.113467308204914,-0.7351,2.65,16.059999,15.45,4.37
2005-04-15,0.73,17.74,2.79,1.78,-0.62883,120.410004,22.76,94.18758386380588,21.85,19.32346730820491,-0.6875,2.6,15.735,14.955,4.27
2005-04-18,0.72,16.56,2.79,1.75,-0.62883,117.849998,22.92,94.648217317337,21.379999,18.14346730820491,-0.6875,2.61,15.765,15.145,4.27
2005-04-19,0.71,14.96,2.79,1.76,-0.62883,121.860001,24.17,95.45628078648411,19.110001,16.543467308204917,-0.6875,2.59,15.785,15.475,4.21
2005-04-20,0.7,16.92,2.79,1.78,-0.62883,119.970001,24.02,96.38341510190143,20.23,18.50346730820492,-0.6875,2.62,15.525,15.21,4.22
2005-04-21,0.67,14.41,2.79,1.73,-0.62883,122.800003,24.68,97.96662736782636,18.52,15.993467308204917,-0.6875,2.66,15.91,15.645,4.32
2005-04-22,0.64,15.38,2.79,1.74,-0.61934,120.589996,24.42,98.00841366730177,19.040001,16.963467308204915,-0.6178,2.65,15.67,15.325,4.26
2005-04-25,0.62,14.62,2.79,1.71,-0.61934,121.68,24.620001,98.20708911355766,18.58,16.203467308204914,-0.6178,2.63,15.81,15.415,4.26
2005-04-26,0.61,14.91,2.79,1.7,-0.61934,118.980003,24.540001,98.07661587467145,18.68,16.493467308204913,-0.6178,2.62,15.7,15.385,4.28
2005-04-27,0.61,14.87,2.79,1.72,-0.61934,123.910004,24.709999,97.81086182840968,18.76,16.453467308204914,-0.6178,2.6,15.72,15.47,4.25
2005-04-28,0.6,16.86,2.79,1.75,-0.61934,117.279999,24.610001,98.73620146602627,20.129999,18.443467308204916,-0.6178,2.61,15.49,15.39,4.19
2005-04-29,0.55,15.31,2.79,1.76,-0.61225,116.120003,24.959999,99.37196863699138,18.540001,16.893467308204915,-0.758,2.6,15.525,15.41,4.21
2005-05-02,0.57,15.12,2.79,1.77,-0.61225,119.440002,25.129999,99.39456750645552,20.799999,16.703467308204914,-0.758,2.6,15.605,15.475,4.21
2005-05-03,0.53,14.53,2.79,1.77,-0.61225,118.290001,25.200001,99.43752527060263,20.139999,16.113467308204914,-0.758,2.57,15.665,15.515,4.21
2005-05-04,0.57,13.85,2.79,1.83,-0.61225,120.470001,25.780001,99.48517875132316,18.32,15.433467308204914,-0.758,2.57,16.0,15.82,4.2
2005-05-05,0.61,13.98,2.79,1.84,-0.61225,122.82,26.040001,99.18359333085606,18.120001,15.563467308204917,-0.758,2.57,15.905,15.9,4.19
2005-05-06,0.55,14.05,2.79,1.82,-0.60706,119.540001,26.41,99.1746948623683,17.58,15.633467308204915,-0.7679,2.59,15.905,16.01,4.28
2005-05-09,0.53,13.75,2.79,1.78,-0.60706,119.57,26.389999,99.01060403999648,18.370001,15.333467308204916,-0.7679,2.6,15.995,16.125,4.29
2005-05-10,0.54,14.91,2.79,1.82,-0.60706,117.849998,25.879999,98.99399117808238,18.110001,16.493467308204913,-0.7679,2.58,15.8,15.945,4.23
2005-05-11,0.53,14.45,2.79,1.81,-0.60706,120.910004,26.1,97.4155738524839,17.870001,16.033467308204912,-0.7679,2.57,15.795,15.995,4.21
2005-05-12,0.52,16.12,2.79,1.83,-0.60706,117.849998,26.32,97.70929392621916,18.809999,17.703467308204914,-0.7679,2.52,15.715,16.02,4.18
2005-05-13,0.51,16.32,2.79,1.88,-0.60343,118.220001,26.5,94.4317238900259,18.41,17.903467308204917,-0.6108,2.46,15.705,16.415001,4.12
2005-05-16,0.52,15.68,2.79,1.89,-0.60343,125.220001,26.959999,94.21289063686912,18.77,17.263467308204916,-0.6108,2.47,15.9,16.48,4.13
2005-05-17,0.51,14.57,2.79,1.91,-0.60343,122.019997,27.41,93.87269503997663,18.280001,16.153467308204917,-0.6108,2.48,16.035,16.625,4.12
2005-05-18,0.51,13.63,2.79,1.92,-0.60343,125.160004,27.559999,92.694580255521,17.549999,15.213467308204915,-0.6108,2.42,16.35,16.745001,4.07
2005-05-19,0.47,13.32,2.79,1.91,-0.60343,127.389999,27.379999,90.8775494358701,16.950001,14.903467308204917,-0.6108,2.42,16.48,16.75,4.11
2005-05-20,0.44,13.14,2.79,1.89,-0.60179,128.089996,27.700001,90.38467479853472,15.88,14.723467308204915,-0.5211,2.46,16.434999,16.92,4.13
2005-05-23,0.42,12.95,2.79,1.89,-0.60179,131.229996,27.379999,90.19797293473512,16.040001,14.533467308204914,-0.5211,2.42,16.540001,16.885,4.07
2005-05-24,0.43,12.69,2.79,1.91,-0.60179,130.789993,27.530001,90.15448665011652,15.84,14.273467308204914,-0.5211,2.42,16.51,17.15,4.04
2005-05-25,0.47,12.58,2.79,1.91,-0.60179,128.600006,27.49,90.15331375404718,15.62,14.163467308204917,-0.5211,2.42,16.459999,17.065001,4.08
2005-05-26,0.44,12.24,2.79,1.91,-0.60179,129.169998,27.950001,87.84917753448187,15.05,13.823467308204917,-0.5211,2.39,16.545,17.365,4.08
2005-05-27,0.44,12.15,2.79,1.91,-0.60215,125.919998,27.75,87.0464084279144,15.15,13.733467308204917,-0.8043,2.41,16.545,17.264999,4.08
2005-05-30,0.44,12.15,2.79,1.91,-0.60215,125.919998,27.75,87.0464084279144,15.15,13.733467308204917,-0.8043,2.41,16.545,17.264999,4.08
2005-05-31,0.4,13.29,2.79,1.9,-0.60215,120.559998,27.639999,88.34362504220013,16.110001,14.873467308204914,-0.8043,2.37,16.485001,17.200001,4.0
2005-06-01,0.41,12.36,3.04,1.91,-0.60215,127.650002,27.790001,88.69243554950174,15.87,13.943467308204914,-0.8043,2.37,16.555,17.305,3.91
2005-06-02,0.37,11.84,3.04,1.89,-0.60215,127.809998,28.040001,88.6515060380732,14.95,13.423467308204916,-0.8043,2.34,16.639999,17.555,3.89
2005-06-03,0.41,12.15,3.04,1.84,-0.60285,123.589996,27.98,88.7436905811793,15.59,13.733467308204917,-0.7119,2.37,16.52,17.41,3.98
2005-06-06,0.37,12.28,3.04,1.82,-0.60285,122.68,27.75,88.76117103736495,15.74,13.863467308204914,-0.7119,2.36,16.545,17.34,3.96
2005-06-07,0.35,12.39,3.04,1.82,-0.60285,118.379997,27.280001,88.75097333027462,15.61,13.973467308204915,-0.7119,2.32,16.57,17.115,3.92
2005-06-08,0.35,12.7,3.04,1.82,-0.60285,121.360001,27.9,87.90653898352065,15.8,14.283467308204914,-0.7119,2.32,16.5,17.285,3.95
2005-06-09,0.34,12.08,3.04,1.83,-0.60285,118.889999,28.030001,88.0490292709804,15.27,13.663467308204917,-0.7119,2.34,16.565001,17.65,3.98
2005-06-10,0.34,11.96,3.04,1.84,-0.60428,118.480003,27.379999,85.8902661589191,15.87,13.543467308204916,-0.6977,2.31,16.565001,17.299999,4.05
2005-06-13,0.38,11.65,3.04,1.84,-0.60428,117.059998,27.35,85.79316932015362,15.74,13.233467308204917,-0.6977,2.33,16.59,17.27,4.09
2005-06-14,0.42,11.79,3.04,1.87,-0.60428,120.129997,27.02,85.81106527339921,15.75,13.373467308204914,-0.6977,2.34,16.764999,17.09,4.13
2005-06-15,0.4,11.46,3.04,1.87,-0.60428,118.550003,27.139999,85.31170635934794,15.45,13.043467308204916,-0.6977,2.33,16.764999,17.125,4.12
2005-06-16,0.39,11.15,3.04,1.86,-0.60428,119.110001,27.219999,84.86838945586702,14.97,12.733467308204917,-0.6977,2.34,16.799999,17.225,4.09
2005-06-17,0.37,11.48,3.04,1.85,-0.60546,119.510002,27.32,85.07378290506146,14.63,13.063467308204917,-0.7875,2.37,16.844999,17.219999,4.09
2005-06-20,0.39,11.47,3.04,1.85,-0.60546,121.290001,27.639999,85.07090137427988,14.7,13.053467308204915,-0.7875,2.37,16.855,17.145,4.11
2005-06-21,0.35,11.08,3.04,1.85,-0.60546,123.75,28.0,85.18495875827452,13.43,12.663467308204917,-0.7875,2.34,16.865,17.25,4.06
2005-06-22,0.33,11.05,3.04,1.89,-0.60546,123.980003,28.34,85.15821898883043,14.04,12.633467308204915,-0.7875,2.27,16.860001,17.370001,3.95
2005-06-23,0.33,12.13,3.04,1.88,-0.60546,118.550003,28.219999,86.70572687308457,15.07,13.713467308204915,-0.7875,2.28,16.565001,17.309999,3.96
2005-06-24,0.33,12.18,3.04,1.89,-0.60699,115.919998,28.01,86.60811532720307,15.3,13.763467308204914,-0.6857,2.27,16.42,17.049999,3.92
2005-06-27,0.3,12.52,3.04,1.89,-0.60699,118.019997,27.530001,86.69489164987223,15.73,14.103467308204914,-0.6857,2.28,16.344999,16.809999,3.9
2005-06-28,0.32,11.58,3.04,1.87,-0.60699,119.309998,28.26,86.15150765419268,14.84,13.163467308204917,-0.6857,2.3,16.575001,17.035,3.97
2005-06-29,0.34,11.77,3.04,1.87,-0.60699,118.459999,28.219999,85.55042830508732,14.46,13.353467308204914,-0.6857,2.3,16.475,16.924999,3.99
2005-06-30,0.28,12.04,3.04,1.87,-0.60699,118.190002,28.07,85.35516301415545,14.46,13.623467308204914,-0.6857,2.27,16.389999,16.834999,3.94
2005-07-01,0.3,11.4,3.26,1.83,-0.60888,123.580002,28.030001,85.68117566247149,14.27,12.983467308204917,-0.7975,2.31,16.43,16.895,4.06
2005-07-04,0.3,11.4,3.26,1.83,-0.60888,123.580002,28.030001,85.68117566247149,14.27,12.983467308204917,-0.7975,2.31,16.43,16.895,4.06
2005-07-05,0.32,11.68,3.26,1.84,-0.60888,123.739998,28.940001,85.76601749153843,14.5,13.263467308204914,-0.7975,2.31,16.584999,17.174999,4.11
2005-07-06,0.31,12.27,3.26,1.85,-0.60888,121.080002,29.200001,86.14764462115703,14.77,13.853467308204914,-0.7975,2.3,16.434999,17.264999,4.08
2005-07-07,0.34,12.49,3.26,1.84,-0.60888,121.980003,29.4,86.10286550818992,15.14,14.073467308204917,-0.7975,2.28,16.485001,17.475,4.05
2005-07-08,0.33,11.45,3.26,1.83,-0.61039,125.019997,29.75,86.74351779006344,13.8,13.033467308204914,-0.7308,2.28,16.74,17.764999,4.11
2005-07-11,0.3,11.28,3.26,1.81,-0.61039,121.160004,30.65,86.75769061044582,13.57,12.863467308204914,-0.7308,2.3,16.83,18.200001,4.11
2005-07-12,0.33,10.95,3.26,1.8,-0.61039,114.080002,30.59,86.78106092544367,14.77,12.533467308204914,-0.7308,2.32,16.940001,18.235001,4.15
2005-07-13,0.33,10.84,3.26,1.79,-0.61039,117.080002,30.629999,86.75821092050509,14.88,12.423467308204916,-0.7308,2.3,16.895,18.26,4.17
2005-07-14,0.33,10.81,3.26,1.78,-0.61039,122.32,30.77,86.66962545351555,14.21,12.393467308204915,-0.7308,2.25,16.985001,18.445,4.19
2005-07-15,0.32,10.33,3.26,1.77,-0.61331,122.480003,30.76,86.82871460261389,13.34,11.913467308204917,-0.8987,2.23,17.055,18.49,4.18
2005-07-18,0.33,10.77,3.26,1.8,-0.61331,120.339996,30.99,86.96539861391162,13.81,12.353467308204914,-0.8987,2.24,17.07,18.450001,4.22
2005-07-19,0.32,10.45,3.26,1.78,-0.61331,122.059998,31.18,87.06053373441438,13.06,12.033467308204914,-0.8987,2.28,17.174999,18.75,4.2
2005-07-20,0.27,10.23,3.26,1.77,-0.61331,119.559998,31.5,86.9767128417301,12.89,11.813467308204917,-0.8987,2.27,17.24,18.855,4.17
2005-07-21,0.32,10.97,3.26,1.76,-0.61331,118.169998,30.879999,87.6796778818088,13.47,12.553467308204915,-0.8987,2.33,17.200001,18.555,4.28
2005-07-22,0.31,10.52,3.26,1.75,-0.61527,123.709999,30.76,86.52991691311964,12.95,12.103467308204914,-0.8451,2.34,17.285,18.610001,4.23
2005-07-25,0.3,11.1,3.26,1.72,-0.61527,124.870003,30.6,87.01593238060022,13.58,12.683467308204914,-0.8451,2.31,17.15,18.49,4.25
2005-07-26,0.29,10.99,3.26,1.72,-0.61527,128.460007,32.299999,86.87624291545752,13.56,12.573467308204917,-0.8451,2.32,17.290001,18.865,4.24
2005-07-27,0.28,10.36,3.26,1.71,-0.61527,123.209999,31.799999,86.57648458952758,12.76,11.943467308204914,-0.8451,2.35,17.334999,18.645,4.27
2005-07-28,0.24,10.52,3.26,1.68,-0.61527,122.620003,31.709999,86.57088643063884,12.61,12.103467308204914,-0.8451,2.34,17.51,18.684999,4.2
2005-07-29,0.26,11.57,3.26,1.67,-0.61636,121.300003,31.76,87.86872919334131,13.87,13.153467308204917,-0.9354,2.36,17.32,18.68,4.28
2005-08-01,0.28,12.08,3.5,1.67,-0.61636,122.040001,31.889999,87.72257146781538,14.38,13.663467308204917,-0.9354,2.37,17.325001,18.625,4.32
2005-08-02,0.28,11.75,3.5,1.68,-0.61636,124.730003,32.66,87.77465662946254,13.95,13.333467308204916,-0.9354,2.35,17.41,19.15,4.34
2005-08-03,0.28,11.83,3.5,1.7,-0.61636,126.599998,32.5,87.46075319872241,13.72,13.413467308204917,-0.9354,2.37,17.334999,18.969999,4.3
2005-08-04,0.28,12.52,3.5,1.69,-0.61636,123.18,31.9,87.84707793682954,14.94,14.103467308204914,-0.9354,2.38,17.184999,18.58,4.32
2005-08-05,0.29,12.48,3.5,1.67,-0.61531,124.870003,31.309999,86.8840829353255,15.4,14.063467308204917,-0.9168,2.4,17.055,18.450001,4.4
2005-08-08,0.26,13.21,3.5,1.67,-0.61531,125.0,31.530001,87.17511178877582,15.95,14.793467308204916,-0.9168,2.4,17.014999,18.344999,4.42
2005-08-09,0.28,12.4,3.5,1.66,-0.61531,129.160004,32.509998,87.61689558079934,15.25,13.983467308204917,-0.9168,2.39,17.205,18.52,4.41
2005-08-10,0.27,12.38,3.5,1.68,-0.61531,124.07,32.529999,87.58852408397213,15.67,13.963467308204915,-0.9168,2.39,17.195,18.4,4.4
2005-08-11,0.22,12.42,3.5,1.71,-0.61531,126.870003,32.720001,87.57697758773864,15.73,14.003467308204916,-0.9168,2.35,17.27,18.51,4.32
2005-08-12,0.19,12.74,3.5,1.71,-0.61278,130.279999,31.790001,87.23206209328767,15.63,14.323467308204917,-0.8868,2.33,17.225,18.17,4.24
2005-08-15,0.19,12.26,3.5,1.71,-0.61278,121.099998,32.200001,87.37878878786393,15.07,13.843467308204914,-0.8868,2.35,17.35,18.35,4.27
2005-08-16,0.2,13.52,3.5,1.71,-0.61278,124.230003,31.889999,88.22634625933908,16.200001,15.103467308204914,-0.8868,2.36,16.99,18.084999,4.23
2005-08-17,0.21,13.3,3.5,1.71,-0.61278,126.120003,32.189999,88.18875474375108,15.57,14.883467308204915,-0.8868,2.37,17.09,18.290001,4.28
2005-08-18,0.2,13.42,3.5,1.73,-0.61278,126.879997,31.530001,87.75637880103034,15.29,15.003467308204916,-0.8868,2.35,17.02,18.129999,4.21
2005-08-19,0.18,13.42,3.5,1.72,-0.60771,131.419998,31.16,87.41623173779244,16.16,15.003467308204916,-0.8184,2.36,16.934999,18.120001,4.21
2005-08-22,0.19,13.42,3.5,1.72,-0.60771,128.649994,31.950001,87.19008847809616,15.94,15.003467308204916,-0.8184,2.36,16.924999,18.385,4.22
2005-08-23,0.19,13.34,3.5,1.72,-0.60771,128.470001,32.0,87.17081670823413,15.57,14.923467308204916,-0.8184,2.35,16.870001,18.295,4.2
2005-08-24,0.2,14.17,3.5,1.72,-0.60771,129.259995,32.18,86.81069206985504,15.43,15.753467308204916,-0.8184,2.36,16.75,18.184999,4.19
2005-08-25,0.18,13.73,3.5,1.7,-0.60771,133.490005,32.32,87.10287514835684,15.35,15.313467308204917,-0.8184,2.38,16.795,18.264999,4.18
2005-08-26,0.14,13.72,3.5,1.69,-0.60105,135.539993,32.060001,86.03552180726717,15.37,15.303467308204915,-0.8226,2.39,16.725,18.145,4.2
2005-08-29,0.14,13.52,3.5,1.68,-0.60105,136.639999,32.509998,85.91326751224723,15.3,15.103467308204914,-0.8226,2.41,16.775,18.395,4.2
2005-08-30,0.19,13.65,3.5,1.67,-0.60105,127.269997,32.169998,85.73123975045183,15.36,15.233467308204917,-0.8226,2.45,16.605,18.325001,4.16
2005-08-31,0.18,12.6,3.5,1.77,-0.60105,122.610001,32.68,86.73658047440473,14.71,14.183467308204914,-0.8226,2.37,16.75,18.49,4.02
2005-09-01,0.3,13.15,3.62,1.81,-0.60105,123.959999,32.759998,86.54261688247372,15.07,14.733467308204917,-0.8226,2.41,16.584999,18.285,4.02
2005-09-02,0.28,13.57,3.62,1.84,-0.59317,124.849998,32.5,86.6433563143478,15.67,15.153467308204917,-0.6539,2.44,16.525,18.23,4.03
2005-09-05,0.28,13.57,3.62,1.84,-0.59317,124.849998,32.5,86.6433563143478,15.67,15.153467308204917,-0.6539,2.44,16.525,18.23,4.03
2005-09-06,0.29,12.93,3.62,1.83,-0.59317,124.650002,33.169998,86.54623670372152,14.89,14.513467308204914,-0.6539,2.44,16.809999,18.5,4.09
2005-09-07,0.28,12.52,3.62,1.83,-0.59317,122.839996,33.299999,86.14526037900363,14.9,14.103467308204914,-0.6539,2.46,16.93,18.485001,4.15
2005-09-08,0.28,12.93,3.62,1.83,-0.59317,121.889999,33.75,86.28071133400033,14.7,14.513467308204914,-0.6539,2.47,16.77,18.785,4.15
2005-09-09,0.26,11.98,3.62,1.82,-0.58532,124.370003,33.740002,87.05245863659533,14.27,13.563467308204917,-0.8359,2.5,16.91,18.674999,4.14
2005-09-12,0.26,11.65,3.62,1.82,-0.58532,122.199997,33.110001,87.03344732477032,15.16,13.233467308204917,-0.8359,2.49,16.955,18.594999,4.18
2005-09-13,0.26,12.39,3.62,1.83,-0.58532,120.110001,33.959999,87.40454337332115,14.97,13.973467308204915,-0.8359,2.47,16.709999,18.700001,4.14
2005-09-14,0.27,12.91,3.62,1.83,-0.58532,126.300003,33.950001,86.19663033349056,15.57,14.493467308204917,-0.8359,2.49,16.555,18.575001,4.17
2005-09-15,0.32,12.49,3.62,1.84,-0.58532,125.0,33.060001,86.30298622035636,15.76,14.073467308204917,-0.8359,2.51,16.584999,18.450001,4.22
2005-09-16,0.29,11.22,3.62,1.85,-0.57788,122.940002,32.799999,87.53947422301923,14.58,12.803467308204915,-0.8431,2.53,16.57,18.445,4.26
2005-09-19,0.32,12.14,3.62,1.85,-0.57788,123.849998,32.77,88.47522276923165,14.69,13.723467308204915,-0.8431,2.55,16.370001,18.27,4.25
2005-09-20,0.26,12.64,3.62,1.81,-0.57788,121.279999,32.700001,88.69758689004419,15.17,14.223467308204915,-0.8431,2.52,16.084999,18.135,4.26
2005-09-21,0.23,13.79,3.62,1.84,-0.57788,120.400002,32.189999,89.5909526225501,15.85,15.373467308204914,-0.8431,2.51,15.83,17.879999,4.19
2005-09-22,0.24,13.33,3.62,1.84,-0.57788,121.849998,32.73,89.30962687085173,15.3,14.913467308204917,-0.8431,2.52,16.084999,17.965,4.19
2005-09-23,0.23,12.96,3.62,1.83,-0.57199,122.160004,33.900002,89.28967897303762,15.16,14.543467308204916,-0.7874,2.51,16.145,18.1,4.25
2005-09-26,0.23,13.04,3.62,1.83,-0.57199,123.440002,33.77,89.2957511203779,14.82,14.623467308204914,-0.7874,2.52,16.125,18.09,4.3
2005-09-27,0.22,12.76,3.62,1.84,-0.57199,121.379997,32.919998,89.32079357230056,14.39,14.343467308204914,-0.7874,2.53,16.120001,17.799999,4.3
2005-09-28,0.17,12.63,3.62,1.82,-0.57199,121.449997,32.84,89.31347722004752,14.35,14.213467308204915,-0.7874,2.53,15.975,17.844999,4.26
2005-09-29,0.16,12.24,3.62,1.83,-0.57199,123.989998,33.18,88.77546702455317,14.37,13.823467308204917,-0.7874,2.54,16.135,18.16,4.29
2005-09-30,0.16,11.92,3.62,1.81,-0.56887,115.230003,33.900002,88.60468834315688,13.31,13.503467308204916,-0.8465,2.56,16.245001,18.469999,4.34
2005-10-03,0.18,12.46,3.62,1.82,-0.56887,124.349998,33.880001,88.73339696641453,13.97,14.043467308204916,-0.8465,2.55,16.200001,18.549999,4.39
2005-10-04,0.16,13.2,3.62,1.81,-0.56887,116.57,32.009998,88.88926003703997,14.91,14.783467308204914,-0.8465,2.51,16.09,18.254999,4.38
2005-10-05,0.15,14.55,3.62,1.81,-0.56887,114.110001,31.389999,89.75080947577159,15.86,16.133467308204914,-0.8465,2.5,15.82,17.959999,4.36
2005-10-06,0.17,14.96,3.62,1.82,-0.56887,115.190002,30.530001,89.7301415656253,16.790001,16.543467308204917,-0.8465,2.46,15.835,17.639999,4.37
2005-10-07,0.17,14.59,3.62,1.82,-0.56962,117.010002,30.629999,89.10943280146697,16.620001,16.173467308204913,-0.7097,2.45,15.85,17.725,4.35
2005-10-10,0.17,15.55,3.62,1.82,-0.56962,117.139999,30.059999,89.22358310332163,17.280001,17.133467308204914,-0.7097,2.45,15.73,17.27,4.35
2005-10-11,0.17,15.63,3.62,1.8,-0.56962,117.989998,29.370001,88.9666131760982,17.15,17.213467308204915,-0.7097,2.47,15.67,17.055,4.39
2005-10-12,0.21,16.22,3.62,1.83,-0.56962,117.830002,30.1,88.9411007704719,17.76,17.803467308204915,-0.7097,2.49,15.495,17.059999,4.45
2005-10-13,0.24,16.47,3.62,1.86,-0.56962,117.82,30.889999,88.69632122230182,17.190001,18.053467308204915,-0.7097,2.52,15.54,17.360001,4.48
2005-10-14,0.21,14.87,3.62,1.87,-0.57375,121.730003,29.93,88.57656964575028,16.23,16.453467308204914,-0.5747,2.5,15.695,17.23,4.48
2005-10-17,0.21,14.67,3.62,1.84,-0.57375,122.730003,29.77,88.0966831576962,16.219999,16.253467308204915,-0.5747,2.56,15.725,17.24,4.5
2005-10-18,0.22,15.33,3.62,1.84,-0.57375,120.57,29.799999,88.12639777456464,16.48,16.913467308204915,-0.5747,2.57,15.56,17.190001,4.49
2005-10-19,0.22,13.5,3.62,1.86,-0.57375,115.269997,30.07,89.08547774231121,15.57,15.083467308204916,-0.5747,2.55,15.855,17.145,4.47
2005-10-20,0.19,16.11,3.62,1.86,-0.57375,122.32,29.77,92.3520006492587,16.290001,17.693467308204916,-0.5747,2.54,15.66,17.18,4.46
2005-10-21,0.17,16.13,3.62,1.85,-0.57965,121.190002,30.52,92.22249351799393,15.82,17.713467308204912,-0.8353,2.5,15.64,17.365,4.39
2005-10-24,0.2,14.74,3.62,1.85,-0.57965,126.309998,30.92,93.02223520162228,15.23,16.323467308204915,-0.8353,2.52,15.91,17.475,4.45
2005-10-25,0.2,14.53,3.62,1.81,-0.57965,124.620003,28.549999,92.99036769539478,15.28,16.113467308204914,-0.8353,2.49,15.795,17.09,4.54
2005-10-26,0.22,14.59,3.62,1.84,-0.57965,122.830002,28.23,92.9612166463924,15.87,16.173467308204913,-0.8353,2.54,15.7,16.99,4.6
2005-10-27,0.21,16.02,3.62,1.84,-0.57965,121.330002,27.469999,93.40254891770752,17.700001,17.603467308204912,-0.8353,2.56,15.385,16.690001,4.57
2005-10-28,0.18,14.25,3.62,1.83,-0.58591,118.18,28.0,94.4912234940969,17.52,15.833467308204916,-0.869,2.57,15.655,16.655001,4.58
2005-10-31,0.17,15.32,3.62,1.83,-0.58591,122.5,28.549999,94.70589664497918,17.99,16.903467308204917,-0.869,2.57,15.915,16.775,4.57
2005-11-01,0.16,14.85,4.0,1.84,-0.58591,126.110001,28.549999,94.6604993891006,17.389999,16.433467308204914,-0.869,2.58,15.925,16.655001,4.58
2005-11-02,0.18,13.48,4.0,1.84,-0.58591,121.019997,29.639999,94.6276937149927,15.82,15.063467308204917,-0.869,2.59,16.205,17.155001,4.61
2005-11-03,0.18,13.0,4.0,1.82,-0.58591,122.410004,30.809999,94.63872717851756,15.65,14.583467308204916,-0.869,2.62,16.209999,17.555,4.65
2005-11-04,0.19,13.17,4.0,1.82,-0.58998,121.769997,30.950001,94.6238378193956,15.18,14.753467308204916,-0.905,2.6,16.27,17.645,4.66
2005-11-07,0.18,13.1,4.0,1.82,-0.58998,120.029999,31.049999,94.25179783749672,15.67,14.683467308204914,-0.905,2.62,16.4,17.719999,4.65
2005-11-08,0.14,13.08,4.0,1.83,-0.58998,122.330002,31.129999,94.243766374591,15.56,14.663467308204917,-0.905,2.56,16.215,17.725,4.57
2005-11-09,0.15,12.8,4.0,1.82,-0.58998,122.559998,31.25,94.09882962139112,15.87,14.383467308204915,-0.905,2.56,16.209999,17.855,4.64
2005-11-10,0.11,11.9,4.0,1.84,-0.58998,122.959999,31.620001,94.3134250231223,14.61,13.483467308204917,-0.905,2.48,16.455,18.08,4.55
2005-11-11,0.11,11.63,4.0,1.84,-0.5915,123.849998,31.120001,93.7506551282542,14.21,13.213467308204915,-0.8396,2.48,16.504999,17.99,4.55
2005-11-14,0.11,12.18,4.0,1.83,-0.5915,125.849998,31.879999,93.9910381520913,14.68,13.763467308204914,-0.8396,2.47,16.514999,18.165001,4.61
2005-11-15,0.09,12.23,4.0,1.83,-0.5915,120.089996,31.469999,93.78345181053788,14.79,13.813467308204917,-0.8396,2.44,16.27,18.01,4.56
2005-11-16,0.07,12.26,4.0,1.84,-0.5915,125.410004,31.549999,92.72939510672413,13.96,13.843467308204914,-0.8396,2.42,16.26,17.975,4.49
2005-11-17,0.09,11.25,4.0,1.85,-0.5915,123.129997,31.879999,89.31998375160626,13.28,12.833467308204916,-0.8396,2.42,16.475,18.055,4.46
2005-11-18,0.1,11.12,4.0,1.86,-0.58896,129.470001,31.879999,89.28784566168525,14.36,12.703467308204914,-0.7335,2.41,16.584999,18.24,4.5
2005-11-21,0.07,10.82,4.0,1.87,-0.58896,125.080002,31.799999,88.74671710282207,14.11,12.403467308204917,-0.7335,2.38,16.645,18.16,4.46
2005-11-22,0.11,10.6,4.0,1.91,-0.58896,122.0,32.549999,88.75098112256872,14.01,12.183467308204914,-0.7335,2.4,16.719999,18.5,4.43
2005-11-23,0.11,10.96,4.0,1.91,-0.58896,123.309998,32.200001,88.97102341531944,14.16,12.543467308204916,-0.7335,2.39,16.84,18.58,4.47
2005-11-24,0.11,10.96,4.0,1.91,-0.58896,123.309998,32.200001,88.97102341531944,14.16,12.543467308204916,-0.7335,2.39,16.84,18.58,4.47
2005-11-25,0.1,10.88,4.0,1.91,-0.58399,114.919998,32.16,87.43709035997108,13.89,12.463467308204915,-0.7829,2.38,16.84,18.73,4.43
2005-11-28,0.08,11.84,4.0,1.89,-0.58399,120.220001,32.0,87.54131312992196,14.78,13.423467308204916,-0.7829,2.37,16.684999,18.615,4.41
2005-11-29,0.08,11.89,4.0,1.88,-0.58399,120.690002,31.860001,86.60269588648288,15.4,13.473467308204915,-0.7829,2.37,16.66,18.549999,4.48
2005-11-30,0.07,12.06,4.0,1.89,-0.58399,114.809998,32.48,86.63333322320345,15.31,13.643467308204915,-0.7829,2.37,16.549999,18.695,4.49
2005-12-01,0.07,11.24,4.16,1.87,-0.58399,123.160004,33.849998,86.13751265824524,14.42,12.823467308204917,-0.7829,2.37,16.74,19.389999,4.52
2005-12-02,0.09,11.01,4.16,1.87,-0.57733,123.75,34.110001,86.04716348880154,13.92,12.593467308204914,-0.7193,2.36,16.795,19.465,4.52
2005-12-05,0.1,11.6,4.16,1.86,-0.57733,122.800003,33.209999,86.51564210755073,14.6,13.183467308204914,-0.7193,2.4,16.695,19.135,4.57
2005-12-06,0.07,11.52,4.16,1.88,-0.57733,117.120003,33.290001,86.51589322988087,14.36,13.103467308204914,-0.7193,2.37,16.745001,19.219999,4.49
2005-12-07,0.1,12.18,4.16,1.88,-0.57733,121.980003,33.560001,87.03376540578653,14.98,13.763467308204914,-0.7193,2.34,16.73,19.120001,4.52
2005-12-08,0.1,12.21,4.16,1.88,-0.57733,122.910004,32.630001,86.98616528715067,15.44,13.793467308204916,-0.7193,2.33,16.66,18.709999,4.47
2005-12-09,0.11,11.69,4.16,1.88,-0.57077,121.449997,33.369999,86.56121758053635,15.14,13.273467308204914,-0.7118,2.36,16.684999,18.969999,4.54
2005-12-12,0.11,11.47,4.16,1.86,-0.57077,119.419998,33.57,86.5385475765819,14.83,13.053467308204915,-0.7118,2.39,16.705,19.200001,4.56
2005-12-13,0.11,11.11,4.16,1.88,-0.57077,128.589996,33.509998,86.31861527793374,14.22,12.693467308204914,-0.7118,2.38,16.780001,19.275,4.54
2005-12-14,0.08,10.48,4.16,1.88,-0.57077,119.260002,33.709999,86.68007122897694,13.79,12.063467308204917,-0.7118,2.35,16.865,19.174999,4.45
2005-12-15,0.1,10.73,4.16,1.87,-0.57077,124.629997,33.290001,86.79514628743027,13.99,12.313467308204917,-0.7118,2.35,16.83,19.16,4.47
2005-12-16,0.08,10.68,4.16,1.85,-0.56582,120.800003,33.07,85.90679838395556,13.19,12.263467308204914,-0.7338,2.34,16.705,19.02,4.45
2005-12-19,0.07,11.38,4.16,1.84,-0.56582,120.07,32.029999,86.51462153560776,14.23,12.963467308204915,-0.7338,2.34,16.525,18.559999,4.45
2005-12-20,0.05,11.19,4.16,1.84,-0.56582,122.599998,31.84,86.44436430757338,14.14,12.773467308204914,-0.7338,2.35,16.49,18.639999,4.47
2005-12-21,0.06,10.81,4.16,1.84,-0.56582,117.879997,32.07,86.55742447861354,13.97,12.393467308204915,-0.7338,2.35,16.504999,18.615,4.49
2005-12-22,0.04,10.29,4.16,1.83,-0.56582,118.809998,32.720001,86.71369102674336,13.67,11.873467308204914,-0.7338,2.33,16.51,18.85,4.44
2005-12-23,0.01,10.27,4.16,1.83,-0.56431,120.139999,32.93,86.71005383087098,13.6,11.853467308204914,-0.6984,2.31,16.540001,18.91,4.38
2005-12-26,0.01,10.27,4.16,1.83,-0.56431,120.139999,32.93,86.71005383087098,13.6,11.853467308204914,-0.6984,2.31,16.540001,18.91,4.38
2005-12-27,-0.01,11.57,4.16,1.83,-0.56431,115.300003,32.32,87.79993705721488,14.65,13.153467308204917,-0.6984,2.29,16.4,18.645,4.34
2005-12-28,0.01,11.35,4.16,1.82,-0.56431,115.269997,32.709999,87.83852966897273,14.48,12.933467308204914,-0.6984,2.28,16.43,18.715,4.38
2005-12-29,-0.01,11.61,4.16,1.82,-0.56431,115.779999,32.41,87.88036750953796,14.62,13.193467308204914,-0.6984,2.3,16.424999,18.459999,4.37
2005-12-30,-0.02,12.07,4.16,1.82,-0.56602,113.0,32.07,87.44622510085702,14.26,13.653467308204917,-0.659,2.33,16.325001,18.32,4.39
2006-01-02,-0.02,12.07,4.16,1.82,-0.56602,113.0,32.07,87.44622510085702,14.26,13.653467308204917,-0.659,2.33,16.325001,18.32,4.39
2006-01-03,0.03,11.14,4.16,1.84,-0.56602,114.0,33.240002,88.17482776838983,14.69,12.723467308204915,-0.659,2.34,16.5,18.959999,4.37
2006-01-04,0.05,11.37,4.16,1.84,-0.56602,114.080002,33.540001,87.88453596934782,14.85,12.953467308204914,-0.659,2.35,16.514999,19.1,4.36
2006-01-05,0.04,11.31,4.16,1.84,-0.56602,113.75,34.139999,87.8820680342729,15.01,12.893467308204915,-0.659,2.32,16.530001,19.48,4.36
2006-01-06,0.02,11.0,4.16,1.84,-0.57217,117.300003,34.450001,87.52259013203997,14.95,12.583467308204916,-0.8502,2.33,16.665001,19.825001,4.38
2006-01-09,0.02,11.13,4.16,1.84,-0.57217,115.089996,34.18,87.54883034303661,15.66,12.713467308204915,-0.8502,2.33,16.834999,19.93,4.38
2006-01-10,0.02,10.86,4.16,1.84,-0.57217,116.790001,33.84,87.40673316740576,15.77,12.443467308204914,-0.8502,2.37,16.84,19.9,4.43
2006-01-11,0.02,10.94,4.16,1.84,-0.57217,119.5,33.799999,87.38193080852847,15.23,12.523467308204914,-0.8502,2.39,16.924999,20.1,4.46
2006-01-12,0.03,11.2,4.16,1.83,-0.57217,118.620003,33.369999,87.32781426909474,16.24,12.783467308204914,-0.8502,2.41,16.775,20.02,4.42
2006-01-13,0.02,11.23,4.16,1.82,-0.58198,119.139999,33.029999,86.8557286924405,15.92,12.813467308204917,-0.9957,2.39,16.780001,19.735001,4.36
2006-01-16,0.02,11.23,4.16,1.82,-0.58198,119.139999,33.029999,86.8557286924405,15.92,12.813467308204917,-0.9957,2.39,16.780001,19.735001,4.36
2006-01-17,0.01,11.91,4.16,1.83,-0.58198,115.040001,32.240002,87.21901192413095,16.74,13.493467308204917,-0.9957,2.39,16.690001,19.415001,4.34
2006-01-18,0.01,12.25,4.16,1.84,-0.58198,115.019997,32.099998,87.26220890529451,17.110001,13.833467308204916,-0.9957,2.37,16.635,18.98,4.34
2006-01-19,0.01,11.98,4.16,1.83,-0.58198,117.550003,32.5,86.8853957988846,16.51,13.563467308204917,-0.9957,2.41,16.76,19.379999,4.38
2006-01-20,0.0,14.56,4.16,1.81,-0.59263,123.550003,31.66,91.47873015231848,19.450001,16.143467308204915,-0.8337,2.43,16.475,18.700001,4.37
2006-01-23,0.01,13.93,4.16,1.82,-0.59263,126.589996,31.700001,91.5700854484072,19.43,15.513467308204914,-0.8337,2.42,16.465,18.67,4.36
2006-01-24,0.03,13.31,4.16,1.81,-0.59263,128.729996,30.690001,91.52989368491843,18.370001,14.893467308204915,-0.8337,2.43,16.629999,18.67,4.4
2006-01-25,0.03,12.87,4.16,1.8,-0.59263,123.059998,29.889999,91.7085960922796,17.93,14.453467308204914,-0.8337,2.46,16.57,18.615,4.49
2006-01-26,0.04,12.42,4.16,1.8,-0.59263,126.339996,30.16,90.59185161175108,17.549999,14.003467308204916,-0.8337,2.52,16.639999,19.049999,4.53
2006-01-27,0.01,11.97,4.16,1.78,-0.6048,127.589996,30.23,90.70073412967332,17.309999,13.553467308204915,-0.9968,2.5,16.715,19.115,4.52
2006-01-30,0.02,12.39,4.16,1.79,-0.6048,120.129997,30.049999,90.7586183057497,17.889999,13.973467308204915,-0.9968,2.51,16.674999,19.17,4.54
2006-01-31,-0.01,12.95,4.16,1.78,-0.6048,120.989998,29.23,90.7990392092934,18.58,14.533467308204914,-0.9968,2.53,16.615,18.65,4.53
2006-02-01,-0.02,12.36,4.49,1.76,-0.6048,117.800003,29.77,90.38291914969014,17.120001,13.943467308204914,-0.9968,2.55,16.67,19.1,4.57
2006-02-02,-0.02,13.23,4.49,1.74,-0.6048,116.980003,29.76,90.75066649294456,17.790001,14.813467308204917,-0.9968,2.53,16.65,18.790001,4.57
2006-02-03,-0.05,12.96,4.49,1.72,-0.61559,116.839996,30.0,90.81420323995218,17.530001,14.543467308204916,-1.0561,2.54,16.57,18.549999,4.54
2006-02-06,-0.07,13.04,4.49,1.69,-0.61559,119.370003,30.540001,90.68434190745192,17.620001,14.623467308204914,-1.0561,2.55,16.565001,18.889999,4.55
2006-02-07,-0.04,13.59,4.49,1.71,-0.61559,116.919998,30.620001,90.77943969856022,17.66,15.173467308204916,-1.0561,2.55,16.465,19.025,4.57
2006-02-08,-0.08,12.83,4.49,1.75,-0.61559,119.489998,30.719999,91.08854364262504,17.059999,14.413467308204917,-1.0561,2.49,16.58,19.299999,4.56
2006-02-09,-0.12,13.12,4.49,1.73,-0.61559,119.309998,31.049999,91.10163608152509,17.139999,14.703467308204914,-1.0561,2.49,16.575001,19.245001,4.54
2006-02-10,-0.1,12.87,4.49,1.71,-0.62415,120.190002,30.91,91.16150321739788,16.879999,14.453467308204914,-0.9331,2.5,16.635,19.055,4.59
2006-02-13,-0.1,13.35,4.49,1.72,-0.62415,120.699997,30.48,91.229415470817,17.389999,14.933467308204914,-0.9331,2.5,16.594999,18.875,4.58
2006-02-14,-0.07,12.25,4.49,1.71,-0.62415,119.300003,30.559999,91.697907462268,16.91,13.833467308204916,-0.9331,2.48,16.780001,19.125,4.62
2006-02-15,-0.1,12.31,4.49,1.7,-0.62415,126.440002,30.620001,91.63751083142604,16.049999,13.893467308204915,-0.9331,2.48,16.855,19.1,4.61
2006-02-16,-0.1,11.48,4.49,1.71,-0.62415,128.990005,31.75,92.0105326050824,14.93,13.063467308204917,-0.9331,2.49,16.91,19.35,4.59
2006-02-17,-0.12,12.01,4.49,1.7,-0.63071,133.880005,31.48,87.14740376917233,15.11,13.593467308204914,-1.0317,2.51,16.809999,18.945,4.54
2006-02-20,-0.12,12.01,4.49,1.7,-0.63071,133.880005,31.48,87.14740376917233,15.11,13.593467308204914,-1.0317,2.51,16.809999,18.945,4.54
2006-02-21,-0.14,12.41,4.49,1.68,-0.63071,128.570007,30.65,87.18271544422885,15.25,13.993467308204917,-1.0317,2.53,16.719999,18.620001,4.57
2006-02-22,-0.15,11.88,4.49,1.68,-0.63071,130.029999,31.02,87.16424097401085,15.34,13.463467308204915,-1.0317,2.52,16.844999,18.775,4.53
2006-02-23,-0.16,11.87,4.49,1.67,-0.63071,127.080002,29.860001,87.05260363621227,15.59,13.453467308204914,-1.0317,2.53,16.754999,18.5,4.56
2006-02-24,-0.16,11.46,4.49,1.64,-0.6348,128.559998,29.68,87.04901296157522,15.16,13.043467308204916,-1.1175,2.56,16.725,18.475,4.58
2006-02-27,-0.15,11.59,4.49,1.65,-0.6348,123.529999,29.639999,86.91390575014074,14.97,13.173467308204916,-1.1175,2.55,16.875,18.620001,4.59
2006-02-28,-0.14,12.34,4.49,1.65,-0.6348,124.610001,29.85,87.30661152891886,15.99,13.923467308204916,-1.1175,2.53,16.735001,18.51,4.55
2006-03-01,-0.12,11.54,4.59,1.66,-0.6348,124.25,32.18,87.52886252948896,15.49,13.123467308204914,-1.1175,2.57,16.860001,19.264999,4.59
2006-03-02,-0.08,11.72,4.59,1.66,-0.6348,123.300003,32.349998,87.34349355466429,15.99,13.303467308204915,-1.1175,2.59,16.75,19.25,4.64
2006-03-03,-0.08,11.96,4.59,1.67,-0.63596,121.870003,32.290001,86.69601649202224,16.27,13.543467308204916,-1.0761,2.61,16.74,18.969999,4.68
2006-03-06,-0.03,12.74,4.59,1.67,-0.63596,116.599998,32.330002,87.25970577739429,17.52,14.323467308204917,-1.0761,2.6,16.635,18.725,4.74
2006-03-07,-0.03,12.66,4.59,1.67,-0.63596,116.209999,31.26,87.25923106667325,17.700001,14.243467308204917,-1.0761,2.58,16.559999,18.360001,4.74
2006-03-08,0.01,12.32,4.59,1.68,-0.63596,117.209999,31.34,87.07868652488906,17.469999,13.903467308204917,-1.0761,2.53,16.59,18.245001,4.73
2006-03-09,0.02,12.68,4.59,1.67,-0.63596,114.199997,30.82,86.81358343859995,17.790001,14.263467308204914,-1.0761,2.54,16.525,17.959999,4.74
2006-03-10,0.02,11.85,4.59,1.67,-0.63549,116.209999,30.77,87.27365055392548,17.620001,13.433467308204914,-0.9621,2.53,16.68,17.965,4.76
2006-03-13,0.03,11.37,4.59,1.69,-0.63549,116.540001,30.889999,87.4136770163671,17.25,12.953467308204914,-0.9621,2.53,16.674999,17.950001,4.77
2006-03-14,0.05,10.74,4.59,1.68,-0.63549,114.43,31.219999,87.45087163225509,15.72,12.323467308204917,-0.9621,2.54,16.855,18.26,4.71
2006-03-15,0.04,11.35,4.59,1.7,-0.63549,119.120003,31.280001,87.21698356839862,15.44,12.933467308204914,-0.9621,2.55,16.950001,18.42,4.73
2006-03-16,0.03,11.98,4.59,1.72,-0.63549,142.020004,30.15,87.6315094111341,15.62,13.563467308204917,-0.9621,2.53,16.985001,17.809999,4.65
2006-03-17,0.03,12.12,4.59,1.7,-0.63414,130.059998,30.190001,87.02406215157977,15.36,13.703467308204914,-1.0215,2.52,17.01,17.775,4.68
2006-03-20,0.01,11.79,4.59,1.7,-0.63414,124.389999,30.120001,86.87182703756062,15.93,13.373467308204914,-1.0215,2.51,16.969999,17.790001,4.66
2006-03-21,-0.01,11.62,4.59,1.7,-0.63414,120.690002,30.15,86.7320189679009,16.040001,13.203467308204914,-1.0215,2.48,16.875,17.855,4.71
2006-03-22,-0.04,11.21,4.59,1.69,-0.63414,121.699997,30.01,86.65629469464746,16.1,12.793467308204916,-1.0215,2.47,16.93,17.92,4.7
2006-03-23,-0.04,11.17,4.59,1.7,-0.63414,119.230003,30.450001,86.65635712765483,16.030001,12.753467308204916,-1.0215,2.49,16.92,17.915001,4.73
2006-03-24,-0.05,11.19,4.59,1.7,-0.63257,124.339996,30.889999,86.50231004224604,15.91,12.773467308204914,-1.0581,2.47,16.895,18.1,4.67
2006-03-27,-0.02,11.46,4.59,1.7,-0.63257,118.230003,31.27,86.56652008252568,16.110001,13.043467308204916,-1.0581,2.47,16.889999,18.16,4.7
2006-03-28,-0.02,11.58,4.59,1.68,-0.63257,118.709999,30.950001,85.9563057699033,16.299999,13.163467308204917,-1.0581,2.49,16.799999,17.805,4.79
2006-03-29,-0.01,10.95,4.59,1.71,-0.63257,117.940002,31.99,85.77416630279373,15.81,12.533467308204914,-1.0581,2.49,16.950001,18.34,4.81
2006-03-30,0.02,11.57,4.59,1.7,-0.63257,116.769997,33.080002,86.2288340944096,16.139999,13.153467308204917,-1.0581,2.51,16.879999,18.370001,4.86
2006-03-31,0.04,11.39,4.59,1.69,-0.63003,115.720001,32.470001,86.19473409506645,16.309999,12.973467308204915,-1.0442,2.51,16.83,18.16,4.86
2006-04-03,0.02,11.57,4.59,1.68,-0.63003,115.480003,32.290001,85.54227207583331,16.52,13.153467308204917,-1.0442,2.52,16.77,18.264999,4.88
2006-04-04,0.03,11.14,4.59,1.69,-0.63003,117.059998,32.34,85.70469460413359,16.26,12.723467308204915,-1.0442,2.49,16.865,18.190001,4.87
2006-04-05,0.03,11.13,4.59,1.7,-0.63003,117.099998,33.220001,85.63330859022066,15.92,12.713467308204915,-1.0442,2.5,16.975,18.68,4.84
2006-04-06,0.06,11.45,4.59,1.7,-0.63003,118.029999,33.630001,85.62840476428514,15.63,13.033467308204914,-1.0442,2.52,17.01,18.844999,4.9
2006-04-07,0.08,12.26,4.59,1.7,-0.62787,115.699997,33.07,85.78267363151392,15.88,13.843467308204914,-1.0204,2.54,16.934999,18.445,4.97
2006-04-10,0.08,12.19,4.59,1.7,-0.62787,116.510002,32.759998,85.49602778202532,16.4,13.773467308204914,-1.0204,2.56,16.91,18.299999,4.97
2006-04-11,0.05,13.0,4.59,1.71,-0.62787,113.559998,32.889999,85.43149902860729,17.040001,14.583467308204916,-1.0204,2.56,16.775,18.24,4.93
2006-04-12,0.07,12.76,4.59,1.71,-0.62787,115.709999,32.869999,85.1662950492031,17.040001,14.343467308204914,-1.0204,2.57,16.76,18.309999,4.98
2006-04-13,0.09,12.38,4.59,1.69,-0.62787,117.989998,32.68,84.9216286678487,16.34,13.963467308204915,-1.0204,2.57,16.799999,18.4,5.05
2006-04-14,0.09,12.38,4.59,1.69,-0.62554,117.989998,32.68,84.9216286678487,16.34,13.963467308204915,-0.9514,2.57,16.799999,18.4,5.05
2006-04-17,0.1,12.58,4.59,1.7,-0.62554,113.559998,32.68,84.93933115814163,17.309999,14.163467308204917,-0.9514,2.58,16.715,18.075001,5.01
2006-04-18,0.15,11.4,4.59,1.7,-0.62554,116.739998,34.0,86.22244328618359,16.34,12.983467308204917,-0.9514,2.61,16.959999,18.690001,4.99
2006-04-19,0.18,11.32,4.59,1.7,-0.62554,121.699997,34.450001,86.20080501703121,15.21,12.903467308204917,-0.9514,2.66,16.9,18.934999,5.04
2006-04-20,0.15,11.64,4.59,1.7,-0.62554,130.0,35.560001,86.11554759914378,15.52,13.223467308204915,-0.9514,2.62,16.965,19.125,5.04
2006-04-21,0.11,11.59,4.59,1.7,-0.62375,122.050003,35.34,86.11695673582388,15.92,13.173467308204916,-1.0409,2.62,16.834999,18.709999,5.01
2006-04-24,0.1,11.75,4.59,1.67,-0.62375,128.770004,35.029999,86.13431501558969,15.61,13.333467308204916,-1.0409,2.6,16.83,18.58,4.99
2006-04-25,0.12,11.75,4.59,1.68,-0.62375,129.660004,35.509998,86.06670685956814,15.59,13.333467308204916,-1.0409,2.6,16.805,18.74,5.07
2006-04-26,0.13,11.76,4.59,1.64,-0.62375,126.139999,34.830002,86.05553920456313,15.55,13.343467308204914,-1.0409,2.61,16.92,18.665001,5.12
2006-04-27,0.18,11.84,4.59,1.67,-0.62375,129.210007,35.139999,85.55205506195938,15.21,13.423467308204916,-1.0409,2.64,17.055,19.0,5.09
2006-04-28,0.2,11.59,4.59,1.67,-0.62099,125.199997,34.709999,85.17240942532885,15.51,13.173467308204916,-1.0983,2.68,17.045,18.825001,5.07
2006-05-01,0.2,12.54,4.94,1.63,-0.62099,129.669998,34.380001,86.08956190597586,16.33,14.123467308204914,-1.0983,2.72,16.950001,18.58,5.14
2006-05-02,0.2,11.99,4.94,1.61,-0.62099,124.010002,34.389999,86.40421859920242,15.79,13.573467308204917,-1.0983,2.69,16.965,18.629999,5.12
2006-05-03,0.21,11.99,4.94,1.61,-0.62099,127.459999,34.810001,86.16600587089384,15.58,13.573467308204917,-1.0983,2.68,17.01,18.754999,5.15
2006-05-04,0.19,11.86,4.94,1.6,-0.62099,125.860001,34.599998,86.19537723928983,14.94,13.443467308204914,-1.0983,2.67,17.105,18.875,5.16
2006-05-05,0.18,11.62,4.94,1.6,-0.61575,128.059998,34.950001,86.1732943619801,14.43,13.203467308204914,-1.1048,2.67,17.305,19.030001,5.12
2006-05-08,0.15,12.0,4.94,1.59,-0.61575,125.25,34.529999,85.58193314816404,14.77,13.583467308204916,-1.1048,2.67,17.33,19.014999,5.12
2006-05-09,0.16,11.99,4.94,1.59,-0.61575,123.019997,34.34,85.57734983354806,14.64,13.573467308204917,-1.1048,2.7,17.379999,18.83,5.13
2006-05-10,0.12,11.78,4.94,1.58,-0.61575,119.620003,33.700001,84.83836275246807,14.85,13.363467308204914,-1.1048,2.7,17.389999,18.4,5.13
2006-05-11,0.15,12.49,4.94,1.61,-0.61575,120.68,33.360001,85.44734206857046,15.72,14.073467308204917,-1.1048,2.71,17.215,18.1,5.14
2006-05-12,0.18,14.19,4.94,1.63,-0.60843,123.209999,33.209999,87.74709640402288,17.1,15.773467308204914,-1.114,2.72,17.045,17.969999,5.19
2006-05-15,0.16,13.57,4.94,1.64,-0.60843,121.860001,32.91,88.0439450300919,18.040001,15.153467308204917,-1.114,2.68,17.09,17.85,5.15
2006-05-16,0.14,13.35,4.94,1.66,-0.60843,130.149994,32.959999,86.80838213867082,17.33,14.933467308204914,-1.114,2.66,16.969999,17.834999,5.1
2006-05-17,0.19,16.26,4.94,1.66,-0.60843,121.870003,32.139999,91.35060381340392,19.559999,17.843467308204914,-1.114,2.69,16.735001,17.504999,5.16
2006-05-18,0.14,16.99,4.94,1.66,-0.60843,123.089996,31.799999,91.40047220102394,20.309999,18.57346730820491,-1.114,2.67,16.725,17.344999,5.08
2006-05-19,0.09,17.18,4.94,1.65,-0.59703,136.929993,31.969999,91.34938114314664,20.950001,18.763467308204916,-0.8861,2.62,16.84,17.59,5.05
2006-05-22,0.1,17.72,4.94,1.66,-0.59703,126.150002,31.620001,91.3512324571166,22.540001,19.303467308204915,-0.8861,2.61,16.719999,17.115,5.04
2006-05-23,0.1,18.26,4.94,1.65,-0.59703,125.150002,30.950001,91.30572169994072,22.18,19.84346730820491,-0.8861,2.63,16.594999,16.799999,5.07
2006-05-24,0.09,17.36,4.94,1.68,-0.59703,127.400002,31.83,91.73848121007902,21.91,18.943467308204916,-0.8861,2.61,16.620001,17.0,5.03
2006-05-25,0.09,15.5,4.94,1.67,-0.59703,132.350006,31.709999,93.09442286522116,19.690001,17.083467308204916,-0.8861,2.61,16.780001,17.0,5.07
2006-05-26,0.1,14.26,4.94,1.67,-0.58361,128.5,31.639999,93.71471991492903,18.58,15.843467308204914,-0.7941,2.62,16.834999,17.1,5.06
2006-05-29,0.1,14.26,4.94,1.67,-0.58361,128.5,31.639999,93.71471991492903,18.58,15.843467308204914,-0.7941,2.62,16.834999,17.1,5.06
2006-05-30,0.1,18.66,4.94,1.67,-0.58361,122.669998,31.07,99.18417209001372,22.1,20.243467308204913,-0.7941,2.64,16.58,16.815001,5.09
2006-05-31,0.08,16.44,4.94,1.66,-0.58361,121.970001,31.23,100.09680683490552,21.459999,18.02346730820491,-0.7941,2.64,16.76,17.014999,5.12
2006-06-01,0.07,14.52,4.99,1.66,-0.58361,128.020004,31.93,101.09286106523876,18.860001,16.103467308204912,-0.7941,2.65,17.02,17.309999,5.11
2006-06-02,0.08,14.32,4.99,1.67,-0.56929,127.019997,32.130001,101.10151445837178,18.379999,15.903467308204917,-0.9225,2.63,16.985001,17.299999,5.0
2006-06-05,0.03,16.65,4.99,1.67,-0.56929,120.419998,31.23,102.12953690356989,20.9,18.233467308204915,-0.9225,2.62,16.715,16.815001,5.02
2006-06-06,0.02,17.34,4.99,1.65,-0.56929,121.790001,31.43,102.14173914614295,22.18,18.923467308204913,-0.9225,2.57,16.629999,16.82,5.01
2006-06-07,0.0,17.8,4.99,1.67,-0.56929,120.809998,30.719999,102.10747216089275,23.540001,19.383467308204914,-0.9225,2.54,16.635,16.455,5.02
2006-06-08,-0.01,18.35,4.99,1.66,-0.56929,120.190002,30.719999,102.00547148072631,24.610001,19.93346730820492,-0.9225,2.53,16.610001,16.375,5.0
2006-06-09,-0.03,18.12,4.99,1.66,-0.55551,118.739998,29.68,102.02198299606074,23.219999,19.70346730820491,-0.8044,2.53,16.57,16.285,4.98
2006-06-12,-0.03,20.96,4.99,1.65,-0.55551,121.269997,28.959999,102.28633832665132,25.639999,22.543467308204917,-0.8044,2.54,16.35,15.945,4.99
2006-06-13,-0.05,23.81,4.99,1.67,-0.55551,121.550003,28.99,102.59362955191632,25.73,25.39346730820491,-0.8044,2.53,16.219999,15.915,4.97
2006-06-14,-0.06,21.46,4.99,1.67,-0.55551,124.239998,28.9,103.34723540070463,24.360001,23.043467308204917,-0.8044,2.55,16.295,16.129999,5.05
2006-06-15,-0.04,15.9,4.99,1.67,-0.55551,131.600006,30.030001,105.14140174144212,19.469999,17.483467308204915,-0.8044,2.58,16.65,16.65,5.1
2006-06-16,-0.03,17.25,4.99,1.67,-0.54301,128.320007,29.559999,105.35755209409945,21.690001,18.833467308204916,-0.7319,2.59,16.575001,16.5,5.13
2006-06-19,-0.05,17.83,4.99,1.67,-0.54301,125.309998,30.0,105.38604568863114,22.040001,19.413467308204915,-0.7319,2.56,16.485001,16.41,5.14
2006-06-20,-0.04,16.69,4.99,1.67,-0.54301,126.540001,29.9,105.59170410153432,21.030001,18.27346730820491,-0.7319,2.57,16.424999,16.365,5.15
2006-06-21,-0.04,15.52,4.99,1.68,-0.54301,127.360001,30.35,105.7946304744296,19.66,17.103467308204912,-0.7319,2.57,16.584999,16.639999,5.16
2006-06-22,-0.03,15.88,4.99,1.69,-0.54301,125.080002,29.67,105.69849322288728,20.809999,17.463467308204915,-0.7319,2.59,16.455,16.43,5.2
2006-06-23,-0.04,15.89,4.99,1.69,-0.53406,122.550003,29.389999,105.10481037084602,20.360001,17.473467308204917,-0.8015,2.59,16.440001,16.225,5.23
2006-06-26,-0.02,15.62,4.99,1.69,-0.53406,124.870003,30.0,104.75473667902892,20.83,17.203467308204914,-0.8015,2.58,16.525,16.360001,5.25
2006-06-27,-0.03,16.4,4.99,1.7,-0.53406,120.300003,29.65,100.06397160432611,22.110001,17.983467308204915,-0.8015,2.58,16.315001,16.045,5.21
2006-06-28,-0.04,15.79,4.99,1.69,-0.53406,118.989998,28.959999,99.30969445817291,21.450001,17.373467308204916,-0.8015,2.57,16.33,16.09,5.25
2006-06-29,0.01,13.03,4.99,1.69,-0.53406,124.110001,30.0,100.30254183838927,17.93,14.613467308204914,-0.8015,2.61,16.684999,16.535,5.22
2006-06-30,-0.01,13.08,4.99,1.67,-0.52995,118.279999,30.290001,100.29175658311551,17.889999,14.663467308204917,-0.858,2.61,16.695,16.455,5.15
2006-07-03,-0.02,13.05,4.99,1.68,-0.52995,120.93,30.709999,98.666699241647,17.68,14.633467308204915,-0.858,2.59,16.719999,16.67,5.15
2006-07-04,-0.02,13.05,4.99,1.68,-0.52995,120.93,30.709999,98.666699241647,17.68,14.633467308204915,-0.858,2.59,16.719999,16.67,5.15
2006-07-05,-0.01,14.15,4.99,1.67,-0.52995,120.220001,29.92,99.026722143139,19.780001,15.733467308204917,-0.858,2.6,16.565001,16.209999,5.23
2006-07-06,-0.03,13.65,4.99,1.66,-0.52995,116.809998,29.5,99.00885766044183,19.799999,15.233467308204917,-0.858,2.6,16.575001,16.16,5.19
2006-07-07,-0.03,13.97,4.99,1.66,-0.53057,114.970001,29.17,98.97674971367644,20.17,15.553467308204915,-0.9897,2.59,16.450001,15.9,5.14
2006-07-10,-0.04,14.02,4.99,1.66,-0.53057,115.889999,28.92,98.98421633641053,20.82,15.603467308204914,-0.9897,2.57,16.469999,15.545,5.13
2006-07-11,-0.07,13.14,4.99,1.67,-0.53057,119.169998,29.629999,97.32131208076852,20.18,14.723467308204915,-0.9897,2.57,16.455,16.004999,5.1
2006-07-12,-0.07,14.49,4.99,1.66,-0.53057,115.970001,29.209999,96.70805917436157,22.07,16.073467308204915,-0.9897,2.56,16.195,15.575,5.1
2006-07-13,-0.04,17.79,4.99,1.66,-0.53057,115.400002,28.290001,99.8398940707652,24.66,19.373467308204916,-0.9897,2.57,15.9,15.335,5.08
2006-07-14,-0.01,18.05,4.99,1.69,-0.53639,117.480003,28.75,95.44555509327311,24.620001,19.633467308204914,-0.7916,2.57,15.695,15.36,5.07
2006-07-17,-0.05,18.64,4.99,1.68,-0.53639,118.559998,28.370001,95.06034093300286,24.52,18.049999,-0.7916,2.58,15.805,15.285,5.07
2006-07-18,-0.06,17.74,4.99,1.68,-0.53639,122.900002,28.1,95.20599513135006,23.889999,17.219999,-0.7916,2.58,15.71,15.365,5.13
2006-07-19,-0.06,15.55,4.99,1.69,-0.53639,121.580002,28.200001,96.0131360396989,22.83,15.6,-0.7916,2.57,16.025,15.5,5.06
2006-07-20,-0.03,16.21,4.99,1.69,-0.53639,118.550003,28.049999,95.7531079572745,23.219999,16.309999,-0.7916,2.58,15.815,15.04,5.03
2006-07-21,-0.03,17.4,4.99,1.69,-0.54659,118.330002,27.0,96.04715973968244,23.200001,17.040001,-0.7854,2.56,15.67,14.59,5.05
2006-07-24,-0.05,14.98,4.99,1.69,-0.54659,122.029999,27.84,97.4315810327243,21.780001,15.41,-0.7854,2.56,16.01,14.88,5.05
2006-07-25,-0.04,14.85,4.99,1.68,-0.54659,120.529999,28.950001,97.41648428597162,21.52,14.61,-0.7854,2.59,16.155001,15.14,5.07
2006-07-26,-0.02,14.62,4.99,1.68,-0.54659,120.860001,29.459999,97.26690061866522,20.690001,14.58,-0.7854,2.6,15.97,15.2,5.04
2006-07-27,0.0,14.94,4.99,1.65,-0.54659,119.779999,29.48,97.2110763322983,20.790001,15.16,-0.7854,2.6,15.935,15.28,5.07
2006-07-28,0.02,14.33,4.99,1.67,-0.5602,121.400002,29.35,95.1279858774248,19.26,14.63,-0.9368,2.59,16.129999,15.71,5.0
2006-07-31,0.02,14.95,4.99,1.68,-0.5602,121.639999,29.780001,95.21361679757476,20.33,15.25,-0.9368,2.58,16.139999,15.76,4.99
2006-08-01,0.02,15.05,5.25,1.69,-0.5602,119.489998,29.15,95.20348866921005,21.379999,15.39,-0.9368,2.59,15.99,15.33,4.99
2006-08-02,-0.01,14.34,5.25,1.69,-0.5602,117.980003,29.440001,94.97740133423645,20.85,15.06,-0.9368,2.6,16.120001,15.545,4.96
2006-08-03,-0.02,14.46,5.25,1.68,-0.5602,116.790001,30.26,94.8596948052853,21.120001,15.05,-0.9368,2.61,16.219999,15.68,4.96
2006-08-04,0.0,14.34,5.25,1.69,-0.57443,117.540001,30.030001,94.84735486373064,21.629999,15.09,-0.8991,2.61,16.225,15.64,4.91
2006-08-07,-0.03,15.23,5.25,1.67,-0.57443,117.019997,29.98,95.08274882878086,22.870001,15.35,-0.8991,2.64,16.190001,15.55,4.93
2006-08-08,0.02,15.23,5.25,1.7,-0.57443,118.18,30.200001,94.70922221849924,22.85,15.47,-0.8991,2.66,16.025,15.515,4.93
2006-08-09,0.01,15.2,5.25,1.73,-0.57443,116.269997,30.49,94.02310769146,21.6,15.58,-0.8991,2.64,15.805,15.525,4.92
2006-08-10,0.0,14.46,5.25,1.73,-0.57443,118.309998,31.23,89.44772371723757,20.860001,15.28,-0.8991,2.63,16.02,15.87,4.93
2006-08-11,0.01,14.3,5.25,1.72,-0.58764,118.089996,30.52,89.38551575086923,20.059999,15.28,-0.9249,2.64,16.014999,15.315,4.97
2006-08-14,-0.01,14.26,5.25,1.69,-0.58764,118.239998,30.9,89.18500672241746,19.110001,15.28,-0.9249,2.64,16.059999,15.595,5.0
2006-08-15,-0.01,13.42,5.25,1.7,-0.58764,118.879997,32.040001,89.28132415923518,18.49,14.52,-0.9249,2.61,16.285,15.98,4.93
2006-08-16,0.0,12.41,5.25,1.71,-0.58764,120.169998,32.82,88.31718080237971,18.99,14.03,-0.9249,2.59,16.450001,16.475,4.87
2006-08-17,-0.02,12.24,5.25,1.71,-0.58764,121.419998,32.950001,87.96886454010505,18.959999,13.38,-0.9249,2.59,16.549999,16.49,4.87
2006-08-18,-0.03,11.64,5.25,1.71,-0.59818,125.349998,33.09,87.09267708492847,18.450001,13.1,-1.0296,2.58,16.545,16.575001,4.84
2006-08-21,-0.03,12.22,5.25,1.72,-0.59818,125.660004,32.709999,85.42074562989241,19.870001,13.42,-1.0296,2.59,16.365,16.299999,4.82
2006-08-22,-0.05,12.19,5.25,1.71,-0.59818,124.0,32.490002,85.42825953678549,19.959999,13.43,-1.0296,2.6,16.35,16.235001,4.82
2006-08-23,-0.05,12.4,5.25,1.72,-0.59818,124.199997,31.48,85.52444261917104,20.610001,13.56,-1.0296,2.57,16.205,16.200001,4.82
2006-08-24,-0.07,12.4,5.25,1.72,-0.59818,123.75,31.52,85.39143759754228,19.52,13.58,-1.0296,2.53,16.120001,16.360001,4.81
2006-08-25,-0.07,12.31,5.25,1.74,-0.60503,125.010002,31.440001,85.2139328156577,16.98,13.51,-0.9852,2.55,16.120001,16.385,4.79
2006-08-28,-0.08,12.18,5.25,1.73,-0.60503,122.639999,31.76,84.76458526906998,17.23,13.36,-0.9852,2.52,16.280001,16.620001,4.8
2006-08-29,-0.08,12.28,5.25,1.74,-0.60503,126.529999,32.299999,84.7736293152408,17.290001,13.38,-0.9852,2.5,16.4,16.950001,4.79
2006-08-30,-0.07,12.22,5.25,1.74,-0.60503,125.519997,32.68,84.51106966419282,16.799999,13.32,-0.9852,2.48,16.41,17.174999,4.76
2006-08-31,-0.05,12.31,5.25,1.73,-0.60503,123.220001,32.59,84.50551062818123,17.389999,13.3,-0.9852,2.5,16.459999,17.045,4.74
2006-09-01,-0.04,11.96,5.25,1.73,-0.6079,124.589996,31.93,84.58040576046908,16.799999,13.19,-0.9506,2.48,16.594999,16.92,4.73
2006-09-04,-0.04,11.96,5.25,1.73,-0.6079,124.589996,31.93,84.58040576046908,16.799999,13.19,-0.9506,2.48,16.594999,16.92,4.73
2006-09-05,-0.02,12.63,5.25,1.73,-0.6079,124.309998,32.029999,84.43263893417127,18.35,13.36,-0.9506,2.47,16.645,17.07,4.78
2006-09-06,-0.02,13.74,5.25,1.73,-0.6079,123.089996,31.15,85.90332362617902,20.190001,14.32,-0.9506,2.48,16.440001,16.535,4.8
2006-09-07,-0.02,13.88,5.25,1.72,-0.6079,121.660004,30.5,85.9335724762983,20.370001,14.47,-0.9506,2.46,16.495001,16.405001,4.8
2006-09-08,-0.02,13.16,5.25,1.72,-0.60793,124.339996,31.0,85.97810130806768,19.82,14.19,-0.9116,2.43,16.645,16.655001,4.78
2006-09-11,-0.03,12.99,5.25,1.72,-0.60793,125.989998,31.780001,85.9825349694727,19.709999,14.2,-0.9116,2.42,16.775,16.815001,4.8
2006-09-12,-0.04,11.92,5.25,1.7,-0.60793,126.419998,32.5,86.81521715206779,18.26,13.52,-0.9116,2.42,17.165001,17.285,4.78
2006-09-13,-0.03,11.18,5.25,1.7,-0.60793,120.440002,32.049999,86.86066285832682,17.59,13.34,-0.9116,2.42,17.235001,17.219999,4.77
2006-09-14,-0.04,11.55,5.25,1.7,-0.60793,119.470001,31.629999,86.38844623172459,17.49,13.55,-0.9116,2.44,17.190001,17.205,4.79
2006-09-15,-0.07,11.76,5.25,1.69,-0.60676,135.25,31.93,86.42705189434287,17.75,13.41,-0.9443,2.42,17.23,17.174999,4.8
2006-09-18,-0.07,11.78,5.25,1.68,-0.60676,127.349998,32.349998,86.07655441614631,18.450001,13.4,-0.9443,2.42,17.139999,17.325001,4.81
2006-09-19,-0.05,11.98,5.25,1.69,-0.60676,125.029999,31.799999,85.74979181091499,18.26,13.55,-0.9443,2.39,17.174999,16.995001,4.74
2006-09-20,-0.08,11.39,5.25,1.69,-0.60676,122.709999,32.34,86.09459632244506,18.450001,13.28,-0.9443,2.34,17.299999,17.16,4.73
2006-09-21,-0.06,12.25,5.25,1.71,-0.60676,119.68,31.469999,86.88078441506198,18.200001,13.61,-0.9443,2.34,17.205,16.719999,4.65
2006-09-22,-0.07,12.59,5.25,1.72,-0.60615,118.860001,32.009998,86.97780298558665,18.35,14.09,-0.8335,2.33,17.190001,16.674999,4.6
2006-09-25,-0.07,12.12,5.25,1.72,-0.60615,120.75,32.740002,87.16405664059191,17.719999,13.46,-0.8335,2.32,17.455,17.110001,4.56
2006-09-26,-0.09,11.53,5.25,1.71,-0.60615,121.639999,33.220001,87.450442227145,17.66,13.1,-0.8335,2.34,17.605,17.190001,4.59
2006-09-27,-0.06,11.58,5.25,1.71,-0.60615,118.43,33.27,87.44235931590202,17.41,13.22,-0.8335,2.34,17.575001,17.08,4.6
2006-09-28,-0.05,11.72,5.25,1.73,-0.60615,118.209999,33.889999,87.46467841737906,17.02,13.29,-0.8335,2.36,17.57,17.325001,4.63
2006-09-29,-0.07,11.98,5.25,1.72,-0.60716,120.089996,33.25,87.52343712687212,17.68,13.45,-0.8078,2.37,17.475,17.145,4.64
2006-10-02,-0.04,12.57,5.25,1.73,-0.60716,119.800003,32.959999,87.6967280329722,19.440001,13.59,-0.8078,2.35,17.514999,17.049999,4.62
2006-10-03,-0.05,12.24,5.25,1.72,-0.60716,116.93,32.25,87.41619500972631,19.780001,13.5,-0.8078,2.33,17.665001,16.924999,4.62
2006-10-04,-0.03,11.86,5.25,1.74,-0.60716,118.150002,32.16,86.3833121984837,18.52,13.24,-0.8078,2.3,17.92,17.225,4.57
2006-10-05,-0.04,11.98,5.25,1.74,-0.60716,115.480003,31.6,86.3829714184032,18.15,13.28,-0.8078,2.3,17.969999,17.094999,4.61
2006-10-06,-0.04,11.56,5.25,1.73,-0.61069,117.339996,31.309999,86.20090311475877,18.030001,13.08,-0.8472,2.33,17.934999,16.985001,4.7
2006-10-09,-0.04,11.68,5.25,1.73,-0.61069,116.190002,31.43,86.22705133218167,18.280001,13.06,-0.8472,2.33,18.059999,17.155001,4.7
2006-10-10,-0.07,11.52,5.25,1.72,-0.61069,118.43,31.23,85.26925674086347,18.860001,13.05,-0.8472,2.33,18.17,17.09,4.75
2006-10-11,-0.07,11.62,5.25,1.73,-0.61069,117.160004,31.98,84.60904697141912,18.51,13.1,-0.8472,2.33,18.125,17.315001,4.78
2006-10-12,-0.06,11.09,5.25,1.71,-0.61069,117.440002,32.490002,84.795494708886,17.639999,12.42,-0.8472,2.35,18.365,17.629999,4.79
2006-10-13,-0.06,10.75,5.25,1.72,-0.61678,118.739998,32.810001,84.85511101067078,17.83,12.2,-1.0199,2.34,18.315001,17.75,4.81
2006-10-16,-0.06,11.09,5.25,1.71,-0.61678,116.540001,33.060001,85.05707941813856,18.450001,12.35,-1.0199,2.34,18.299999,17.860001,4.79
2006-10-17,-0.05,11.73,5.25,1.71,-0.61678,117.699997,32.360001,85.57014508702899,18.879999,12.63,-1.0199,2.32,18.235001,17.450001,4.78
2006-10-18,-0.08,11.34,5.25,1.7,-0.61678,114.959999,31.57,85.35958650505569,18.09,12.47,-1.0199,2.31,18.25,17.030001,4.77
2006-10-19,-0.06,10.9,5.25,1.7,-0.61678,116.800003,31.620001,84.55074327831636,16.93,12.31,-1.0199,2.3,18.24,16.934999,4.79
2006-10-20,-0.08,10.63,5.25,1.69,-0.62339,117.059998,31.370001,84.39607066779618,16.700001,12.06,-0.9701,2.3,18.215,16.809999,4.79
2006-10-23,-0.07,11.08,5.25,1.66,-0.62339,115.279999,31.879999,84.63872430119135,17.51,12.21,-0.9701,2.3,18.455,16.924999,4.83
2006-10-24,-0.08,10.78,5.25,1.65,-0.62339,114.68,30.52,84.36980732895081,17.25,11.51,-0.9701,2.31,18.525,16.674999,4.83
2006-10-25,-0.1,10.66,5.25,1.66,-0.62339,113.720001,30.73,84.37057771534141,16.780001,11.36,-0.9701,2.34,18.459999,17.02,4.78
2006-10-26,-0.08,10.56,5.25,1.65,-0.62339,112.970001,30.700001,84.32667225215266,16.59,11.23,-0.9701,2.32,18.715,17.195,4.73
2006-10-27,-0.08,10.8,5.25,1.65,-0.62972,111.459999,29.9,84.33213115951418,17.41,11.37,-1.008,2.31,18.530001,16.775,4.68
2006-10-30,-0.1,11.2,5.25,1.64,-0.62972,114.110001,30.16,84.11118383214912,17.99,12.04,-1.008,2.29,18.645,16.885,4.68
2006-10-31,-0.1,11.1,5.25,1.64,-0.62972,111.480003,30.18,84.0265272147468,17.299999,11.4,-1.008,2.27,18.605,17.0,4.61
2006-11-01,-0.09,11.51,5.25,1.64,-0.62972,112.360001,29.969999,84.17435860490025,17.98,12.08,-1.008,2.28,18.459999,16.639999,4.57
2006-11-02,-0.07,11.42,5.25,1.64,-0.62972,113.080002,29.74,84.15642835864965,18.120001,12.12,-1.008,2.28,18.440001,16.525,4.6
2006-11-03,-0.1,11.16,5.25,1.59,-0.63342,112.370003,29.57,84.02802189489263,17.23,12.08,-0.8969,2.32,18.299999,16.48,4.72
2006-11-06,-0.11,11.16,5.25,1.59,-0.63342,116.760002,29.74,84.00079186733414,17.389999,11.4,-0.8969,2.35,18.525,16.795,4.71
2006-11-07,-0.11,11.09,5.25,1.6,-0.63342,115.720001,29.74,83.97674360661703,17.51,11.35,-0.8969,2.34,18.575001,16.975,4.66
2006-11-08,-0.11,10.75,5.25,1.59,-0.63342,115.860001,29.35,84.10626503608965,16.389999,11.19,-0.8969,2.35,18.665001,16.93,4.64
2006-11-09,-0.13,11.01,5.25,1.62,-0.63342,113.190002,28.66,83.86132111901857,16.66,11.37,-0.8969,2.34,18.605,16.6,4.62
2006-11-10,-0.14,10.79,5.25,1.61,-0.63466,113.870003,28.74,83.75194500598111,15.52,11.49,-1.0077,2.34,18.665001,16.795,4.59
2006-11-13,-0.15,10.86,5.25,1.6,-0.63466,113.32,28.959999,83.55550401615919,16.200001,11.38,-1.0077,2.32,18.690001,17.110001,4.61
2006-11-14,-0.17,10.5,5.25,1.61,-0.63466,113.75,29.66,82.95204877819057,15.36,11.17,-1.0077,2.29,18.895,17.635,4.57
2006-11-15,-0.19,10.31,5.25,1.61,-0.63466,111.629997,30.17,82.80512572832515,15.4,11.12,-1.0077,2.31,18.965,17.74,4.61
2006-11-16,-0.19,10.16,5.25,1.59,-0.63466,110.870003,30.26,82.53771535392488,15.36,11.03,-1.0077,2.28,19.09,17.725,4.66
2006-11-17,-0.15,10.05,5.25,1.6,-0.63317,117.730003,30.040001,82.43376861744316,15.31,11.06,-1.0014,2.28,19.055,17.639999,4.61
2006-11-20,-0.16,9.97,5.25,1.6,-0.63317,119.019997,30.17,81.86983702482604,15.13,11.18,-1.0014,2.27,18.98,17.809999,4.6
2006-11-21,-0.17,9.9,5.25,1.6,-0.63317,118.529999,29.67,81.7256484609115,15.05,11.19,-1.0014,2.27,19.035,17.525,4.58
2006-11-22,-0.17,10.14,5.25,1.6,-0.63317,120.860001,30.190001,81.92264342521963,14.95,11.52,-1.0014,2.27,19.075001,17.74,4.57
2006-11-23,-0.17,10.14,5.25,1.6,-0.63317,120.860001,30.190001,81.92264342521963,14.95,11.52,-1.0014,2.27,19.075001,17.74,4.57
2006-11-24,-0.18,10.73,5.25,1.6,-0.6296,118.470001,30.02,82.78908556741405,15.59,12.28,-0.9297,2.28,18.975,17.67,4.55
2006-11-27,-0.17,12.3,5.25,1.61,-0.6296,117.959999,29.379999,86.34497646680744,17.6,13.27,-0.9297,2.3,18.700001,17.32,4.54
2006-11-28,-0.16,11.62,5.25,1.62,-0.6296,121.889999,29.52,86.71226264374594,17.33,12.63,-0.9297,2.3,18.690001,17.23,4.51
2006-11-29,-0.17,10.83,5.25,1.62,-0.6296,125.379997,29.18,87.33982068265475,16.780001,12.2,-0.9297,2.3,18.82,17.129999,4.52
2006-11-30,-0.16,10.91,5.25,1.64,-0.6296,124.0,29.549999,87.16011369964566,16.530001,12.31,-0.9297,2.3,18.84,17.275,4.46
2006-12-01,-0.09,11.66,5.24,1.65,-0.6253,126.199997,29.129999,87.7563197313069,16.6,12.59,-0.8036,2.33,18.815001,17.01,4.43
2006-12-04,-0.09,11.23,5.24,1.66,-0.6253,124.809998,29.639999,87.86671079882544,16.49,12.4,-0.8036,2.32,19.014999,17.325001,4.43
2006-12-05,-0.07,11.27,5.24,1.65,-0.6253,127.139999,29.700001,87.86701638186273,16.200001,12.44,-0.8036,2.34,19.174999,17.4,4.45
2006-12-06,-0.11,11.33,5.24,1.65,-0.6253,125.610001,30.07,87.86046742611796,16.459999,12.51,-0.8036,2.34,19.16,17.4,4.48
2006-12-07,-0.09,12.67,5.24,1.64,-0.6253,122.860001,29.75,89.17633784170177,17.93,13.48,-0.8036,2.34,19.07,17.190001,4.49
2006-12-08,-0.12,12.07,5.24,1.63,-0.6225,124.709999,29.4,89.47677504626743,17.139999,13.31,-0.918,2.35,19.110001,17.094999,4.56
2006-12-11,-0.15,10.71,5.24,1.64,-0.6225,120.650002,29.299999,90.7965261350189,15.54,13.25,-0.918,2.35,19.18,17.035,4.52
2006-12-12,-0.12,10.65,5.24,1.65,-0.6225,124.459999,29.77,90.79791140940291,15.25,13.17,-0.918,2.34,19.075001,16.965,4.49
2006-12-13,-0.12,10.18,5.24,1.64,-0.6225,125.760002,29.43,90.88075396974808,14.9,13.06,-0.918,2.36,19.174999,16.825001,4.58
2006-12-14,-0.13,9.97,5.24,1.66,-0.6225,132.309998,29.93,90.8902441904368,14.09,13.01,-0.918,2.37,19.375,17.08,4.6
2006-12-15,-0.13,10.05,5.24,1.66,-0.62307,129.809998,29.67,90.87338424229694,15.15,13.13,-0.9877,2.31,19.225,17.129999,4.6
2006-12-18,-0.11,10.6,5.24,1.65,-0.62307,128.929993,29.629999,91.11256968748506,16.219999,13.19,-0.9877,2.29,19.209999,17.105,4.6
2006-12-19,-0.11,10.3,5.24,1.67,-0.62307,129.550003,28.870001,91.197279580369,16.549999,12.63,-0.9877,2.29,19.219999,16.855,4.6
2006-12-20,-0.11,10.26,5.24,1.67,-0.62307,126.279999,29.1,91.19198406705344,16.07,12.53,-0.9877,2.28,19.215,16.955,4.6
2006-12-21,-0.11,10.53,5.24,1.68,-0.62307,122.050003,28.76,91.20041307287192,16.41,13.1,-0.9877,2.26,19.129999,16.754999,4.55
2006-12-22,-0.08,11.36,5.24,1.67,-0.62759,121.5,28.549999,91.44754507752393,17.200001,13.3,-0.9328,2.28,19.115,16.645,4.63
2006-12-25,-0.08,11.36,5.24,1.67,-0.62759,121.5,28.549999,91.44754507752393,17.200001,13.3,-0.9328,2.28,19.115,16.645,4.63
2006-12-26,-0.1,11.26,5.24,1.66,-0.62759,123.400002,28.610001,89.3472549475647,17.440001,13.13,-0.9328,2.27,19.174999,16.754999,4.61
2006-12-27,-0.11,10.64,5.24,1.66,-0.62759,123.480003,28.959999,89.34474088166286,16.459999,12.59,-0.9328,2.27,19.299999,16.879999,4.66
2006-12-28,-0.12,10.99,5.24,1.65,-0.62759,121.699997,29.01,88.96574321619589,16.32,13.1,-0.9328,2.29,19.280001,16.879999,4.7
2006-12-29,-0.11,11.56,5.24,1.64,-0.63603,121.25,28.799999,89.22635742952914,16.23,13.29,-0.9657,2.3,19.18,16.825001,4.71
2007-01-01,-0.11,11.56,5.25,1.64,-0.63603,121.25,28.799999,89.22635742952914,16.23,13.29,-0.9657,2.3,19.18,16.825001,4.71
2007-01-02,-0.12,11.56,5.25,1.64,-0.63603,121.25,28.799999,89.22635742952914,16.23,13.29,-0.9657,2.3,19.18,16.825001,4.68
2007-01-03,-0.09,12.04,5.25,1.61,-0.63603,118.769997,28.559999,87.629997,17.5,13.38,-0.9657,2.31,19.26,16.785,4.67
2007-01-04,-0.09,11.51,5.25,1.62,-0.63603,118.779999,29.1,88.190002,16.99,13.13,-0.9657,2.26,19.254999,17.094999,4.62
2007-01-05,-0.11,12.14,5.25,1.6,-0.64785,117.269997,28.76,90.169998,17.9,13.41,-0.8847,2.27,19.125,16.924999,4.65
2007-01-08,-0.12,12.0,5.25,1.59,-0.64785,119.440002,28.9,92.040001,18.35,13.28,-0.8847,2.28,19.155001,17.030001,4.66
2007-01-09,-0.13,11.91,5.25,1.59,-0.64785,116.279999,28.84,92.760002,17.889999,13.26,-0.8847,2.27,19.26,17.165001,4.66
2007-01-10,-0.12,11.47,5.25,1.59,-0.64785,117.790001,29.33,93.779999,17.25,13.02,-0.8847,2.27,19.360001,17.375,4.69
2007-01-11,-0.12,10.87,5.25,1.59,-0.64785,119.129997,29.030001,85.970001,17.02,12.38,-0.8847,2.31,19.575001,17.49,4.74
2007-01-12,-0.11,10.15,5.25,1.59,-0.66096,119.699997,29.059999,85.18,16.559999,12.07,-0.9899,2.28,19.629999,17.545,4.77
2007-01-15,-0.11,10.15,5.25,1.59,-0.66096,119.699997,29.059999,85.18,16.559999,12.07,-0.9899,2.28,19.629999,17.545,4.77
2007-01-16,-0.11,10.74,5.25,1.59,-0.66096,120.779999,28.879999,85.300003,17.280001,12.22,-0.9899,2.27,19.700001,17.360001,4.75
2007-01-17,-0.12,10.59,5.25,1.58,-0.66096,120.949997,29.129999,84.93,16.92,12.08,-0.9899,2.29,19.700001,17.219999,4.79
2007-01-18,-0.14,10.85,5.25,1.58,-0.66096,127.699997,28.32,83.660004,17.629999,12.1,-0.9899,2.28,19.809999,16.58,4.75
2007-01-19,-0.15,10.4,5.25,1.57,-0.6733,127.239998,28.389999,82.489998,16.809999,11.61,-1.0941,2.31,19.805,16.700001,4.78
2007-01-22,-0.15,10.77,5.25,1.57,-0.6733,121.129997,28.59,84.43,17.65,12.17,-1.0941,2.32,19.68,16.584999,4.76
2007-01-23,-0.13,10.34,5.25,1.57,-0.6733,122.769997,29.6,81.480003,17.34,11.54,-1.0941,2.35,19.75,16.565001,4.81
2007-01-24,-0.12,9.89,5.25,1.57,-0.6733,124.339996,30.0,77.510002,16.610001,11.23,-1.0941,2.37,19.825001,16.795,4.81
2007-01-25,-0.11,11.22,5.25,1.56,-0.6733,119.489998,30.469999,80.449997,17.629999,12.12,-1.0941,2.39,19.51,16.775,4.87
2007-01-26,-0.11,11.13,5.25,1.56,-0.68272,120.260002,31.02,81.360001,17.52,12.09,-1.1297,2.4,19.415001,16.91,4.88
2007-01-29,-0.09,11.45,5.25,1.55,-0.68272,117.830002,30.940001,81.68,18.16,12.17,-1.1297,2.4,19.465,16.875,4.9
2007-01-30,-0.1,10.96,5.25,1.56,-0.68272,119.529999,30.84,78.900002,17.98,11.6,-1.1297,2.42,19.52,16.895,4.88
2007-01-31,-0.11,10.42,5.25,1.57,-0.68272,118.580002,31.190001,77.279999,17.190001,11.33,-1.1297,2.43,19.73,16.915001,4.83
2007-02-01,-0.12,10.31,5.26,1.56,-0.68272,119.57,31.370001,73.5,17.110001,11.29,-1.1297,2.42,19.799999,17.049999,4.84
2007-02-02,-0.11,10.08,5.26,1.56,-0.68645,121.699997,31.389999,72.440002,16.43,11.24,-1.0905,2.41,19.855,17.16,4.83
2007-02-05,-0.11,10.55,5.26,1.56,-0.68645,122.480003,31.59,70.290001,16.84,11.42,-1.0905,2.4,19.790001,17.225,4.81
2007-02-06,-0.13,10.65,5.26,1.55,-0.68645,122.779999,31.219999,68.550003,16.610001,11.4,-1.0905,2.37,19.860001,17.110001,4.77
2007-02-07,-0.13,10.32,5.26,1.56,-0.68645,122.940002,31.040001,70.32,16.17,11.31,-1.0905,2.34,19.955,17.25,4.74
2007-02-08,-0.14,10.44,5.26,1.55,-0.68645,122.690002,31.08,73.18,16.139999,11.42,-1.0905,2.34,19.915001,17.18,4.73
2007-02-09,-0.13,11.1,5.26,1.54,-0.68492,121.019997,30.92,74.389999,17.110001,12.15,-1.0969,2.36,19.73,16.969999,4.79
2007-02-12,-0.14,11.61,5.26,1.54,-0.68492,119.809998,30.51,79.120003,17.34,12.37,-1.0969,2.34,19.635,16.795,4.8
2007-02-13,-0.13,10.34,5.26,1.54,-0.68492,125.32,30.27,75.720001,15.83,11.45,-1.0969,2.36,19.805,16.865,4.82
2007-02-14,-0.13,10.23,5.26,1.55,-0.68492,123.089996,30.950001,74.0,15.37,11.26,-1.0969,2.36,19.91,17.235001,4.74
2007-02-15,-0.13,10.22,5.26,1.56,-0.68492,120.550003,31.16,70.339996,15.27,11.26,-1.0969,2.32,19.975,17.25,4.7
2007-02-16,-0.14,10.02,5.26,1.55,-0.6771,121.010002,30.780001,70.739998,14.83,11.2,-1.1094,2.33,19.950001,17.23,4.69
2007-02-19,-0.14,10.02,5.26,1.55,-0.6771,121.010002,30.780001,70.739998,14.83,11.2,-1.1094,2.33,19.950001,17.23,4.69
2007-02-20,-0.13,10.24,5.26,1.55,-0.6771,120.989998,31.049999,65.870003,15.77,11.36,-1.1094,2.32,20.094999,17.254999,4.68
2007-02-21,-0.13,10.2,5.26,1.54,-0.6771,119.099998,30.98,67.370003,15.38,11.38,-1.1094,2.36,20.014999,17.24,4.69
2007-02-22,-0.14,10.18,5.26,1.54,-0.6771,119.580002,32.09,66.050003,15.3,11.34,-1.1094,2.38,19.969999,17.700001,4.73
2007-02-23,-0.14,10.58,5.26,1.53,-0.6645,117.709999,32.209999,70.709999,15.32,12.0,-1.1339,2.38,19.924999,17.780001,4.68
2007-02-26,-0.14,11.15,5.26,1.54,-0.6645,117.809998,31.77,70.330002,15.99,12.18,-1.1339,2.37,19.754999,17.754999,4.63
2007-02-27,-0.09,18.31,5.26,1.59,-0.6645,112.5,30.67,110.419998,22.969999,17.059999,-1.1339,2.36,19.075001,17.225,4.5
2007-02-28,-0.09,15.42,5.26,1.6,-0.6645,121.360001,30.959999,91.639999,20.530001,14.47,-1.1339,2.36,19.139999,17.215,4.56
2007-03-01,-0.07,15.82,5.26,1.62,-0.6645,120.989998,30.790001,99.470001,21.51,14.58,-1.1339,2.37,19.030001,17.059999,4.56
2007-03-02,-0.04,18.61,5.26,1.64,-0.64873,118.760002,30.76,104.169998,23.66,16.469999,-0.6982,2.37,18.889999,16.83,4.52
2007-03-05,-0.02,19.63,5.26,1.68,-0.64873,118.07,30.9,101.199997,24.610001,17.360001,-0.6982,2.34,18.639999,16.674999,4.51
2007-03-06,-0.05,15.96,5.26,1.66,-0.64873,121.139999,31.35,93.650002,21.190001,15.34,-0.6982,2.34,18.959999,16.945,4.53
2007-03-07,-0.04,15.24,5.26,1.66,-0.64873,119.489998,31.139999,94.410004,20.559999,15.03,-0.6982,2.34,18.940001,16.885,4.5
2007-03-08,-0.05,14.29,5.26,1.67,-0.64873,121.080002,31.700001,93.970001,19.790001,14.3,-0.6982,2.34,19.09,17.014999,4.51
2007-03-09,-0.07,14.09,5.26,1.65,-0.63421,121.959999,32.459999,91.82,18.940001,14.26,-0.7904,2.34,19.129999,17.305,4.59
2007-03-12,-0.06,13.99,5.26,1.65,-0.63421,126.349998,32.59,90.019997,18.52,14.15,-0.7904,2.34,19.105,17.370001,4.56
2007-03-13,-0.02,18.13,5.26,1.7,-0.63421,130.039993,31.74,94.529999,22.040001,16.379999,-0.7904,2.35,18.754999,17.17,4.5
2007-03-14,-0.01,17.27,5.26,1.72,-0.63421,134.25,31.67,98.080002,19.77,16.16,-0.7904,2.35,18.719999,17.135,4.53
2007-03-15,-0.03,16.43,5.26,1.7,-0.63421,136.149994,31.57,99.550003,18.790001,16.02,-0.7904,2.37,18.76,17.17,4.54
2007-03-16,-0.03,16.79,5.26,1.7,-0.62203,128.300003,31.280001,102.739998,19.6,16.549999,-0.8473,2.39,18.66,17.045,4.55
2007-03-19,-0.03,14.59,5.26,1.7,-0.62203,122.839996,31.219999,93.900002,18.379999,15.13,-0.8473,2.4,18.934999,16.969999,4.58
2007-03-20,-0.04,13.27,5.26,1.71,-0.62203,127.349998,31.35,89.550003,17.6,14.29,-0.8473,2.39,19.075001,17.08,4.56
2007-03-21,0.02,12.19,5.26,1.73,-0.62203,130.070007,31.700001,94.129997,17.200001,13.11,-0.8473,2.39,19.375,17.299999,4.53
2007-03-22,0.02,12.93,5.26,1.75,-0.62203,124.989998,31.25,95.519997,16.77,13.36,-0.8473,2.43,19.32,17.174999,4.6
2007-03-23,0.02,12.95,5.26,1.75,-0.61374,125.639999,31.360001,96.370003,17.17,13.45,-1.0154,2.43,19.33,17.18,4.62
2007-03-26,0.04,13.16,5.26,1.75,-0.61374,126.449997,31.15,95.949997,17.0,13.58,-1.0154,2.44,19.235001,17.129999,4.6
2007-03-27,0.04,13.48,5.26,1.76,-0.61374,122.889999,31.219999,101.0,17.200001,14.12,-1.0154,2.46,19.115,17.120001,4.62
2007-03-28,0.09,14.98,5.26,1.78,-0.61374,121.279999,30.700001,104.790001,18.559999,15.13,-1.0154,2.45,18.9,16.879999,4.62
2007-03-29,0.06,15.14,5.26,1.74,-0.61374,121.400002,30.389999,102.309998,18.530001,15.24,-1.0154,2.46,18.965,16.790001,4.64
2007-03-30,0.07,14.64,5.26,1.75,-0.60789,120.889999,30.1,99.779999,18.24,15.1,-0.9519,2.44,19.014999,16.695,4.65
2007-04-02,0.05,14.53,5.26,1.74,-0.60789,122.620003,29.9,98.919998,18.6,15.04,-0.9519,2.44,19.08,16.725,4.65
2007-04-03,0.04,13.46,5.26,1.73,-0.60789,124.18,30.07,94.980003,17.690001,14.24,-0.9519,2.42,19.325001,16.785,4.67
2007-04-04,0.05,13.24,5.26,1.74,-0.60789,123.940002,30.6,96.120003,17.1,14.25,-0.9519,2.43,19.27,17.02,4.66
2007-04-05,0.05,13.23,5.26,1.74,-0.60789,125.400002,30.82,93.599998,16.75,14.06,-0.9519,2.46,19.424999,17.120001,4.68
2007-04-06,0.01,13.23,5.26,1.71,-0.60413,125.400002,30.82,93.599998,16.75,14.06,-0.9533,2.49,19.424999,17.120001,4.76
2007-04-09,0.02,13.14,5.26,1.72,-0.60413,125.32,30.82,92.300003,17.77,14.03,-0.9533,2.48,19.41,17.145,4.75
2007-04-10,0.02,12.68,5.26,1.72,-0.60413,125.940002,31.26,87.370003,17.02,13.5,-0.9533,2.46,19.450001,17.415001,4.73
2007-04-11,0.01,13.49,5.26,1.71,-0.60413,127.029999,30.780001,93.470001,17.74,14.19,-0.9533,2.46,19.299999,17.235001,4.74
2007-04-12,0.01,12.71,5.26,1.71,-0.60413,126.919998,31.0,91.379997,17.42,13.54,-0.9533,2.46,19.434999,17.32,4.74
2007-04-13,0.0,12.2,5.26,1.7,-0.60047,128.619995,30.83,88.709999,16.84,13.31,-1.0241,2.45,19.450001,17.235001,4.76
2007-04-16,0.0,11.98,5.26,1.68,-0.60047,125.489998,31.51,83.980003,16.440001,13.17,-1.0241,2.44,19.645,17.344999,4.74
2007-04-17,0.01,12.14,5.26,1.68,-0.60047,130.619995,31.309999,83.68,16.08,13.09,-1.0241,2.4,19.725,17.309999,4.69
2007-04-18,0.02,12.42,5.26,1.67,-0.60047,130.350006,31.950001,80.589996,16.290001,13.18,-1.0241,2.4,19.709999,17.790001,4.66
2007-04-19,0.04,12.54,5.26,1.67,-0.60047,126.110001,32.490002,77.910004,16.299999,13.3,-1.0241,2.41,19.555,18.01,4.68
2007-04-20,0.04,12.07,5.26,1.68,-0.596,128.369995,32.5,79.18,15.71,12.58,-1.0392,2.41,19.785,18.115,4.68
2007-04-23,0.04,13.04,5.26,1.68,-0.596,123.550003,32.41,79.330002,16.379999,13.08,-1.0392,2.41,19.745001,17.985001,4.66
2007-04-24,0.05,13.12,5.26,1.68,-0.596,124.169998,34.919998,77.830002,16.370001,13.1,-1.0392,2.42,19.674999,18.57,4.63
2007-04-25,0.03,13.21,5.26,1.68,-0.596,122.68,35.34,80.790001,16.360001,13.05,-1.0392,2.44,19.875,18.85,4.66
2007-04-26,0.02,12.79,5.26,1.69,-0.596,123.25,35.16,81.669998,15.97,12.6,-1.0392,2.43,19.844999,18.76,4.69
2007-04-27,0.04,12.45,5.26,1.68,-0.58938,124.730003,34.830002,80.660004,15.46,12.49,-1.0115,2.46,19.715,18.535,4.71
2007-04-30,0.03,14.22,5.26,1.68,-0.58938,123.370003,34.369999,85.330002,17.26,14.01,-1.0115,2.43,19.465,18.305,4.63
2007-05-01,0.01,13.51,5.25,1.67,-0.58938,125.449997,34.84,81.279999,16.940001,13.39,-1.0115,2.45,19.52,18.434999,4.64
2007-05-02,0.0,13.08,5.25,1.66,-0.58938,123.139999,35.110001,82.589996,16.700001,13.25,-1.0115,2.43,19.745001,18.555,4.65
2007-05-03,-0.03,13.09,5.25,1.64,-0.58938,123.029999,35.09,78.809998,16.6,13.22,-1.0115,2.43,19.705,18.535,4.68
2007-05-04,-0.03,12.91,5.25,1.64,-0.58054,123.110001,35.16,77.099998,16.59,13.26,-0.9162,2.41,19.75,18.76,4.65
2007-05-07,-0.04,13.15,5.25,1.64,-0.58054,123.300003,35.200001,78.510002,16.98,13.33,-0.9162,2.37,19.75,18.735001,4.64
2007-05-08,-0.05,13.21,5.25,1.66,-0.58054,120.739998,35.169998,79.900002,17.059999,13.42,-0.9162,2.36,19.665001,18.645,4.63
2007-05-09,-0.06,12.88,5.25,1.65,-0.58054,121.239998,36.830002,85.889999,16.290001,13.24,-0.9162,2.38,19.785,19.049999,4.67
2007-05-10,-0.05,13.6,5.25,1.66,-0.58054,119.5,36.619999,83.580002,17.379999,14.09,-0.9162,2.38,19.57,18.76,4.65
2007-05-11,-0.04,12.95,5.25,1.66,-0.57193,121.660004,36.700001,79.470001,16.09,13.44,-0.9667,2.37,19.65,18.99,4.67
2007-05-14,-0.04,13.96,5.25,1.65,-0.57193,119.779999,36.93,82.019997,16.83,14.24,-0.9667,2.37,19.65,19.030001,4.69
2007-05-15,-0.04,14.01,5.25,1.65,-0.57193,121.169998,36.669998,76.68,17.09,14.24,-0.9667,2.34,19.58,18.780001,4.71
2007-05-16,-0.02,13.5,5.25,1.64,-0.57193,123.400002,36.41,70.260002,16.309999,14.04,-0.9667,2.33,19.65,18.725,4.71
2007-05-17,-0.02,13.51,5.25,1.64,-0.57193,123.339996,35.939999,72.940002,16.75,14.17,-0.9667,2.35,19.68,18.549999,4.76
2007-05-18,-0.01,12.76,5.25,1.63,-0.56291,126.75,35.869999,75.43,15.91,13.5,-0.93,2.35,19.860001,18.575001,4.81
2007-05-21,-0.02,13.3,5.25,1.63,-0.56291,126.220001,35.549999,71.82,16.030001,13.61,-0.93,2.36,19.934999,18.549999,4.79
2007-05-22,0.0,13.06,5.25,1.63,-0.56291,124.739998,35.490002,72.360001,16.07,13.52,-0.93,2.35,19.915001,18.645,4.83
2007-05-23,0.01,13.24,5.25,1.63,-0.56291,123.169998,35.009998,71.440002,16.93,13.6,-0.93,2.36,19.924999,18.309999,4.86
2007-05-24,0.01,14.08,5.25,1.63,-0.56291,121.709999,34.610001,74.360001,18.02,14.37,-0.93,2.38,19.764999,18.035,4.86
2007-05-25,0.01,13.34,5.25,1.62,-0.55434,124.0,34.889999,72.419998,17.07,14.14,-0.9724,2.37,19.834999,18.129999,4.86
2007-05-28,0.01,13.34,5.25,1.62,-0.55434,124.0,34.889999,72.419998,17.07,14.14,-0.9724,2.37,19.834999,18.129999,4.86
2007-05-29,0.0,13.53,5.25,1.62,-0.55434,124.050003,34.950001,72.480003,17.57,14.08,-0.9724,2.34,19.82,18.209999,4.88
2007-05-30,-0.01,12.83,5.25,1.61,-0.55434,124.690002,35.009998,71.610001,16.84,13.45,-0.9724,2.36,20.0,18.084999,4.88
2007-05-31,-0.02,13.05,5.25,1.6,-0.55434,123.839996,35.360001,72.199997,16.860001,13.47,-0.9724,2.36,20.049999,18.355,4.9
2007-06-01,-0.02,12.78,5.25,1.6,-0.54787,124.230003,35.919998,70.190002,16.58,13.49,-0.9227,2.38,20.165001,18.49,4.95
2007-06-04,-0.04,13.29,5.25,1.58,-0.54787,122.260002,35.700001,70.739998,16.59,14.08,-0.9227,2.38,20.205,18.445,4.93
2007-06-05,-0.01,13.63,5.25,1.57,-0.54787,122.93,35.209999,69.239998,16.440001,14.26,-0.9227,2.38,20.084999,18.315001,4.98
2007-06-06,0.0,14.87,5.25,1.6,-0.54787,119.290001,35.040001,72.059998,17.200001,15.26,-0.9227,2.39,19.83,18.1,4.97
2007-06-07,0.08,17.06,5.25,1.6,-0.54787,117.519997,34.389999,75.830002,19.299999,16.450001,-0.9227,2.41,19.459999,17.844999,5.11
2007-06-08,0.11,14.84,5.25,1.62,-0.54479,122.080002,35.970001,70.690002,17.120001,15.13,-0.799,2.43,19.709999,18.360001,5.12
2007-06-11,0.13,14.71,5.25,1.61,-0.54479,119.709999,35.790001,68.730003,16.290001,15.1,-0.799,2.42,19.645,18.295,5.14
2007-06-12,0.18,16.67,5.25,1.6,-0.54479,119.510002,35.040001,69.480003,17.700001,16.02,-0.799,2.43,19.485001,18.155001,5.26
2007-06-13,0.12,14.73,5.25,1.58,-0.54479,121.589996,35.84,68.809998,15.81,15.08,-0.799,2.45,19.709999,18.549999,5.2
2007-06-14,0.13,13.64,5.25,1.57,-0.54479,122.419998,36.630001,63.52,15.43,14.46,-0.799,2.46,19.85,18.725,5.23
2007-06-15,0.11,13.94,5.25,1.6,-0.54109,121.629997,36.860001,64.029999,15.94,15.01,-0.7193,2.43,19.915001,19.1,5.16
2007-06-18,0.14,13.42,5.25,1.6,-0.54109,120.459999,37.5,66.760002,15.86,14.56,-0.7193,2.42,19.83,19.125,5.15
2007-06-19,0.15,12.85,5.25,1.6,-0.54109,123.379997,36.970001,67.239998,15.53,14.29,-0.7193,2.42,19.895,19.004999,5.09
2007-06-20,0.17,14.67,5.25,1.57,-0.54109,117.559998,36.75,76.800003,16.68,15.47,-0.7193,2.41,19.860001,18.889999,5.14
2007-06-21,0.18,14.21,5.25,1.6,-0.54109,117.970001,37.48,74.760002,16.209999,15.29,-0.7193,2.42,19.825001,19.424999,5.16
2007-06-22,0.22,15.75,5.25,1.6,-0.53578,116.519997,37.110001,78.349998,17.290001,16.26,-0.6909,2.44,19.695,19.139999,5.14
2007-06-25,0.22,16.65,5.25,1.59,-0.53578,116.870003,37.07,78.07,18.07,16.48,-0.6909,2.42,19.615,18.92,5.09
2007-06-26,0.2,18.89,5.25,1.61,-0.53578,116.029999,37.040001,82.010002,19.59,18.059999,-0.6909,2.4,19.48,18.875,5.1
2007-06-27,0.18,15.53,5.25,1.59,-0.53578,118.010002,37.779999,78.480003,17.360001,16.040001,-0.6909,2.39,19.68,19.295,5.09
2007-06-28,0.16,15.54,5.25,1.6,-0.53578,117.470001,37.740002,76.040001,16.91,16.01,-0.6909,2.39,19.639999,19.17,5.12
2007-06-29,0.16,16.23,5.25,1.59,-0.52384,115.720001,37.630001,76.940002,17.860001,16.4,-0.5633,2.38,19.665001,19.025,5.03
2007-07-02,0.14,15.4,5.25,1.6,-0.52384,119.68,38.060001,75.559998,17.0,16.1,-0.5633,2.39,19.77,19.299999,5.0
2007-07-03,0.16,14.92,5.25,1.6,-0.52384,119.870003,38.200001,74.629997,16.700001,15.61,-0.5633,2.37,19.799999,19.379999,5.05
2007-07-04,0.16,14.92,5.25,1.6,-0.52384,119.870003,38.200001,74.629997,16.700001,15.61,-0.5633,2.37,19.799999,19.379999,5.05
2007-07-05,0.17,15.48,5.25,1.58,-0.52384,120.589996,38.119999,75.860001,17.09,16.110001,-0.5633,2.4,19.905001,19.445,5.16
2007-07-06,0.2,14.72,5.25,1.59,-0.49935,120.849998,38.34,74.849998,16.52,15.53,-0.7801,2.4,20.084999,19.615,5.19
2007-07-09,0.19,15.16,5.25,1.58,-0.49935,120.629997,38.25,73.050003,17.08,16.08,-0.7801,2.41,20.01,19.705,5.16
2007-07-10,0.18,17.57,5.25,1.6,-0.49935,117.480003,38.110001,79.989998,18.610001,17.379999,-0.7801,2.39,19.655001,19.559999,5.03
2007-07-11,0.2,16.64,5.25,1.59,-0.49935,121.690002,38.110001,81.550003,17.540001,17.040001,-0.7801,2.38,19.77,19.525,5.09
2007-07-12,0.19,15.54,5.25,1.59,-0.49935,119.989998,38.75,76.599998,17.25,16.35,-0.7801,2.39,19.924999,20.110001,5.13
2007-07-13,0.17,15.15,5.25,1.59,-0.45498,119.589996,38.700001,76.650002,16.440001,16.32,-0.693,2.38,20.025,20.094999,5.11
2007-07-16,0.16,15.59,5.25,1.58,-0.45498,117.879997,39.07,72.559998,16.549999,16.450001,-0.693,2.36,19.945,20.15,5.05
2007-07-17,0.17,15.63,5.25,1.59,-0.45498,117.989998,39.18,72.410004,16.950001,16.5,-0.693,2.35,19.965,20.525,5.08
2007-07-18,0.18,16.0,5.25,1.58,-0.45498,120.349998,38.52,73.57,16.77,17.049999,-0.693,2.38,19.940001,20.15,5.02
2007-07-19,0.17,15.23,5.25,1.59,-0.45498,119.239998,38.400002,72.019997,16.549999,16.4,-0.693,2.39,19.985001,20.209999,5.04
2007-07-20,0.17,16.95,5.25,1.61,-0.38682,117.400002,38.009998,73.760002,17.49,17.440001,-0.6871,2.36,19.73,19.940001,4.96
2007-07-23,0.17,16.81,5.25,1.61,-0.38682,118.839996,38.18,74.559998,17.85,17.190001,-0.6871,2.34,19.76,19.924999,4.97
2007-07-24,0.17,18.55,5.25,1.65,-0.38682,116.129997,36.459999,79.32,19.309999,18.33,-0.6871,2.36,19.450001,19.514999,4.94
2007-07-25,0.18,18.1,5.25,1.65,-0.38682,116.389999,36.790001,75.309998,18.92,18.07,-0.6871,2.36,19.385,19.57,4.92
2007-07-26,0.23,20.74,5.25,1.83,-0.38682,116.269997,35.970001,87.379997,19.5,19.01,-0.6871,2.32,18.815001,19.209999,4.79
2007-07-27,0.24,24.17,5.25,1.87,-0.29303,113.230003,35.130001,97.230003,23.18,21.15,-0.1508,2.32,18.52,18.865,4.8
2007-07-30,0.23,20.87,5.25,1.88,-0.29303,115.419998,35.950001,97.449997,20.76,19.33,-0.1508,2.33,18.785,19.15,4.82
2007-07-31,0.22,23.52,5.25,1.85,-0.29303,115.529999,35.189999,104.080002,23.549999,21.35,-0.1508,2.34,18.5,18.885,4.78
2007-08-01,0.2,23.67,5.02,1.86,-0.29303,119.940002,35.110001,108.860001,23.780001,21.6,-0.1508,2.32,18.525,18.959999,4.76
2007-08-02,0.18,21.22,5.02,1.83,-0.29303,119.050003,34.82,100.800003,21.24,20.48,-0.1508,2.31,18.76,18.955,4.77
2007-08-03,0.25,25.16,5.02,1.86,-0.18076,117.300003,33.740002,104.050003,24.42,22.620001,-0.0151,2.27,18.184999,18.545,4.71
2007-08-06,0.26,22.94,5.02,1.89,-0.18076,118.809998,34.009998,95.220001,22.43,21.32,-0.0151,2.26,18.475,18.75,4.72
2007-08-07,0.21,21.56,5.02,1.83,-0.18076,116.919998,34.009998,85.959999,21.08,20.610001,-0.0151,2.26,18.58,18.719999,4.77
2007-08-08,0.2,21.45,5.02,1.87,-0.18076,120.919998,33.73,82.519997,20.969999,20.389999,-0.0151,2.26,18.790001,19.1,4.84
2007-08-09,0.3,26.48,5.02,1.91,-0.18076,115.300003,33.130001,99.870003,26.23,24.440001,-0.0151,2.25,18.26,18.799999,4.79
2007-08-10,0.34,28.3,5.02,1.88,-0.05993,116.040001,33.09,108.910004,26.84,25.4,0.1374,2.25,18.18,18.85,4.81
2007-08-13,0.32,26.57,5.02,1.91,-0.05993,119.5,33.169998,108.57,24.57,23.540001,0.1374,2.26,18.280001,18.73,4.78
2007-08-14,0.34,27.68,5.02,1.95,-0.05993,115.010002,32.959999,114.959999,24.969999,24.540001,0.1374,2.24,17.815001,18.49,4.73
2007-08-15,0.42,30.67,5.02,2.03,-0.05993,118.300003,32.32,121.669998,27.969999,26.48,0.1374,2.23,17.625,18.049999,4.69
2007-08-16,0.52,30.83,5.02,2.06,-0.05993,116.580002,32.529999,142.990005,29.030001,27.059999,0.1374,2.21,17.65,18.0,4.6
2007-08-17,0.5,29.99,5.02,2.07,0.05893,126.699997,33.09,133.869995,27.040001,26.16,1.2144,2.23,17.775,18.275,4.68
2007-08-20,0.53,26.33,5.02,2.08,0.05893,117.870003,33.470001,125.040001,25.200001,23.23,1.2144,2.2,17.870001,18.5,4.64
2007-08-21,0.55,25.25,5.02,2.09,0.05893,117.760002,33.68,122.599998,23.67,22.6,1.2144,2.22,17.99,18.58,4.6
2007-08-22,0.48,22.89,5.02,2.07,0.05893,120.529999,34.130001,117.470001,22.0,21.24,1.2144,2.21,18.23,18.665001,4.63
2007-08-23,0.42,22.62,5.02,2.04,0.05893,121.349998,34.150002,117.419998,22.030001,21.17,1.2144,2.23,18.16,18.615,4.62
2007-08-24,0.33,20.72,5.02,2.01,0.15427,122.790001,35.049999,111.949997,20.690001,20.290001,1.2816,2.23,18.525,18.84,4.63
2007-08-27,0.32,22.72,5.02,2.0,0.15427,121.529999,34.459999,115.239998,22.629999,21.42,1.2816,2.22,18.27,18.615,4.6
2007-08-28,0.4,26.3,5.02,2.07,0.15427,118.949997,33.419998,119.790001,25.9,25.030001,1.2816,2.2,17.83,18.15,4.53
2007-08-29,0.43,23.81,5.02,2.05,0.15427,121.019997,34.290001,113.220001,23.610001,23.17,1.2816,2.19,18.389999,18.674999,4.57
2007-08-30,0.43,25.06,5.02,2.07,0.15427,120.099998,34.080002,112.660004,25.379999,23.41,1.2816,2.19,18.315001,18.700001,4.51
2007-08-31,0.39,23.38,5.02,2.05,0.20656,117.260002,34.240002,109.269997,24.530001,22.440001,0.9956,2.2,18.615,18.945,4.54
2007-09-03,0.39,23.38,5.02,2.05,0.20656,117.260002,34.240002,109.269997,24.530001,22.440001,0.9956,2.2,18.615,18.945,4.54
2007-09-04,0.43,22.78,5.02,2.04,0.20656,119.620003,35.23,104.870003,24.51,22.01,0.9956,2.2,18.639999,19.440001,4.56
2007-09-05,0.45,24.58,5.02,2.06,0.20656,118.07,35.400002,107.910004,27.15,23.23,0.9956,2.19,18.344999,19.190001,4.48
2007-09-06,0.43,23.99,5.02,2.06,0.20656,117.339996,36.049999,106.599998,26.639999,23.129999,0.9956,2.19,18.389999,19.360001,4.51
2007-09-07,0.48,26.23,5.02,2.1,0.22261,116.720001,35.299999,108.220001,29.219999,24.52,1.4708,2.19,17.950001,18.905001,4.38
2007-09-10,0.47,27.38,5.02,2.13,0.22261,115.419998,35.220001,107.07,29.940001,25.26,1.4708,2.2,17.855,18.895,4.34
2007-09-11,0.42,25.27,5.02,2.11,0.22261,116.449997,35.720001,103.75,27.52,23.6,1.4708,2.21,18.055,19.115,4.37
2007-09-12,0.46,24.96,5.02,2.13,0.22261,116.620003,35.119999,106.949997,28.02,23.469999,1.4708,2.23,18.065001,18.790001,4.41
2007-09-13,0.41,24.76,5.02,2.12,0.22261,117.360001,34.900002,104.629997,27.440001,23.42,1.4708,2.25,18.315001,18.715,4.49
2007-09-14,0.42,24.92,5.02,2.12,0.19864,117.959999,34.68,104.389999,26.959999,23.48,1.5684,2.27,18.434999,18.57,4.47
2007-09-17,0.4,26.48,5.02,2.1,0.19864,117.870003,34.580002,102.220001,28.74,24.32,1.5684,2.27,18.209999,18.525,4.48
2007-09-18,0.5,20.35,5.02,2.11,0.19864,116.400002,34.740002,92.330002,23.280001,20.629999,1.5684,2.31,18.92,18.885,4.5
2007-09-19,0.53,20.03,5.02,2.11,0.19864,120.849998,35.220001,97.699997,22.51,20.280001,1.5684,2.32,18.955,19.075001,4.53
2007-09-20,0.59,20.45,5.02,2.04,0.19864,119.870003,35.77,97.379997,21.969999,20.51,1.5684,2.35,18.58,19.145,4.69
2007-09-21,0.58,19.0,5.02,2.03,0.14146,121.150002,36.619999,98.139999,20.709999,20.01,0.7108,2.33,18.549999,19.290001,4.64
2007-09-24,0.58,19.37,5.02,2.02,0.14146,122.82,36.459999,94.269997,20.83,19.59,0.7108,2.3,18.395,19.184999,4.63
2007-09-25,0.63,18.6,5.02,2.02,0.14146,118.580002,36.240002,94.330002,20.799999,19.450001,0.7108,2.29,18.155001,19.15,4.63
2007-09-26,0.66,17.63,5.02,2.03,0.14146,118.57,36.299999,89.489998,20.59,19.01,0.7108,2.29,18.415001,19.09,4.63
2007-09-27,0.63,17.0,5.02,2.01,0.14146,118.0,36.790001,87.57,20.59,18.23,0.7108,2.31,18.325001,19.18,4.58
2007-09-28,0.62,18.0,5.02,2.0,0.07572,119.970001,36.59,87.129997,21.01,18.629999,0.6976,2.32,18.415001,19.15,4.59
2007-10-01,0.54,17.84,4.76,1.99,0.07572,120.830002,36.810001,84.480003,21.09,18.610001,0.6976,2.3,18.655001,19.465,4.56
2007-10-02,0.56,18.49,4.76,2.0,0.07572,121.779999,36.630001,88.739998,21.26,19.219999,0.6976,2.31,18.65,19.48,4.54
2007-10-03,0.53,18.8,4.76,1.99,0.07572,121.790001,36.110001,87.650002,21.549999,19.530001,0.6976,2.3,18.754999,19.08,4.55
2007-10-04,0.54,18.44,4.76,1.97,0.07572,120.209999,36.200001,89.379997,21.459999,19.43,0.6976,2.3,18.66,18.985001,4.54
2007-10-05,0.57,16.91,4.76,1.94,0.01466,119.730003,36.540001,83.910004,19.77,18.34,0.6236,2.31,19.075001,19.225,4.65
2007-10-08,0.57,17.46,4.76,1.94,0.01466,118.480003,36.41,84.959999,20.25,18.6,0.6236,2.31,18.950001,19.25,4.65
2007-10-09,0.52,16.12,4.76,1.9,0.01466,119.129997,36.59,79.93,19.42,17.629999,0.6236,2.33,18.98,19.174999,4.67
2007-10-10,0.5,16.67,4.76,1.91,0.01466,118.639999,36.389999,87.459999,19.73,18.32,0.6236,2.32,18.9,19.045,4.65
2007-10-11,0.53,18.88,4.76,1.9,0.01466,117.440002,35.23,95.779999,22.42,19.58,0.6236,2.34,18.815001,18.705,4.66
2007-10-12,0.47,17.73,4.76,1.87,-0.02594,119.540001,35.389999,90.629997,21.200001,19.15,0.3571,2.34,18.91,18.17,4.7
2007-10-15,0.47,19.25,4.76,1.88,-0.02594,117.449997,34.419998,86.18,23.459999,20.389999,0.3571,2.35,18.610001,18.15,4.69
2007-10-16,0.54,20.02,4.76,1.92,-0.02594,116.639999,34.41,91.470001,23.559999,21.200001,0.3571,2.35,18.549999,18.08,4.66
2007-10-17,0.57,18.54,4.76,1.91,-0.02594,118.480003,35.029999,89.480003,22.02,20.360001,0.3571,2.35,18.57,18.4,4.57
2007-10-18,0.59,18.5,4.76,1.94,-0.02594,117.279999,34.400002,83.370003,22.139999,20.23,0.3571,2.32,18.4,18.360001,4.52
2007-10-19,0.61,22.96,4.76,1.97,-0.03287,114.989998,33.919998,91.559998,25.940001,23.219999,0.7216,2.32,17.99,17.815001,4.41
2007-10-22,0.57,21.64,4.76,1.96,-0.03287,115.699997,34.27,88.169998,25.26,21.52,0.7216,2.31,18.15,18.0,4.42
2007-10-23,0.6,20.41,4.76,1.98,-0.03287,116.419998,31.43,86.419998,24.129999,21.01,0.7216,2.3,18.235001,17.715,4.41
2007-10-24,0.62,20.8,4.76,1.98,-0.03287,116.480003,31.530001,89.139999,24.799999,21.290001,0.7216,2.29,18.174999,17.225,4.36
2007-10-25,0.63,21.17,4.76,1.99,-0.03287,115.669998,31.33,90.82,25.77,21.379999,0.7216,2.33,18.065001,16.924999,4.37
2007-10-26,0.64,19.56,4.76,1.98,-0.00214,116.339996,31.719999,95.360001,25.01,20.389999,0.7852,2.36,18.275,16.895,4.41
2007-10-29,0.6,19.87,4.76,1.98,-0.00214,115.190002,32.189999,95.010002,25.83,20.4,0.7852,2.35,18.325001,17.075001,4.39
2007-10-30,0.58,21.07,4.76,1.99,-0.00214,114.459999,32.16,100.370003,26.360001,21.290001,0.7852,2.34,18.27,17.110001,4.4
2007-10-31,0.54,18.53,4.76,1.99,-0.00214,116.879997,32.599998,93.620003,23.110001,19.52,0.7852,2.34,18.325001,17.309999,4.48
2007-11-01,0.59,23.21,4.49,2.01,-0.00214,114.669998,32.099998,97.529999,26.26,22.629999,0.7852,2.36,17.860001,17.035,4.36
2007-11-02,0.65,23.01,4.49,2.04,0.06488,116.519997,32.110001,97.459999,24.83,23.139999,0.4678,2.39,17.85,17.125,4.31
2007-11-05,0.66,24.31,4.49,2.02,0.06488,115.379997,32.18,97.290001,26.1,24.030001,0.4678,2.41,17.610001,17.025,4.35
2007-11-06,0.68,21.39,4.49,2.03,0.06488,115.459999,33.220001,92.699997,23.91,22.17,0.4678,2.45,17.764999,17.205,4.38
2007-11-07,0.73,26.49,4.49,2.1,0.06488,115.580002,32.27,98.169998,27.139999,25.24,0.4678,2.43,17.4,16.825001,4.34
2007-11-08,0.81,26.16,4.49,2.16,0.06488,115.029999,31.98,97.360001,29.610001,25.360001,0.4678,2.4,17.35,16.525,4.28
2007-11-09,0.81,28.5,4.49,2.18,0.16318,115.769997,31.77,97.860001,32.52,27.030001,1.1392,2.41,16.955,16.469999,4.23
2007-11-12,0.81,31.09,4.49,2.18,0.16318,117.919998,31.389999,98.089996,34.939999,27.35,1.1392,2.41,16.98,16.309999,4.23
2007-11-13,0.72,24.1,4.49,2.18,0.16318,121.089996,31.85,92.580002,29.709999,24.66,1.1392,2.4,17.450001,16.6,4.26
2007-11-14,0.71,25.94,4.49,2.16,0.16318,119.699997,31.07,94.389999,31.32,25.65,1.1392,2.4,17.174999,16.455,4.28
2007-11-15,0.82,28.06,4.49,2.22,0.16318,118.309998,30.889999,92.959999,32.91,27.440001,1.1392,2.36,17.01,16.35,4.17
2007-11-16,0.82,25.49,4.49,2.26,0.27445,119.300003,31.74,92.800003,28.790001,26.440001,1.1597,2.35,17.004999,16.395,4.15
2007-11-19,0.89,26.01,4.49,2.3,0.27445,115.610001,30.91,91.129997,30.110001,25.66,1.1597,2.37,16.629999,16.110001,4.07
2007-11-20,0.92,24.88,4.49,2.35,0.27445,114.099998,30.959999,91.339996,29.889999,26.09,1.1597,2.38,16.645,16.025,4.06
2007-11-21,1.01,26.84,4.49,2.41,0.27445,111.489998,30.639999,94.489998,30.549999,27.42,1.1597,2.38,16.485001,15.715,4.0
2007-11-22,1.01,26.84,4.49,2.41,0.27445,111.489998,30.639999,94.489998,30.549999,27.42,1.1597,2.38,16.485001,15.715,4.0
2007-11-23,0.94,25.61,4.49,2.37,0.3874,111.32,30.91,89.620003,30.49,25.969999,1.9119,2.38,16.775,15.895,4.01
2007-11-26,0.91,28.91,4.49,2.4,0.3874,109.940002,30.41,91.550003,33.43,28.440001,1.9119,2.38,16.34,15.55,3.83
2007-11-27,0.9,26.28,4.49,2.41,0.3874,109.309998,30.709999,90.699997,30.76,26.59,1.9119,2.37,16.6,15.79,3.95
2007-11-28,0.86,24.11,4.49,2.4,0.3874,111.279999,31.889999,91.620003,28.83,24.25,1.9119,2.32,17.245001,16.5,4.03
2007-11-29,0.88,23.97,4.49,2.46,0.3874,110.790001,31.860001,91.080002,28.27,24.5,1.9119,2.33,17.075001,16.325001,3.94
2007-11-30,0.93,22.87,4.49,2.47,0.48117,111.849998,31.57,88.879997,28.65,23.93,2.0641,2.34,17.325001,16.16,3.97
2007-12-03,0.99,23.61,4.49,2.52,0.48117,111.57,31.57,87.449997,29.629999,24.299999,2.0641,2.32,17.235001,16.155001,3.89
2007-12-04,0.99,23.79,4.49,2.53,0.48117,110.370003,31.700001,86.849998,28.85,24.65,2.0641,2.3,17.18,16.08,3.89
2007-12-05,1.02,22.53,4.49,2.58,0.48117,112.080002,32.380001,83.080002,26.91,23.33,2.0641,2.26,17.155001,16.535,3.92
2007-12-06,0.99,20.96,4.49,2.59,0.48117,112.790001,32.27,81.510002,24.889999,22.1,2.0641,2.25,17.305,16.77,4.02
2007-12-07,1.0,20.85,4.49,2.61,0.54429,112.790001,32.48,82.470001,23.75,22.18,1.9495,2.26,17.450001,16.709999,4.12
2007-12-10,0.98,20.74,4.49,2.59,0.54429,113.389999,32.669998,81.5,24.389999,21.93,1.9495,2.26,17.459999,16.844999,4.15
2007-12-11,1.04,23.59,4.49,2.63,0.54429,111.269997,32.93,82.580002,26.459999,24.120001,1.9495,2.25,16.9,16.525,3.98
2007-12-12,0.98,22.47,4.49,2.63,0.54429,113.029999,33.369999,89.410004,25.969999,23.290001,1.9495,2.27,16.955,16.76,4.05
2007-12-13,0.97,22.56,4.49,2.58,0.54429,111.449997,33.490002,88.190002,25.52,23.52,1.9495,2.31,16.844999,16.584999,4.18
2007-12-14,0.93,23.27,4.49,2.55,0.57065,111.309998,33.290001,85.82,25.91,24.209999,1.9232,2.34,16.625,16.334999,4.24
2007-12-17,0.96,24.52,4.49,2.55,0.57065,109.75,33.209999,85.379997,27.889999,25.530001,1.9232,2.34,16.469999,16.08,4.2
2007-12-18,0.95,22.64,4.49,2.52,0.57065,110.379997,33.209999,80.830002,26.790001,24.67,1.9232,2.34,16.625,16.15,4.14
2007-12-19,0.94,21.68,4.49,2.54,0.57065,111.220001,33.040001,83.470001,24.879999,23.809999,1.9232,2.33,16.475,16.18,4.06
2007-12-20,0.95,20.58,4.49,2.51,0.57065,111.809998,33.450001,79.440002,23.15,22.870001,1.9232,2.3,16.555,16.41,4.04
2007-12-21,0.99,18.47,4.49,2.5,0.55966,115.120003,33.799999,82.870003,20.9,21.5,1.774,2.34,16.469999,16.559999,4.18
2007-12-24,0.99,18.6,4.49,2.49,0.55966,115.860001,34.119999,79.849998,21.42,21.139999,1.774,2.35,16.775,16.695,4.23
2007-12-25,0.99,18.6,4.49,2.49,0.55966,115.860001,34.119999,79.849998,21.42,21.139999,1.774,2.35,16.775,16.695,4.23
2007-12-26,0.99,18.66,4.49,2.49,0.55966,115.199997,34.099998,80.790001,21.32,20.93,1.774,2.35,16.719999,16.67,4.3
2007-12-27,0.97,20.26,4.49,2.52,0.55966,114.120003,33.639999,84.360001,22.459999,22.049999,1.774,2.36,16.485001,16.370001,4.21
2007-12-28,0.99,20.74,4.49,2.51,0.51941,112.900002,33.490002,84.029999,23.629999,22.559999,1.3182,2.33,16.41,16.315001,4.11
2007-12-31,0.99,22.5,4.49,2.52,0.51941,111.650002,33.400002,82.190002,25.9,23.309999,1.3182,2.31,16.35,16.23,4.04
2008-01-01,0.99,22.5,3.94,2.52,0.51941,111.650002,33.400002,82.190002,25.9,23.309999,1.3182,2.31,16.35,16.23,4.04
2008-01-02,1.03,23.17,3.94,2.54,0.51941,110.610001,32.349998,80.580002,27.139999,23.6,1.3182,2.32,16.1,15.68,3.91
2008-01-03,1.08,22.49,3.94,2.57,0.51941,111.379997,31.639999,79.330002,26.59,22.809999,1.3182,2.33,15.92,15.405,3.91
2008-01-04,1.14,23.94,3.94,2.59,0.47108,109.529999,30.530001,81.459999,28.620001,23.690001,1.601,2.32,15.42,14.625,3.88
2008-01-07,1.1,23.79,3.94,2.6,0.47108,110.190002,30.49,79.510002,29.389999,23.219999,1.601,2.29,15.475,14.705,3.86
2008-01-08,1.1,25.43,3.94,2.63,0.47108,109.169998,30.5,79.589996,30.77,25.49,1.601,2.29,15.175,14.435,3.86
2008-01-09,1.13,24.12,3.94,2.67,0.47108,110.760002,30.48,89.370003,28.18,24.5,1.601,2.26,15.285,14.46,3.82
2008-01-10,1.2,23.45,3.94,2.73,0.47108,110.25,30.43,84.980003,27.780001,23.950001,1.601,2.23,15.5,14.41,3.91
2008-01-11,1.23,23.68,3.94,2.77,0.42588,108.790001,29.9,84.660004,28.82,24.5,1.2874,2.26,15.13,14.1,3.82
2008-01-14,1.23,22.9,3.94,2.76,0.42588,111.379997,30.4,86.959999,28.08,23.67,1.2874,2.28,15.275,14.58,3.81
2008-01-15,1.19,23.34,3.94,2.78,0.42588,108.150002,29.719999,81.129997,27.48,24.389999,1.2874,2.27,14.995,14.215,3.72
2008-01-16,1.23,24.38,3.94,2.77,0.42588,108.489998,29.5,80.510002,28.870001,24.360001,1.2874,2.24,15.08,13.955,3.74
2008-01-17,1.22,28.46,3.94,2.81,0.42588,110.0,29.290001,84.989998,31.16,26.440001,1.2874,2.23,14.83,13.765,3.66
2008-01-18,1.3,27.18,3.94,2.87,0.40201,110.620003,29.459999,77.239998,30.23,25.99,0.963,2.24,14.76,13.955,3.66
2008-01-21,1.3,27.18,3.94,2.87,0.40201,110.620003,29.459999,77.239998,30.23,25.99,0.963,2.24,14.76,13.955,3.66
2008-01-22,1.44,31.01,3.94,2.98,0.40201,114.610001,28.98,86.580002,35.630001,27.389999,0.963,2.24,15.05,13.705,3.52
2008-01-23,1.42,29.02,3.94,2.95,0.40201,113.07,30.299999,82.68,34.02,26.25,0.963,2.2,15.6,14.195,3.51
2008-01-24,1.43,27.78,3.94,2.95,0.40201,113.370003,30.42,81.309998,32.220001,26.0,0.963,2.24,15.755,14.445,3.68
2008-01-25,1.38,29.08,3.94,2.95,0.40941,112.639999,29.790001,79.0,33.810001,26.860001,1.6131,2.27,15.43,14.01,3.61
2008-01-28,1.41,27.78,3.94,2.97,0.40941,114.150002,30.32,76.43,32.560001,25.969999,1.6131,2.28,15.685,14.33,3.61
2008-01-29,1.4,27.32,3.94,2.94,0.40941,113.82,30.370001,77.459999,32.849998,25.65,1.6131,2.32,15.735,14.275,3.69
2008-01-30,1.48,27.62,3.94,2.94,0.40941,112.330002,30.85,76.410004,31.799999,26.08,1.6131,2.33,15.635,14.405,3.78
2008-01-31,1.5,26.2,3.94,2.96,0.40941,106.43,30.950001,75.209999,31.08,25.209999,1.6131,2.34,16.290001,14.075,3.67
2008-02-01,1.53,24.02,2.98,2.98,0.43923,114.860001,31.52,73.940002,28.25,24.110001,0.966,2.31,16.434999,15.12,3.62
2008-02-04,1.6,25.99,2.98,2.98,0.43923,112.879997,31.16,73.900002,30.459999,25.360001,0.966,2.3,16.200001,14.75,3.68
2008-02-05,1.68,28.24,2.98,3.01,0.43923,112.010002,29.74,75.059998,32.439999,26.99,0.966,2.27,15.745,14.21,3.61
2008-02-06,1.65,28.97,2.98,3.05,0.43923,111.93,29.49,74.629997,32.68,27.610001,0.966,2.25,15.575,13.95,3.61
2008-02-07,1.75,27.66,2.98,3.06,0.43923,112.709999,29.209999,72.0,31.559999,26.74,0.966,2.27,15.875,14.005,3.74
2008-02-08,1.71,28.01,2.98,3.09,0.50074,111.709999,29.6,72.599998,30.08,27.059999,1.4993,2.28,15.785,14.075,3.64
2008-02-11,1.69,27.6,2.98,3.09,0.50074,114.57,30.16,71.410004,29.09,26.67,1.4993,2.3,15.95,14.35,3.62
2008-02-12,1.72,26.33,2.98,3.11,0.50074,113.970001,30.309999,72.519997,28.219999,26.110001,1.4993,2.3,15.98,14.35,3.66
2008-02-13,1.79,24.88,2.98,3.11,0.50074,116.25,30.85,71.440002,25.35,25.290001,1.4993,2.28,16.184999,14.81,3.7
2008-02-14,1.92,25.54,2.98,3.1,0.50074,114.190002,30.219999,69.230003,26.52,25.469999,1.4993,2.28,16.030001,14.47,3.85
2008-02-15,1.85,25.02,2.98,3.14,0.58567,112.029999,30.129999,74.720001,26.690001,25.440001,1.2901,2.28,16.115,14.29,3.76
2008-02-18,1.85,25.02,2.98,3.14,0.58567,112.029999,30.129999,74.720001,26.690001,25.440001,1.2901,2.28,16.115,14.29,3.76
2008-02-19,1.83,25.59,2.98,3.07,0.58567,113.57,29.799999,69.599998,27.99,25.469999,1.2901,2.33,15.93,14.145,3.89
2008-02-20,1.79,24.4,2.98,3.03,0.58567,112.239998,30.309999,71.290001,27.09,24.67,1.2901,2.38,16.15,14.425,3.93
2008-02-21,1.79,25.12,2.98,3.1,0.58567,112.440002,29.959999,69.650002,26.92,25.09,1.2901,2.34,15.765,14.405,3.77
2008-02-22,1.81,24.06,2.98,3.12,0.68512,113.580002,30.17,65.470001,26.299999,24.4,1.1438,2.35,16.110001,14.395,3.79
2008-02-25,1.78,23.03,2.98,3.08,0.68512,113.419998,30.379999,68.919998,26.67,23.93,1.1438,2.38,16.325001,14.495,3.91
2008-02-26,1.84,21.9,2.98,3.1,0.68512,112.389999,31.15,68.589996,25.950001,23.110001,1.1438,2.44,16.485001,14.76,3.88
2008-02-27,1.84,22.69,2.98,3.11,0.68512,111.610001,31.42,67.559998,25.059999,23.690001,1.1438,2.43,16.450001,14.935,3.85
2008-02-28,1.84,23.53,2.98,3.17,0.68512,111.330002,31.02,66.610001,26.6,24.290001,1.1438,2.45,16.059999,14.725,3.71
2008-02-29,1.88,26.54,2.98,3.22,0.78564,110.190002,29.959999,69.809998,28.440001,26.389999,1.4244,2.43,15.66,14.275,3.53
2008-03-03,1.93,26.28,2.98,3.22,0.78564,110.400002,29.93,71.019997,29.469999,26.08,1.4244,2.46,15.625,14.2,3.54
2008-03-04,1.98,25.52,2.98,3.19,0.78564,110.07,29.27,69.949997,28.26,25.76,1.4244,2.48,15.6,14.315,3.63
2008-03-05,2.04,24.6,2.98,3.26,0.78564,110.239998,29.75,68.510002,27.52,24.91,1.4244,2.54,15.605,14.475,3.7
2008-03-06,2.09,27.55,2.98,3.35,0.78564,110.459999,29.200001,74.529999,29.99,27.0,1.4244,2.55,15.225,14.22,3.62
2008-03-07,2.03,27.49,2.98,3.39,0.87755,110.279999,29.299999,76.019997,29.25,27.110001,2.4449,2.55,15.08,14.315,3.56
2008-03-10,1.99,29.38,2.98,3.43,0.87755,109.889999,29.65,77.449997,31.379999,28.33,2.4449,2.56,14.905,14.345,3.46
2008-03-11,1.86,26.36,2.98,3.39,0.87755,112.709999,28.76,73.760002,28.559999,26.09,2.4449,2.55,15.31,14.635,3.6
2008-03-12,1.86,27.22,2.98,3.39,0.87755,111.470001,28.379999,73.940002,30.049999,27.370001,2.4449,2.54,15.225,14.555,3.49
2008-03-13,1.93,27.29,2.98,3.39,0.87755,112.580002,29.02,75.559998,29.860001,27.18,2.4449,2.51,15.24,14.655,3.56
2008-03-14,1.97,31.16,2.98,3.42,0.93896,110.589996,28.209999,80.989998,32.009998,29.360001,2.0257,2.43,15.02,14.34,3.44
2008-03-17,1.99,32.24,2.98,3.5,0.93896,113.510002,28.68,80.709999,32.990002,29.58,2.0257,2.29,14.82,14.365,3.34
2008-03-18,1.9,25.79,2.98,3.39,0.93896,112.400002,29.48,72.970001,28.450001,26.01,2.0257,2.4,15.405,14.865,3.48
2008-03-19,1.84,29.84,2.98,3.44,0.93896,113.110001,28.110001,70.5,31.280001,28.780001,2.0257,2.34,15.2,14.355,3.38
2008-03-20,1.75,26.62,2.98,3.42,0.93896,113.709999,28.280001,66.970001,29.049999,27.290001,2.0257,2.32,15.625,14.545,3.34
2008-03-21,1.75,26.62,2.98,3.42,0.96344,113.709999,28.280001,66.970001,29.049999,27.290001,2.3591,2.32,15.625,14.545,3.34
2008-03-24,1.72,25.73,2.98,3.34,0.96344,114.559998,29.07,68.82,28.690001,25.959999,2.3591,2.32,16.145,14.9,3.56
2008-03-25,1.72,25.72,2.98,3.39,0.96344,114.870003,29.290001,68.650002,29.07,26.18,2.3591,2.26,16.014999,14.93,3.51
2008-03-26,1.8,26.08,2.98,3.41,0.96344,112.080002,28.950001,69.559998,29.75,26.610001,2.3591,2.27,15.715,14.705,3.51
2008-03-27,1.83,25.88,2.98,3.41,0.96344,111.779999,28.59,69.0,29.549999,26.280001,2.3591,2.33,15.565,14.45,3.56
2008-03-28,1.8,25.71,2.98,3.47,0.94271,110.779999,28.34,68.790001,28.870001,26.24,1.6751,2.34,15.265,14.265,3.47
2008-03-31,1.83,25.61,2.98,3.45,0.94271,110.360001,28.27,67.639999,29.040001,25.639999,1.6751,2.34,15.36,14.36,3.45
2008-04-01,1.77,22.68,2.28,3.43,0.94271,111.309998,29.32,66.959999,26.559999,23.610001,1.6751,2.35,16.049999,14.865,3.57
2008-04-02,1.72,23.43,2.28,3.4,0.94271,112.080002,29.540001,67.610001,27.27,24.299999,1.6751,2.34,16.049999,14.985,3.6
2008-04-03,1.7,23.21,2.28,3.38,0.94271,111.879997,30.129999,66.110001,26.93,24.120001,1.6751,2.33,16.1,15.29,3.61
2008-04-04,1.67,22.45,2.28,3.4,0.88945,111.480003,29.889999,64.559998,25.6,23.52,1.7239,2.32,16.025,15.22,3.5
2008-04-07,1.62,22.42,2.28,3.37,0.88945,111.57,30.059999,67.400002,26.190001,23.200001,1.7239,2.34,15.965,15.145,3.57
2008-04-08,1.71,22.36,2.28,3.37,0.88945,112.129997,29.209999,67.300003,26.030001,23.07,1.7239,2.32,15.93,14.73,3.58
2008-04-09,1.72,22.81,2.28,3.38,0.88945,110.959999,29.52,75.239998,26.610001,23.549999,1.7239,2.3,15.58,14.9,3.49
2008-04-10,1.71,21.98,2.28,3.35,0.88945,110.82,30.07,75.470001,25.77,23.059999,1.7239,2.29,15.745,15.245,3.55
2008-04-11,1.73,23.46,2.28,3.38,0.81529,109.900002,29.42,74.739998,27.540001,24.190001,1.8767,2.3,15.455,14.775,3.49
2008-04-14,1.75,23.82,2.28,3.39,0.81529,109.620003,28.719999,72.389999,28.280001,24.41,1.8767,2.3,15.345,14.45,3.53
2008-04-15,1.76,22.78,2.28,3.39,0.81529,109.900002,28.719999,68.150002,27.459999,23.700001,1.8767,2.32,15.325,14.43,3.6
2008-04-16,1.74,20.53,2.28,3.39,0.81529,112.470001,29.610001,66.360001,25.549999,21.82,1.8767,2.31,15.665,15.025,3.72
2008-04-17,1.62,20.37,2.28,3.34,0.81529,113.519997,28.790001,65.089996,24.200001,21.75,1.8767,2.31,15.735,15.05,3.75
2008-04-18,1.58,20.13,2.28,3.26,0.7327,115.349998,29.6,62.09,23.58,21.370001,1.9074,2.32,16.035,15.2,3.77
2008-04-21,1.55,20.5,2.28,3.22,0.7327,115.309998,30.59,63.43,24.09,21.459999,1.9074,2.31,16.035,15.47,3.75
2008-04-22,1.5,20.87,2.28,3.21,0.7327,114.419998,28.82,62.84,24.540001,21.799999,1.9074,2.31,15.805,15.025,3.74
2008-04-23,1.55,20.26,2.28,3.18,0.7327,113.330002,29.059999,59.740002,25.059999,21.58,1.9074,2.33,15.8,15.3,3.77
2008-04-24,1.46,20.06,2.28,3.13,0.7327,114.269997,29.6,62.75,23.719999,21.18,1.9074,2.31,16.02,15.45,3.87
2008-04-25,1.47,19.59,2.28,3.14,0.64702,114.489998,29.559999,65.989998,23.34,20.58,1.6944,2.31,16.18,15.48,3.91
2008-04-28,1.5,19.64,2.28,3.11,0.64702,114.610001,29.360001,66.480003,23.65,20.41,1.6944,2.3,16.16,15.46,3.86
2008-04-29,1.5,20.24,2.28,3.11,0.64702,114.580002,29.66,65.419998,23.870001,20.82,1.6944,2.29,16.290001,15.505,3.85
2008-04-30,1.48,20.79,2.28,3.1,0.64702,112.480003,29.16,64.690002,24.41,21.25,1.6944,2.27,15.725,15.285,3.77
2008-05-01,1.41,18.88,1.98,3.04,0.64702,116.0,29.6,63.060001,22.719999,19.780001,1.6944,2.26,16.629999,15.815,3.78
2008-05-02,1.42,18.18,1.98,2.97,0.57187,117.489998,29.700001,63.68,21.389999,19.530001,1.3656,2.36,16.594999,15.895,3.89
2008-05-05,1.46,18.9,1.98,3.01,0.57187,115.32,29.27,70.099998,22.43,20.02,1.3656,2.35,16.41,15.785,3.88
2008-05-06,1.55,18.21,1.98,3.01,0.57187,117.629997,29.639999,69.040001,21.879999,19.75,1.3656,2.38,16.48,15.9,3.93
2008-05-07,1.56,19.73,1.98,3.05,0.57187,116.239998,29.52,72.82,23.51,20.959999,1.3656,2.36,16.17,15.815,3.87
2008-05-08,1.54,19.4,1.98,3.08,0.57187,114.989998,29.77,73.449997,23.18,20.879999,1.3656,2.36,16.195,15.88,3.79
2008-05-09,1.52,19.41,1.98,3.07,0.51721,117.769997,29.809999,73.790001,23.48,20.870001,1.2482,2.38,16.1,15.87,3.77
2008-05-12,1.48,17.79,1.98,3.06,0.51721,117.419998,29.93,72.0,22.459999,20.24,1.2482,2.37,16.43,16.040001,3.78
2008-05-13,1.43,17.98,1.98,3.04,0.51721,117.93,29.879999,68.620003,21.5,20.15,1.2482,2.39,16.49,16.059999,3.9
2008-05-14,1.39,17.66,1.98,3.06,0.51721,118.919998,30.450001,71.18,21.469999,20.0,1.2482,2.43,16.674999,16.24,3.92
2008-05-15,1.38,16.3,1.98,3.08,0.51721,121.050003,31.360001,71.160004,20.129999,19.280001,1.2482,2.43,16.834999,16.575001,3.83
2008-05-16,1.38,16.47,1.98,3.06,0.48465,119.489998,31.790001,75.769997,20.0,19.57,1.0208,2.44,16.719999,16.639999,3.85
2008-05-19,1.41,17.01,1.98,3.07,0.48465,117.959999,32.529999,76.629997,21.09,19.84,1.0208,2.47,16.725,16.65,3.83
2008-05-20,1.44,17.58,1.98,3.08,0.48465,117.440002,32.169998,79.800003,21.370001,20.809999,1.0208,2.47,16.465,16.34,3.78
2008-05-21,1.4,18.59,1.98,3.08,0.48465,114.510002,32.130001,80.120003,22.959999,22.110001,1.0208,2.51,16.115,16.145,3.81
2008-05-22,1.36,18.05,1.98,3.06,0.48465,114.410004,31.83,83.620003,22.49,21.52,1.0208,2.51,16.045,16.15,3.92
2008-05-23,1.39,19.55,1.98,3.06,0.47963,113.110001,31.75,79.629997,23.360001,22.51,0.9329,2.49,15.85,16.040001,3.85
2008-05-26,1.39,19.55,1.98,3.06,0.47963,113.110001,31.75,79.629997,23.360001,22.51,0.9329,2.49,15.85,16.040001,3.85
2008-05-27,1.38,19.64,1.98,3.08,0.47963,113.379997,32.34,79.349998,22.99,22.16,0.9329,2.47,15.97,16.290001,3.93
2008-05-28,1.41,19.07,1.98,3.03,0.47963,113.93,32.490002,77.699997,22.24,21.66,0.9329,2.45,15.97,16.34,4.03
2008-05-29,1.41,18.14,1.98,3.04,0.47963,114.830002,32.700001,74.199997,21.280001,20.799999,0.9329,2.46,16.280001,16.334999,4.08
2008-05-30,1.4,17.83,1.98,3.0,0.5009,113.529999,32.48,73.459999,20.85,20.530001,0.9694,2.48,16.155001,16.325001,4.06
2008-06-02,1.47,19.83,1.98,3.05,0.5009,114.389999,32.119999,78.599998,22.879999,21.719999,0.9694,2.47,15.995,16.275,3.98
2008-06-03,1.47,20.24,1.98,3.03,0.5009,114.599998,31.57,79.720001,23.889999,22.110001,0.9694,2.41,16.014999,16.1,3.92
2008-06-04,1.51,20.8,1.98,3.04,0.5009,114.370003,31.969999,81.040001,24.01,22.59,0.9694,2.39,16.110001,16.4,3.98
2008-06-05,1.54,18.63,1.98,3.01,0.5009,114.760002,32.029999,79.349998,22.85,21.08,0.9694,2.43,16.32,16.450001,4.06
2008-06-06,1.54,23.56,1.98,3.04,0.54675,113.550003,31.24,88.779999,26.040001,24.200001,1.3084,2.47,15.63,16.055,3.94
2008-06-09,1.29,23.12,1.98,2.94,0.54675,114.980003,31.33,92.230003,26.700001,23.85,1.3084,2.48,15.62,16.025,4.02
2008-06-10,1.2,23.18,1.98,2.94,0.54675,114.300003,30.42,91.980003,26.58,23.84,1.3084,2.49,15.68,15.8,4.11
2008-06-11,1.27,24.12,1.98,2.97,0.54675,113.199997,29.76,93.870003,27.32,24.32,1.3084,2.48,15.35,15.35,4.1
2008-06-12,1.2,23.33,1.98,2.9,0.54675,113.970001,29.549999,92.410004,27.4,23.700001,1.3084,2.5,15.475,15.375,4.23
2008-06-13,1.22,21.22,1.98,2.9,0.60102,113.769997,30.17,86.910004,25.299999,22.6,1.2359,2.5,15.86,15.885,4.27
2008-06-16,1.23,20.95,1.98,2.92,0.60102,114.709999,30.18,84.169998,25.02,22.43,1.2359,2.49,15.81,16.0,4.25
2008-06-17,1.29,21.13,1.98,2.94,0.60102,115.709999,29.940001,80.889999,24.700001,22.48,1.2359,2.48,15.65,15.85,4.23
2008-06-18,1.27,22.24,1.98,2.95,0.60102,112.739998,29.379999,81.559998,25.799999,23.549999,1.2359,2.48,15.305,15.545,4.16
2008-06-19,1.23,21.58,1.98,2.92,0.60102,113.440002,29.99,77.910004,24.799999,22.84,1.2359,2.47,15.5,15.84,4.22
2008-06-20,1.28,22.87,1.98,2.95,0.65792,113.129997,29.4,78.349998,26.75,23.57,1.2734,2.44,14.99,15.55,4.16
2008-06-23,1.21,22.64,1.98,2.93,0.65792,113.589996,29.02,78.370003,27.530001,23.299999,1.2734,2.44,14.73,15.325,4.19
2008-06-24,1.23,22.42,1.98,2.98,0.65792,112.199997,29.030001,77.410004,28.139999,23.209999,1.2734,2.46,14.79,15.415,4.1
2008-06-25,1.3,21.14,1.98,2.96,0.65792,110.699997,29.690001,76.010002,26.389999,22.32,1.2734,2.47,14.9,15.64,4.12
2008-06-26,1.39,23.93,1.98,3.0,0.65792,109.669998,28.709999,79.870003,29.059999,24.309999,1.2734,2.52,14.55,15.0,4.07
2008-06-27,1.34,23.44,1.98,3.04,0.71044,110.519997,28.51,79.540001,28.67,23.93,1.7348,2.51,14.305,14.945,3.99
2008-06-30,1.36,23.95,1.98,3.05,0.71044,112.0,28.16,79.660004,29.76,23.77,1.7348,2.51,14.24,14.825,3.99
2008-07-01,1.38,23.65,2.01,3.06,0.71044,112.690002,27.639999,79.440002,28.73,23.67,1.7348,2.52,14.06,14.7,4.01
2008-07-02,1.39,25.92,2.01,3.05,0.71044,110.959999,27.200001,79.190002,30.92,25.02,1.7348,2.56,13.905,14.44,3.99
2008-07-03,1.45,24.79,2.01,3.08,0.71044,111.720001,27.440001,76.440002,29.860001,24.42,1.7348,2.57,14.025,14.35,3.99
2008-07-04,1.45,24.79,2.01,3.08,0.743,111.720001,27.440001,76.440002,29.860001,24.42,1.8309,2.57,14.025,14.35,3.99
2008-07-07,1.48,25.78,2.01,3.1,0.743,111.75,27.43,75.43,30.379999,24.75,1.8309,2.52,13.865,14.325,3.95
2008-07-08,1.44,23.15,2.01,3.11,0.743,112.209999,27.620001,76.029999,28.43,23.059999,1.8309,2.46,14.225,14.45,3.91
2008-07-09,1.44,25.23,2.01,3.14,0.743,110.25,26.74,81.690002,30.27,24.360001,1.8309,2.46,13.925,13.875,3.85
2008-07-10,1.39,25.59,2.01,3.17,0.743,110.910004,27.299999,79.940002,30.450001,24.389999,1.8309,2.43,13.68,14.125,3.83
2008-07-11,1.37,27.49,2.01,3.15,0.75203,110.870003,27.5,77.18,31.67,25.52,1.7842,2.48,13.395,14.095,3.96
2008-07-14,1.43,28.48,2.01,3.16,0.75203,111.110001,27.120001,78.830002,33.200001,25.879999,1.7842,2.47,13.325,14.0,3.9
2008-07-15,1.48,28.54,2.01,3.22,0.75203,110.809998,27.08,73.07,33.009998,25.969999,1.7842,2.47,13.325,14.17,3.87
2008-07-16,1.53,25.1,2.01,3.24,0.75203,111.93,28.059999,73.220001,30.129999,24.559999,1.7842,2.49,13.86,14.475,3.97
2008-07-17,1.49,25.01,2.01,3.2,0.75203,113.93,29.129999,72.459999,29.870001,24.370001,1.7842,2.47,13.925,14.9,4.07
2008-07-18,1.45,24.05,2.01,3.17,0.74213,113.849998,28.82,70.290001,30.49,23.799999,1.757,2.46,14.355,14.86,4.11
2008-07-21,1.43,23.05,2.01,3.18,0.74213,114.099998,28.52,71.599998,29.690001,23.18,1.757,2.43,14.1,14.715,4.09
2008-07-22,1.4,21.18,2.01,3.13,0.74213,113.199997,24.35,68.389999,27.09,22.059999,1.757,2.43,14.475,14.05,4.14
2008-07-23,1.35,21.31,2.01,3.14,0.74213,115.059998,25.02,67.25,27.440001,22.200001,1.757,2.36,14.755,14.17,4.16
2008-07-24,1.42,23.44,2.01,3.19,0.74213,113.190002,23.879999,74.900002,27.83,23.76,1.757,2.34,14.44,13.75,4.03
2008-07-25,1.43,22.91,2.01,3.17,0.71363,113.900002,24.0,73.699997,26.629999,23.290001,1.1936,2.34,14.215,13.755,4.13
2008-07-28,1.47,24.23,2.01,3.16,0.71363,111.489998,23.969999,74.900002,27.74,23.99,1.1936,2.36,13.88,13.61,4.06
2008-07-29,1.44,22.03,2.01,3.13,0.71363,112.18,24.290001,71.029999,26.15,22.219999,1.1936,2.33,14.375,13.85,4.09
2008-07-30,1.43,21.21,2.01,3.17,0.71363,112.110001,24.5,67.209999,25.540001,21.440001,1.1936,2.36,14.36,13.95,4.07
2008-07-31,1.47,22.94,2.01,3.22,0.71363,110.660004,24.379999,72.949997,26.24,22.67,1.1936,2.34,14.265,13.955,3.99
2008-08-01,1.46,22.57,2.0,3.21,0.68269,111.379997,24.139999,72.730003,25.969999,22.75,1.6513,2.34,14.125,13.93,3.97
2008-08-04,1.45,23.49,2.0,3.22,0.68269,111.199997,24.15,73.169998,27.559999,23.09,1.6513,2.34,14.23,14.04,3.98
2008-08-05,1.5,21.14,2.0,3.2,0.68269,109.690002,24.940001,70.279999,25.65,21.5,1.6513,2.3,14.865,14.35,4.04
2008-08-06,1.5,20.23,2.0,3.24,0.68269,113.220001,25.01,71.599998,24.35,21.18,1.6513,2.27,14.79,14.4,4.06
2008-08-07,1.49,21.15,2.0,3.25,0.68269,111.970001,25.1,73.110001,24.75,21.860001,1.6513,2.24,14.5,14.675,3.92
2008-08-08,1.43,20.66,2.0,3.23,0.66676,113.330002,25.74,73.050003,24.24,21.65,1.5401,2.22,15.19,14.99,3.94
2008-08-11,1.43,20.12,2.0,3.24,0.66676,111.550003,26.139999,75.589996,24.190001,21.440001,1.5401,2.19,15.655,15.16,3.99
2008-08-12,1.46,21.17,2.0,3.26,0.66676,111.260002,26.4,72.400002,24.51,22.200001,1.5401,2.19,15.45,15.2,3.91
2008-08-13,1.44,21.55,2.0,3.25,0.66676,111.760002,26.15,79.410004,24.57,22.540001,1.5401,2.19,15.2,15.2,3.94
2008-08-14,1.44,20.34,2.0,3.26,0.66676,113.07,25.77,74.370003,22.6,21.66,1.5401,2.22,15.43,15.225,3.89
2008-08-15,1.44,19.58,2.0,3.27,0.67413,113.209999,25.52,74.099998,22.52,21.379999,1.5218,2.18,15.61,15.2,3.84
2008-08-18,1.47,20.98,2.0,3.26,0.67413,112.290001,25.24,72.849998,23.59,22.110001,1.5218,2.15,15.345,15.025,3.82
2008-08-19,1.51,21.28,2.0,3.28,0.67413,111.400002,24.809999,77.5,24.209999,22.42,1.5218,2.15,15.06,14.675,3.83
2008-08-20,1.54,20.42,2.0,3.31,0.67413,111.949997,24.4,73.419998,23.530001,22.459999,1.5218,2.19,14.875,14.525,3.79
2008-08-21,1.51,19.82,2.0,3.28,0.67413,111.900002,24.389999,73.75,23.15,22.08,1.5218,2.23,14.995,14.39,3.84
2008-08-22,1.45,18.81,2.0,3.27,0.72963,111.800003,24.65,73.559998,22.379999,21.48,1.7698,2.18,15.345,14.575,3.87
2008-08-25,1.46,20.97,2.0,3.3,0.72963,110.339996,24.32,77.029999,24.280001,22.809999,1.7698,2.15,14.915,14.39,3.79
2008-08-26,1.44,20.49,2.0,3.31,0.72963,110.800003,24.25,73.139999,24.030001,22.52,1.7698,2.16,15.03,14.34,3.79
2008-08-27,1.46,19.76,2.0,3.3,0.72963,110.510002,24.35,72.0,23.34,21.940001,1.7698,2.19,15.075,14.4,3.77
2008-08-28,1.42,19.43,2.0,3.29,0.72963,111.209999,24.690001,68.050003,23.15,21.540001,1.7698,2.17,15.425,14.58,3.79
2008-08-29,1.47,20.65,2.0,3.29,0.83736,110.580002,24.51,68.07,24.02,22.52,1.5458,2.15,15.25,14.25,3.83
2008-09-01,1.47,20.65,1.81,3.29,0.83736,110.580002,24.51,68.07,24.02,22.52,1.5458,2.15,15.25,14.25,3.83
2008-09-02,1.48,21.99,1.81,3.33,0.83736,110.379997,24.43,69.650002,26.15,23.110001,1.5458,2.05,15.55,14.075,3.74
2008-09-03,1.45,21.43,1.81,3.32,0.83736,110.5,23.49,69.93,25.74,22.799999,1.5458,2.0,15.63,13.515,3.71
2008-09-04,1.44,24.03,1.81,3.37,0.83736,110.480003,22.4,72.379997,27.559999,24.35,1.5458,1.94,15.11,13.075,3.64
2008-09-05,1.43,23.06,1.81,3.37,1.00481,109.459999,22.639999,70.389999,26.66,23.73,1.8141,1.95,15.14,13.25,3.66
2008-09-08,1.36,22.64,1.81,3.37,1.00481,109.099998,22.379999,67.940002,27.42,23.15,1.8141,1.98,15.825,13.275,3.66
2008-09-09,1.39,25.47,1.81,3.35,1.00481,108.57,21.709999,70.68,28.629999,25.15,1.8141,1.93,15.525,12.865,3.62
2008-09-10,1.43,24.52,1.81,3.37,1.00481,109.489998,21.85,70.629997,27.76,24.540001,1.8141,1.95,15.365,12.875,3.65
2008-09-11,1.46,24.39,1.81,3.41,1.00481,110.5,22.190001,71.029999,27.309999,24.360001,1.8141,1.97,15.6,12.93,3.64
2008-09-12,1.51,25.66,1.81,3.43,1.22614,110.150002,22.15,70.260002,28.209999,25.02,1.9715,1.95,15.6,12.875,3.74
2008-09-15,1.69,31.7,1.81,3.66,1.22614,110.739998,21.91,79.370003,32.130001,27.93,1.9715,1.77,15.075,12.63,3.47
2008-09-16,1.59,30.3,1.81,3.68,1.22614,112.290001,22.59,74.379997,31.0,26.879999,1.9715,1.63,15.175,12.825,3.48
2008-09-17,1.77,36.22,1.81,3.84,1.22614,112.970001,22.09,93.040001,35.880001,30.24,1.9715,1.6,14.575,12.255,3.41
2008-09-18,1.76,33.1,1.81,3.79,1.22614,117.419998,22.75,89.330002,32.82,28.58,1.9715,1.6,14.95,12.925,3.54
2008-09-19,1.62,32.07,1.81,3.77,1.51057,114.480003,23.6,79.370003,34.259998,28.040001,4.1197,1.93,15.1,13.25,3.78
2008-09-22,1.7,33.85,1.81,3.78,1.51057,114.32,22.709999,83.919998,35.459999,29.73,4.1197,1.98,14.48,12.49,3.83
2008-09-23,1.74,35.72,1.81,3.77,1.51057,111.629997,22.030001,84.769997,36.52,31.26,4.1197,1.86,14.275,12.425,3.85
2008-09-24,1.77,35.19,1.81,3.78,1.51057,111.580002,22.110001,86.660004,36.400002,30.559999,4.1197,1.75,14.225,12.375,3.8
2008-09-25,1.72,32.82,1.81,3.86,1.51057,112.529999,22.690001,82.959999,34.860001,29.1,4.1197,1.79,14.48,12.7,3.88
2008-09-26,1.74,34.74,1.81,3.88,1.79272,110.559998,23.26,87.809998,36.849998,29.74,4.57,1.75,14.625,12.925,3.85
2008-09-29,1.91,46.72,1.81,4.01,1.79272,111.330002,21.51,99.860001,49.560001,36.27,4.57,1.58,13.65,11.725,3.61
2008-09-30,1.85,39.39,1.81,4.0,1.79272,111.43,21.5,92.230003,42.580002,33.029999,4.57,1.6,13.95,12.35,3.85
2008-10-01,1.95,39.81,0.97,4.1,1.79272,112.139999,21.639999,89.760002,42.919998,33.439999,4.57,1.51,13.95,12.125,3.77
2008-10-02,2.04,45.26,0.97,4.31,1.79272,112.239998,20.66,95.290001,49.529999,36.490002,4.57,1.49,13.445,11.55,3.66
2008-10-03,2.03,45.14,0.97,4.35,2.07371,114.169998,21.059999,94.68,49.759998,37.299999,7.2425,1.45,12.975,11.45,3.63
2008-10-06,2.05,52.05,0.97,4.43,2.07371,112.089996,20.639999,104.82,55.360001,39.130001,7.2425,1.27,12.61,11.22,3.48
2008-10-07,2.03,53.68,0.97,4.55,2.07371,110.199997,19.5,106.470001,58.509998,40.549999,7.2425,1.18,11.8,10.475,3.5
2008-10-08,2.07,57.53,0.97,4.49,2.07371,111.040001,19.34,104.989998,63.27,42.220001,7.2425,1.03,11.57,10.54,3.72
2008-10-09,2.19,63.92,0.97,4.48,2.07371,109.580002,18.52,108.050003,69.660004,48.009998,7.2425,1.05,10.835,10.26,3.84
2008-10-10,2.27,69.95,0.97,4.86,2.32489,107.230003,19.16,116.0,71.580002,50.91,9.622,0.92,11.065,10.15,3.89
2008-10-13,2.27,54.99,0.97,4.86,2.32489,109.730003,20.200001,110.07,60.27,42.380001,9.622,0.92,11.5,11.125,3.89
2008-10-14,2.26,55.13,0.97,4.78,2.32489,113.550003,18.85,105.639999,62.77,42.990002,9.622,1.03,11.57,10.25,4.08
2008-10-15,2.4,69.25,0.97,4.94,2.32489,118.940002,17.35,114.93,72.93,49.450001,9.622,1.02,10.225,9.55,4.04
2008-10-16,2.38,67.61,0.97,5.09,2.32489,113.18,17.629999,119.480003,72.389999,48.740002,9.622,0.97,10.9,9.99,3.99
2008-10-17,2.34,70.33,0.97,5.45,2.51922,118.809998,17.65,117.449997,71.260002,51.130001,9.5717,1.11,11.12,9.825,3.98
2008-10-20,2.2,52.97,0.97,5.52,2.51922,124.830002,17.98,115.980003,59.650002,43.619999,9.5717,1.15,11.18,10.1,3.91
2008-10-21,2.18,53.11,0.97,5.6,2.51922,120.379997,16.85,114.279999,60.07,43.790001,9.5717,1.13,11.055,9.675,3.76
2008-10-22,2.12,69.65,0.97,5.6,2.51922,119.339996,16.280001,123.309998,63.209999,49.830002,9.5717,1.06,10.3,9.225,3.65
2008-10-23,2.09,67.8,0.97,5.48,2.51922,120.690002,17.08,121.610001,69.839996,49.759998,9.5717,0.96,10.3,9.175,3.63
2008-10-24,2.19,79.13,0.97,5.54,2.65918,116.669998,16.950001,128.089996,78.82,55.299999,8.065,0.74,9.71,9.175,3.76
2008-10-27,2.2,80.06,0.97,5.6,2.65918,116.940002,17.66,134.869995,79.160004,62.84,8.065,0.77,9.565,9.14,3.79
2008-10-28,2.24,66.96,0.97,5.59,2.65918,125.949997,19.48,127.459999,66.199997,54.380001,8.065,0.83,10.5,10.11,3.89
2008-10-29,2.35,69.96,0.97,5.58,2.65918,120.150002,18.129999,124.730003,69.129997,57.82,8.065,0.88,10.715,9.645,3.93
2008-10-30,2.41,62.9,0.97,5.52,2.65918,124.019997,19.129999,121.519997,63.189999,53.75,8.065,0.94,11.04,10.19,4.0
2008-10-31,2.45,59.89,0.97,5.53,2.77813,122.190002,19.559999,116.940002,60.299999,53.57,7.7485,0.87,11.49,10.375,4.01
2008-11-03,2.51,53.68,0.97,5.53,2.77813,117.129997,18.91,116.190002,56.220001,51.200001,7.7485,0.87,11.16,10.1,3.96
2008-11-04,2.42,47.73,0.97,5.56,2.77813,117.779999,19.09,116.290001,51.25,46.259998,7.7485,0.93,11.6,10.525,3.81
2008-11-05,2.37,54.56,0.97,5.53,2.77813,129.350006,18.280001,117.029999,55.43,49.720001,7.7485,0.97,10.96,9.885,3.73
2008-11-06,2.47,63.68,0.97,5.5,2.77813,122.150002,17.139999,125.0,62.700001,56.139999,7.7485,0.94,10.38,8.975,3.75
2008-11-07,2.5,56.1,0.97,5.45,2.8692,122.849998,17.219999,116.370003,55.139999,52.610001,6.2031,0.97,10.56,9.425,3.83
2008-11-10,2.55,59.98,0.97,5.4,2.8692,126.269997,16.92,116.529999,58.439999,54.049999,6.2031,0.98,10.315,9.05,3.82
2008-11-11,2.55,61.44,0.97,5.4,2.8692,120.669998,16.889999,114.110001,60.830002,55.630001,6.2031,0.98,9.955,8.95,3.82
2008-11-12,2.56,66.46,0.97,5.41,2.8692,121.110001,16.360001,123.260002,64.639999,59.099998,6.2031,0.96,9.35,8.575,3.75
2008-11-13,2.6,59.83,0.97,5.54,2.8692,124.980003,17.389999,117.120003,58.029999,54.099998,6.2031,0.89,10.08,9.375,3.84
2008-11-14,2.5,66.31,0.97,5.56,2.94907,118.589996,16.110001,118.339996,66.050003,59.290001,5.9883,0.85,9.59,8.55,3.72
2008-11-17,2.46,69.15,0.97,5.58,2.94907,113.400002,15.91,115.099998,68.599998,62.509998,5.9883,0.83,9.315,8.375,3.68
2008-11-18,2.38,67.64,0.97,5.71,2.94907,116.050003,15.83,106.900002,68.309998,61.389999,5.9883,0.61,9.27,8.225,3.53
2008-11-19,2.29,74.26,0.97,5.73,2.94907,115.860001,14.63,102.480003,74.660004,66.489998,5.9883,0.4,8.675,7.64,3.38
2008-11-20,2.1,80.86,0.97,5.92,2.94907,114.93,14.02,106.709999,80.639999,69.239998,5.9883,0.04,8.165,7.35,3.1
2008-11-21,2.11,72.67,0.97,5.88,3.0259,118.879997,14.67,99.480003,71.199997,64.349998,7.6813,0.05,8.725,7.625,3.2
2008-11-24,2.04,64.7,0.97,5.86,3.0259,116.160004,15.26,92.309998,62.919998,59.5,7.6813,0.24,9.41,8.225,3.35
2008-11-25,1.96,60.9,0.97,6.01,3.0259,114.099998,14.58,90.279999,59.709999,57.990002,7.6813,0.32,9.53,7.995,3.11
2008-11-26,1.9,54.92,0.97,6.06,3.0259,113.300003,15.52,89.32,55.259998,53.73,7.6813,0.31,10.09,8.475,2.99
2008-11-27,1.9,54.92,0.97,6.06,3.0259,113.300003,15.52,89.32,55.259998,53.73,7.6813,0.31,10.09,8.475,2.99
2008-11-28,1.93,55.84,0.97,6.1,3.05337,113.120003,15.57,88.410004,56.049999,54.18,6.8432,0.33,10.245,8.315,2.93
2008-12-01,1.82,68.51,0.16,6.12,3.05337,112.75,14.01,90.489998,66.349998,62.389999,6.8432,0.34,9.35,7.765,2.72
2008-12-02,1.78,62.98,0.16,6.11,3.05337,112.199997,14.64,87.080002,62.48,59.650002,6.8432,0.42,9.785,7.9,2.68
2008-12-03,1.8,60.72,0.16,6.13,3.05337,112.550003,15.26,84.720001,61.740002,58.5,6.8432,0.53,10.135,8.25,2.67
2008-12-04,1.73,63.64,0.16,6.16,3.05337,111.769997,14.47,83.940002,62.59,61.290001,6.8432,0.57,10.245,7.905,2.55
2008-12-05,1.74,59.93,0.16,6.07,3.04701,116.449997,14.56,82.900002,58.959999,58.060001,6.9272,0.44,10.545,8.105,2.67
2008-12-08,1.8,58.49,0.16,6.02,3.04701,120.769997,14.82,82.099998,57.169998,56.599998,6.9272,0.3,10.94,8.355,2.77
2008-12-09,1.83,58.91,0.16,6.06,3.04701,118.580002,15.55,80.75,56.59,57.77,6.9272,0.26,10.72,8.715,2.67
2008-12-10,1.83,55.73,0.16,6.01,3.04701,119.510002,15.73,86.459999,53.82,56.16,6.9272,0.25,10.97,8.675,2.69
2008-12-11,1.85,55.78,0.16,6.07,3.04701,121.830002,15.14,88.68,52.060001,56.09,6.9272,0.29,10.505,8.55,2.64
2008-12-12,1.82,54.28,0.16,6.08,2.9824,116.239998,15.59,86.269997,51.91,55.139999,6.5408,0.17,10.47,9.1,2.6
2008-12-15,1.78,56.76,0.16,6.1,2.9824,115.860001,15.47,82.029999,54.709999,56.41,6.5408,0.1,10.435,8.765,2.53
2008-12-16,1.72,52.37,0.16,6.11,2.9824,119.25,16.290001,79.989998,50.220001,52.91,6.5408,0.16,10.99,9.3,2.37
2008-12-17,1.47,49.84,0.16,6.02,2.9824,115.07,16.25,75.169998,48.040001,51.57,6.5408,0.34,11.05,9.225,2.2
2008-12-18,1.4,47.34,0.16,6.03,2.9824,116.550003,15.06,81.260002,46.029999,49.799999,6.5408,0.23,10.74,8.64,2.08
2008-12-19,1.39,44.93,0.16,5.94,2.85775,118.730003,15.08,87.690002,43.5,43.400002,5.947,0.15,10.615,8.795,2.13
2008-12-22,1.29,44.56,0.16,5.93,2.85775,115.160004,14.71,87.040001,41.91,43.709999,5.947,0.15,10.33,8.595,2.16
2008-12-23,1.28,45.02,0.16,5.94,2.85775,112.010002,14.26,86.389999,43.290001,44.48,5.947,0.15,10.22,8.295,2.18
2008-12-24,1.3,44.21,0.16,5.9,2.85775,112.309998,14.45,85.099998,43.310001,43.959999,5.947,0.13,10.295,8.43,2.2
2008-12-25,1.3,44.21,0.16,5.9,2.85775,112.309998,14.45,85.099998,43.310001,43.959999,5.947,0.13,10.295,8.43,2.2
2008-12-26,1.27,43.38,0.16,5.9,2.69785,112.559998,14.35,83.739998,43.150002,46.110001,4.7799,0.13,10.41,8.355,2.16
2008-12-29,1.35,43.9,0.16,5.92,2.69785,113.769997,14.67,83.959999,43.689999,46.540001,4.7799,0.11,10.21,8.425,2.13
2008-12-30,1.36,41.63,0.16,5.86,2.69785,116.080002,15.16,80.889999,41.669998,44.41,4.7799,0.09,10.595,8.755,2.11
2008-12-31,1.49,40.0,0.16,5.82,2.69785,116.5,15.52,85.599998,40.790001,43.18,4.7799,0.11,10.785,8.805,2.25
2009-01-01,1.49,40.0,0.15,5.82,2.69785,116.5,15.52,85.599998,40.790001,43.18,4.7799,0.11,10.785,8.805,2.25
2009-01-02,1.58,39.19,0.15,5.72,2.54479,124.209999,16.040001,84.410004,39.110001,40.560001,4.9153,0.17,11.325,9.19,2.46
2009-01-05,1.71,39.08,0.15,5.82,2.54479,116.120003,15.86,90.889999,39.07,40.82,4.9153,0.15,11.275,9.14,2.49
2009-01-06,1.71,38.56,0.15,5.77,2.54479,115.489998,16.450001,90.330002,39.709999,40.310001,4.9153,0.42,11.465,9.58,2.51
2009-01-07,1.7,43.39,0.15,5.71,2.54479,118.209999,15.58,93.989998,43.52,43.810001,4.9153,0.47,11.01,9.035,2.52
2009-01-08,1.64,42.56,0.15,5.71,2.54479,118.239998,15.28,93.139999,43.23,43.169998,4.9153,0.5,11.075,9.03,2.47
2009-01-09,1.68,42.82,0.15,5.72,2.39244,118.82,14.96,91.519997,43.84,44.880001,3.7249,0.56,10.735,8.76,2.43
2009-01-12,1.6,45.84,0.15,5.71,2.39244,118.360001,14.73,93.260002,44.459999,47.349998,3.7249,0.59,10.48,8.53,2.34
2009-01-13,1.57,43.27,0.15,5.72,2.39244,118.220001,14.84,92.5,43.110001,47.139999,3.7249,0.59,10.345,8.61,2.33
2009-01-14,1.51,49.14,0.15,5.68,2.39244,119.989998,14.1,99.879997,47.799999,50.68,3.7249,0.45,9.94,8.235,2.24
2009-01-15,1.5,51.0,0.15,5.68,2.39244,124.699997,14.54,96.440002,48.330002,51.709999,3.7249,0.45,10.185,8.42,2.23
2009-01-16,1.63,46.11,0.15,5.55,2.26905,126.050003,15.02,98.790001,44.189999,48.950001,3.7995,0.55,10.305,8.805,2.36
2009-01-19,1.63,46.11,0.15,5.55,2.26905,126.050003,15.02,98.790001,44.189999,48.950001,3.7995,0.55,10.305,8.805,2.36
2009-01-20,1.67,56.65,0.15,5.55,2.26905,119.169998,14.41,104.019997,54.450001,54.869999,3.7995,0.58,9.7,8.215,2.4
2009-01-21,1.78,46.42,0.15,5.58,2.26905,120.580002,14.56,100.809998,47.349998,49.959999,3.7995,0.58,9.995,8.405,2.56
2009-01-22,1.87,47.29,0.15,5.62,2.26905,117.760002,14.36,98.870003,45.830002,50.130001,3.7995,0.65,9.87,8.18,2.62
2009-01-23,1.82,47.27,0.15,5.63,2.17924,121.309998,14.99,95.699997,46.599998,49.360001,4.3177,0.72,9.84,8.535,2.65
2009-01-26,1.85,45.69,0.15,5.6,2.17924,120.650002,14.77,96.169998,45.0,47.470001,4.3177,0.78,9.91,8.57,2.7
2009-01-27,1.72,42.25,0.15,5.47,2.17924,119.68,15.31,95.480003,43.099998,45.18,4.3177,0.82,9.88,8.89,2.59
2009-01-28,1.82,39.66,0.15,5.49,2.17924,122.389999,15.56,98.220001,39.169998,42.200001,4.3177,0.9,10.3,9.08,2.71
2009-01-29,1.92,42.63,0.15,5.41,2.17924,119.919998,14.95,98.980003,42.580002,43.529999,4.3177,1.04,9.885,8.61,2.87
2009-01-30,1.93,44.84,0.15,5.38,2.11973,115.879997,14.95,98.720001,44.93,44.599998,4.0314,1.14,9.64,8.46,2.87
2009-02-02,1.87,45.52,0.15,5.33,2.11973,123.949997,15.69,96.480003,46.470001,43.91,4.0314,1.07,9.55,8.705,2.76
2009-02-03,1.93,43.06,0.15,5.32,2.11973,125.25,16.02,92.25,42.880001,42.240002,4.0314,1.13,9.82,8.78,2.89
2009-02-04,1.97,43.85,0.15,5.29,2.11973,127.68,16.450001,91.57,42.82,42.130001,4.0314,1.17,9.605,8.935,2.95
2009-02-05,1.97,43.73,0.15,5.23,2.11973,122.629997,16.84,92.260002,43.299999,42.599998,4.0314,1.11,9.785,9.26,2.95
2009-02-06,2.06,43.37,0.15,5.13,2.08958,122.269997,17.379999,94.010002,41.950001,43.380001,3.5749,1.23,10.065,9.445,3.05
2009-02-09,2.02,43.64,0.15,5.09,2.08958,122.620003,17.299999,94.379997,43.509998,43.43,3.5749,1.41,10.035,9.48,3.07
2009-02-10,1.98,46.67,0.15,5.08,2.08958,118.940002,16.52,95.980003,45.860001,46.060001,3.5749,1.25,9.56,9.05,2.9
2009-02-11,1.85,44.53,0.15,5.1,2.08958,122.57,16.23,94.669998,44.580002,45.07,3.5749,1.12,9.635,8.915,2.78
2009-02-12,1.86,41.25,0.15,5.16,2.08958,114.510002,16.389999,91.040001,41.990002,42.66,3.5749,1.14,9.65,8.97,2.75
2009-02-13,1.92,42.93,0.15,5.24,2.09044,120.580002,16.950001,91.93,43.110001,42.470001,3.582,1.21,9.495,9.055,2.89
2009-02-16,1.92,42.93,0.15,5.24,2.09044,120.580002,16.950001,91.93,43.110001,42.470001,3.582,1.21,9.495,9.055,2.89
2009-02-17,1.77,48.66,0.15,5.28,2.09044,118.099998,15.77,95.07,47.5,46.0,3.582,1.11,9.135,8.465,2.64
2009-02-18,1.77,48.46,0.15,5.21,2.09044,127.010002,15.85,89.110001,46.68,46.970001,3.582,1.11,9.075,8.47,2.74
2009-02-19,1.84,47.08,0.15,5.27,2.09044,119.410004,14.96,88.269997,45.200001,45.630001,3.582,1.12,8.98,8.065,2.85
2009-02-20,1.82,49.3,0.15,5.25,2.10769,119.93,15.04,90.660004,47.18,47.029999,4.1635,1.11,8.92,8.15,2.78
2009-02-23,1.82,52.62,0.15,5.24,2.10769,116.629997,14.69,93.019997,50.060001,50.43,4.1635,1.08,8.72,7.83,2.78
2009-02-24,1.77,45.49,0.15,5.23,2.10769,114.199997,15.29,89.129997,44.049999,45.110001,4.1635,0.98,9.1,8.205,2.8
2009-02-25,1.86,44.67,0.15,5.18,2.10769,114.970001,15.36,88.93,43.950001,44.400002,4.1635,0.97,9.015,8.49,2.95
2009-02-26,1.9,44.66,0.15,5.23,2.10769,113.959999,14.64,89.370003,43.869999,44.18,4.1635,0.96,8.825,8.36,2.98
2009-02-27,2.02,46.35,0.15,5.22,2.12468,114.25,14.35,91.080002,45.279999,45.209999,4.1577,0.96,8.765,8.235,3.02
2009-03-02,2.02,52.65,0.15,5.29,2.12468,115.419998,13.77,93.860001,50.919998,48.669998,4.1577,0.91,8.435,7.87,2.91
2009-03-03,2.02,50.93,0.15,5.34,2.12468,113.769997,14.2,90.75,49.360001,48.509998,4.1577,0.91,8.37,7.965,2.93
2009-03-04,2.04,47.56,0.15,5.31,2.12468,118.160004,14.85,85.599998,45.66,44.720001,4.1577,0.92,8.555,8.305,3.01
2009-03-05,1.93,50.17,0.15,5.34,2.12468,113.730003,14.9,89.879997,48.080002,46.700001,4.1577,0.85,8.155,8.205,2.83
2009-03-06,1.92,49.33,0.15,5.35,2.12943,115.449997,14.71,88.260002,47.990002,46.48,4.7694,0.81,8.16,8.06,2.83
2009-03-09,1.93,49.68,0.15,5.4,2.12943,113.110001,14.69,90.089996,48.759998,46.529999,4.7694,0.83,8.055,7.955,2.89
2009-03-10,1.98,44.37,0.15,5.45,2.12943,115.589996,15.66,85.360001,43.830002,42.41,4.7694,0.84,8.55,8.62,2.99
2009-03-11,1.92,43.61,0.15,5.45,2.12943,112.709999,15.71,85.349998,42.810001,42.5,4.7694,0.92,8.685,8.755,2.95
2009-03-12,1.86,41.18,0.15,5.52,2.12943,112.959999,15.94,81.809998,40.77,40.700001,4.7694,1.01,9.005,9.05,2.89
2009-03-13,1.91,42.36,0.15,5.56,2.09246,113.940002,16.209999,78.129997,41.25,41.830002,3.9315,1.02,9.11,9.185,2.89
2009-03-16,1.97,43.74,0.15,5.57,2.09246,114.279999,15.71,80.07,43.540001,42.240002,3.9315,1.09,8.895,8.885,2.97
2009-03-17,1.97,40.8,0.15,5.6,2.09246,118.32,16.450001,75.209999,40.360001,39.98,3.9315,1.12,9.325,9.235,3.02
2009-03-18,1.69,40.06,0.15,5.88,2.09246,117.300003,16.879999,74.800003,39.799999,39.900002,3.9315,1.23,9.62,9.51,2.51
2009-03-19,1.74,43.68,0.15,5.84,2.09246,116.529999,16.6,73.559998,42.459999,43.150002,3.9315,1.3,9.515,9.4,2.61
2009-03-20,1.76,45.89,0.15,5.86,2.02009,117.059998,15.78,73.110001,44.66,46.279999,3.3275,1.22,9.275,9.07,2.65
2009-03-23,1.75,43.23,0.15,5.88,2.02009,117.949997,17.01,71.389999,42.009998,42.330002,3.3275,1.28,9.93,9.635,2.68
2009-03-24,1.75,42.93,0.15,5.8,2.02009,112.120003,16.65,70.160004,42.169998,43.639999,3.3275,1.32,9.8,9.39,2.68
2009-03-25,1.85,42.25,0.15,5.79,2.02009,114.220001,16.43,71.760002,41.349998,41.900002,3.3275,1.37,9.87,9.41,2.81
2009-03-26,1.86,40.36,0.15,5.76,2.02009,113.75,17.360001,70.970001,40.580002,40.68,3.3275,1.46,10.325,9.91,2.76
2009-03-27,1.88,41.04,0.15,5.72,1.91492,111.089996,17.120001,71.68,41.450001,42.09,3.2023,1.4,10.05,9.685,2.78
2009-03-30,1.89,45.54,0.15,5.75,1.91492,113.709999,16.42,74.68,44.869999,44.990002,3.2023,1.34,9.75,9.255,2.73
2009-03-31,1.9,44.14,0.15,5.74,1.91492,112.870003,16.51,72.709999,44.200001,44.59,3.2023,1.28,9.825,9.35,2.71
2009-04-01,1.85,42.28,0.15,5.7,1.91492,114.489998,16.25,70.389999,42.48,43.029999,3.2023,1.31,10.005,9.37,2.68
2009-04-02,1.89,42.04,0.15,5.69,1.91492,111.900002,16.469999,69.610001,42.290001,42.240002,3.2023,1.33,10.555,9.75,2.77
2009-04-03,1.95,39.7,0.15,5.68,1.79047,112.040001,16.959999,67.860001,40.599998,41.07,3.0158,1.38,10.695,10.0,2.91
2009-04-06,2.01,40.93,0.15,5.68,1.79047,114.389999,16.51,68.260002,41.560001,41.169998,3.0158,1.43,10.545,9.795,2.95
2009-04-07,2.02,40.39,0.15,5.67,1.79047,111.160004,16.360001,66.389999,41.07,41.669998,3.0158,1.32,10.235,9.49,2.93
2009-04-08,1.93,38.85,0.15,5.64,1.79047,111.489998,16.790001,68.720001,40.5,40.200001,3.0158,1.29,10.525,9.62,2.86
2009-04-09,2.0,36.53,0.15,5.61,1.79047,108.18,17.24,65.220001,38.23,38.529999,3.0158,1.34,10.955,10.06,2.96
2009-04-10,2.0,36.53,0.15,5.61,1.65056,108.18,17.24,65.220001,38.23,38.529999,2.7962,1.34,10.955,10.06,2.96
2009-04-13,1.99,37.81,0.15,5.6,1.65056,110.389999,17.17,67.510002,39.34,38.549999,2.7962,1.33,10.96,10.025,2.88
2009-04-14,1.94,37.67,0.15,5.6,1.65056,109.230003,17.33,65.790001,39.43,38.689999,2.7962,1.28,10.715,10.065,2.8
2009-04-15,1.96,36.17,0.15,5.53,1.65056,108.620003,17.01,64.949997,38.310001,37.970001,2.7962,1.27,10.75,9.86,2.82
2009-04-16,1.95,35.79,0.15,5.52,1.65056,114.449997,17.799999,69.720001,36.799999,36.959999,2.7962,1.27,11.125,10.24,2.86
2009-04-17,1.99,33.94,0.15,5.43,1.50913,111.75,17.969999,68.919998,35.290001,36.59,2.5726,1.28,11.26,10.215,2.98
2009-04-20,1.95,39.18,0.15,5.35,1.50913,113.989998,17.32,75.480003,39.709999,39.41,2.5726,1.22,10.83,9.745,2.88
2009-04-21,1.98,37.14,0.15,5.3,1.50913,114.629997,17.110001,75.480003,38.439999,37.779999,2.5726,1.25,11.01,9.76,2.94
2009-04-22,1.98,38.1,0.15,5.33,1.50913,112.720001,17.65,75.519997,39.240002,38.5,2.5726,1.33,11.12,10.075,2.98
2009-04-23,1.99,37.15,0.15,5.3,1.50913,113.400002,17.34,72.809998,37.950001,37.98,2.5726,1.44,11.12,9.985,2.96
2009-04-24,2.04,36.82,0.15,5.25,1.37047,114.599998,17.879999,72.040001,36.799999,37.810001,2.8279,1.5,11.395,10.125,3.03
2009-04-27,2.05,38.32,0.15,5.3,1.37047,114.120003,17.469999,74.160004,38.790001,38.630001,2.8279,1.47,11.245,9.935,2.95
2009-04-28,2.1,37.95,0.15,5.24,1.37047,114.129997,17.0,74.220001,38.529999,38.400002,2.8279,1.51,11.245,9.815,3.05
2009-04-29,2.18,36.08,0.15,5.17,1.37047,114.599998,17.379999,72.120003,36.959999,36.490002,2.8279,1.53,11.45,9.95,3.12
2009-04-30,2.25,36.5,0.15,5.08,1.37047,114.860001,18.059999,71.419998,36.639999,36.73,2.8279,1.47,11.645,10.235,3.16
2009-05-01,2.29,35.3,0.18,5.01,1.23568,115.209999,17.950001,69.82,35.049999,35.84,2.3237,1.41,11.59,10.195,3.21
2009-05-04,2.25,34.53,0.18,4.98,1.23568,115.400002,18.360001,70.360001,35.049999,34.799999,2.3237,1.42,11.965,10.685,3.19
2009-05-05,2.22,33.36,0.18,4.93,1.23568,113.650002,17.860001,70.769997,33.419998,34.18,2.3237,1.43,11.96,10.475,3.2
2009-05-06,2.22,32.45,0.18,4.91,1.23568,113.339996,18.309999,71.150002,33.279999,33.360001,2.3237,1.44,12.085,10.58,3.18
2009-05-07,2.29,33.44,0.18,4.9,1.23568,112.699997,17.58,72.790001,34.470001,34.040001,2.3237,1.55,11.82,10.07,3.29
2009-05-08,2.29,32.05,0.18,4.85,1.11186,114.959999,17.299999,74.660004,33.669998,32.82,1.5643,1.52,11.995,9.865,3.29
2009-05-11,2.25,32.87,0.18,4.88,1.11186,113.989998,17.26,76.860001,34.290001,33.389999,1.5643,1.47,11.785,9.9,3.17
2009-05-12,2.27,31.8,0.18,4.86,1.11186,115.660004,16.83,77.529999,33.09,32.77,1.5643,1.48,11.535,9.695,3.17
2009-05-13,2.22,33.65,0.18,4.86,1.11186,116.32,17.07,81.870003,34.98,33.830002,1.5643,1.44,11.13,9.525,3.11
2009-05-14,2.23,31.37,0.18,4.87,1.11186,116.5,17.540001,79.379997,32.639999,32.25,1.5643,1.42,11.145,9.77,3.1
2009-05-15,2.26,33.12,0.18,4.85,1.01037,119.059998,17.629999,80.290001,33.139999,33.220001,2.032,1.48,11.065,9.59,3.14
2009-05-18,2.29,30.24,0.18,4.85,1.01037,119.209999,17.9,76.410004,30.219999,31.23,2.032,1.56,11.61,9.85,3.22
2009-05-19,2.34,28.8,0.18,4.79,1.01037,117.919998,18.08,74.400002,29.559999,30.42,2.032,1.6,11.565,10.025,3.25
2009-05-20,2.32,29.03,0.18,4.74,1.01037,113.959999,18.4,77.449997,29.9,30.74,2.032,1.63,11.44,10.15,3.19
2009-05-21,2.46,31.35,0.18,4.7,1.01037,117.099998,17.959999,84.690002,31.200001,32.389999,2.032,1.68,11.17,9.905,3.35
2009-05-22,2.53,32.63,0.18,4.66,0.92624,118.809998,18.5,87.279999,31.870001,33.040001,1.5697,1.73,11.29,9.985,3.45
2009-05-25,2.53,32.63,0.18,4.66,0.92624,118.809998,18.5,87.279999,31.870001,33.040001,1.5697,1.73,11.29,9.985,3.45
2009-05-26,2.54,30.62,0.18,4.62,0.92624,120.889999,19.0,91.230003,31.23,31.530001,1.5697,1.78,11.67,10.25,3.5
2009-05-27,2.75,32.36,0.18,4.48,0.92624,120.040001,18.98,90.860001,32.16,32.470001,1.5697,1.88,11.415,10.315,3.71
2009-05-28,2.7,31.67,0.18,4.38,0.92624,122.330002,19.27,88.190002,31.52,32.049999,1.5697,1.8,11.37,10.545,3.67
2009-05-29,2.55,28.92,0.18,4.29,0.86697,122.989998,19.4,83.910004,29.440001,30.43,1.3617,1.8,11.56,10.55,3.47
2009-06-01,2.74,30.04,0.21,4.26,0.86697,122.089996,20.360001,84.230003,30.719999,30.6,1.3617,1.91,12.115,11.085,3.71
2009-06-02,2.69,29.63,0.21,4.14,0.86697,120.940002,20.09,83.82,30.610001,30.58,1.3617,1.96,12.215,10.74,3.65
2009-06-03,2.65,31.02,0.21,4.1,0.86697,121.190002,20.049999,84.889999,31.450001,32.189999,1.3617,1.88,12.055,10.675,3.56
2009-06-04,2.76,30.18,0.21,4.05,0.86697,119.370003,20.08,81.260002,31.059999,31.58,1.3617,1.89,12.08,10.805,3.72
2009-06-05,2.52,29.62,0.21,3.95,0.81998,118.830002,19.68,82.110001,30.709999,31.6,1.2029,1.96,12.005,10.555,3.84
2009-06-08,2.49,29.77,0.21,3.81,0.81998,119.440002,19.77,82.690002,31.18,31.77,1.2029,1.97,12.115,10.6,3.91
2009-06-09,2.53,28.27,0.21,3.85,0.81998,119.239998,21.02,81.639999,29.690001,30.67,1.2029,1.98,12.185,11.01,3.86
2009-06-10,2.6,28.46,0.21,3.77,0.81998,121.610001,20.959999,86.919998,29.77,30.610001,1.2029,2.07,12.005,11.0,3.98
2009-06-11,2.53,28.11,0.21,3.79,0.81998,117.879997,20.84,85.220001,29.73,29.93,1.2029,1.99,11.945,10.995,3.88
2009-06-12,2.51,28.15,0.21,3.79,0.78453,120.980003,20.790001,85.43,29.209999,29.5,1.0057,1.9,11.93,10.815,3.81
2009-06-15,2.5,30.81,0.21,3.76,0.78453,118.199997,21.129999,85.050003,32.540001,31.34,1.0057,1.86,11.69,10.725,3.76
2009-06-16,2.44,32.68,0.21,3.74,0.78453,125.050003,20.73,88.489998,32.32,32.790001,1.0057,1.79,11.395,10.52,3.67
2009-06-17,2.49,31.54,0.21,3.67,0.78453,123.169998,21.41,86.489998,31.469999,32.889999,1.0057,1.73,11.555,10.74,3.68
2009-06-18,2.58,30.03,0.21,3.61,0.78453,123.720001,21.33,83.870003,30.030001,31.51,1.0057,1.88,11.52,10.53,3.86
2009-06-19,2.54,27.99,0.21,3.54,0.75462,123.779999,21.66,84.150002,28.299999,30.639999,1.5779,1.88,11.565,10.695,3.79
2009-06-22,2.55,31.17,0.21,3.51,0.75462,116.790001,20.969999,86.099998,31.41,33.009998,1.5779,1.83,11.22,10.375,3.72
2009-06-23,2.51,30.58,0.21,3.53,0.75462,116.010002,20.610001,85.639999,30.690001,32.419998,1.5779,1.81,11.105,10.3,3.65
2009-06-24,2.53,29.05,0.21,3.52,0.75462,116.970001,20.98,83.959999,29.030001,31.07,1.5779,1.79,11.17,10.51,3.72
2009-06-25,2.43,26.36,0.21,3.64,0.75462,115.510002,21.35,82.57,27.25,29.41,1.5779,1.73,11.56,10.66,3.55
2009-06-26,2.42,25.93,0.21,3.65,0.71804,115.720001,21.450001,77.599998,26.530001,29.280001,1.6362,1.67,11.48,10.68,3.52
2009-06-29,2.4,25.35,0.21,3.69,0.71804,117.160004,21.299999,79.690002,26.469999,28.200001,1.6362,1.68,11.625,10.685,3.51
2009-06-30,2.42,26.35,0.21,3.64,0.71804,117.029999,21.299999,79.599998,26.690001,28.76,1.6362,1.75,11.54,10.725,3.53
2009-07-01,2.5,26.22,0.16,3.65,0.71804,116.68,21.6,79.68,26.860001,28.959999,1.6362,1.72,11.615,10.88,3.55
2009-07-02,2.53,27.95,0.16,3.63,0.71804,115.080002,21.299999,81.32,28.07,30.530001,1.6362,1.64,11.145,10.785,3.51
2009-07-03,2.53,27.95,0.16,3.63,0.67274,115.080002,21.299999,81.32,28.07,30.530001,1.1971,1.64,11.145,10.785,3.51
2009-07-06,2.56,29.0,0.16,3.66,0.67274,118.410004,21.4,83.199997,29.25,30.790001,1.1971,1.49,11.2,10.715,3.52
2009-07-07,2.49,30.85,0.16,3.66,0.67274,116.349998,20.77,85.629997,31.200001,32.09,1.1971,1.6,10.9,10.44,3.47
2009-07-08,2.42,31.3,0.16,3.66,0.67274,114.25,20.42,86.169998,31.07,32.419998,1.1971,1.54,10.99,10.27,3.33
2009-07-09,2.5,29.78,0.16,3.71,0.67274,115.199997,20.440001,82.879997,30.0,31.67,1.1971,1.57,11.07,10.43,3.44
2009-07-10,2.41,29.02,0.16,3.71,0.61769,113.199997,20.450001,81.419998,29.33,31.709999,1.4546,1.52,11.05,10.485,3.32
2009-07-13,2.46,26.31,0.16,3.7,0.61769,113.300003,20.85,80.580002,26.610001,30.1,1.4546,1.54,11.23,10.725,3.38
2009-07-14,2.53,25.02,0.16,3.68,0.61769,115.440002,21.1,81.519997,26.030001,29.58,1.4546,1.64,11.405,10.915,3.5
2009-07-15,2.6,25.89,0.16,3.63,0.61769,115.75,21.889999,85.639999,25.280001,29.110001,1.4546,1.76,11.72,11.45,3.63
2009-07-16,2.59,25.42,0.16,3.6,0.61769,116.889999,22.34,83.639999,24.799999,28.610001,1.4546,1.77,11.865,11.7,3.59
2009-07-17,2.65,24.34,0.16,3.56,0.55104,116.43,23.01,82.489998,24.280001,28.65,0.9993,1.86,11.885,11.835,3.67
2009-07-20,2.62,24.4,0.16,3.55,0.55104,116.309998,23.610001,80.980003,24.790001,27.59,0.9993,1.88,12.135,11.985,3.61
2009-07-21,2.54,23.87,0.16,3.55,0.55104,116.790001,23.07,80.449997,24.68,27.440001,0.9993,1.79,12.135,11.905,3.5
2009-07-22,2.6,23.47,0.16,3.53,0.55104,112.410004,23.309999,75.300003,24.99,27.219999,0.9993,1.83,12.22,12.19,3.58
2009-07-23,2.64,23.43,0.16,3.48,0.55104,112.07,23.82,72.800003,25.870001,26.959999,0.9993,1.92,12.505,12.395,3.72
2009-07-24,2.65,23.09,0.16,3.41,0.47955,114.040001,24.09,73.010002,24.67,26.370001,0.7696,1.89,12.495,12.4,3.7
2009-07-27,2.67,24.28,0.16,3.4,0.47955,114.050003,24.01,74.349998,25.65,26.99,0.7696,1.9,12.545,12.4,3.75
2009-07-28,2.6,25.01,0.16,3.32,0.47955,116.18,24.190001,76.68,25.35,27.959999,0.7696,1.86,12.505,12.505,3.72
2009-07-29,2.52,25.61,0.16,3.23,0.47955,116.739998,24.139999,77.099998,26.219999,28.42,0.7696,1.85,12.44,12.415,3.69
2009-07-30,2.48,25.4,0.16,3.13,0.47955,115.410004,24.15,73.879997,26.629999,28.190001,0.7696,1.89,12.635,12.405,3.67
2009-07-31,2.39,25.92,0.16,3.11,0.41096,108.940002,24.049999,73.470001,26.16,28.4,0.511,1.81,12.635,12.475,3.52
2009-08-03,2.48,25.56,0.16,3.04,0.41096,114.029999,24.370001,72.790001,26.280001,27.709999,0.511,1.88,12.895,12.635,3.66
2009-08-04,2.5,24.89,0.16,2.99,0.41096,114.940002,24.6,71.050003,25.17,27.219999,0.511,1.89,12.95,12.63,3.7
2009-08-05,2.57,24.9,0.16,2.95,0.41096,117.110001,24.379999,70.129997,25.5,27.17,0.511,1.95,12.84,12.51,3.8
2009-08-06,2.57,25.67,0.16,2.9,0.41096,115.220001,24.299999,73.169998,26.360001,27.98,0.511,1.92,12.83,12.345,3.79
2009-08-07,2.57,24.76,0.16,2.85,0.35125,113.769997,24.1,71.529999,25.02,27.110001,0.1569,2.01,13.25,12.315,3.89
2009-08-10,2.56,24.99,0.16,2.85,0.35125,117.019997,23.65,72.589996,25.66,27.059999,0.1569,1.97,13.13,12.235,3.8
2009-08-11,2.5,25.99,0.16,2.88,0.35125,117.610001,23.639999,75.599998,26.110001,28.1,0.1569,1.91,12.99,12.12,3.71
2009-08-12,2.54,25.45,0.16,2.97,0.35125,119.639999,23.879999,81.279999,25.68,27.74,0.1569,1.88,13.085,12.225,3.72
2009-08-13,2.47,24.71,0.16,2.99,0.35125,121.849998,24.540001,79.959999,25.09,27.280001,0.1569,1.79,13.12,12.51,3.59
2009-08-14,2.48,24.27,0.16,3.02,0.30254,118.75,23.959999,80.449997,25.24,27.110001,0.7826,1.7,12.94,12.275,3.55
2009-08-17,2.44,27.89,0.16,3.08,0.30254,116.580002,23.34,84.220001,27.59,29.93,0.7826,1.69,12.53,11.98,3.48
2009-08-18,2.45,26.18,0.16,3.07,0.30254,118.110001,23.84,81.110001,26.18,28.9,0.7826,1.73,12.67,12.16,3.51
2009-08-19,2.44,26.26,0.16,3.1,0.30254,121.730003,23.98,76.32,26.209999,28.48,0.7826,1.75,12.8,12.275,3.45
2009-08-20,2.39,25.09,0.16,3.09,0.30254,121.529999,24.110001,76.699997,24.969999,28.290001,0.7826,1.82,12.895,12.29,3.42
2009-08-21,2.43,25.01,0.16,3.06,0.26225,122.900002,24.540001,76.550003,24.690001,27.77,0.9528,1.87,13.16,12.515,3.56
2009-08-24,2.43,25.14,0.16,3.05,0.26225,121.160004,24.200001,78.470001,25.27,28.16,0.9528,1.81,13.065,12.41,3.48
2009-08-25,2.4,24.92,0.16,3.01,0.26225,119.050003,24.379999,77.760002,25.129999,28.16,0.9528,1.73,13.2,12.455,3.45
2009-08-26,2.38,24.95,0.16,2.98,0.26225,118.709999,24.459999,77.970001,25.6,28.360001,0.9528,1.72,13.275,12.585,3.44
2009-08-27,2.43,24.68,0.16,2.96,0.26225,117.709999,24.52,75.589996,25.01,28.41,0.9528,1.72,13.3,12.6,3.47
2009-08-28,2.45,24.76,0.16,2.95,0.22583,117.669998,24.969999,74.410004,24.93,28.5,0.5307,1.7,13.305,12.845,3.46
2009-08-31,2.43,26.01,0.16,2.98,0.22583,120.139999,24.59,77.120003,27.17,29.17,0.5307,1.64,13.08,12.725,3.4
2009-09-01,2.46,29.15,0.15,3.01,0.22583,118.260002,24.309999,81.0,29.309999,30.879999,0.5307,1.64,12.845,12.42,3.38
2009-09-02,2.4,28.9,0.15,2.99,0.22583,118.410004,24.09,77.07,29.379999,31.040001,0.5307,1.58,12.78,12.36,3.29
2009-09-03,2.42,27.1,0.15,3.0,0.22583,119.379997,24.32,75.480003,28.1,29.6,0.5307,1.64,12.915,12.465,3.33
2009-09-04,2.51,25.26,0.15,3.0,0.19374,119.730003,24.860001,77.510002,25.85,28.48,0.6939,1.75,13.15,12.765,3.45
2009-09-07,2.51,25.26,0.15,3.0,0.19374,119.730003,24.860001,77.510002,25.85,28.48,0.6939,1.75,13.15,12.765,3.45
2009-09-08,2.54,25.62,0.15,2.98,0.19374,120.550003,25.059999,75.690002,26.43,28.209999,0.6939,1.81,13.265,12.955,3.47
2009-09-09,2.55,24.32,0.15,3.01,0.19374,120.830002,25.139999,76.169998,25.77,27.290001,0.6939,1.82,13.405,13.065,3.48
2009-09-10,2.46,23.55,0.15,2.96,0.19374,121.260002,25.0,71.389999,24.83,26.51,0.6939,1.77,13.585,13.075,3.36
2009-09-11,2.44,24.15,0.15,2.97,0.16071,120.230003,24.389999,72.360001,25.290001,26.559999,0.3507,1.75,13.54,12.875,3.34
2009-09-14,2.48,23.86,0.15,2.94,0.16071,121.0,24.76,71.139999,24.93,26.41,0.3507,1.77,13.585,12.87,3.42
2009-09-15,2.51,23.42,0.15,2.93,0.16071,118.459999,24.83,72.25,24.610001,26.33,0.3507,1.83,13.65,12.95,3.47
2009-09-16,2.47,23.69,0.15,2.91,0.16071,113.620003,24.129999,71.699997,24.02,25.870001,0.3507,1.86,13.91,12.9,3.48
2009-09-17,2.44,23.65,0.15,2.87,0.16071,118.949997,23.6,69.360001,24.26,25.940001,0.3507,1.8,13.895,12.66,3.42
2009-09-18,2.46,23.92,0.15,2.85,0.12785,117.019997,24.059999,70.389999,24.690001,26.540001,0.0273,1.81,13.9,12.785,3.49
2009-09-21,2.47,24.06,0.15,2.86,0.12785,119.139999,23.969999,71.0,24.92,26.23,0.0273,1.8,13.845,12.73,3.49
2009-09-22,2.44,23.08,0.15,2.84,0.12785,118.160004,23.76,68.260002,24.08,25.690001,0.0273,1.81,13.9,12.825,3.46
2009-09-23,2.48,23.49,0.15,2.84,0.12785,117.440002,24.049999,68.18,24.469999,26.09,0.0273,1.81,13.7,12.965,3.44
2009-09-24,2.47,24.95,0.15,2.86,0.12785,116.650002,23.57,70.779999,25.9,27.129999,0.0273,1.76,13.57,12.725,3.4
2009-09-25,2.36,25.61,0.15,2.83,0.09894,118.010002,23.35,71.739998,25.77,27.209999,0.1639,1.74,13.49,12.695,3.34
2009-09-28,2.33,24.88,0.15,2.81,0.09894,119.099998,23.91,70.540001,26.209999,26.27,0.1639,1.74,13.745,12.95,3.31
2009-09-29,2.31,25.19,0.15,2.81,0.09894,119.839996,23.549999,68.989998,26.110001,26.48,0.1639,1.72,13.81,12.76,3.31
2009-09-30,2.36,25.61,0.15,2.86,0.09894,120.860001,23.690001,71.32,26.5,26.66,0.1639,1.75,13.735,12.81,3.31
2009-10-01,2.34,28.27,0.12,2.9,0.09894,117.809998,22.65,76.25,28.950001,28.33,0.1639,1.71,13.435,12.3,3.21
2009-10-02,2.36,28.68,0.12,2.93,0.07681,118.550003,22.49,76.129997,29.02,28.799999,0.4089,1.7,13.265,12.21,3.24
2009-10-05,2.36,26.84,0.12,2.95,0.07681,118.5,22.6,73.559998,28.23,27.610001,0.4089,1.73,13.47,12.345,3.24
2009-10-06,2.36,25.7,0.12,2.94,0.07681,117.82,23.1,71.5,26.870001,26.73,0.4089,1.74,13.675,12.625,3.27
2009-10-07,2.34,24.68,0.12,2.92,0.07681,117.650002,22.82,71.010002,25.879999,26.120001,0.4089,1.76,13.685,12.6,3.21
2009-10-08,2.37,24.18,0.12,2.96,0.07681,119.919998,22.530001,68.099998,25.68,25.74,0.4089,1.78,13.905,12.545,3.27
2009-10-09,2.42,23.12,0.12,2.96,0.05619,120.870003,23.639999,65.540001,24.18,25.08,0.2757,1.84,13.9,12.945,3.4
2009-10-12,2.42,23.01,0.12,2.96,0.05619,119.550003,23.799999,64.970001,23.780001,25.17,0.2757,1.84,13.97,13.14,3.4
2009-10-13,2.43,22.99,0.12,2.95,0.05619,120.769997,23.620001,64.970001,23.84,25.09,0.2757,1.88,13.995,13.095,3.34
2009-10-14,2.49,22.86,0.12,2.96,0.05619,121.309998,23.620001,68.839996,23.51,24.58,0.2757,1.94,14.17,13.285,3.45
2009-10-15,2.52,21.72,0.12,2.96,0.05619,120.029999,23.25,67.07,22.51,24.219999,0.2757,1.99,14.19,13.085,3.49
2009-10-16,2.46,21.43,0.12,2.93,0.03935,119.050003,22.75,69.849998,22.219999,24.4,0.1312,1.98,14.165,12.83,3.43
2009-10-19,2.42,21.49,0.12,2.91,0.03935,117.25,23.52,67.760002,22.110001,24.15,0.1312,2.03,14.325,13.05,3.41
2009-10-20,2.4,20.9,0.12,2.91,0.03935,116.900002,23.66,68.629997,21.620001,23.719999,0.1312,1.98,14.18,12.98,3.35
2009-10-21,2.42,22.22,0.12,2.89,0.03935,118.599998,23.0,78.160004,23.139999,24.549999,0.1312,1.99,13.995,12.725,3.42
2009-10-22,2.47,20.69,0.12,2.88,0.03935,118.089996,23.879999,77.599998,21.58,23.35,0.1312,1.95,14.18,12.96,3.44
2009-10-23,2.47,22.27,0.12,2.8,0.02624,117.510002,23.5,79.879997,22.620001,24.309999,0.1862,2.0,14.125,12.63,3.51
2009-10-26,2.53,24.31,0.12,2.83,0.02624,118.330002,23.700001,82.279999,24.52,25.370001,0.1862,2.0,14.04,12.69,3.59
2009-10-27,2.5,24.83,0.12,2.84,0.02624,118.900002,23.799999,80.410004,25.4,25.459999,0.1862,2.0,13.8,12.5,3.49
2009-10-28,2.49,27.91,0.12,2.85,0.02624,118.370003,23.440001,85.43,28.27,27.42,0.1862,1.96,13.41,12.17,3.44
2009-10-29,2.55,24.76,0.12,2.86,0.02624,120.82,23.92,78.099998,25.4,25.66,0.1862,2.03,13.77,12.42,3.53
2009-10-30,2.51,30.69,0.12,2.86,0.0184,122.75,23.450001,89.900002,29.809999,29.07,0.4134,2.0,13.41,12.095,3.41
2009-11-02,2.53,29.78,0.12,2.85,0.0184,121.900002,23.450001,91.980003,29.879999,28.82,0.4134,2.04,13.54,12.085,3.45
2009-11-03,2.58,28.81,0.12,2.87,0.0184,118.529999,23.469999,90.160004,28.879999,28.870001,0.4134,2.05,13.55,11.95,3.5
2009-11-04,2.66,27.72,0.12,2.89,0.0184,119.75,23.57,85.970001,27.889999,28.18,0.4134,2.12,13.555,12.0,3.57
2009-11-05,2.67,25.43,0.12,2.86,0.0184,119.830002,24.18,79.099998,25.84,26.610001,0.4134,2.16,13.925,12.285,3.57
2009-11-06,2.68,24.19,0.12,2.86,0.00951,120.139999,24.040001,73.720001,24.6,25.879999,0.3818,2.17,14.05,12.255,3.54
2009-11-09,2.65,23.15,0.12,2.89,0.00951,114.400002,24.629999,68.830002,23.549999,24.41,0.3818,2.22,14.355,12.635,3.52
2009-11-10,2.65,22.84,0.12,2.92,0.00951,119.650002,25.049999,68.489998,23.389999,24.709999,0.3818,2.19,14.405,12.74,3.5
2009-11-11,2.65,23.04,0.12,2.92,0.00951,119.209999,25.33,73.050003,23.059999,24.969999,0.3818,2.19,14.42,12.895,3.5
2009-11-12,2.63,24.24,0.12,2.94,0.00951,118.379997,25.370001,80.769997,24.049999,26.07,0.3818,2.12,14.26,12.79,3.45
2009-11-13,2.61,23.36,0.12,2.93,-0.00231,120.720001,25.440001,80.279999,22.92,25.6,0.024,2.12,14.51,12.845,3.43
2009-11-16,2.55,22.89,0.12,2.92,-0.00231,114.529999,25.950001,83.309998,23.129999,25.15,0.024,2.12,14.745,13.165,3.33
2009-11-17,2.55,22.41,0.12,2.92,-0.00231,119.32,25.870001,83.970001,22.139999,25.040001,0.024,2.13,14.625,13.16,3.33
2009-11-18,2.59,21.63,0.12,2.94,-0.00231,114.75,25.75,79.150002,22.030001,24.719999,0.024,2.15,14.585,13.035,3.36
2009-11-19,2.62,22.63,0.12,2.92,-0.00231,119.349998,24.879999,79.269997,23.299999,25.110001,0.024,2.14,14.42,12.6,3.35
2009-11-20,2.61,22.19,0.12,2.93,-0.01623,120.589996,24.74,75.559998,22.49,24.66,0.1462,2.15,14.345,12.54,3.36
2009-11-23,2.6,21.16,0.12,2.92,-0.01623,122.849998,25.139999,75.839996,22.030001,24.110001,0.1462,2.17,14.47,12.675,3.37
2009-11-24,2.59,20.47,0.12,2.93,-0.01623,122.470001,25.280001,75.050003,21.5,23.74,0.1462,2.11,14.455,12.76,3.32
2009-11-25,2.55,20.48,0.12,2.95,-0.01623,121.980003,25.42,73.910004,21.32,23.66,0.1462,2.12,14.595,12.825,3.28
2009-11-26,2.55,20.48,0.12,2.95,-0.01623,121.980003,25.42,73.910004,21.32,23.66,0.1462,2.12,14.595,12.825,3.28
2009-11-27,2.53,24.85,0.12,2.99,-0.03474,120.82,25.25,83.239998,25.41,26.15,0.1469,2.06,14.31,12.7,3.21
2009-11-30,2.54,24.51,0.12,2.99,-0.03474,122.910004,25.290001,81.580002,24.73,26.24,0.1469,2.08,14.31,12.73,3.21
2009-12-01,2.61,21.92,0.12,3.0,-0.03474,122.959999,25.940001,80.739998,23.280001,24.940001,0.1469,2.14,14.535,13.1,3.28
2009-12-02,2.6,21.12,0.12,2.95,-0.03474,119.0,25.959999,78.260002,22.58,24.799999,0.1469,2.14,14.58,13.2,3.32
2009-12-03,2.65,22.46,0.12,2.93,-0.03474,117.040001,26.440001,78.519997,24.0,25.51,0.1469,2.15,14.48,13.38,3.39
2009-12-04,2.64,21.25,0.12,2.91,-0.05928,118.010002,26.85,77.18,23.1,24.76,0.0532,2.14,14.575,13.565,3.48
2009-12-07,2.66,22.1,0.12,2.93,-0.05928,117.169998,26.620001,77.75,23.690001,25.299999,0.0532,2.13,14.62,13.555,3.44
2009-12-08,2.67,23.69,0.12,2.92,-0.05928,117.889999,26.33,79.57,24.799999,26.129999,0.0532,2.09,14.51,13.465,3.4
2009-12-09,2.69,22.66,0.12,2.89,-0.05928,118.75,25.99,84.93,23.280001,25.799999,0.0532,2.09,14.51,13.515,3.45
2009-12-10,2.71,22.32,0.12,2.93,-0.05928,121.349998,25.940001,84.559998,23.129999,25.34,0.0532,2.09,14.735,13.475,3.49
2009-12-11,2.72,21.59,0.12,2.86,-0.09017,121.589996,25.639999,82.870003,22.379999,25.120001,-0.0073,2.14,14.88,13.375,3.55
2009-12-14,2.69,21.15,0.12,2.79,-0.09017,125.300003,25.98,81.639999,22.030001,24.559999,-0.0073,2.19,14.995,13.555,3.56
2009-12-15,2.72,21.49,0.12,2.8,-0.09017,123.839996,25.440001,80.989998,22.459999,24.73,-0.0073,2.23,14.975,13.43,3.6
2009-12-16,2.76,20.54,0.12,2.77,-0.09017,117.129997,25.58,82.050003,21.950001,24.25,-0.0073,2.27,14.99,13.52,3.61
2009-12-17,2.73,22.51,0.12,2.75,-0.09017,121.830002,25.08,83.559998,22.84,24.780001,-0.0073,2.22,14.81,13.29,3.5
2009-12-18,2.73,21.68,0.12,2.73,-0.12284,122.290001,25.459999,81.75,21.780001,24.52,-0.1575,2.24,14.805,13.535,3.55
2009-12-21,2.8,20.49,0.12,2.69,-0.12284,124.330002,25.84,79.620003,20.82,23.530001,-0.1575,2.3,14.995,13.81,3.69
2009-12-22,2.81,19.54,0.12,2.65,-0.12284,127.889999,25.639999,71.449997,19.700001,22.76,-0.1575,2.33,14.985,13.84,3.76
2009-12-23,2.81,19.71,0.12,2.63,-0.12284,127.150002,25.32,69.809998,19.67,22.68,-0.1575,2.31,15.08,13.825,3.77
2009-12-24,2.82,19.47,0.12,2.65,-0.12284,128.160004,25.83,68.809998,19.469999,22.43,-0.1575,2.32,15.09,14.035,3.82
2009-12-25,2.82,19.47,0.12,2.65,-0.15374,128.160004,25.83,68.809998,19.469999,22.43,-0.2477,2.32,15.09,14.035,3.82
2009-12-28,2.76,19.93,0.12,2.64,-0.15374,125.790001,25.49,69.889999,20.450001,22.49,-0.2477,2.35,15.08,13.895,3.85
2009-12-29,2.73,20.01,0.12,2.59,-0.15374,125.709999,25.370001,69.099998,20.43,22.629999,-0.2477,2.36,15.13,13.835,3.82
2009-12-30,2.72,19.96,0.12,2.56,-0.15374,125.650002,25.98,70.360001,20.52,22.66,-0.2477,2.36,15.025,14.075,3.8
2009-12-31,2.71,21.68,0.12,2.54,-0.15374,125.650002,26.059999,74.989998,21.65,23.889999,-0.2477,2.37,14.885,13.96,3.85
2010-01-01,2.71,21.68,0.11,2.54,-0.17896,125.650002,26.059999,74.989998,21.65,23.889999,-0.2248,2.37,14.885,13.96,3.85
2010-01-04,2.76,20.04,0.11,2.54,-0.17896,123.839996,26.01,73.300003,21.200001,22.77,-0.2248,2.38,15.0,14.205,3.85
2010-01-05,2.76,19.35,0.11,2.53,-0.17896,122.989998,25.860001,70.360001,20.5,22.389999,-0.2248,2.34,15.055,14.125,3.77
2010-01-06,2.84,19.16,0.11,2.49,-0.17896,121.629997,25.67,67.650002,20.209999,21.799999,-0.2248,2.37,15.075,14.09,3.85
2010-01-07,2.82,19.06,0.11,2.48,-0.17896,120.169998,25.75,67.150002,19.99,21.6,-0.2248,2.41,15.2,13.98,3.85
2010-01-08,2.87,18.13,0.11,2.49,-0.19929,120.150002,26.34,65.709999,18.92,21.0,-0.4083,2.42,15.195,14.26,3.83
2010-01-11,2.9,17.55,0.11,2.47,-0.19929,119.099998,26.0,64.870003,18.469999,21.27,-0.4083,2.38,15.165,14.21,3.85
2010-01-12,2.82,18.25,0.11,2.48,-0.19929,120.660004,24.91,70.419998,19.290001,21.790001,-0.4083,2.39,14.97,13.705,3.74
2010-01-13,2.83,17.85,0.11,2.5,-0.19929,125.889999,25.02,75.529999,18.4,21.290001,-0.4083,2.37,15.14,13.88,3.8
2010-01-14,2.82,17.63,0.11,2.46,-0.19929,125.059998,24.709999,74.519997,18.200001,20.709999,-0.4083,2.36,15.14,13.9,3.76
2010-01-15,2.81,17.91,0.11,2.48,-0.20872,124.32,24.5,74.269997,18.73,21.48,-0.3688,2.36,14.99,13.465,3.7
2010-01-18,2.81,17.91,0.11,2.48,-0.20872,124.32,24.5,74.269997,18.73,21.48,-0.3688,2.36,14.99,13.465,3.7
2010-01-19,2.8,17.58,0.11,2.48,-0.20872,124.279999,24.719999,73.5,18.74,20.889999,-0.3688,2.38,15.19,13.66,3.73
2010-01-20,2.76,18.68,0.11,2.48,-0.20872,124.099998,24.549999,80.360001,20.01,21.4,-0.3688,2.37,14.985,13.585,3.68
2010-01-21,2.75,22.27,0.11,2.51,-0.20872,121.989998,24.18,88.82,23.190001,23.15,-0.3688,2.33,14.795,13.505,3.62
2010-01-22,2.78,27.31,0.11,2.53,-0.20725,122.879997,23.110001,100.059998,28.370001,26.290001,-0.0941,2.31,14.51,12.835,3.62
2010-01-25,2.8,25.41,0.11,2.56,-0.20725,122.540001,23.690001,90.580002,27.040001,25.190001,-0.0941,2.33,14.585,13.01,3.66
2010-01-26,2.78,24.55,0.11,2.59,-0.20725,118.410004,23.35,90.040001,25.469999,25.17,-0.0941,2.34,14.605,12.9,3.65
2010-01-27,2.76,23.14,0.11,2.57,-0.20725,118.980003,23.530001,85.860001,24.209999,24.129999,-0.0941,2.31,14.63,13.085,3.66
2010-01-28,2.81,23.73,0.11,2.57,-0.20725,117.980003,23.049999,87.910004,24.91,24.67,-0.0941,2.33,14.545,12.77,3.68
2010-01-29,2.81,24.62,0.11,2.57,-0.20277,117.5,22.5,89.0,25.799999,25.379999,0.0423,2.33,14.455,12.38,3.63
2010-02-01,2.82,22.59,0.13,2.57,-0.20277,119.220001,23.049999,83.730003,24.33,23.639999,0.0423,2.39,14.64,12.65,3.68
2010-02-02,2.81,21.48,0.13,2.56,-0.20277,120.459999,23.309999,80.980003,23.01,22.93,0.0423,2.41,14.845,12.795,3.67
2010-02-03,2.85,21.6,0.13,2.58,-0.20277,119.949997,23.200001,80.550003,22.34,23.0,0.0423,2.43,14.855,12.75,3.73
2010-02-04,2.82,26.08,0.13,2.62,-0.20277,116.019997,22.59,91.419998,25.99,25.98,0.0423,2.35,14.425,12.255,3.62
2010-02-05,2.82,26.11,0.13,2.62,-0.19877,118.75,22.969999,88.220001,25.959999,26.0,-0.0661,2.27,14.385,12.555,3.59
2010-02-08,2.83,26.51,0.13,2.64,-0.19877,117.68,23.1,90.010002,26.92,26.43,-0.0661,2.27,14.295,12.505,3.62
2010-02-09,2.83,26.0,0.13,2.65,-0.19877,120.43,23.379999,88.800003,25.58,26.040001,-0.0661,2.3,14.515,12.635,3.67
2010-02-10,2.81,25.4,0.13,2.66,-0.19877,118.510002,23.440001,92.18,25.23,25.870001,-0.0661,2.28,14.455,12.67,3.72
2010-02-11,2.82,23.96,0.13,2.7,-0.19877,120.129997,23.77,89.589996,23.43,24.57,-0.0661,2.26,14.625,12.895,3.73
2010-02-12,2.85,22.73,0.13,2.72,-0.2018,113.709999,24.030001,88.160004,22.969999,24.459999,0.101,2.23,14.625,13.03,3.69
2010-02-15,2.85,22.73,0.13,2.72,-0.2018,113.709999,24.030001,88.160004,22.969999,24.459999,0.101,2.23,14.625,13.03,3.69
2010-02-16,2.84,22.25,0.13,2.73,-0.2018,120.889999,24.790001,81.769997,21.92,23.57,0.101,2.24,14.86,13.32,3.66
2010-02-17,2.87,21.72,0.13,2.73,-0.2018,119.629997,24.709999,80.290001,21.4,23.290001,0.101,2.28,14.98,13.33,3.74
2010-02-18,2.89,20.63,0.13,2.72,-0.2018,122.559998,24.83,79.199997,20.65,22.780001,0.101,2.31,15.075,13.405,3.79
2010-02-19,2.83,20.02,0.13,2.65,-0.21877,118.529999,25.01,77.970001,20.809999,22.309999,-0.2265,2.26,15.11,13.42,3.78
2010-02-22,2.89,19.94,0.13,2.65,-0.21877,121.330002,24.73,75.440002,20.43,21.73,-0.2265,2.25,15.105,13.38,3.8
2010-02-23,2.82,21.37,0.13,2.65,-0.21877,120.82,24.299999,77.82,21.549999,22.620001,-0.2265,2.19,15.015,13.055,3.69
2010-02-24,2.83,20.27,0.13,2.65,-0.21877,120.610001,24.75,75.93,20.629999,22.08,-0.2265,2.19,15.21,13.285,3.7
2010-02-25,2.82,20.1,0.13,2.64,-0.21877,121.279999,24.52,75.300003,20.52,22.07,-0.2265,2.13,15.235,13.265,3.64
2010-02-26,2.8,19.5,0.13,2.62,-0.2475,120.129997,24.379999,73.129997,19.780001,21.65,-0.2416,2.13,15.26,13.19,3.61
2010-03-01,2.81,19.26,0.16,2.65,-0.2475,120.800003,24.629999,73.239998,19.59,21.440001,-0.2416,2.15,15.5,13.51,3.61
2010-03-02,2.82,19.06,0.16,2.64,-0.2475,120.279999,24.48,73.43,19.51,21.18,-0.2416,2.16,15.42,13.44,3.62
2010-03-03,2.81,18.83,0.16,2.63,-0.2475,119.029999,24.4,72.610001,19.35,20.969999,-0.2416,2.17,15.465,13.345,3.63
2010-03-04,2.75,18.72,0.16,2.62,-0.2475,120.75,24.67,70.510002,19.1,21.030001,-0.2416,2.17,15.605,13.365,3.61
2010-03-05,2.78,17.42,0.16,2.61,-0.28735,118.029999,24.969999,71.059998,17.92,20.23,-0.2815,2.21,15.895,13.515,3.69
2010-03-08,2.82,17.79,0.16,2.59,-0.28735,117.559998,24.690001,70.900002,18.67,20.26,-0.2815,2.23,15.935,13.47,3.72
2010-03-09,2.82,17.92,0.16,2.61,-0.28735,116.639999,24.190001,71.489998,18.76,20.16,-0.2815,2.23,15.91,13.4,3.71
2010-03-10,2.81,18.57,0.16,2.59,-0.28735,117.980003,24.59,76.199997,19.08,20.51,-0.2815,2.24,15.945,13.68,3.73
2010-03-11,2.76,18.06,0.16,2.56,-0.28735,117.480003,24.07,76.160004,19.09,20.700001,-0.2815,2.24,16.059999,13.55,3.73
2010-03-12,2.74,17.58,0.16,2.55,-0.33362,118.959999,24.0,73.739998,19.139999,20.27,-0.5725,2.26,16.105,13.505,3.71
2010-03-15,2.75,18.0,0.16,2.56,-0.33362,120.629997,23.940001,75.220001,19.049999,20.719999,-0.5725,2.25,16.084999,13.415,3.71
2010-03-16,2.73,17.69,0.16,2.55,-0.33362,123.510002,24.68,76.410004,18.309999,20.16,-0.5725,2.24,16.205,13.83,3.66
2010-03-17,2.7,16.91,0.16,2.53,-0.33362,119.660004,24.91,73.160004,17.559999,19.719999,-0.5725,2.25,16.285,14.025,3.65
2010-03-18,2.7,16.62,0.16,2.52,-0.33362,120.269997,24.719999,76.459999,17.24,19.48,-0.5725,2.23,16.280001,13.925,3.68
2010-03-19,2.68,16.97,0.16,2.49,-0.37935,121.970001,24.360001,76.68,17.870001,19.950001,-0.4452,2.2,16.200001,13.745,3.7
2010-03-22,2.66,16.87,0.16,2.5,-0.37935,123.629997,24.73,77.75,18.030001,20.110001,-0.4452,2.19,16.370001,13.995,3.67
2010-03-23,2.67,16.35,0.16,2.51,-0.37935,121.18,25.450001,78.309998,17.43,19.68,-0.4452,2.2,16.434999,14.305,3.69
2010-03-24,2.76,17.55,0.16,2.48,-0.37935,122.669998,24.790001,80.68,18.01,20.08,-0.4452,2.24,16.370001,13.98,3.84
2010-03-25,2.81,18.4,0.16,2.47,-0.37935,122.139999,24.790001,83.82,18.82,20.58,-0.4452,2.26,16.465,13.955,3.91
2010-03-26,2.82,17.77,0.16,2.49,-0.42016,123.139999,24.75,81.559998,18.67,20.059999,-0.4086,2.24,16.530001,13.9,3.86
2010-03-29,2.84,17.59,0.16,2.49,-0.42016,123.199997,24.73,78.75,18.6,19.85,-0.4086,2.22,16.555,13.975,3.88
2010-03-30,2.82,17.13,0.16,2.48,-0.42016,124.029999,24.610001,76.910004,18.23,19.540001,-0.4086,2.22,16.540001,14.02,3.88
2010-03-31,2.82,17.59,0.16,2.47,-0.42016,123.699997,24.469999,77.489998,18.32,19.92,-0.4086,2.24,16.42,13.935,3.84
2010-04-01,2.84,17.47,0.2,2.44,-0.42016,123.93,24.629999,78.290001,18.76,19.9,-0.4086,2.28,16.535,13.96,3.89
2010-04-02,2.85,17.47,0.2,2.44,-0.44862,123.93,24.629999,78.290001,18.76,19.9,-0.3663,2.27,16.535,13.96,3.96
2010-04-05,2.83,17.02,0.2,2.43,-0.44862,123.779999,25.389999,76.970001,18.52,19.35,-0.3663,2.31,16.735001,14.29,4.01
2010-04-06,2.84,16.23,0.2,2.46,-0.44862,123.290001,25.049999,76.82,17.83,18.84,-0.3663,2.3,16.76,14.175,3.98
2010-04-07,2.83,16.62,0.2,2.44,-0.44862,123.269997,25.32,78.160004,17.700001,19.190001,-0.3663,2.34,16.700001,14.25,3.89
2010-04-08,2.82,16.48,0.2,2.43,-0.44862,122.669998,24.719999,77.059998,17.290001,19.08,-0.3663,2.33,16.860001,14.035,3.91
2010-04-09,2.82,16.14,0.2,2.43,-0.46043,124.360001,24.940001,78.239998,16.540001,18.620001,-0.4809,2.34,16.985001,14.19,3.9
2010-04-12,2.8,15.58,0.2,2.4,-0.46043,123.160004,25.690001,80.059998,16.370001,18.959999,-0.4809,2.35,16.985001,14.375,3.87
2010-04-13,2.77,16.2,0.2,2.4,-0.46043,125.540001,25.870001,79.970001,15.97,18.99,-0.4809,2.34,17.075001,14.49,3.84
2010-04-14,2.81,15.59,0.2,2.4,-0.46043,125.769997,26.9,83.309998,16.02,18.77,-0.4809,2.34,17.34,15.08,3.88
2010-04-15,2.82,15.89,0.2,2.42,-0.46043,126.290001,26.99,83.099998,16.540001,18.9,-0.4809,2.37,17.415001,15.225,3.86
2010-04-16,2.81,18.36,0.2,2.43,-0.44925,131.330002,26.58,86.290001,17.780001,20.23,-0.465,2.33,17.184999,15.02,3.79
2010-04-19,2.82,17.34,0.2,2.42,-0.44925,131.139999,26.43,81.720001,17.889999,19.790001,-0.465,2.34,17.215,14.955,3.83
2010-04-20,2.77,15.73,0.2,2.4,-0.44925,134.190002,26.65,79.650002,16.43,18.99,-0.465,2.35,17.424999,15.12,3.82
2010-04-21,2.74,16.32,0.2,2.38,-0.44925,129.839996,26.42,83.889999,16.299999,19.299999,-0.465,2.35,17.504999,14.92,3.77
2010-04-22,2.73,16.47,0.2,2.38,-0.44925,127.480003,26.5,85.760002,16.83,19.59,-0.465,2.34,17.82,15.12,3.8
2010-04-23,2.74,16.62,0.2,2.37,-0.41359,126.129997,26.67,88.139999,16.6,19.389999,-0.4312,2.37,17.834999,15.165,3.84
2010-04-26,2.74,17.47,0.2,2.38,-0.41359,124.25,27.16,87.529999,17.809999,19.860001,-0.4312,2.37,17.975,15.2,3.83
2010-04-27,2.68,22.81,0.2,2.39,-0.41359,124.980003,26.540001,103.230003,21.299999,22.719999,-0.4312,2.34,17.455,14.74,3.71
2010-04-28,2.77,21.08,0.2,2.38,-0.41359,128.399994,26.4,101.699997,20.51,22.309999,-0.4312,2.4,17.395,14.805,3.8
2010-04-29,2.75,18.44,0.2,2.37,-0.41359,129.279999,27.01,92.440002,18.959999,20.959999,-0.4312,2.45,17.780001,15.025,3.76
2010-04-30,2.72,22.05,0.2,2.38,-0.35431,125.410004,26.01,101.410004,22.059999,23.67,-0.2057,2.4,17.41,14.495,3.69
2010-05-03,2.72,20.19,0.2,2.37,-0.35431,125.349998,26.450001,95.68,21.16,22.58,-0.2057,2.4,17.76,14.8,3.72
2010-05-04,2.67,23.84,0.2,2.38,-0.35431,124.860001,25.74,101.879997,26.09,25.07,-0.2057,2.32,17.24,14.275,3.63
2010-05-05,2.7,24.91,0.2,2.4,-0.35431,122.82,25.870001,105.589996,26.32,26.370001,-0.2057,2.28,16.995001,14.18,3.58
2010-05-06,2.66,32.8,0.2,2.41,-0.35431,122.160004,25.07,125.360001,31.25,26.370001,-0.2057,2.16,16.389999,13.695,3.41
2010-05-07,2.62,40.95,0.2,2.55,-0.27707,123.860001,24.74,135.380005,41.52,36.619999,0.3997,2.15,16.09,13.5,3.45
2010-05-10,2.7,28.84,0.2,2.53,-0.27707,128.639999,25.82,110.959999,30.360001,28.98,0.3997,2.24,16.93,14.195,3.57
2010-05-11,2.71,28.32,0.2,2.58,-0.27707,127.089996,25.65,113.949997,29.59,28.870001,0.3997,2.25,16.924999,14.105,3.56
2010-05-12,2.67,25.52,0.2,2.61,-0.27707,124.260002,26.1,116.529999,27.0,26.65,0.3997,2.28,17.17,14.52,3.56
2010-05-13,2.68,26.68,0.2,2.6,-0.27707,126.199997,25.49,123.169998,28.049999,27.610001,0.3997,2.27,16.785,14.08,3.55
2010-05-14,2.65,31.24,0.2,2.59,-0.20025,128.470001,24.879999,128.339996,31.549999,30.799999,0.3386,2.18,16.504999,13.725,3.44
2010-05-17,2.66,30.84,0.2,2.59,-0.20025,128.869995,25.42,120.970001,31.780001,30.51,0.3386,2.16,16.629999,13.955,3.47
2010-05-18,2.62,33.55,0.2,2.61,-0.20025,123.879997,24.540001,135.820007,35.48,32.810001,0.3386,2.13,16.32,13.575,3.38
2010-05-19,2.56,35.32,0.2,2.65,-0.20025,126.330002,24.65,128.440002,37.790001,34.18,0.3386,2.04,16.219999,13.685,3.36
2010-05-20,2.49,45.79,0.2,2.74,-0.20025,123.360001,24.26,145.119995,46.630001,40.830002,0.3386,1.89,15.59,13.34,3.25
2010-05-21,2.44,40.1,0.2,2.76,-0.12683,125.559998,24.57,130.669998,42.810001,37.400002,0.9623,1.87,15.865,13.47,3.2
2010-05-24,2.46,38.32,0.2,2.79,-0.12683,125.0,24.24,123.870003,39.84,36.91,0.9623,1.88,15.755,13.27,3.23
2010-05-25,2.37,34.61,0.2,2.81,-0.12683,123.279999,24.4,119.360001,36.279999,34.900002,0.9623,1.85,15.915,13.42,3.18
2010-05-26,2.39,35.02,0.2,2.87,-0.12683,121.480003,24.139999,115.68,36.32,33.950001,0.9623,1.91,15.865,13.325,3.21
2010-05-27,2.47,29.68,0.2,2.89,-0.12683,125.730003,24.85,107.639999,30.299999,30.639999,0.9623,2.01,16.434999,13.935,3.34
2010-05-28,2.55,32.07,0.2,2.89,-0.0721,123.129997,24.42,110.129997,31.610001,32.0,1.0083,1.99,16.184999,13.71,3.31
2010-05-31,2.55,32.07,0.2,2.89,-0.0721,123.129997,24.42,110.129997,31.610001,32.0,1.0083,1.99,16.184999,13.71,3.31
2010-06-01,2.51,35.54,0.18,2.92,-0.0721,119.629997,24.35,109.919998,36.23,34.02,1.0083,1.97,15.94,13.48,3.29
2010-06-02,2.53,30.17,0.18,2.91,-0.0721,123.690002,24.76,98.019997,31.0,30.59,1.0083,1.99,16.34,13.88,3.35
2010-06-03,2.57,29.46,0.18,2.92,-0.0721,123.830002,25.040001,95.610001,29.379999,30.24,1.0083,2.05,16.395,14.055,3.39
2010-06-04,2.48,35.48,0.18,2.95,-0.04107,121.110001,24.18,103.309998,34.16,34.369999,0.8046,1.94,15.76,13.49,3.2
2010-06-07,2.43,36.57,0.18,3.0,-0.04107,119.209999,23.67,102.760002,37.290001,35.299999,0.8046,1.92,15.46,13.06,3.17
2010-06-08,2.44,33.7,0.18,2.99,-0.04107,120.739998,23.879999,101.790001,35.220001,33.650002,0.8046,1.89,15.59,13.095,3.18
2010-06-09,2.46,33.73,0.18,3.0,-0.04107,119.970001,23.74,111.769997,34.82,33.799999,0.8046,1.92,15.61,12.97,3.2
2010-06-10,2.54,30.57,0.18,3.01,-0.04107,122.339996,24.530001,108.610001,31.299999,31.469999,0.8046,1.98,16.139999,13.405,3.33
2010-06-11,2.49,28.79,0.18,3.04,-0.03212,122.809998,24.450001,103.690002,28.799999,30.950001,0.9552,1.95,16.125,13.54,3.24
2010-06-14,2.51,28.58,0.18,3.06,-0.03212,121.690002,24.57,99.919998,28.940001,30.68,0.9552,1.97,16.17,13.6,3.28
2010-06-15,2.53,25.87,0.18,3.05,-0.03212,124.800003,25.700001,99.0,26.370001,28.450001,0.9552,2.0,16.555,14.225,3.32
2010-06-16,2.52,25.92,0.18,3.07,-0.03212,121.480003,25.42,93.669998,25.92,28.780001,0.9552,1.99,16.440001,14.265,3.27
2010-06-17,2.49,25.05,0.18,3.04,-0.03212,122.129997,25.530001,89.650002,25.15,28.209999,0.9552,1.99,16.34,14.275,3.21
2010-06-18,2.5,23.95,0.18,3.04,-0.04684,122.980003,25.450001,92.360001,24.15,27.959999,0.49,1.99,16.235001,14.23,3.24
2010-06-21,2.52,24.88,0.18,3.02,-0.04684,121.730003,25.25,96.010002,25.57,27.540001,0.49,2.02,16.105,14.1,3.26
2010-06-22,2.47,27.05,0.18,3.04,-0.04684,120.419998,24.75,101.650002,26.83,29.09,0.49,1.98,15.745,13.905,3.18
2010-06-23,2.47,26.91,0.18,3.05,-0.04684,119.839996,24.780001,98.93,26.57,29.26,0.49,1.94,15.735,13.935,3.13
2010-06-24,2.47,29.74,0.18,3.08,-0.04684,119.559998,24.280001,103.690002,29.09,31.360001,0.49,1.91,15.36,13.615,3.14
2010-06-25,2.47,28.53,0.18,3.09,-0.07435,119.370003,24.040001,97.510002,28.58,30.700001,0.5707,1.91,15.405,13.585,3.12
2010-06-28,2.43,29.0,0.18,3.1,-0.07435,120.300003,24.360001,99.010002,29.370001,30.959999,0.5707,1.88,15.29,13.685,3.05
2010-06-29,2.36,34.13,0.18,3.12,-0.07435,118.129997,23.889999,104.0,35.02,34.380001,0.5707,1.83,14.745,13.18,2.97
2010-06-30,2.36,34.54,0.18,3.08,-0.07435,116.870003,23.280001,105.160004,35.139999,35.23,0.5707,1.82,14.565,12.96,2.97
2010-07-01,2.33,32.86,0.18,3.02,-0.07435,116.760002,23.17,100.690002,34.560001,34.490002,0.5707,1.75,14.685,12.91,2.96
2010-07-02,2.37,30.12,0.18,3.04,-0.10896,114.650002,23.110001,97.190002,32.189999,33.290001,0.9238,1.73,14.52,12.84,3.0
2010-07-05,2.37,30.12,0.18,3.04,-0.10896,114.650002,23.110001,97.190002,32.189999,33.290001,0.9238,1.73,14.52,12.84,3.0
2010-07-06,2.33,29.65,0.18,3.05,-0.10896,116.010002,23.120001,97.580002,31.65,32.009998,0.9238,1.69,14.52,12.89,2.95
2010-07-07,2.37,26.84,0.18,3.08,-0.10896,117.769997,24.25,92.139999,28.059999,29.719999,0.9238,1.7,14.93,13.51,3.0
2010-07-08,2.41,25.71,0.18,3.07,-0.10896,117.220001,24.219999,89.849998,27.049999,28.83,0.9238,1.79,15.06,13.475,3.04
2010-07-09,2.44,24.98,0.18,3.07,-0.15078,117.970001,24.48,88.580002,25.99,28.17,0.5484,1.81,15.205,13.65,3.07
2010-07-12,2.43,24.43,0.18,3.05,-0.15078,118.720001,24.75,91.75,25.5,28.389999,0.5484,1.82,15.225,13.795,3.08
2010-07-13,2.48,24.56,0.18,3.03,-0.15078,119.330002,25.389999,90.800003,25.370001,28.32,0.5484,1.87,15.605,14.095,3.15
2010-07-14,2.45,24.89,0.18,3.02,-0.15078,120.07,25.09,96.129997,25.959999,28.83,0.5484,1.84,15.505,14.05,3.07
2010-07-15,2.39,25.14,0.18,3.02,-0.15078,118.580002,25.4,97.75,26.57,29.23,0.5484,1.79,15.555,14.06,3.0
2010-07-16,2.35,26.25,0.18,3.04,-0.19131,118.669998,24.77,101.57,26.870001,30.6,0.342,1.71,15.01,13.725,2.96
2010-07-19,2.38,25.97,0.18,3.04,-0.19131,118.779999,25.549999,102.580002,27.25,30.08,0.342,1.7,15.155,14.08,2.99
2010-07-20,2.37,23.93,0.18,2.99,-0.19131,119.07,24.77,98.889999,25.209999,28.219999,0.342,1.7,15.37,13.995,2.98
2010-07-21,2.32,25.64,0.18,2.98,-0.19131,117.290001,24.5,97.019997,26.700001,29.08,0.342,1.71,15.095,13.74,2.9
2010-07-22,2.36,24.63,0.18,2.97,-0.19131,118.220001,25.290001,93.199997,25.219999,27.9,0.342,1.75,15.55,14.17,2.96
2010-07-23,2.42,23.47,0.18,2.95,-0.22471,119.690002,25.379999,89.900002,24.16,26.99,0.4883,1.78,15.775,14.22,3.02
2010-07-26,2.41,22.73,0.18,2.92,-0.22471,119.290001,25.66,88.550003,24.110001,26.440001,0.4883,1.79,16.01,14.335,3.03
2010-07-27,2.43,23.19,0.18,2.9,-0.22471,121.32,25.58,90.139999,24.33,26.370001,0.4883,1.82,15.805,14.28,3.08
2010-07-28,2.42,24.25,0.18,2.92,-0.22471,121.910004,25.219999,90.709999,25.030001,26.709999,0.4883,1.81,15.695,14.04,3.03
2010-07-29,2.44,24.13,0.18,2.92,-0.22471,119.360001,24.879999,90.620003,25.18,27.120001,0.4883,1.82,15.615,13.82,3.03
2010-07-30,2.39,23.5,0.18,2.91,-0.24933,119.529999,24.690001,89.550003,24.52,27.139999,0.1593,1.8,15.72,13.695,2.94
2010-08-02,2.43,22.01,0.18,2.9,-0.24933,122.5,25.110001,85.019997,23.48,25.4,0.1593,1.86,16.055,13.94,2.99
2010-08-03,2.41,22.63,0.18,2.92,-0.24933,121.389999,24.809999,85.040001,23.610001,26.01,0.1593,1.87,15.81,13.75,2.94
2010-08-04,2.42,22.21,0.18,2.9,-0.24933,120.989998,25.18,85.050003,23.219999,25.959999,0.1593,1.86,16.075001,13.865,2.98
2010-08-05,2.41,22.1,0.18,2.93,-0.24933,120.43,25.4,86.519997,23.27,26.16,0.1593,1.87,16.125,13.885,2.94
2010-08-06,2.36,21.74,0.18,2.94,-0.26368,119.669998,25.459999,87.440002,22.84,26.120001,0.1862,1.82,16.014999,13.875,2.86
2010-08-09,2.32,22.14,0.18,2.95,-0.26368,123.75,25.700001,87.860001,22.969999,26.030001,0.1862,1.82,16.17,13.935,2.86
2010-08-10,2.27,22.37,0.18,3.05,-0.26368,122.790001,25.35,90.349998,23.559999,26.309999,0.1862,1.84,16.030001,13.595,2.79
2010-08-11,2.18,25.39,0.18,3.03,-0.26368,118.449997,24.969999,102.650002,26.9,28.690001,0.1862,1.77,15.61,13.255,2.72
2010-08-12,2.19,25.73,0.18,3.04,-0.26368,115.18,24.41,99.75,27.629999,29.25,0.1862,1.69,15.55,13.015,2.74
2010-08-13,2.14,26.24,0.18,3.05,-0.26853,115.279999,24.280001,99.540001,28.07,29.969999,0.4009,1.68,15.375,12.85,2.68
2010-08-16,2.07,26.1,0.18,3.0,-0.26853,121.099998,24.530001,98.730003,27.08,29.799999,0.4009,1.63,15.37,12.975,2.58
2010-08-17,2.12,24.33,0.18,2.99,-0.26853,121.959999,24.700001,93.25,25.92,28.57,0.4009,1.63,15.62,13.13,2.64
2010-08-18,2.13,24.59,0.18,2.94,-0.26853,121.260002,24.91,91.300003,25.98,28.58,0.4009,1.62,15.765,13.27,2.64
2010-08-19,2.09,26.44,0.18,2.93,-0.26853,120.260002,24.530001,91.959999,26.9,29.629999,0.4009,1.56,15.46,13.005,2.58
2010-08-20,2.13,25.49,0.18,2.9,-0.26981,119.620003,24.700001,89.339996,25.76,29.540001,0.4223,1.57,15.45,12.99,2.62
2010-08-23,2.11,25.66,0.18,2.94,-0.26981,118.379997,24.370001,87.660004,26.49,29.290001,0.4223,1.55,15.31,12.87,2.6
2010-08-24,2.0,27.46,0.18,2.95,-0.26981,117.389999,24.27,85.699997,28.469999,30.309999,0.4223,1.49,15.05,12.665,2.5
2010-08-25,2.01,26.7,0.18,2.94,-0.26981,117.010002,24.309999,82.639999,27.77,29.85,0.4223,1.53,15.205,12.73,2.54
2010-08-26,1.99,27.37,0.18,2.95,-0.26981,115.989998,23.83,82.949997,28.879999,30.370001,0.4223,1.55,15.1,12.475,2.5
2010-08-27,2.1,24.45,0.18,2.96,-0.27191,116.029999,24.15,79.0,26.309999,28.4,0.4453,1.61,15.345,12.655,2.66
2010-08-30,2.04,27.21,0.18,2.99,-0.27191,115.059998,23.25,82.519997,27.889999,30.01,0.4453,1.55,15.075,12.315,2.54
2010-08-31,2.0,26.05,0.18,3.01,-0.27191,115.019997,23.02,81.489998,27.450001,29.040001,0.4453,1.52,15.095,12.135,2.47
2010-09-01,2.08,23.89,0.19,3.01,-0.27191,116.360001,23.75,78.279999,24.93,27.290001,0.4453,1.56,15.615,12.505,2.58
2010-09-02,2.13,23.19,0.19,3.02,-0.27191,116.739998,24.040001,79.050003,23.93,26.620001,0.4453,1.58,15.905,12.73,2.63
2010-09-03,2.2,21.31,0.19,2.97,-0.27918,119.110001,24.33,76.639999,21.950001,25.309999,0.2633,1.62,16.139999,12.93,2.72
2010-09-06,2.2,21.31,0.19,2.97,-0.27918,119.110001,24.33,76.639999,21.950001,25.309999,0.2633,1.62,16.139999,12.93,2.72
2010-09-07,2.12,23.8,0.19,2.96,-0.27918,118.730003,23.620001,78.980003,23.99,26.77,0.2633,1.63,15.88,12.655,2.61
2010-09-08,2.14,23.25,0.19,2.95,-0.27918,120.300003,23.68,89.879997,23.530001,26.299999,0.2633,1.64,15.995,12.63,2.66
2010-09-09,2.2,22.81,0.19,2.96,-0.27918,119.309998,23.84,87.970001,23.290001,26.1,0.2633,1.72,16.01,12.705,2.77
2010-09-10,2.23,21.99,0.19,2.94,-0.29397,121.089996,23.700001,87.599998,22.98,25.59,0.0464,1.79,16.145,12.55,2.81
2010-09-13,2.21,21.21,0.19,2.97,-0.29397,121.889999,24.459999,87.330002,22.32,24.75,0.0464,1.8,16.34,12.945,2.74
2010-09-14,2.18,21.56,0.19,2.97,-0.29397,120.980003,24.690001,87.949997,21.629999,24.74,0.0464,1.75,16.355,13.14,2.68
2010-09-15,2.24,22.1,0.19,3.0,-0.29397,119.739998,24.67,88.400002,22.15,24.93,0.0464,1.77,16.385,13.105,2.74
2010-09-16,2.29,21.72,0.19,3.02,-0.29397,124.32,24.98,87.629997,21.809999,24.959999,0.0464,1.77,16.385,13.275,2.77
2010-09-17,2.27,22.01,0.19,3.03,-0.31325,124.900002,25.719999,85.449997,22.26,25.120001,-0.0061,1.75,16.375,13.315,2.75
2010-09-20,2.25,21.5,0.19,3.02,-0.31325,124.879997,25.860001,81.5,22.43,24.59,-0.0061,1.78,16.690001,13.38,2.72
2010-09-21,2.18,22.35,0.19,3.05,-0.31325,122.809998,25.799999,80.970001,23.26,24.940001,-0.0061,1.83,16.620001,13.36,2.61
2010-09-22,2.12,22.51,0.19,3.05,-0.31325,121.75,25.440001,81.860001,23.629999,25.16,-0.0061,1.82,16.51,13.145,2.56
2010-09-23,2.11,23.87,0.19,3.04,-0.31325,121.57,25.77,83.019997,24.26,26.16,-0.0061,1.79,16.424999,13.265,2.56
2010-09-24,2.17,21.71,0.19,3.05,-0.33515,123.0,26.93,80.0,22.719999,24.75,0.072,1.81,16.85,13.77,2.62
2010-09-27,2.1,22.54,0.19,3.04,-0.33515,120.209999,26.68,82.620003,23.639999,25.200001,0.072,1.75,16.74,13.665,2.54
2010-09-28,2.11,22.6,0.19,3.06,-0.33515,121.690002,27.059999,83.620003,23.860001,25.34,0.072,1.79,16.870001,13.93,2.48
2010-09-29,2.08,23.25,0.19,3.06,-0.33515,119.269997,26.84,83.349998,24.48,25.91,0.072,1.78,16.75,13.88,2.52
2010-09-30,2.11,23.7,0.19,3.05,-0.33515,120.480003,27.139999,86.489998,24.959999,26.4,0.072,1.78,16.705,13.855,2.53
2010-10-01,2.12,22.5,0.19,3.07,-0.35916,119.610001,27.25,84.080002,23.98,25.700001,0.0948,1.79,16.725,13.855,2.54
2010-10-04,2.09,23.53,0.19,3.1,-0.35916,118.290001,27.209999,86.220001,25.16,26.32,0.0948,1.78,16.690001,13.69,2.5
2010-10-05,2.09,21.76,0.19,3.11,-0.35916,117.769997,28.33,82.620003,23.43,25.08,0.0948,1.85,17.040001,14.05,2.5
2010-10-06,2.03,21.49,0.19,3.13,-0.35916,116.57,28.309999,81.050003,23.530001,24.91,0.0948,1.89,16.924999,13.94,2.41
2010-10-07,2.05,21.56,0.19,3.18,-0.35916,116.690002,28.139999,80.699997,23.059999,24.889999,0.0948,1.88,17.004999,14.01,2.41
2010-10-08,2.06,20.71,0.19,3.21,-0.38285,117.959999,28.73,81.410004,21.98,24.059999,-0.0067,1.96,17.18,14.165,2.41
2010-10-11,2.06,18.96,0.19,3.21,-0.38285,115.870003,28.77,84.75,20.4,23.98,-0.0067,1.96,17.184999,14.245,2.41
2010-10-12,2.07,18.93,0.19,3.22,-0.38285,117.019997,28.68,84.769997,20.540001,23.370001,-0.0067,1.95,17.225,14.335,2.44
2010-10-13,2.09,19.07,0.19,3.22,-0.38285,118.43,28.120001,88.720001,20.469999,22.98,-0.0067,2.02,17.25,14.135,2.46
2010-10-14,2.14,19.88,0.19,3.23,-0.38285,120.239998,28.309999,87.139999,20.629999,23.559999,-0.0067,2.11,17.23,14.105,2.52
2010-10-15,2.22,19.03,0.19,3.26,-0.40455,121.480003,28.719999,89.82,20.440001,23.200001,-0.2089,2.09,17.355,14.225,2.59
2010-10-18,2.14,19.09,0.19,3.26,-0.40455,120.57,28.360001,91.75,21.25,22.799999,-0.2089,2.05,17.379999,14.14,2.52
2010-10-19,2.13,20.63,0.19,3.25,-0.40455,119.57,28.030001,91.529999,21.91,23.59,-0.2089,2.06,17.065001,13.97,2.5
2010-10-20,2.16,19.79,0.19,3.23,-0.40455,120.040001,28.09,85.480003,21.65,22.66,-0.2089,2.04,17.285,14.095,2.51
2010-10-21,2.2,19.27,0.19,3.2,-0.40455,118.169998,28.219999,83.589996,21.18,22.219999,-0.2089,2.07,17.385,14.07,2.57
2010-10-22,2.24,18.78,0.19,3.18,-0.42203,117.379997,28.66,81.970001,20.42,21.65,-0.0821,2.09,17.48,14.25,2.59
2010-10-25,2.22,19.85,0.19,3.13,-0.42203,116.449997,28.98,82.019997,21.48,21.91,-0.0821,2.14,17.59,14.365,2.59
2010-10-26,2.27,20.22,0.19,3.13,-0.42203,116.440002,28.879999,82.790001,21.809999,22.200001,-0.0821,2.15,17.665001,14.34,2.67
2010-10-27,2.35,20.71,0.19,3.09,-0.42203,116.970001,29.440001,80.419998,21.57,22.6,-0.0821,2.13,17.555,14.655,2.75
2010-10-28,2.32,20.88,0.19,3.16,-0.42203,116.290001,29.24,78.470001,21.65,22.809999,-0.0821,2.12,17.635,14.69,2.69
2010-10-29,2.29,21.2,0.19,3.15,-0.43575,116.040001,29.57,77.459999,22.24,22.950001,-0.2381,2.13,17.629999,14.755,2.63
2010-11-01,2.32,21.83,0.19,3.13,-0.43575,116.830002,29.440001,79.720001,22.92,23.290001,-0.2381,2.17,17.594999,14.785,2.66
2010-11-02,2.29,21.57,0.19,3.08,-0.43575,116.139999,29.6,80.18,22.879999,23.02,-0.2381,2.14,17.795,14.845,2.63
2010-11-03,2.33,19.56,0.19,3.16,-0.43575,118.209999,30.0,76.57,20.41,21.65,-0.2381,2.17,17.885,14.995,2.67
2010-11-04,2.2,18.52,0.19,3.24,-0.43575,116.589996,30.75,70.779999,19.540001,20.57,-0.2381,2.09,18.165001,15.37,2.53
2010-11-05,2.2,18.26,0.19,3.27,-0.44486,116.980003,31.469999,74.019997,18.67,20.66,-0.1489,2.1,18.254999,15.595,2.58
2010-11-08,2.19,18.29,0.19,3.25,-0.44486,118.269997,31.379999,73.669998,18.700001,20.73,-0.1489,2.12,18.225,15.58,2.6
2010-11-09,2.26,19.08,0.19,3.25,-0.44486,119.610001,31.34,76.489998,18.99,21.530001,-0.1489,2.14,18.059999,15.435,2.72
2010-11-10,2.21,18.47,0.19,3.31,-0.44486,122.160004,31.34,83.07,19.459999,21.280001,-0.1489,2.09,18.219999,15.435,2.65
2010-11-11,2.21,18.64,0.19,3.31,-0.44486,123.589996,30.799999,86.31891839167201,19.370001,21.469999,-0.1489,2.09,18.195,15.265,2.65
2010-11-12,2.25,20.61,0.19,3.24,-0.44822,121.720001,30.950001,88.18,22.549999,22.93,-0.2512,2.05,18.004999,15.26,2.76
2010-11-15,2.39,20.2,0.19,3.2,-0.44822,122.040001,30.85,88.129997,21.690001,22.809999,-0.2512,2.05,17.969999,15.16,2.92
2010-11-16,2.34,22.58,0.19,3.15,-0.44822,120.860001,30.57,93.650002,23.73,24.08,-0.2512,1.98,17.725,15.0,2.85
2010-11-17,2.39,21.76,0.19,3.13,-0.44822,120.339996,30.91,89.25,23.25,23.83,-0.2512,2.05,17.879999,15.05,2.89
2010-11-18,2.38,18.75,0.19,3.12,-0.44822,121.730003,31.48,83.919998,20.26,22.43,-0.2512,2.07,18.035,15.275,2.9
2010-11-19,2.36,18.04,0.19,3.11,-0.45031,121.260002,31.940001,84.730003,19.780001,21.4,0.0015,2.11,18.120001,15.42,2.88
2010-11-22,2.31,18.37,0.19,3.14,-0.45031,122.339996,32.240002,78.389999,19.73,21.33,0.0015,2.1,18.205,15.61,2.8
2010-11-23,2.32,20.63,0.19,3.13,-0.45031,119.860001,31.98,87.440002,21.77,22.59,0.0015,2.08,17.934999,15.51,2.77
2010-11-24,2.4,19.56,0.19,3.1,-0.45031,122.160004,32.549999,81.550003,20.85,21.809999,0.0015,2.13,18.305,15.84,2.93
2010-11-25,2.4,19.56,0.19,3.1,-0.45031,122.160004,32.549999,81.550003,20.85,21.809999,0.0015,2.13,18.305,15.84,2.93
2010-11-26,2.36,22.22,0.19,3.07,-0.45278,119.019997,32.200001,90.550003,20.84,21.809999,0.0148,2.12,18.155001,15.745,2.87
2010-11-29,2.32,21.53,0.19,3.04,-0.45278,118.540001,32.200001,89.010002,23.280001,23.35,0.0148,2.11,18.115,15.72,2.84
2010-11-30,2.36,23.54,0.19,3.03,-0.45278,116.709999,31.799999,95.730003,25.389999,25.190001,0.0148,2.07,18.075001,15.53,2.81
2010-12-01,2.44,21.36,0.18,3.01,-0.45278,118.690002,32.580002,92.029999,23.09,23.99,0.0148,2.14,18.459999,15.935,2.97
2010-12-02,2.46,19.39,0.18,2.99,-0.45278,120.879997,32.849998,87.739998,21.42,21.99,0.0148,2.17,18.700001,16.219999,3.01
2010-12-03,2.54,18.01,0.18,3.02,-0.45864,120.419998,32.82,84.279999,19.77,21.0,-0.0258,2.17,18.709999,16.325001,3.03
2010-12-06,2.53,18.02,0.18,3.02,-0.45864,121.150002,32.950001,82.599998,19.91,21.040001,-0.0258,2.16,18.73,16.305,2.95
2010-12-07,2.61,17.99,0.18,2.99,-0.45864,118.129997,33.41,82.660004,20.16,20.969999,-0.0258,2.23,18.74,16.33,3.15
2010-12-08,2.63,17.74,0.18,2.9,-0.45864,119.529999,33.75,81.800003,19.700001,20.379999,-0.0258,2.19,18.690001,16.485001,3.26
2010-12-09,2.59,17.25,0.18,2.86,-0.45864,123.93,33.740002,79.800003,19.059999,19.98,-0.0258,2.14,18.715,16.5,3.23
2010-12-10,2.68,17.61,0.18,2.79,-0.47047,123.010002,32.799999,79.360001,18.77,19.84,-0.2946,2.16,18.780001,16.43,3.32
2010-12-13,2.68,17.55,0.18,2.8,-0.47047,120.739998,32.599998,81.669998,18.26,20.459999,-0.2946,2.18,18.690001,16.290001,3.29
2010-12-14,2.83,17.61,0.18,2.75,-0.47047,121.989998,32.799999,81.669998,18.4,20.389999,-0.2946,2.22,18.684999,16.295,3.49
2010-12-15,2.85,17.94,0.18,2.74,-0.47047,121.980003,32.639999,83.419998,18.860001,20.74,-0.2946,2.31,18.625,16.165001,3.53
2010-12-16,2.81,17.39,0.18,2.77,-0.47047,124.809998,32.619999,81.32,18.25,20.82,-0.2946,2.32,18.76,16.26,3.47
2010-12-17,2.72,16.11,0.18,2.73,-0.48581,125.239998,32.529999,86.620003,17.309999,20.290001,-0.2081,2.28,18.68,16.325001,3.33
2010-12-20,2.74,16.41,0.18,2.75,-0.48581,125.839996,32.330002,84.089996,17.18,20.1,-0.2081,2.29,18.790001,16.190001,3.36
2010-12-21,2.72,16.49,0.18,2.72,-0.48581,124.870003,32.439999,84.379997,16.83,19.91,-0.2081,2.29,18.870001,16.325001,3.35
2010-12-22,2.71,15.45,0.18,2.73,-0.48581,123.650002,32.470001,86.029999,16.57,19.57,-0.2081,2.33,18.895,16.254999,3.36
2010-12-23,2.74,16.47,0.18,2.7,-0.48581,125.349998,32.360001,86.739998,17.43,20.440001,-0.2081,2.33,18.815001,16.25,3.41
2010-12-24,2.74,16.47,0.18,2.7,-0.50521,125.349998,32.360001,86.739998,17.43,20.440001,-0.2581,2.33,18.815001,16.25,3.41
2010-12-27,2.65,17.67,0.18,2.7,-0.50521,123.860001,32.380001,87.440002,18.940001,21.040001,-0.2581,2.3,18.76,16.305,3.36
2010-12-28,2.75,17.52,0.18,2.68,-0.50521,123.529999,32.240002,86.339996,18.889999,21.18,-0.2581,2.33,18.719999,16.219999,3.5
2010-12-29,2.71,17.28,0.18,2.7,-0.50521,122.400002,32.509998,85.709999,18.27,20.84,-0.2581,2.29,18.780001,16.285,3.35
2010-12-30,2.72,17.52,0.18,2.69,-0.50521,122.169998,32.5,86.519997,18.66,21.01,-0.2581,2.3,18.745001,16.299999,3.38
2010-12-31,2.69,17.75,0.18,2.68,-0.52632,120.739998,32.5,86.360001,19.48,20.9,-0.2544,2.3,18.705,16.264999,3.3
2011-01-03,2.75,17.61,0.18,2.68,-0.52632,122.68,32.73,84.800003,19.07,20.620001,-0.2544,2.31,18.924999,16.344999,3.36
2011-01-04,2.73,17.38,0.18,2.71,-0.52632,121.959999,32.669998,85.25,18.9,20.610001,-0.2544,2.35,18.82,16.355,3.36
2011-01-05,2.79,17.02,0.18,2.67,-0.52632,121.230003,32.799999,84.699997,18.35,20.049999,-0.2544,2.42,18.975,16.325001,3.5
2011-01-06,2.76,17.4,0.18,2.67,-0.52632,121.010002,33.25,84.599998,18.41,20.35,-0.2544,2.41,18.860001,16.445,3.44
2011-01-07,2.74,17.14,0.18,2.73,-0.5479,121.220001,33.220001,83.730003,18.719999,20.290001,-0.3365,2.36,18.85,16.415001,3.34
2011-01-10,2.73,17.54,0.18,2.75,-0.5479,121.470001,33.380001,81.650002,18.67,20.48,-0.3365,2.36,18.834999,16.459999,3.32
2011-01-11,2.77,16.89,0.18,2.68,-0.5479,122.290001,33.5,79.82,18.07,20.139999,-0.3365,2.4,18.83,16.584999,3.37
2011-01-12,2.79,16.24,0.18,2.68,-0.5479,121.940002,33.66,77.940002,17.42,19.23,-0.3365,2.42,18.875,16.76,3.4
2011-01-13,2.75,16.39,0.18,2.71,-0.5479,121.290001,33.48,78.639999,17.450001,19.200001,-0.3365,2.37,18.844999,16.764999,3.34
2011-01-14,2.76,15.46,0.18,2.74,-0.5681,123.519997,34.040001,75.940002,16.49,18.370001,-0.3202,2.35,18.959999,17.205,3.35
2011-01-17,2.76,15.46,0.18,2.74,-0.5681,123.519997,34.040001,75.940002,16.49,18.370001,-0.3202,2.35,18.959999,17.205,3.35
2011-01-18,2.79,15.87,0.18,2.72,-0.5681,128.160004,34.849998,79.769997,16.42,18.379999,-0.3202,2.4,19.014999,17.295,3.39
2011-01-19,2.77,17.31,0.18,2.7,-0.5681,123.410004,34.16,83.699997,18.43,19.639999,-0.3202,2.38,18.825001,17.07,3.37
2011-01-20,2.82,17.99,0.18,2.7,-0.5681,126.190002,33.91,82.690002,19.629999,19.9,-0.3202,2.25,18.865,16.934999,3.47
2011-01-21,2.81,18.47,0.18,2.68,-0.58545,133.990005,33.91,85.410004,20.17,19.969999,-0.3329,2.24,18.91,16.870001,3.44
2011-01-24,2.78,17.65,0.18,2.67,-0.58545,131.860001,34.650002,82.970001,18.83,19.58,-0.3329,2.25,18.985001,17.225,3.43
2011-01-25,2.73,17.59,0.18,2.66,-0.58545,134.610001,33.98,82.669998,18.84,19.34,-0.3329,2.24,18.995001,17.125,3.35
2011-01-26,2.83,16.64,0.18,2.68,-0.58545,131.759995,34.32,79.43,17.93,18.82,-0.3329,2.29,19.025,17.23,3.45
2011-01-27,2.83,16.15,0.18,2.67,-0.58545,130.559998,34.630001,77.040001,17.83,18.48,-0.3329,2.26,19.174999,17.565001,3.42
2011-01-28,2.82,20.04,0.18,2.7,-0.59746,128.229996,34.27,91.519997,21.66,20.59,-0.2789,2.27,18.549999,17.200001,3.36
2011-01-31,2.84,19.53,0.18,2.68,-0.59746,130.300003,33.91,86.080002,21.790001,20.15,-0.2789,2.34,18.59,17.205,3.42
2011-02-01,2.87,17.63,0.16,2.66,-0.59746,129.0,35.0,84.480003,19.959999,18.969999,-0.2789,2.37,18.809999,17.639999,3.48
2011-02-02,2.85,17.3,0.16,2.64,-0.59746,127.519997,35.119999,83.160004,19.84,19.09,-0.2789,2.36,18.754999,17.68,3.52
2011-02-03,2.87,16.69,0.16,2.61,-0.59746,127.129997,34.990002,81.75,19.09,18.92,-0.2789,2.35,18.975,17.620001,3.58
2011-02-04,2.91,15.93,0.16,2.57,-0.6024,127.449997,35.439999,81.110001,17.91,18.33,-0.3934,2.38,19.105,17.905001,3.68
2011-02-07,2.9,16.28,0.16,2.53,-0.6024,127.629997,35.259998,80.540001,18.219999,18.26,-0.3934,2.36,19.205,17.84,3.68
2011-02-08,2.89,15.81,0.16,2.5,-0.6024,129.539993,35.279999,78.93,17.68,17.85,-0.3934,2.36,19.434999,17.825001,3.75
2011-02-09,2.84,15.87,0.16,2.53,-0.6024,129.330002,35.099998,82.110001,17.719999,17.860001,-0.3934,2.31,19.565001,17.790001,3.65
2011-02-10,2.85,16.09,0.16,2.55,-0.6024,129.240005,35.189999,83.730003,17.91,18.1,-0.3934,2.31,19.59,17.879999,3.7
2011-02-11,2.79,15.69,0.16,2.56,-0.60071,131.309998,35.619999,84.5,17.18,17.860001,-0.4678,2.28,19.790001,18.0,3.64
2011-02-14,2.75,15.95,0.16,2.53,-0.60071,127.410004,35.830002,82.669998,17.459999,17.940001,-0.4678,2.28,19.709999,18.094999,3.62
2011-02-15,2.77,16.37,0.16,2.53,-0.60071,131.779999,35.970001,84.379997,17.98,18.27,-0.4678,2.28,19.735001,18.01,3.61
2011-02-16,2.76,16.72,0.16,2.53,-0.60071,130.690002,36.049999,83.050003,18.23,18.32,-0.4678,2.25,19.895,18.145,3.62
2011-02-17,2.78,16.59,0.16,2.56,-0.60071,130.970001,36.48,83.029999,18.219999,18.629999,-0.4678,2.27,19.9,18.295,3.58
2011-02-18,2.81,16.43,0.16,2.58,-0.5912,136.429993,36.23,85.470001,17.9,18.9,-0.3225,2.34,20.004999,18.280001,3.59
2011-02-21,2.81,16.43,0.16,2.58,-0.5912,136.429993,36.23,85.470001,17.9,18.9,-0.3225,2.34,20.004999,18.280001,3.59
2011-02-22,2.72,20.8,0.16,2.62,-0.5912,125.900002,35.75,99.18,23.389999,21.32,-0.3225,2.34,19.525,17.75,3.46
2011-02-23,2.75,22.13,0.16,2.6,-0.5912,124.529999,35.400002,99.040001,24.370001,22.469999,-0.3225,2.39,19.24,17.49,3.49
2011-02-24,2.73,21.32,0.16,2.59,-0.5912,124.68,35.43,94.07,23.67,22.26,-0.3225,2.41,19.355,17.629999,3.46
2011-02-25,2.7,19.22,0.16,2.6,-0.57608,128.759995,35.619999,86.169998,20.639999,20.57,-0.1061,2.4,19.555,18.01,3.42
2011-02-28,2.73,18.35,0.16,2.57,-0.57608,129.369995,35.610001,81.779999,20.549999,20.0,-0.1061,2.39,19.705,17.889999,3.42
2011-03-01,2.75,21.01,0.14,2.59,-0.57608,122.43,35.0,89.279999,22.82,21.9,-0.1061,2.41,19.33,17.6,3.41
2011-03-02,2.77,20.7,0.14,2.6,-0.57608,123.059998,36.139999,87.550003,22.74,21.68,-0.1061,2.45,19.405001,17.975,3.46
2011-03-03,2.79,18.6,0.14,2.55,-0.57608,125.709999,36.560001,82.360001,20.1,20.440001,-0.1061,2.49,19.75,18.344999,3.58
2011-03-04,2.81,19.06,0.14,2.6,-0.56231,125.900002,36.27,81.480003,20.469999,20.799999,-0.2472,2.49,19.605,18.209999,3.49
2011-03-07,2.81,20.66,0.14,2.59,-0.56231,122.949997,35.48,84.32,23.219999,21.85,-0.2472,2.51,19.41,17.700001,3.51
2011-03-08,2.83,19.82,0.14,2.59,-0.56231,123.370003,35.860001,80.839996,22.74,21.450001,-0.2472,2.55,19.565001,17.715,3.56
2011-03-09,2.78,20.22,0.14,2.61,-0.56231,122.599998,34.740002,84.889999,23.43,21.82,-0.2472,2.5,19.610001,17.190001,3.48
2011-03-10,2.72,21.88,0.14,2.66,-0.56231,119.260002,34.25,88.160004,24.27,22.76,-0.2472,2.46,19.385,16.870001,3.37
2011-03-11,2.76,20.08,0.14,2.63,-0.55169,118.540001,34.389999,83.209999,22.49,21.870001,-0.2508,2.44,19.504999,16.975,3.4
2011-03-14,2.75,21.13,0.14,2.65,-0.55169,121.519997,34.560001,83.889999,23.1,22.49,-0.2508,2.43,19.264999,16.945,3.36
2011-03-15,2.7,24.32,0.14,2.68,-0.55169,121.519997,33.900002,89.68,26.790001,24.030001,-0.2508,2.4,19.105,16.674999,3.33
2011-03-16,2.64,29.4,0.14,2.71,-0.55169,122.459999,32.790001,112.389999,30.700001,26.91,-0.2508,2.37,18.780001,16.275,3.22
2011-03-17,2.65,26.37,0.14,2.72,-0.55169,125.849998,33.07,101.449997,28.41,25.440001,-0.2508,2.43,18.865,16.49,3.25
2011-03-18,2.67,24.44,0.14,2.69,-0.54618,126.809998,33.360001,96.279999,26.6,24.34,0.0669,2.43,18.790001,16.525,3.28
2011-03-21,2.67,20.61,0.14,2.64,-0.54618,124.589996,33.68,89.169998,23.82,21.950001,0.0669,2.44,19.08,16.85,3.34
2011-03-22,2.66,20.21,0.14,2.64,-0.54618,120.830002,33.639999,87.389999,22.35,21.700001,0.0669,2.39,18.93,16.754999,3.34
2011-03-23,2.67,19.17,0.14,2.63,-0.54618,120.75,34.209999,84.769997,21.959999,20.93,0.0669,2.38,19.094999,16.959999,3.36
2011-03-24,2.7,18.0,0.14,2.59,-0.54618,119.970001,34.860001,84.169998,20.59,20.08,0.0669,2.47,19.375,17.27,3.42
2011-03-25,2.67,17.91,0.14,2.58,-0.55117,121.43,34.639999,84.529999,20.780001,20.030001,-0.3403,2.44,19.41,17.285,3.46
2011-03-28,2.66,19.44,0.14,2.56,-0.55117,122.68,34.490002,89.940002,22.23,20.860001,-0.3403,2.46,19.209999,17.235001,3.47
2011-03-29,2.69,18.16,0.14,2.59,-0.55117,124.110001,34.959999,84.959999,21.34,19.969999,-0.3403,2.47,19.385,17.370001,3.5
2011-03-30,2.67,17.71,0.14,2.59,-0.55117,123.5,34.740002,82.75,20.379999,19.75,-0.3403,2.47,19.594999,17.375,3.47
2011-03-31,2.67,17.74,0.14,2.58,-0.55117,124.639999,34.560001,82.510002,19.74,19.84,-0.3403,2.48,19.525,17.295,3.47
2011-04-01,2.66,17.4,0.1,2.58,-0.56201,128.639999,34.23,81.980003,19.41,19.59,-0.3569,2.52,19.65,17.040001,3.46
2011-04-04,2.68,17.5,0.1,2.58,-0.56201,128.050003,34.110001,81.839996,20.049999,19.389999,-0.3569,2.54,19.695,16.91,3.45
2011-04-05,2.66,17.25,0.1,2.55,-0.56201,128.059998,34.689999,81.440002,19.459999,19.4,-0.3569,2.56,19.76,17.309999,3.5
2011-04-06,2.71,16.9,0.1,2.55,-0.56201,125.18,34.860001,83.220001,19.32,19.379999,-0.3569,2.57,19.725,17.530001,3.56
2011-04-07,2.77,17.11,0.1,2.57,-0.56201,126.459999,35.240002,82.389999,19.34,19.5,-0.3569,2.59,19.645,17.504999,3.58
2011-04-08,2.76,17.87,0.1,2.56,-0.57643,125.919998,35.169998,83.43,19.76,20.049999,-0.4315,2.64,19.530001,17.440001,3.59
2011-04-11,2.74,16.59,0.1,2.55,-0.57643,122.940002,34.93,84.160004,19.09,20.01,-0.4315,2.63,19.535,17.315001,3.59
2011-04-12,2.75,17.09,0.1,2.58,-0.57643,121.940002,34.139999,85.360001,19.389999,20.33,-0.4315,2.62,19.51,16.975,3.52
2011-04-13,2.74,16.92,0.1,2.58,-0.57643,124.550003,34.34,86.040001,18.5,19.99,-0.4315,2.61,19.575001,17.02,3.49
2011-04-14,2.74,16.27,0.1,2.55,-0.57643,125.089996,34.709999,86.07,17.700001,19.959999,-0.4315,2.62,19.530001,17.035,3.51
2011-04-15,2.72,15.32,0.1,2.56,-0.58989,130.449997,34.990002,85.720001,17.48,19.17,-0.3946,2.61,19.625,17.18,3.43
2011-04-18,2.71,16.96,0.1,2.58,-0.58989,129.369995,34.790001,89.110001,18.469999,19.92,-0.3946,2.6,19.450001,16.950001,3.4
2011-04-19,2.71,15.83,0.1,2.56,-0.58989,129.399994,34.540001,85.730003,16.23,19.18,-0.3946,2.63,19.495001,17.025,3.39
2011-04-20,2.74,15.07,0.1,2.55,-0.58989,131.130005,35.130001,86.209999,16.49,18.48,-0.3946,2.61,19.844999,17.825001,3.43
2011-04-21,2.74,14.69,0.1,2.57,-0.58989,131.779999,35.52,87.709999,15.85,18.35,-0.3946,2.59,19.955,17.885,3.42
2011-04-22,2.74,14.69,0.1,2.57,-0.59942,131.779999,35.52,87.709999,15.85,18.35,-0.4168,2.59,19.955,17.885,3.42
2011-04-25,2.72,15.77,0.1,2.58,-0.59942,130.880005,35.419998,87.68,17.219999,18.549999,-0.4168,2.6,19.934999,17.950001,3.39
2011-04-26,2.69,15.62,0.1,2.57,-0.59942,127.449997,35.740002,85.720001,17.780001,18.27,-0.4168,2.58,19.969999,18.254999,3.34
2011-04-27,2.74,15.35,0.1,2.57,-0.59942,126.93,35.900002,83.209999,17.030001,17.9,-0.4168,2.58,20.209999,18.375,3.39
2011-04-28,2.72,14.62,0.1,2.59,-0.59942,124.989998,35.549999,82.889999,16.200001,17.52,-0.4168,2.56,20.290001,18.295,3.34
2011-04-29,2.71,14.75,0.1,2.58,-0.6031,127.449997,35.529999,83.980003,16.540001,17.5,-0.5321,2.57,20.275,18.344999,3.32
2011-05-02,2.7,15.99,0.1,2.57,-0.6031,124.150002,35.009998,88.5,18.129999,18.389999,-0.5321,2.56,20.344999,18.145,3.31
2011-05-03,2.67,16.7,0.1,2.57,-0.6031,127.489998,34.799999,90.620003,18.620001,19.110001,-0.5321,2.55,20.23,18.059999,3.28
2011-05-04,2.65,17.08,0.1,2.56,-0.6031,125.290001,34.82,91.389999,18.59,19.440001,-0.5321,2.55,20.184999,18.120001,3.25
2011-05-05,2.6,18.2,0.1,2.59,-0.6031,124.889999,35.02,95.080002,19.120001,19.84,-0.5321,2.48,20.129999,18.190001,3.18
2011-05-06,2.62,18.4,0.1,2.6,-0.59987,124.610001,35.23,94.43,19.26,19.91,-0.3499,2.48,20.145,18.27,3.19
2011-05-09,2.6,17.16,0.1,2.64,-0.59987,124.669998,35.34,90.860001,18.379999,19.200001,-0.3499,2.48,20.17,18.17,3.17
2011-05-10,2.64,15.91,0.1,2.61,-0.59987,126.230003,35.459999,87.559998,17.1,18.370001,-0.3499,2.49,20.43,18.254999,3.23
2011-05-11,2.63,16.95,0.1,2.61,-0.59987,126.230003,34.900002,96.25,17.41,19.049999,-0.3499,2.43,20.235001,18.190001,3.19
2011-05-12,2.65,16.03,0.1,2.64,-0.59987,122.589996,35.330002,93.57,16.99,18.440001,-0.3499,2.43,20.434999,18.375,3.22
2011-05-13,2.61,17.07,0.1,2.64,-0.59047,121.900002,35.18,93.860001,18.4,19.07,-0.3665,2.39,20.280001,18.24,3.18
2011-05-16,2.61,18.24,0.1,2.6,-0.59047,123.580002,34.91,94.440002,19.5,19.870001,-0.3665,2.34,20.01,18.065001,3.15
2011-05-17,2.57,17.55,0.1,2.59,-0.59047,121.139999,34.439999,93.639999,19.120001,19.450001,-0.3665,2.3,20.030001,17.83,3.12
2011-05-18,2.6,16.23,0.1,2.59,-0.59047,121.139999,35.18,90.699997,17.65,18.530001,-0.3665,2.36,20.264999,18.219999,3.18
2011-05-19,2.62,15.52,0.1,2.61,-0.59047,127.160004,34.970001,87.529999,17.059999,18.17,-0.3665,2.26,20.33,18.065001,3.17
2011-05-20,2.6,17.43,0.1,2.63,-0.57809,129.149994,35.0,90.230003,18.16,19.049999,-0.3294,2.3,20.135,17.950001,3.15
2011-05-23,2.58,18.27,0.1,2.62,-0.57809,124.779999,34.25,92.080002,19.209999,19.790001,-0.3294,2.29,19.945,17.6,3.13
2011-05-24,2.56,17.82,0.1,2.62,-0.57809,123.129997,34.080002,88.470001,19.4,19.17,-0.3294,2.33,19.844999,17.469999,3.12
2011-05-25,2.59,17.07,0.1,2.64,-0.57809,123.139999,34.279999,85.290001,18.16,18.870001,-0.3294,2.33,19.85,17.575001,3.13
2011-05-26,2.59,16.09,0.1,2.64,-0.57809,125.43,34.32,81.480003,17.26,18.190001,-0.3294,2.31,20.030001,17.610001,3.07
2011-05-27,2.59,15.98,0.1,2.65,-0.56425,125.43,34.720001,81.459999,16.870001,18.129999,-0.2919,2.28,20.08,17.665001,3.07
2011-05-30,2.59,15.98,0.1,2.65,-0.56425,125.43,34.720001,81.459999,16.870001,18.129999,-0.2919,2.28,20.08,17.665001,3.07
2011-05-31,2.6,15.45,0.1,2.65,-0.56425,123.910004,35.299999,80.919998,16.440001,17.559999,-0.2919,2.25,20.219999,17.945,3.05
2011-06-01,2.52,18.3,0.09,2.68,-0.56425,119.330002,33.950001,87.589996,19.24,19.360001,-0.2919,2.22,19.76,17.385,2.96
2011-06-02,2.59,18.09,0.09,2.7,-0.56425,119.199997,34.240002,85.220001,18.709999,19.32,-0.2919,2.26,19.715,17.440001,3.04
2011-06-03,2.57,17.95,0.09,2.73,-0.55085,116.800003,33.5,85.540001,18.9,19.469999,-0.22,2.24,19.459999,17.08,2.99
2011-06-06,2.58,18.49,0.09,2.75,-0.55085,116.019997,33.32,88.150002,19.58,19.959999,-0.22,2.25,19.254999,17.02,3.01
2011-06-07,2.62,18.07,0.09,2.75,-0.55085,116.07,33.27,83.720001,19.139999,19.5,-0.22,2.25,19.275,17.135,3.01
2011-06-08,2.59,18.79,0.09,2.73,-0.55085,118.760002,32.669998,88.980003,19.969999,19.950001,-0.22,2.22,19.125,16.775,2.98
2011-06-09,2.58,17.77,0.09,2.73,-0.55085,117.269997,32.91,85.650002,18.879999,19.26,-0.22,2.21,19.285,16.825001,3.01
2011-06-10,2.58,18.86,0.09,2.71,-0.53847,122.650002,32.150002,93.339996,19.85,20.110001,-0.1527,2.2,18.93,16.555,2.99
2011-06-13,2.6,19.61,0.09,2.72,-0.53847,120.989998,31.74,98.349998,20.219999,20.440001,-0.1527,2.2,18.905001,16.424999,3.0
2011-06-14,2.66,18.26,0.09,2.71,-0.53847,125.300003,32.330002,91.739998,18.74,19.43,-0.1527,2.28,19.24,16.719999,3.11
2011-06-15,2.6,21.32,0.09,2.74,-0.53847,124.32,31.59,105.07,22.290001,21.379999,-0.1527,2.24,18.945,16.42,2.98
2011-06-16,2.55,22.73,0.09,2.75,-0.53847,122.349998,31.32,100.389999,24.469999,22.610001,-0.1527,2.2,18.9,16.26,2.93
2011-06-17,2.56,21.85,0.09,2.79,-0.52958,122.349998,31.24,95.309998,23.58,22.440001,-0.1448,2.19,18.975,16.16,2.94
2011-06-20,2.59,19.99,0.09,2.76,-0.52958,117.440002,31.280001,90.25,22.07,21.219999,-0.1448,2.18,19.129999,16.215,2.97
2011-06-21,2.59,18.86,0.09,2.75,-0.52958,116.519997,32.029999,90.550003,20.360001,20.5,-0.1448,2.21,19.52,16.57,2.99
2011-06-22,2.62,18.52,0.09,2.74,-0.52958,114.739998,31.74,91.709999,20.200001,20.719999,-0.1448,2.19,19.370001,16.465,3.01
2011-06-23,2.58,19.29,0.09,2.76,-0.52958,116.790001,32.119999,93.089996,20.76,20.93,-0.1448,2.22,19.440001,16.700001,2.93
2011-06-24,2.53,21.1,0.09,2.83,-0.52249,115.919998,31.530001,99.139999,22.58,21.92,-0.1303,2.24,19.25,16.33,2.88
2011-06-27,2.54,20.56,0.09,2.87,-0.52249,119.459999,31.74,94.290001,21.959999,21.5,-0.1303,2.28,19.485001,16.5,2.95
2011-06-28,2.57,19.17,0.09,2.81,-0.52249,122.150002,31.98,90.330002,20.709999,20.52,-0.1303,2.32,19.855,16.629999,3.05
2011-06-29,2.67,17.27,0.09,2.75,-0.52249,128.729996,31.879999,85.900002,18.84,19.42,-0.1303,2.4,19.945,16.6,3.14
2011-06-30,2.73,16.52,0.09,2.72,-0.52249,122.089996,32.830002,81.080002,17.860001,18.91,-0.1303,2.43,20.105,17.040001,3.18
2011-07-01,2.72,15.87,0.07,2.69,-0.51554,119.629997,33.52,78.639999,17.370001,17.93,-0.4027,2.45,20.51,17.385,3.22
2011-07-04,2.72,15.87,0.07,2.69,-0.51554,119.629997,33.52,78.639999,17.370001,17.93,-0.4027,2.45,20.51,17.385,3.22
2011-07-05,2.72,16.06,0.07,2.74,-0.51554,121.779999,32.919998,81.339996,17.76,18.110001,-0.4027,2.39,20.6,17.205,3.16
2011-07-06,2.69,16.34,0.07,2.73,-0.51554,121.510002,32.849998,82.690002,17.85,18.41,-0.4027,2.38,20.525,17.190001,3.12
2011-07-07,2.68,15.95,0.07,2.69,-0.51554,121.860001,33.459999,80.699997,17.709999,17.77,-0.4027,2.42,20.809999,17.584999,3.17
2011-07-08,2.63,15.95,0.07,2.73,-0.50359,119.68,32.880001,80.82,17.450001,17.959999,-0.3713,2.34,20.684999,17.325001,3.03
2011-07-11,2.57,18.39,0.07,2.76,-0.50359,123.080002,32.439999,90.870003,20.219999,19.98,-0.3713,2.31,20.285,17.08,2.94
2011-07-12,2.55,19.87,0.07,2.77,-0.50359,119.209999,31.25,88.389999,21.93,20.93,-0.3713,2.32,20.184999,16.549999,2.92
2011-07-13,2.55,19.91,0.07,2.76,-0.50359,124.790001,31.0,88.919998,21.82,20.85,-0.3713,2.33,20.290001,16.440001,2.92
2011-07-14,2.6,20.8,0.07,2.76,-0.50359,126.629997,30.719999,95.720001,21.870001,21.59,-0.3713,2.3,20.135,16.23,2.98
2011-07-15,2.57,19.53,0.07,2.8,-0.48124,129.240005,30.82,89.330002,20.950001,20.940001,-0.0301,2.33,20.145,16.290001,2.94
2011-07-18,2.57,20.95,0.07,2.84,-0.48124,123.919998,30.48,97.809998,22.48,21.84,-0.0301,2.36,19.950001,16.145,2.94
2011-07-19,2.52,19.21,0.07,2.78,-0.48124,126.120003,31.42,91.010002,20.459999,20.5,-0.0301,2.37,20.334999,16.610001,2.91
2011-07-20,2.56,19.09,0.07,2.8,-0.48124,122.970001,31.219999,86.059998,21.059999,20.370001,-0.0301,2.34,20.23,16.49,2.96
2011-07-21,2.63,17.56,0.07,2.77,-0.48124,122.419998,31.610001,81.68,19.709999,19.200001,-0.0301,2.35,20.465,16.615,3.03
2011-07-22,2.59,17.52,0.07,2.75,-0.44693,121.589996,31.780001,82.449997,19.17,19.200001,-0.3023,2.38,20.545,16.895,2.99
2011-07-25,2.61,19.35,0.07,2.77,-0.44693,119.449997,31.469999,90.199997,20.950001,20.26,-0.3023,2.45,20.41,16.735001,3.03
2011-07-26,2.58,20.23,0.07,2.76,-0.44693,120.120003,31.57,93.349998,21.58,20.889999,-0.3023,2.42,20.375,16.790001,2.99
2011-07-27,2.57,22.98,0.07,2.73,-0.44693,119.440002,30.389999,102.010002,24.700001,22.690001,-0.3023,2.45,20.02,16.24,3.01
2011-07-28,2.56,23.74,0.07,2.73,-0.44693,120.360001,30.120001,105.620003,25.120001,22.950001,-0.3023,2.46,19.92,16.15,2.98
2011-07-29,2.46,25.25,0.07,2.77,-0.39785,120.650002,29.75,106.57,26.08,22.91,-0.2794,2.44,19.825001,16.030001,2.82
2011-08-01,2.39,23.66,0.1,2.77,-0.39785,118.639999,29.889999,95.889999,24.26,22.379999,-0.2794,2.44,19.719999,16.035,2.77
2011-08-02,2.33,24.79,0.1,2.74,-0.39785,116.080002,29.1,102.010002,25.690001,23.6,-0.2794,2.37,18.975,15.59,2.66
2011-08-03,2.31,23.38,0.1,2.72,-0.39785,117.269997,29.299999,98.580002,24.73,23.120001,-0.2794,2.28,19.115,15.74,2.64
2011-08-04,2.2,31.66,0.1,2.77,-0.39785,113.169998,27.92,121.760002,31.68,28.559999,-0.2794,2.23,18.184999,14.885,2.47
2011-08-05,2.3,32.0,0.1,2.77,-0.33374,119.360001,27.190001,118.610001,33.77,29.59,0.3248,2.26,18.17,14.7,2.58
2011-08-08,2.13,48.0,0.1,2.88,-0.33374,121.059998,26.190001,134.630005,44.740002,38.099998,0.3248,2.2,17.030001,14.14,2.4
2011-08-09,2.01,35.06,0.1,3.01,-0.33374,124.510002,27.09,112.800003,34.630001,31.07,0.3248,2.2,17.82,14.59,2.2
2011-08-10,1.98,42.99,0.1,3.03,-0.33374,118.650002,26.5,132.860001,41.759998,36.580002,0.3248,2.3,17.059999,14.24,2.17
2011-08-11,2.15,39.0,0.1,3.15,-0.33374,119.989998,27.299999,128.759995,37.849998,33.82,0.3248,2.28,17.815001,14.775,2.34
2011-08-12,2.04,36.36,0.1,3.14,-0.26193,119.790001,27.18,120.190002,35.220001,32.75,1.3021,2.26,18.035,14.74,2.24
2011-08-15,2.1,31.87,0.1,3.15,-0.26193,121.760002,27.49,109.0,30.440001,30.08,1.3021,2.23,18.299999,14.97,2.29
2011-08-16,2.03,32.85,0.1,3.12,-0.26193,122.410004,26.93,104.660004,31.549999,30.440001,1.3021,2.18,18.200001,14.725,2.23
2011-08-17,1.98,31.58,0.1,3.11,-0.26193,126.160004,26.93,104.620003,31.17,30.030001,1.3021,2.16,18.174999,14.68,2.17
2011-08-18,1.88,42.67,0.1,3.12,-0.26193,124.440002,25.389999,106.660004,41.610001,36.599998,1.3021,1.99,17.275,13.955,2.08
2011-08-19,1.87,43.05,0.1,3.12,-0.19844,124.050003,24.82,111.580002,43.470001,37.900002,0.5159,2.05,17.025,13.675,2.07
2011-08-22,1.88,42.44,0.1,3.13,-0.19844,119.400002,25.16,111.25,42.029999,38.259998,0.5159,2.07,17.075001,13.83,2.1
2011-08-23,1.93,36.27,0.1,3.19,-0.19844,124.050003,26.24,103.43,35.450001,34.790001,0.5159,2.02,17.735001,14.365,2.15
2011-08-24,2.06,35.9,0.1,3.21,-0.19844,123.370003,26.110001,104.540001,35.650002,34.799999,0.5159,2.04,18.049999,14.315,2.29
2011-08-25,2.01,39.76,0.1,3.25,-0.19844,120.809998,25.309999,112.400002,39.43,36.610001,0.5159,2.1,17.690001,13.95,2.23
2011-08-26,1.99,35.59,0.1,3.25,-0.14005,122.970001,25.52,104.720001,34.490002,34.41,0.8563,2.04,18.059999,14.235,2.19
2011-08-29,2.08,32.28,0.1,3.25,-0.14005,122.970001,26.16,96.510002,32.110001,31.98,0.8563,2.06,18.584999,14.685,2.28
2011-08-30,1.99,32.89,0.1,3.22,-0.14005,119.900002,26.200001,96.160004,32.02,32.470001,0.8563,2.05,18.67,14.665,2.19
2011-08-31,2.03,31.62,0.1,3.25,-0.14005,120.010002,26.209999,94.160004,31.370001,31.67,0.8563,2.05,18.785,14.58,2.23
2011-09-01,1.96,31.82,0.08,3.23,-0.14005,120.230003,25.57,92.309998,31.360001,31.99,0.8563,2.08,18.555,14.375,2.15
2011-09-02,1.82,33.92,0.08,3.18,-0.09746,119.330002,25.08,91.0,33.0,33.790001,0.5,2.02,18.030001,14.035,2.02
2011-09-05,1.82,33.92,0.08,3.18,-0.09746,119.330002,25.08,91.0,33.0,33.790001,0.5,2.02,18.030001,14.035,2.02
2011-09-06,1.77,37.0,0.08,3.21,-0.09746,121.040001,24.91,97.010002,35.860001,35.380001,0.5,1.93,17.975,13.985,1.98
2011-09-07,1.84,33.38,0.08,3.25,-0.09746,118.75,25.889999,93.300003,33.119999,32.959999,0.5,1.96,18.440001,14.42,2.05
2011-09-08,1.81,34.32,0.08,3.26,-0.09746,118.589996,25.799999,93.449997,33.650002,33.709999,0.5,2.0,18.190001,14.345,2.0
2011-09-09,1.76,38.52,0.08,3.28,-0.06562,116.900002,26.08,99.07,37.990002,36.639999,0.8918,1.96,17.709999,14.26,1.93
2011-09-12,1.73,38.59,0.08,3.29,-0.06562,117.230003,26.280001,97.07,37.970001,37.060001,0.8918,1.94,17.92,14.565,1.94
2011-09-13,1.79,36.91,0.08,3.32,-0.06562,118.050003,26.65,96.139999,36.0,36.060001,0.8918,1.93,18.129999,14.815,2.0
2011-09-14,1.84,34.6,0.08,3.3,-0.06562,115.730003,27.27,100.220001,33.360001,34.959999,0.8918,1.91,18.43,15.16,2.03
2011-09-15,1.88,31.97,0.08,3.31,-0.06562,120.0,27.709999,96.690002,30.67,33.52,0.8918,1.96,18.74,15.38,2.09
2011-09-16,1.9,30.98,0.08,3.31,-0.04767,123.269997,27.82,93.669998,29.360001,32.950001,0.76,1.95,18.885,15.465,2.08
2011-09-19,1.81,32.73,0.08,3.31,-0.04767,120.760002,27.700001,95.949997,31.42,33.810001,0.76,1.88,18.85,15.355,1.97
2011-09-20,1.77,32.86,0.08,3.35,-0.04767,120.610001,27.540001,92.900002,31.299999,33.619999,0.76,1.91,18.75,15.235,1.95
2011-09-21,1.67,37.32,0.08,3.26,-0.04767,120.18,26.879999,98.580002,34.68,36.189999,0.76,1.86,18.145,14.955,1.88
2011-09-22,1.52,41.35,0.08,3.32,-0.04767,119.370003,26.23,103.910004,40.25,39.150002,0.76,1.71,17.6,14.56,1.72
2011-09-23,1.61,41.25,0.08,3.31,-0.03858,118.239998,27.219999,104.769997,39.880001,39.549999,1.0873,1.74,17.865,14.86,1.84
2011-09-26,1.66,39.02,0.08,3.37,-0.03858,120.339996,27.4,102.889999,39.240002,38.029999,1.0873,1.79,18.285,14.9,1.91
2011-09-27,1.75,37.71,0.08,3.39,-0.03858,119.550003,28.030001,100.309998,37.650002,37.209999,1.0873,1.88,18.41,15.21,2.0
2011-09-28,1.76,41.08,0.08,3.35,-0.03858,118.209999,27.33,104.300003,40.759998,39.52,1.0873,1.87,18.094999,14.805,2.03
2011-09-29,1.72,38.84,0.08,3.3,-0.03858,118.970001,27.190001,101.050003,41.16,38.18,1.0873,1.82,17.945,14.69,1.99
2011-09-30,1.67,42.96,0.08,3.3,-0.04078,114.830002,26.65,101.080002,44.98,41.240002,1.1315,1.75,17.43,14.22,1.92
2011-10-03,1.56,45.45,0.08,3.31,-0.04078,113.089996,26.459999,103.889999,46.610001,43.380001,1.1315,1.73,16.92,13.84,1.8
2011-10-04,1.56,40.82,0.08,3.33,-0.04078,115.279999,27.25,99.309998,42.470001,40.450001,1.1315,1.76,17.455,13.585,1.81
2011-10-05,1.67,37.81,0.08,3.36,-0.04078,113.870003,28.200001,94.660004,39.119999,38.310001,1.1315,1.8,17.775,14.01,1.92
2011-10-06,1.72,36.27,0.08,3.34,-0.04078,115.419998,28.32,93.519997,37.32,37.040001,1.1315,1.88,18.190001,14.19,2.01
2011-10-07,1.8,36.2,0.08,3.32,-0.05251,116.099998,28.950001,92.57,37.080002,37.310001,1.3641,1.94,18.174999,14.3,2.1
2011-10-10,1.8,33.02,0.08,3.32,-0.05251,116.809998,29.809999,89.389999,34.48,34.790001,1.3641,1.94,18.790001,14.705,2.1
2011-10-11,1.86,32.86,0.08,3.32,-0.05251,118.910004,29.620001,90.980003,34.099998,34.060001,1.3641,1.95,18.870001,14.71,2.18
2011-10-12,1.95,31.26,0.08,3.33,-0.05251,121.599998,29.700001,91.339996,32.34,32.970001,1.3641,1.98,19.040001,14.835,2.24
2011-10-13,1.9,30.7,0.08,3.29,-0.05251,121.980003,30.4,95.099998,30.299999,32.709999,1.3641,1.92,19.025,15.16,2.19
2011-10-14,1.98,28.24,0.08,3.26,-0.07409,121.900002,30.93,94.690002,28.690001,30.389999,0.4633,1.98,19.334999,15.305,2.26
2011-10-17,1.9,33.39,0.08,3.26,-0.07409,124.459999,30.209999,103.550003,32.919998,33.599998,0.4633,1.94,18.940001,15.0,2.18
2011-10-18,1.91,31.56,0.08,3.23,-0.07409,127.989998,30.889999,100.209999,30.48,31.98,0.4633,1.97,19.325001,15.25,2.19
2011-10-19,1.9,34.44,0.08,3.21,-0.07409,122.57,30.25,103.290001,33.84,34.389999,0.4633,1.95,19.035,15.12,2.18
2011-10-20,1.92,34.78,0.08,3.2,-0.07409,122.57,29.950001,102.970001,34.779999,34.200001,0.4633,1.98,19.129999,14.915,2.2
2011-10-21,1.93,31.32,0.08,3.18,-0.09237,127.190002,30.459999,98.050003,31.42,31.969999,0.6549,2.0,19.66,15.325,2.23
2011-10-24,1.95,29.26,0.08,3.16,-0.09237,124.849998,31.690001,97.129997,28.450001,30.469999,0.6549,2.02,19.950001,15.81,2.25
2011-10-25,1.88,32.22,0.08,3.14,-0.09237,122.650002,30.969999,97.75,31.540001,32.360001,0.6549,2.02,19.514999,15.655,2.14
2011-10-26,1.95,29.86,0.08,3.1,-0.09237,122.650002,31.0,97.739998,30.469999,30.940001,0.6549,2.08,19.440001,15.72,2.23
2011-10-27,2.11,25.46,0.08,3.04,-0.09237,122.82,31.82,94.440002,26.280001,27.030001,0.6549,2.18,19.969999,16.254999,2.42
2011-10-28,2.06,24.53,0.08,2.99,-0.10653,121.18,31.5,94.190002,25.0,26.52,0.2988,2.15,19.815001,16.27,2.34
2011-10-31,1.92,29.96,0.08,3.02,-0.10653,120.690002,30.73,104.839996,28.82,30.370001,0.2988,2.09,19.51,15.87,2.17
2011-11-01,1.78,34.77,0.08,3.03,-0.10653,126.650002,29.860001,113.150002,33.490002,34.02,0.2988,2.05,19.09,15.415,2.01
2011-11-02,1.8,32.74,0.08,3.03,-0.10653,123.949997,30.059999,107.400002,32.029999,32.880001,0.2988,2.1,19.285,15.405,2.03
2011-11-03,1.85,30.5,0.08,3.04,-0.10653,124.190002,31.120001,104.279999,29.299999,31.620001,0.2988,2.09,19.535,15.83,2.09
2011-11-04,1.84,30.16,0.08,3.06,-0.10801,123.559998,31.790001,103.339996,29.35,31.23,0.8436,2.12,19.459999,15.96,2.06
2011-11-07,1.79,29.85,0.08,3.02,-0.10801,124.93,31.530001,103.349998,28.83,31.379999,0.8436,2.14,19.584999,15.97,2.04
2011-11-08,1.85,27.48,0.08,3.05,-0.10801,124.769997,31.549999,98.050003,27.309999,29.52,0.8436,2.13,19.775,16.075001,2.1
2011-11-09,1.76,36.16,0.08,3.08,-0.10801,122.870003,30.309999,122.730003,34.610001,35.490002,0.8436,2.04,19.07,15.375,2.0
2011-11-10,1.8,32.81,0.08,3.14,-0.10801,125.239998,30.610001,113.540001,32.669998,33.75,0.8436,2.08,19.25,15.515,2.04
2011-11-11,1.8,30.04,0.08,3.14,-0.10055,124.559998,31.5,112.099998,29.35,31.6,0.7724,2.08,19.735001,16.004999,2.04
2011-11-14,1.8,31.13,0.08,3.13,-0.10055,124.559998,31.16,112.349998,30.73,32.720001,0.7724,2.05,19.59,15.85,2.04
2011-11-15,1.8,31.22,0.08,3.14,-0.10055,124.970001,31.15,107.550003,30.040001,32.52,0.7724,2.02,19.66,16.07,2.06
2011-11-16,1.75,33.51,0.08,3.17,-0.10055,122.919998,31.459999,111.18,31.940001,34.389999,0.7724,1.96,19.290001,15.965,2.01
2011-11-17,1.69,34.51,0.08,3.16,-0.10055,121.589996,30.389999,111.860001,34.34,35.32,0.7724,1.9,18.950001,15.405,1.96
2011-11-18,1.72,32.0,0.08,3.14,-0.08787,120.040001,30.049999,101.919998,31.83,34.200001,1.0144,1.96,18.940001,15.24,2.01
2011-11-21,1.7,32.91,0.08,3.15,-0.08787,115.150002,29.219999,99.599998,32.93,34.779999,1.0144,1.9,18.645,14.88,1.97
2011-11-22,1.68,31.97,0.08,3.17,-0.08787,114.919998,28.690001,98.529999,31.07,34.240002,1.0144,1.89,18.635,14.655,1.94
2011-11-23,1.63,33.98,0.08,3.15,-0.08787,116.779999,27.940001,101.459999,33.07,35.869999,1.0144,1.9,18.264999,14.235,1.89
2011-11-24,1.63,33.98,0.08,3.15,-0.08787,116.779999,27.940001,101.459999,33.07,35.869999,1.0144,1.9,18.264999,14.235,1.89
2011-11-25,1.69,34.47,0.08,3.18,-0.07488,114.769997,27.790001,98.980003,33.040001,36.450001,1.2229,1.92,18.165001,14.125,1.97
2011-11-28,1.71,32.13,0.08,3.19,-0.07488,118.629997,28.700001,96.230003,31.559999,33.939999,1.2229,1.95,18.719999,14.555,1.97
2011-11-29,1.73,30.64,0.08,3.22,-0.07488,116.449997,28.639999,95.470001,31.059999,33.209999,1.2229,1.99,18.785,14.525,2.0
2011-11-30,1.83,27.8,0.08,3.24,-0.07488,116.559998,30.1,92.220001,27.77,30.58,1.2229,2.05,19.370001,15.335,2.08
2011-12-01,1.84,27.41,0.07,3.3,-0.07488,116.900002,30.209999,90.879997,27.200001,30.030001,1.2229,2.05,19.385,15.4,2.11
2011-12-02,1.8,27.52,0.07,3.24,-0.07321,116.309998,29.969999,92.459999,27.690001,29.85,0.6719,2.05,19.535,15.3,2.05
2011-12-05,1.77,27.84,0.07,3.25,-0.07321,116.139999,30.23,92.970001,27.889999,29.9,0.6719,2.05,19.715,15.525,2.04
2011-12-06,1.83,28.13,0.07,3.26,-0.07321,115.160004,30.42,92.209999,27.940001,30.16,0.6719,2.07,19.65,15.55,2.08
2011-12-07,1.78,28.67,0.07,3.26,-0.07321,115.870003,30.67,92.839996,28.450001,30.620001,0.6719,2.03,19.775,15.675,2.02
2011-12-08,1.77,30.59,0.07,3.26,-0.07321,115.370003,29.92,94.970001,30.0,32.09,0.6719,1.98,19.355,15.25,1.99
2011-12-09,1.85,26.38,0.07,3.28,-0.07944,116.830002,29.940001,90.919998,25.99,29.530001,0.6181,2.02,19.674999,15.435,2.07
2011-12-12,1.79,25.67,0.07,3.27,-0.07944,120.260002,29.129999,93.209999,24.559999,30.17,0.6181,2.04,19.615,14.95,2.03
2011-12-13,1.72,25.41,0.07,3.29,-0.07944,119.440002,28.41,94.550003,25.290001,30.17,0.6181,2.01,19.23,14.685,1.96
2011-12-14,1.67,26.04,0.07,3.24,-0.07944,120.660004,28.040001,99.629997,26.08,30.42,0.6181,1.96,19.030001,14.43,1.92
2011-12-15,1.66,25.11,0.07,3.27,-0.07944,122.349998,28.51,97.709999,24.790001,29.459999,0.6181,1.93,19.059999,14.56,1.92
2011-12-16,1.62,24.29,0.07,3.26,-0.09329,119.220001,28.690001,94.279999,23.48,29.030001,0.8841,1.91,18.950001,14.56,1.86
2011-12-19,1.58,24.92,0.07,3.26,-0.09329,116.580002,27.950001,90.269997,24.15,28.74,0.8841,1.94,18.74,14.445,1.82
2011-12-20,1.68,23.22,0.07,3.27,-0.09329,120.660004,29.389999,88.639999,22.5,26.870001,0.8841,2.04,19.254999,15.015,1.94
2011-12-21,1.7,21.43,0.07,3.3,-0.09329,115.160004,28.559999,85.540001,22.290001,25.559999,0.8841,2.05,19.32,14.84,1.98
2011-12-22,1.69,21.16,0.07,3.29,-0.09329,115.559998,29.5,86.18,21.889999,25.280001,0.8841,2.04,19.375,15.215,1.97
2011-12-23,1.75,20.73,0.07,3.32,-0.11773,117.139999,29.73,86.540001,21.370001,25.219999,0.6379,2.07,19.59,15.325,2.03
2011-12-26,1.75,20.73,0.07,3.32,-0.11773,117.139999,29.73,86.540001,21.370001,25.219999,0.6379,2.07,19.59,15.325,2.03
2011-12-27,1.72,21.91,0.07,3.3,-0.11773,116.529999,29.629999,88.129997,22.49,25.540001,0.6379,2.04,19.65,15.325,2.02
2011-12-28,1.65,23.52,0.07,3.25,-0.11773,116.32,29.07,94.080002,23.540001,26.75,0.6379,2.0,19.434999,15.14,1.93
2011-12-29,1.63,22.65,0.07,3.28,-0.11773,116.57,29.34,91.800003,23.07,26.25,0.6379,1.96,19.635,15.275,1.91
2011-12-30,1.64,23.4,0.07,3.27,-0.15184,116.209999,29.110001,91.699997,23.129999,26.860001,0.6426,1.96,19.51,15.215,1.89
2012-01-02,1.64,23.4,0.07,3.27,-0.15184,116.209999,29.110001,91.699997,23.129999,26.860001,0.6426,1.96,19.51,15.215,1.89
2012-01-03,1.7,22.97,0.07,3.29,-0.15184,117.099998,29.76,91.389999,23.02,26.049999,0.6426,2.01,19.674999,15.425,1.97
2012-01-04,1.75,22.22,0.07,3.3,-0.15184,117.629997,29.57,88.889999,21.98,25.309999,0.6426,2.08,19.83,15.435,2.0
2012-01-05,1.75,21.48,0.07,3.27,-0.15184,117.760002,29.780001,87.690002,21.4,24.700001,0.6426,2.12,19.995001,15.625,2.02
2012-01-06,1.73,20.63,0.07,3.27,-0.19325,118.290001,29.780001,86.949997,20.52,24.09,0.5267,2.09,20.025,15.605,1.98
2012-01-09,1.72,21.07,0.07,3.28,-0.19325,119.07,30.16,87.800003,21.219999,24.120001,0.5267,2.11,19.995001,15.86,1.98
2012-01-10,1.76,20.69,0.07,3.25,-0.19325,118.989998,30.67,88.82,20.93,23.68,0.5267,2.08,20.125,15.975,2.0
2012-01-11,1.69,21.05,0.07,3.27,-0.19325,120.199997,30.73,93.169998,21.18,24.110001,0.5267,2.03,20.155001,15.955,1.93
2012-01-12,1.72,20.47,0.07,3.27,-0.19325,120.779999,31.370001,90.510002,20.790001,24.040001,0.5267,2.04,20.215,16.094999,1.94
2012-01-13,1.65,20.91,0.07,3.24,-0.23967,121.919998,30.950001,93.550003,21.379999,24.67,0.5523,2.03,20.190001,15.795,1.89
2012-01-16,1.65,20.91,0.07,3.24,-0.23967,121.919998,30.950001,93.550003,21.379999,24.67,0.5523,2.03,20.190001,15.795,1.89
2012-01-17,1.66,22.2,0.07,3.24,-0.23967,125.629997,31.07,93.660004,22.209999,25.0,0.5523,2.04,20.245001,15.815,1.87
2012-01-18,1.68,20.89,0.07,3.25,-0.23967,130.779999,33.720001,90.089996,21.290001,24.18,0.5523,2.07,20.57,16.445,1.92
2012-01-19,1.75,19.87,0.07,3.22,-0.23967,129.600006,33.82,88.730003,20.27,23.65,0.5523,2.01,20.75,16.715,2.01
2012-01-20,1.79,18.28,0.07,3.24,-0.28592,129.240005,33.639999,89.239998,18.969999,22.82,0.4175,2.04,20.58,16.834999,2.05
2012-01-23,1.83,18.67,0.07,3.24,-0.28592,125.830002,33.189999,89.589996,19.42,22.32,0.4175,2.07,20.565001,16.834999,2.09
2012-01-24,1.84,18.91,0.07,3.25,-0.28592,127.379997,32.52,89.010002,19.74,22.030001,0.4175,2.09,20.625,16.9,2.08
2012-01-25,1.79,18.31,0.07,3.31,-0.28592,125.220001,32.799999,86.010002,19.360001,21.360001,0.4175,2.13,20.775,16.950001,2.01
2012-01-26,1.74,18.57,0.07,3.28,-0.28592,122.959999,32.360001,88.919998,19.559999,21.68,0.4175,2.12,20.74,16.865,1.96
2012-01-27,1.71,18.53,0.07,3.28,-0.3278,121.5,32.610001,87.440002,19.309999,21.4,0.3098,2.11,20.725,16.879999,1.93
2012-01-30,1.65,19.4,0.07,3.25,-0.3278,121.989998,32.18,89.860001,19.75,21.92,0.3098,2.11,20.665001,16.764999,1.87
2012-01-31,1.61,19.44,0.07,3.24,-0.3278,121.959999,32.380001,88.510002,19.889999,22.09,0.3098,2.11,20.66,16.76,1.83
2012-02-01,1.64,18.55,0.1,3.25,-0.3278,121.389999,32.860001,85.779999,19.040001,21.540001,0.3098,2.15,20.73,17.035,1.87
2012-02-02,1.63,17.98,0.1,3.25,-0.3278,122.260002,33.060001,84.099998,18.889999,21.01,0.3098,2.16,20.705,17.040001,1.86
2012-02-03,1.74,17.1,0.1,3.26,-0.36057,122.139999,33.93,84.040001,18.209999,20.049999,0.2768,2.18,21.129999,17.309999,1.97
2012-02-06,1.69,17.76,0.1,3.22,-0.36057,123.629997,33.610001,85.379997,18.65,20.389999,0.2768,2.19,21.084999,17.129999,1.93
2012-02-07,1.75,17.65,0.1,3.19,-0.36057,123.019997,33.43,83.790001,18.75,20.139999,0.2768,2.21,21.184999,17.18,2.0
2012-02-08,1.74,18.16,0.1,3.17,-0.36057,124.760002,33.849998,97.010002,18.99,20.68,0.2768,2.22,21.235001,17.334999,2.01
2012-02-09,1.77,18.63,0.1,3.18,-0.36057,126.480003,33.799999,100.760002,18.9,21.34,0.2768,2.21,21.27,17.395,2.04
2012-02-10,1.69,20.79,0.1,3.17,-0.38444,129.589996,33.360001,104.150002,20.940001,23.280001,0.084,2.2,21.155001,17.084999,1.96
2012-02-13,1.7,19.04,0.1,3.19,-0.38444,127.889999,33.259998,102.449997,19.6,22.120001,0.084,2.21,21.325001,17.145,1.99
2012-02-14,1.63,19.54,0.1,3.18,-0.38444,129.960007,33.220001,107.82,20.18,22.82,0.084,2.19,21.299999,17.200001,1.92
2012-02-15,1.64,21.14,0.1,3.19,-0.38444,128.880005,33.41,114.650002,22.35,24.120001,0.084,2.19,21.205,17.245001,1.93
2012-02-16,1.7,19.22,0.1,3.17,-0.38444,130.289993,33.91,110.410004,20.889999,23.17,0.084,2.23,21.295,17.594999,1.99
2012-02-17,1.72,17.78,0.1,3.17,-0.40002,129.539993,33.59,108.559998,19.76,22.389999,0.1883,2.24,21.48,17.565001,2.01
2012-02-20,1.72,17.78,0.1,3.17,-0.40002,129.539993,33.59,108.559998,19.76,22.389999,0.1883,2.24,21.48,17.565001,2.01
2012-02-21,1.74,18.19,0.1,3.15,-0.40002,128.460007,33.279999,107.709999,19.92,22.35,0.1883,2.27,21.405001,17.360001,2.05
2012-02-22,1.72,18.19,0.1,3.15,-0.40002,127.699997,32.959999,100.809998,19.719999,22.09,0.1883,2.28,21.35,17.26,2.01
2012-02-23,1.68,16.8,0.1,3.14,-0.40002,127.809998,33.32,94.440002,18.41,20.780001,0.1883,2.29,21.455,17.219999,1.99
2012-02-24,1.67,17.31,0.1,3.12,-0.41202,128.720001,33.32,99.43,18.27,21.18,0.0543,2.27,21.43,17.200001,1.98
2012-02-27,1.62,18.19,0.1,3.12,-0.41202,126.980003,33.110001,101.68,19.42,21.870001,0.0543,2.24,21.555,17.27,1.92
2012-02-28,1.64,17.96,0.1,3.12,-0.41202,125.650002,33.720001,99.129997,19.549999,21.6,0.0543,2.25,21.674999,17.52,1.94
2012-02-29,1.68,18.43,0.1,3.1,-0.41202,124.589996,33.349998,101.599998,19.83,21.799999,0.0543,2.26,21.594999,17.25,1.98
2012-03-01,1.73,17.26,0.13,3.1,-0.41202,127.629997,33.169998,97.43,18.68,21.030001,0.0543,2.26,21.775,17.25,2.03
2012-03-02,1.71,17.29,0.13,3.09,-0.42301,125.199997,32.82,96.940002,18.23,21.26,0.033,2.23,21.76,17.115,1.99
2012-03-05,1.69,18.05,0.13,3.11,-0.42301,126.230003,32.189999,98.18,19.57,21.99,0.033,2.2,21.74,16.75,2.0
2012-03-06,1.66,20.87,0.13,3.1,-0.42301,126.489998,32.119999,105.110001,21.42,23.9,0.033,2.17,21.4,16.690001,1.96
2012-03-07,1.68,19.07,0.13,3.11,-0.42301,126.019997,32.650002,100.459999,20.42,22.719999,0.033,2.2,21.645,16.92,1.98
2012-03-08,1.71,17.95,0.13,3.11,-0.42301,125.080002,32.599998,97.190002,19.049999,21.84,0.033,2.24,21.865,17.075001,2.03
2012-03-09,1.71,17.11,0.13,3.11,-0.43129,124.779999,32.27,97.980003,18.110001,21.219999,0.1566,2.28,21.99,17.209999,2.04
2012-03-12,1.71,15.64,0.13,3.09,-0.43129,139.25,31.91,98.610001,16.709999,20.809999,0.1566,2.28,21.93,17.055,2.04
2012-03-13,1.79,14.8,0.13,3.08,-0.43129,122.889999,32.290001,98.470001,16.440001,19.6,0.1566,2.34,22.27,17.450001,2.14
2012-03-14,1.89,15.31,0.13,3.07,-0.43129,118.82,32.009998,106.629997,17.59,20.75,0.1566,2.36,22.24,17.355,2.29
2012-03-15,1.92,15.42,0.13,3.07,-0.43129,136.509995,32.779999,108.419998,17.25,20.540001,0.1566,2.37,22.315001,17.645,2.29
2012-03-16,1.94,14.47,0.13,3.04,-0.43889,138.429993,33.02,105.779999,16.469999,20.370001,-0.2102,2.4,22.174999,17.639999,2.31
2012-03-19,2.0,15.04,0.13,3.03,-0.43889,128.850006,33.84,106.489998,16.549999,19.940001,-0.2102,2.42,22.290001,17.82,2.39
2012-03-20,1.97,15.58,0.13,3.02,-0.43889,128.020004,33.580002,109.379997,16.35,19.959999,-0.2102,2.42,22.325001,17.709999,2.38
2012-03-21,1.92,15.13,0.13,3.0,-0.43889,124.599998,33.610001,104.650002,16.23,19.25,-0.2102,2.39,22.355,17.795,2.31
2012-03-22,1.92,15.57,0.13,3.01,-0.43889,121.169998,33.43,102.529999,16.83,19.549999,-0.2102,2.37,22.299999,17.695,2.29
2012-03-23,1.88,14.82,0.13,3.01,-0.44261,122.980003,33.349998,98.599998,16.57,18.639999,-0.0882,2.36,22.325001,17.715,2.25
2012-03-26,1.9,14.26,0.13,3.01,-0.44261,118.019997,33.990002,96.080002,15.92,17.43,-0.0882,2.34,22.68,17.99,2.26
2012-03-27,1.87,15.59,0.13,3.04,-0.44261,121.129997,33.869999,101.150002,17.02,18.57,-0.0882,2.33,22.645,17.98,2.2
2012-03-28,1.87,15.47,0.13,3.03,-0.44261,121.610001,33.330002,102.739998,17.280001,18.790001,-0.0882,2.32,22.450001,17.764999,2.21
2012-03-29,1.85,15.48,0.13,3.03,-0.44261,121.690002,33.189999,101.940002,17.27,18.84,-0.0882,2.31,22.445,17.799999,2.18
2012-03-30,1.9,15.5,0.13,3.07,-0.44053,124.970001,33.610001,100.279999,17.190001,18.610001,0.0082,2.32,22.545,17.9,2.23
2012-04-02,1.89,15.64,0.13,3.08,-0.44053,123.129997,33.259998,100.379997,16.700001,18.459999,0.0082,2.36,22.605,17.955,2.22
2012-04-03,1.94,15.66,0.13,3.06,-0.44053,123.839996,32.599998,98.370003,16.82,18.809999,0.0082,2.36,22.559999,17.705,2.3
2012-04-04,1.9,16.44,0.13,3.08,-0.44053,121.0,32.16,99.730003,17.950001,19.450001,0.0082,2.3,22.35,17.389999,2.25
2012-04-05,1.84,16.7,0.13,3.09,-0.44053,120.610001,32.459999,99.470001,17.959999,19.82,0.0082,2.27,22.504999,17.475,2.19
2012-04-06,1.75,16.7,0.13,3.13,-0.4329,120.610001,32.459999,99.470001,17.959999,19.82,0.0552,2.23,22.504999,17.475,2.07
2012-04-09,1.74,18.81,0.13,3.11,-0.4329,119.050003,32.139999,104.589996,20.18,21.209999,0.0552,2.23,22.299999,17.215,2.06
2012-04-10,1.73,20.39,0.13,3.14,-0.4329,119.269997,31.690001,109.129997,21.59,22.620001,0.0552,2.25,21.754999,16.940001,2.01
2012-04-11,1.75,20.02,0.13,3.16,-0.4329,118.43,31.99,111.190002,21.299999,22.469999,0.0552,2.3,22.055,17.200001,2.05
2012-04-12,1.79,17.2,0.13,3.15,-0.4329,119.870003,32.509998,104.269997,19.34,20.25,0.0552,2.3,22.334999,17.51,2.08
2012-04-13,1.75,19.55,0.13,3.15,-0.42013,118.190002,32.18,110.760002,21.440001,21.99,0.2673,2.27,22.275,17.27,2.02
2012-04-16,1.73,19.55,0.13,3.14,-0.42013,116.669998,32.200001,110.970001,22.57,22.040001,0.2673,2.26,22.195,17.334999,2.0
2012-04-17,1.76,18.46,0.13,3.14,-0.42013,121.830002,32.779999,107.010002,20.629999,20.85,0.2673,2.29,22.43,17.545,2.03
2012-04-18,1.73,18.64,0.13,3.15,-0.42013,119.5,32.720001,106.059998,21.26,21.120001,0.2673,2.26,22.465,17.43,2.0
2012-04-19,1.71,18.36,0.13,3.15,-0.42013,117.599998,32.639999,103.959999,20.99,21.23,0.2673,2.19,22.285,17.32,1.98
2012-04-20,1.7,17.44,0.13,3.17,-0.4045,118.050003,32.470001,101.080002,20.17,20.48,0.0244,2.23,22.32,17.02,1.99
2012-04-23,1.69,18.97,0.13,3.16,-0.4045,117.190002,31.889999,104.010002,21.309999,21.389999,0.0244,2.22,22.08,16.780001,1.96
2012-04-24,1.73,18.1,0.13,3.15,-0.4045,118.360001,31.360001,99.839996,21.030001,20.51,0.0244,2.25,22.004999,16.584999,2.0
2012-04-25,1.75,16.82,0.13,3.17,-0.4045,122.529999,31.969999,93.279999,18.469999,19.459999,0.0244,2.25,22.375,16.934999,2.01
2012-04-26,1.72,16.24,0.13,3.19,-0.4045,121.029999,31.950001,89.650002,17.83,18.549999,0.0244,2.27,22.655001,17.32,1.98
2012-04-27,1.7,16.32,0.13,3.19,-0.38351,120.080002,32.169998,88.620003,17.52,18.74,-0.0178,2.26,22.934999,17.41,1.96
2012-04-30,1.68,17.15,0.13,3.2,-0.38351,119.830002,31.940001,89.32,18.77,19.32,-0.0178,2.25,22.805,17.295,1.95
2012-05-01,1.71,16.6,0.16,3.22,-0.38351,120.18,31.85,87.059998,18.66,19.129999,-0.0178,2.26,22.955,17.370001,1.98
2012-05-02,1.69,16.88,0.16,3.19,-0.38351,119.940002,32.09,86.290001,18.41,19.01,-0.0178,2.24,23.08,17.465,1.96
2012-05-03,1.68,17.56,0.16,3.18,-0.38351,116.18,31.389999,88.349998,19.190001,19.5,-0.0178,2.23,22.9,17.07,1.96
2012-05-04,1.64,19.16,0.16,3.19,-0.35742,115.830002,30.59,91.309998,21.1,20.719999,-0.0742,2.21,22.455,16.68,1.91
2012-05-07,1.65,18.94,0.16,3.18,-0.35742,116.68,30.610001,90.910004,21.059999,20.450001,-0.0742,2.19,22.445,16.65,1.92
2012-05-08,1.61,19.05,0.16,3.19,-0.35742,117.230003,30.629999,91.330002,21.280001,20.809999,-0.0742,2.16,22.174999,16.469999,1.88
2012-05-09,1.6,20.08,0.16,3.22,-0.35742,115.050003,30.6,102.07,21.98,21.530001,-0.0742,2.14,22.09,16.405001,1.87
2012-05-10,1.62,18.83,0.16,3.21,-0.35742,115.110001,30.780001,98.650002,21.33,20.870001,-0.0742,2.14,22.165001,16.434999,1.89
2012-05-11,1.57,19.89,0.16,3.22,-0.32578,114.699997,30.74,100.120003,21.790001,21.549999,0.0929,2.12,22.120001,16.525,1.84
2012-05-14,1.49,21.87,0.16,3.22,-0.32578,119.18,30.629999,105.849998,23.48,22.969999,0.0929,2.11,21.809999,16.290001,1.78
2012-05-15,1.47,21.97,0.16,3.24,-0.32578,120.040001,30.290001,109.610001,23.59,23.92,0.0929,2.12,21.775,16.155001,1.76
2012-05-16,1.46,22.27,0.16,3.25,-0.32578,118.470001,29.959999,109.220001,24.17,24.92,0.0929,2.09,21.74,16.01,1.76
2012-05-17,1.38,24.49,0.16,3.23,-0.32578,119.540001,29.35,112.839996,26.5,26.41,0.0929,2.05,21.165001,15.71,1.7
2012-05-18,1.39,25.1,0.16,3.27,-0.29223,119.279999,28.73,117.440002,27.549999,27.66,0.4365,2.1,21.004999,15.435,1.71
2012-05-21,1.45,22.01,0.16,3.25,-0.29223,119.559998,29.48,108.5,24.299999,24.709999,0.4365,2.16,21.375,15.76,1.75
2012-05-22,1.49,22.48,0.16,3.34,-0.29223,119.309998,29.360001,110.480003,24.52,25.23,0.4365,2.17,21.459999,15.675,1.79
2012-05-23,1.45,22.33,0.16,3.33,-0.29223,119.519997,29.139999,107.480003,24.07,25.110001,0.4365,2.14,21.575001,15.61,1.73
2012-05-24,1.48,21.54,0.16,3.36,-0.29223,120.639999,28.889999,104.519997,24.200001,24.780001,0.4365,2.14,21.674999,15.51,1.77
2012-05-25,1.45,21.76,0.16,3.37,-0.26534,120.379997,28.940001,103.099998,23.99,24.93,0.3499,2.13,21.639999,15.615,1.75
2012-05-28,1.45,21.76,0.16,3.37,-0.26534,120.379997,28.940001,103.099998,23.99,24.93,0.3499,2.13,21.639999,15.615,1.75
2012-05-29,1.44,21.03,0.16,3.38,-0.26534,122.389999,29.360001,100.980003,23.33,23.889999,0.3499,2.11,21.940001,15.895,1.74
2012-05-30,1.36,24.14,0.16,3.4,-0.26534,118.540001,28.950001,109.730003,25.35,26.190001,0.3499,2.08,21.594999,15.66,1.63
2012-05-31,1.32,24.06,0.16,3.4,-0.26534,119.32,28.48,108.75,25.889999,26.219999,0.3499,2.09,21.549999,15.535,1.59
2012-06-01,1.22,26.66,0.16,3.41,-0.24615,116.349998,27.0,111.410004,28.629999,28.469999,0.4401,2.06,20.870001,14.955,1.47
2012-06-04,1.28,26.12,0.16,3.4,-0.24615,116.660004,27.09,107.040001,28.17,28.120001,0.4401,2.09,20.945,14.945,1.53
2012-06-05,1.32,24.68,0.16,3.4,-0.24615,117.07,27.48,102.779999,26.389999,26.870001,0.4401,2.13,21.059999,15.235,1.57
2012-06-06,1.4,22.16,0.16,3.41,-0.24615,119.660004,28.6,97.709999,23.75,24.709999,0.4401,2.16,21.514999,15.695,1.66
2012-06-07,1.39,21.72,0.16,3.43,-0.24615,120.010002,28.23,98.360001,23.809999,24.469999,0.4401,2.15,21.514999,15.565,1.66
2012-06-08,1.37,21.23,0.16,3.44,-0.23873,122.089996,28.52,96.599998,22.549999,23.639999,0.4171,2.15,21.705,15.73,1.65
2012-06-11,1.33,23.56,0.16,3.46,-0.23873,119.279999,27.65,105.510002,24.6,25.5,0.4171,2.13,21.375,15.47,1.6
2012-06-12,1.37,22.09,0.16,3.43,-0.23873,121.82,28.24,103.220001,23.15,24.940001,0.4171,2.15,21.605,15.825,1.67
2012-06-13,1.31,24.27,0.16,3.43,-0.23873,120.370003,27.82,110.599998,24.52,26.5,0.4171,2.12,21.290001,15.705,1.61
2012-06-14,1.34,21.68,0.16,3.4,-0.23873,115.050003,27.73,107.779999,24.02,25.0,0.4171,2.11,21.575001,15.655,1.64
2012-06-15,1.31,21.11,0.16,3.42,-0.2442,126.080002,27.860001,108.230003,21.860001,23.67,0.2029,2.14,21.709999,15.905,1.6
2012-06-18,1.3,18.32,0.16,3.42,-0.2442,121.199997,28.02,99.300003,19.639999,22.129999,0.2029,2.13,21.865,16.059999,1.59
2012-06-19,1.34,18.38,0.16,3.41,-0.2442,123.089996,28.27,98.129997,19.200001,21.92,0.2029,2.17,22.065001,16.219999,1.64
2012-06-20,1.33,17.24,0.16,3.38,-0.2442,122.059998,28.540001,96.410004,17.809999,20.84,0.2029,2.16,22.040001,16.34,1.65
2012-06-21,1.31,20.08,0.16,3.35,-0.2442,118.400002,27.6,105.470001,20.780001,23.16,0.2029,2.1,21.559999,15.79,1.63
2012-06-22,1.38,18.11,0.16,3.36,-0.25961,116.370003,28.049999,104.129997,19.120001,21.51,0.04,2.11,21.655001,15.955,1.69
2012-06-25,1.32,20.38,0.16,3.36,-0.25961,116.290001,26.98,104.459999,21.280001,23.030001,0.04,2.1,21.32,15.41,1.63
2012-06-26,1.35,19.72,0.16,3.34,-0.25961,114.690002,27.030001,100.660004,20.870001,22.469999,0.04,2.11,21.584999,15.41,1.66
2012-06-27,1.34,19.45,0.16,3.35,-0.25961,115.849998,27.07,98.110001,20.68,22.360001,0.04,2.1,21.555,15.61,1.65
2012-06-28,1.29,19.71,0.16,3.37,-0.25961,116.900002,26.870001,97.209999,21.51,22.25,0.04,2.08,21.434999,15.505,1.6
2012-06-29,1.34,17.08,0.16,3.39,-0.27899,119.089996,28.690001,89.589996,18.65,20.32,0.1084,2.13,21.889999,16.115,1.67
2012-07-02,1.31,16.8,0.16,3.4,-0.27899,118.889999,28.280001,85.610001,18.549999,19.790001,0.1084,2.11,21.955,16.094999,1.61
2012-07-03,1.35,16.66,0.16,3.41,-0.27899,118.330002,28.559999,84.589996,18.559999,19.32,0.1084,2.13,21.934999,16.275,1.65
2012-07-04,1.35,16.66,0.16,3.41,-0.27899,118.330002,28.559999,84.589996,18.559999,19.32,0.1084,2.13,21.934999,16.275,1.65
2012-07-05,1.34,17.5,0.16,3.43,-0.27899,117.910004,28.41,89.43,18.43,20.110001,0.1084,2.13,21.99,16.115,1.62
2012-07-06,1.3,17.1,0.16,3.41,-0.30203,118.449997,27.719999,90.099998,18.65,20.040001,0.0201,2.1,21.885,15.74,1.57
2012-07-09,1.26,17.98,0.16,3.41,-0.30203,119.620003,27.41,92.849998,19.6,20.370001,0.0201,2.1,21.764999,15.57,1.53
2012-07-10,1.26,18.72,0.16,3.39,-0.30203,119.339996,27.389999,94.910004,20.67,20.870001,0.0201,2.12,21.635,15.36,1.53
2012-07-11,1.27,17.95,0.16,3.36,-0.30203,117.300003,27.299999,96.25,20.34,20.25,0.0201,2.11,21.51,15.25,1.54
2012-07-12,1.25,18.33,0.16,3.37,-0.30203,116.129997,26.74,95.220001,20.969999,20.690001,0.0201,2.08,21.459999,15.025,1.5
2012-07-13,1.27,16.74,0.16,3.37,-0.32571,119.129997,27.02,91.099998,19.09,19.389999,0.1169,2.11,21.809999,15.21,1.52
2012-07-16,1.26,17.11,0.16,3.35,-0.32571,115.089996,26.43,94.209999,19.540001,19.610001,0.1169,2.11,21.67,15.055,1.5
2012-07-17,1.28,16.48,0.16,3.35,-0.32571,117.220001,26.59,93.489998,18.91,18.92,0.1169,2.12,21.885,15.03,1.53
2012-07-18,1.3,16.16,0.16,3.33,-0.32571,116.589996,27.65,94.029999,18.299999,18.940001,0.1169,2.12,22.0,15.56,1.52
2012-07-19,1.32,15.45,0.16,3.34,-0.32571,114.190002,28.040001,93.730003,17.49,18.610001,0.1169,2.16,22.145,15.69,1.54
2012-07-20,1.27,16.27,0.16,3.31,-0.34953,116.519997,27.25,100.610001,18.200001,19.639999,-0.0395,2.16,21.875,15.43,1.49
2012-07-23,1.25,18.62,0.16,3.31,-0.34953,120.260002,26.82,107.32,20.610001,21.18,-0.0395,2.15,21.555,15.27,1.47
2012-07-24,1.22,20.47,0.16,3.29,-0.34953,119.129997,26.57,111.650002,22.83,22.26,-0.0395,2.12,21.41,15.16,1.44
2012-07-25,1.21,19.34,0.16,3.3,-0.34953,118.580002,26.629999,106.529999,21.440001,21.879999,-0.0395,2.1,21.365,15.48,1.43
2012-07-26,1.22,17.53,0.16,3.3,-0.34953,116.919998,27.049999,98.589996,20.110001,20.24,-0.0395,2.11,21.709999,15.795,1.45
2012-07-27,1.33,16.7,0.16,3.29,-0.37092,114.400002,27.34,93.080002,18.58,19.66,0.096,2.19,22.139999,16.174999,1.58
2012-07-30,1.3,18.03,0.16,3.26,-0.37092,114.860001,27.209999,94.739998,19.74,20.129999,0.096,2.17,22.055,16.055,1.53
2012-07-31,1.28,18.93,0.16,3.27,-0.37092,113.989998,27.24,96.110001,20.299999,20.780001,0.096,2.2,21.77,16.120001,1.51
2012-08-01,1.32,18.96,0.13,3.26,-0.37092,114.589996,27.629999,94.230003,20.190001,20.67,0.096,2.23,21.68,16.120001,1.56
2012-08-02,1.27,17.57,0.13,3.24,-0.37092,114.349998,27.25,89.629997,19.08,20.23,0.096,2.2,21.735001,16.0,1.51
2012-08-03,1.36,15.64,0.13,3.26,-0.39235,120.25,28.27,84.5,17.459999,18.68,-0.1432,2.26,22.165001,16.42,1.6
2012-08-06,1.35,15.95,0.13,3.24,-0.39235,114.790001,28.24,84.470001,17.57,18.74,-0.1432,2.27,22.245001,16.415001,1.59
2012-08-07,1.39,15.99,0.13,3.24,-0.39235,113.550003,29.23,86.870003,17.41,18.809999,-0.1432,2.31,22.455,16.635,1.66
2012-08-08,1.39,15.32,0.13,3.23,-0.39235,115.360001,29.360001,85.18,16.969999,18.58,-0.1432,2.29,22.344999,16.705,1.68
2012-08-09,1.4,15.28,0.13,3.23,-0.39235,119.839996,29.540001,83.910004,16.41,18.23,-0.1432,2.27,22.33,16.83,1.69
2012-08-10,1.38,14.74,0.13,3.23,-0.41154,117.889999,29.75,84.830002,15.89,18.139999,-0.1821,2.25,22.309999,16.950001,1.65
2012-08-13,1.38,13.7,0.13,3.24,-0.41154,121.650002,29.540001,89.580002,14.48,18.07,-0.1821,2.23,22.32,16.82,1.65
2012-08-14,1.46,14.85,0.13,3.25,-0.41154,122.050003,29.48,94.330002,15.4,18.51,-0.1821,2.26,22.375,16.719999,1.73
2012-08-15,1.53,14.63,0.13,3.27,-0.41154,119.889999,29.9,97.949997,14.77,18.860001,-0.1821,2.25,22.445,16.75,1.8
2012-08-16,1.54,14.29,0.13,3.26,-0.41154,121.940002,30.27,95.650002,14.81,18.549999,-0.1821,2.25,22.629999,16.950001,1.83
2012-08-17,1.52,13.45,0.13,3.25,-0.42975,123.790001,29.860001,95.019997,13.79,18.35,-0.1142,2.24,22.715,16.809999,1.81
2012-08-20,1.53,14.02,0.13,3.23,-0.42975,125.839996,29.530001,96.639999,14.62,18.59,-0.1142,2.25,22.620001,16.77,1.82
2012-08-21,1.49,15.02,0.13,3.23,-0.42975,129.990005,29.639999,97.410004,15.36,18.799999,-0.1142,2.25,22.59,16.799999,1.8
2012-08-22,1.45,15.11,0.13,3.22,-0.42975,125.32,29.379999,99.139999,15.58,19.42,-0.1142,2.26,22.655001,16.655001,1.71
2012-08-23,1.42,15.96,0.13,3.2,-0.42975,122.410004,29.32,98.400002,16.68,20.09,-0.1142,2.3,22.5,16.48,1.68
2012-08-24,1.4,15.18,0.13,3.21,-0.44784,123.739998,29.559999,94.989998,16.6,19.24,-0.1707,2.28,22.684999,16.530001,1.68
2012-08-27,1.37,16.35,0.13,3.19,-0.44784,121.529999,29.32,94.889999,17.190001,19.92,-0.1707,2.29,22.65,16.450001,1.65
2012-08-28,1.37,16.49,0.13,3.19,-0.44784,120.279999,29.24,94.43,17.639999,19.82,-0.1707,2.32,22.695,16.424999,1.64
2012-08-29,1.39,17.06,0.13,3.19,-0.44784,120.550003,29.4,94.709999,18.110001,20.459999,-0.1707,2.3,22.805,16.455,1.66
2012-08-30,1.36,17.83,0.13,3.2,-0.44784,119.0,29.01,96.330002,19.030001,20.92,-0.1707,2.26,22.68,16.219999,1.63
2012-08-31,1.35,17.47,0.13,3.21,-0.46521,120.779999,29.040001,93.300003,18.35,20.620001,-0.0839,2.25,22.775,16.485001,1.57
2012-09-03,1.35,17.47,0.13,3.21,-0.46521,120.779999,29.040001,93.300003,18.35,20.620001,-0.0839,2.25,22.775,16.485001,1.57
2012-09-04,1.36,17.98,0.13,3.18,-0.46521,119.589996,28.790001,93.709999,19.09,20.68,-0.0839,2.27,22.719999,16.23,1.59
2012-09-05,1.35,17.74,0.13,3.18,-0.46521,120.489998,28.52,90.150002,19.02,19.99,-0.0839,2.29,22.754999,16.115,1.6
2012-09-06,1.41,15.6,0.13,3.19,-0.46521,119.309998,29.559999,83.650002,17.01,18.620001,-0.0839,2.31,23.264999,16.629999,1.68
2012-09-07,1.42,14.38,0.13,3.2,-0.48366,120.699997,29.18,82.239998,15.44,17.59,-0.2091,2.35,23.389999,16.469999,1.67
2012-09-10,1.43,16.28,0.13,3.2,-0.48366,122.370003,28.67,92.769997,17.799999,18.299999,-0.2091,2.36,23.355,16.205,1.68
2012-09-11,1.45,16.41,0.13,3.18,-0.48366,122.82,28.58,92.389999,18.01,18.290001,-0.2091,2.38,23.344999,16.285,1.7
2012-09-12,1.52,15.8,0.13,3.18,-0.48366,123.379997,28.59,93.940002,17.18,17.6,-0.2091,2.38,23.459999,16.285,1.77
2012-09-13,1.51,14.05,0.13,3.21,-0.48366,115.690002,28.91,87.809998,16.15,16.450001,-0.2091,2.47,23.76,16.41,1.75
2012-09-14,1.61,14.51,0.13,3.15,-0.5029,117.260002,29.559999,93.040001,15.89,16.9,-0.4826,2.64,23.855,16.66,1.88
2012-09-17,1.6,14.59,0.13,3.12,-0.5029,122.690002,29.1,92.949997,15.79,17.129999,-0.4826,2.59,23.764999,16.495001,1.85
2012-09-18,1.57,14.18,0.13,3.09,-0.5029,127.379997,28.66,90.129997,15.05,16.629999,-0.4826,2.55,23.65,16.48,1.82
2012-09-19,1.52,13.88,0.13,3.07,-0.5029,122.440002,28.690001,88.610001,14.84,16.49,-0.4826,2.54,23.895,16.315001,1.79
2012-09-20,1.53,14.07,0.13,3.04,-0.5029,128.029999,28.85,88.720001,14.58,16.75,-0.4826,2.5,23.865,16.129999,1.8
2012-09-21,1.5,13.98,0.13,3.06,-0.51915,130.600006,28.99,87.900002,14.44,16.790001,-0.5345,2.48,23.764999,16.145,1.77
2012-09-24,1.47,14.15,0.13,3.02,-0.51915,129.119995,28.68,85.879997,15.34,16.59,-0.5345,2.47,23.700001,15.92,1.74
2012-09-25,1.43,15.43,0.13,3.03,-0.51915,125.449997,27.83,92.790001,16.700001,17.6,-0.5345,2.44,23.42,15.655,1.7
2012-09-26,1.38,16.81,0.13,3.03,-0.51915,124.059998,27.57,95.050003,17.940001,18.5,-0.5345,2.41,23.26,15.605,1.64
2012-09-27,1.41,14.84,0.13,3.05,-0.51915,127.559998,27.879999,88.239998,16.450001,17.07,-0.5345,2.44,23.495001,15.945,1.66
2012-09-28,1.42,15.73,0.13,3.07,-0.53228,125.870003,27.559999,90.489998,17.01,17.610001,-0.229,2.42,23.395,15.82,1.65
2012-10-01,1.39,16.32,0.16,3.06,-0.53228,128.169998,27.610001,92.510002,17.75,17.92,-0.229,2.42,23.379999,15.815,1.64
2012-10-02,1.41,15.71,0.16,3.04,-0.53228,127.099998,27.610001,90.25,17.299999,17.74,-0.229,2.47,23.334999,15.89,1.64
2012-10-03,1.41,15.43,0.16,3.03,-0.53228,125.400002,27.469999,87.559998,16.76,17.58,-0.229,2.47,23.52,15.835,1.64
2012-10-04,1.47,14.55,0.16,2.99,-0.53228,120.389999,27.91,83.510002,16.65,17.059999,-0.229,2.56,23.735001,15.92,1.7
2012-10-05,1.48,14.33,0.16,2.98,-0.54333,123.849998,28.16,83.099998,16.48,16.93,-0.4425,2.57,23.805,15.98,1.75
2012-10-08,1.48,15.11,0.16,2.98,-0.54333,122.059998,27.99,85.849998,17.52,17.360001,-0.4425,2.57,23.76,15.77,1.75
2012-10-09,1.49,16.37,0.16,2.93,-0.54333,121.209999,27.32,88.529999,18.870001,18.01,-0.4425,2.55,23.379999,15.52,1.74
2012-10-10,1.45,16.29,0.16,2.9,-0.54333,120.459999,27.17,94.360001,18.48,18.129999,-0.4425,2.52,23.235001,15.3,1.72
2012-10-11,1.42,15.59,0.16,2.87,-0.54333,120.830002,27.299999,90.739998,18.33,17.57,-0.4425,2.47,23.129999,15.3,1.7
2012-10-12,1.42,16.14,0.16,2.85,-0.5503,120.970001,27.280001,91.870003,17.84,17.74,-0.4753,2.47,23.125,15.25,1.69
2012-10-15,1.43,15.27,0.16,2.83,-0.5503,122.449997,28.219999,92.919998,17.549999,17.110001,-0.4753,2.48,23.355,15.42,1.7
2012-10-16,1.48,15.22,0.16,2.8,-0.5503,122.519997,28.73,90.309998,17.17,16.969999,-0.4753,2.46,23.565001,15.75,1.75
2012-10-17,1.53,15.07,0.16,2.77,-0.5503,124.949997,28.469999,85.599998,16.889999,16.610001,-0.4753,2.48,23.700001,15.645,1.83
2012-10-18,1.57,15.03,0.16,2.72,-0.5503,124.580002,28.76,86.510002,17.610001,16.58,-0.4753,2.52,23.715,15.605,1.86
2012-10-19,1.49,17.06,0.16,2.71,-0.55441,125.389999,27.809999,92.629997,20.049999,18.120001,-0.6113,2.5,23.290001,15.245,1.79
2012-10-22,1.51,16.62,0.16,2.68,-0.55441,122.989998,27.790001,92.480003,19.200001,17.870001,-0.6113,2.53,23.215,15.32,1.83
2012-10-23,1.5,18.83,0.16,2.73,-0.55441,120.160004,27.84,99.660004,20.66,19.450001,-0.6113,2.5,23.030001,15.415,1.79
2012-10-24,1.51,18.33,0.16,2.74,-0.55441,119.330002,27.700001,96.389999,21.67,19.27,-0.6113,2.49,22.940001,15.265,1.8
2012-10-25,1.55,18.12,0.16,2.73,-0.55441,120.889999,28.129999,91.860001,20.280001,19.110001,-0.6113,2.49,22.885,15.42,1.86
2012-10-26,1.48,17.81,0.16,2.76,-0.55421,119.309998,28.92,89.43,19.58,19.02,-0.3567,2.47,22.959999,15.605,1.78
2012-10-29,1.44,17.81,0.16,2.75,-0.55421,119.309998,28.92,89.43,19.58,19.02,-0.3567,2.47,22.959999,15.605,1.74
2012-10-30,1.44,17.81,0.16,2.75,-0.55421,119.309998,28.92,89.43,19.58,19.02,-0.3567,2.47,22.959999,15.605,1.74
2012-10-31,1.42,18.6,0.16,2.73,-0.55421,115.040001,28.09,90.230003,20.33,19.309999,-0.3567,2.5,23.035,15.545,1.72
2012-11-01,1.45,16.69,0.16,2.75,-0.55421,117.849998,29.209999,81.699997,18.440001,17.73,-0.3567,2.52,23.299999,16.014999,1.75
2012-11-02,1.47,17.59,0.16,2.77,-0.55293,115.779999,28.530001,87.839996,19.950001,18.549999,-0.3448,2.48,23.285,15.69,1.75
2012-11-05,1.44,18.42,0.16,2.74,-0.55293,115.519997,29.469999,90.75,19.540001,18.969999,-0.3448,2.47,23.344999,15.965,1.72
2012-11-06,1.48,17.58,0.16,2.74,-0.55293,116.339996,29.940001,87.559998,19.1,18.24,-0.3448,2.5,23.469999,16.16,1.78
2012-11-07,1.41,19.08,0.16,2.78,-0.55293,116.099998,29.290001,94.75,20.42,19.809999,-0.3448,2.48,23.195,15.75,1.68
2012-11-08,1.35,18.49,0.16,2.8,-0.55293,116.690002,29.139999,93.389999,20.139999,19.83,-0.3448,2.47,22.82,15.63,1.62
2012-11-09,1.34,18.61,0.16,2.82,-0.55107,115.400002,29.51,94.019997,19.41,20.07,-0.3201,2.44,22.709999,15.67,1.61
2012-11-12,1.34,16.68,0.16,2.82,-0.55107,114.230003,29.51,90.540001,18.620001,19.15,-0.3201,2.44,22.73,15.695,1.61
2012-11-13,1.32,16.65,0.16,2.85,-0.55107,114.809998,29.379999,87.839996,19.049999,18.969999,-0.3201,2.43,22.795,15.54,1.59
2012-11-14,1.34,17.92,0.16,2.87,-0.55107,113.230003,28.76,94.660004,19.5,19.870001,-0.3201,2.4,22.455,15.325,1.59
2012-11-15,1.34,17.99,0.16,2.9,-0.55107,113.650002,28.790001,94.540001,19.23,19.790001,-0.3201,2.38,22.440001,15.235,1.58
2012-11-16,1.34,16.41,0.16,2.9,-0.55056,115.849998,28.32,90.269997,18.129999,18.93,-0.2076,2.39,22.59,15.255,1.58
2012-11-19,1.36,15.24,0.16,2.91,-0.55056,113.459999,28.9,88.43,15.92,17.59,-0.2076,2.39,23.075001,15.52,1.61
2012-11-20,1.39,15.08,0.16,2.9,-0.55056,117.25,29.309999,85.93,16.18,17.280001,-0.2076,2.4,23.190001,15.375,1.66
2012-11-21,1.42,15.31,0.16,2.89,-0.55056,116.620003,29.200001,85.849998,16.209999,17.58,-0.2076,2.4,23.27,15.4,1.69
2012-11-22,1.42,15.31,0.16,2.89,-0.55056,116.620003,29.200001,85.849998,16.209999,17.58,-0.2076,2.4,23.27,15.4,1.69
2012-11-23,1.41,15.14,0.16,2.89,-0.55429,117.82,29.59,82.860001,16.209999,17.58,-0.5418,2.42,23.58,15.72,1.7
2012-11-26,1.39,15.5,0.16,2.9,-0.55429,116.959999,29.629999,82.449997,16.809999,17.309999,-0.5418,2.39,23.469999,15.75,1.66
2012-11-27,1.37,15.92,0.16,2.91,-0.55429,116.650002,29.459999,84.169998,16.9,17.620001,-0.5418,2.38,23.375,15.795,1.64
2012-11-28,1.36,15.51,0.16,2.91,-0.55429,116.120003,29.780001,80.389999,16.75,17.200001,-0.5418,2.38,23.68,16.01,1.63
2012-11-29,1.37,15.06,0.16,2.95,-0.55429,117.349998,30.049999,78.419998,16.4,16.82,-0.5418,2.4,23.745001,15.985,1.62
2012-11-30,1.37,15.87,0.16,2.95,-0.55997,117.07,29.469999,78.589996,16.959999,17.27,-0.4889,2.41,23.764999,16.02,1.62
2012-12-03,1.38,16.64,0.16,2.95,-0.55997,115.980003,29.610001,84.07,17.690001,17.82,-0.4889,2.44,23.639999,15.945,1.63
2012-12-04,1.37,17.12,0.16,2.94,-0.55997,115.309998,29.610001,86.18,18.370001,18.190001,-0.4889,2.45,23.540001,16.004999,1.62
2012-12-05,1.35,16.46,0.16,2.97,-0.55997,114.550003,29.860001,82.980003,18.629999,17.83,-0.4889,2.45,23.469999,15.98,1.6
2012-12-06,1.34,16.58,0.16,2.96,-0.55997,115.739998,29.809999,84.150002,18.49,17.84,-0.4889,2.46,23.620001,16.16,1.59
2012-12-07,1.39,15.9,0.16,2.96,-0.56848,115.230003,29.85,80.739998,18.35,17.290001,-0.5316,2.5,23.709999,16.209999,1.64
2012-12-10,1.39,16.05,0.16,2.95,-0.56848,114.769997,29.82,81.559998,18.74,17.35,-0.5316,2.5,23.575001,16.24,1.63
2012-12-11,1.42,15.57,0.16,2.95,-0.56848,115.919998,31.01,78.699997,17.959999,17.0,-0.5316,2.5,23.65,16.540001,1.66
2012-12-12,1.47,15.95,0.16,2.94,-0.56848,116.489998,31.059999,83.019997,18.58,17.43,-0.5316,2.51,23.68,16.504999,1.72
2012-12-13,1.47,16.56,0.16,2.92,-0.56848,116.239998,30.58,86.739998,19.469999,17.879999,-0.5316,2.47,23.525,16.334999,1.74
2012-12-14,1.48,17.0,0.16,2.9,-0.5799,118.919998,30.799999,86.389999,20.190001,18.030001,-0.5886,2.46,23.424999,16.27,1.72
2012-12-17,1.53,16.34,0.16,2.9,-0.5799,118.059998,30.91,82.099998,19.469999,17.5,-0.5886,2.48,23.844999,16.34,1.78
2012-12-18,1.56,15.57,0.16,2.92,-0.5799,117.860001,31.34,79.360001,18.629999,16.809999,-0.5886,2.51,24.125,16.559999,1.84
2012-12-19,1.54,17.36,0.16,2.89,-0.5799,120.760002,31.25,83.330002,19.27,17.860001,-0.5886,2.48,23.955,16.655001,1.82
2012-12-20,1.53,17.67,0.16,2.89,-0.5799,124.470001,31.280001,83.059998,19.32,18.139999,-0.5886,2.5,24.004999,16.645,1.81
2012-12-21,1.51,17.84,0.16,2.86,-0.59233,127.080002,30.93,87.699997,20.16,18.870001,-0.572,2.48,23.639999,16.475,1.77
2012-12-24,1.53,17.84,0.16,2.86,-0.59233,124.470001,30.93,89.269997,20.15,18.870001,-0.572,2.48,23.66,16.07,1.79
2012-12-25,1.53,17.84,0.16,2.86,-0.59233,124.470001,30.93,89.269997,20.15,18.870001,-0.572,2.48,23.66,16.07,1.79
2012-12-26,1.51,19.48,0.16,2.87,-0.59233,122.18,30.809999,92.169998,21.18,19.93,-0.572,2.48,23.415001,15.99,1.77
2012-12-27,1.48,19.47,0.16,2.84,-0.59233,119.599998,30.74,90.889999,21.57,19.92,-0.572,2.47,23.445,15.97,1.74
2012-12-28,1.46,22.72,0.16,2.85,-0.60444,118.379997,30.469999,104.720001,23.32,21.879999,-0.3786,2.46,23.254999,15.86,1.73
2012-12-31,1.53,18.02,0.16,2.85,-0.60444,121.269997,30.889999,92.5,20.559999,18.73,-0.3786,2.45,23.719999,16.165001,1.78
2013-01-01,1.53,18.02,0.14,2.85,-0.60444,121.269997,30.889999,92.5,20.559999,18.73,-0.3786,2.45,23.719999,16.165001,1.78
2013-01-02,1.59,14.68,0.14,2.85,-0.60444,121.769997,32.310001,78.769997,16.950001,16.690001,-0.3786,2.48,24.215,16.805,1.86
2013-01-03,1.65,14.56,0.14,2.84,-0.60444,117.93,31.889999,77.019997,17.110001,16.74,-0.3786,2.46,24.275,16.719999,1.92
2013-01-04,1.66,13.83,0.14,2.81,-0.619,115.529999,31.82,75.18,15.51,16.34,-0.6374,2.48,24.365,16.620001,1.93
2013-01-07,1.65,13.79,0.14,2.8,-0.619,116.779999,31.92,76.769997,16.549999,16.450001,-0.6374,2.52,24.305,16.575001,1.92
2013-01-08,1.64,13.62,0.14,2.81,-0.619,118.150002,31.549999,78.370003,16.43,16.450001,-0.6374,2.49,24.235001,16.41,1.89
2013-01-09,1.64,13.81,0.14,2.81,-0.619,117.889999,32.0,78.510002,16.08,16.5,-0.6374,2.52,24.275,16.215,1.88
2013-01-10,1.65,13.49,0.14,2.8,-0.619,118.529999,32.43,77.489998,16.08,16.120001,-0.6374,2.53,24.415001,16.865,1.91
2013-01-11,1.63,13.36,0.14,2.8,-0.63175,119.139999,32.419998,78.519997,15.87,16.01,-0.626,2.52,24.434999,16.945,1.89
2013-01-14,1.63,13.52,0.14,2.8,-0.63175,117.190002,32.34,78.279999,16.129999,16.290001,-0.626,2.55,24.495001,16.870001,1.89
2013-01-15,1.6,13.55,0.14,2.81,-0.63175,120.900002,32.279999,77.839996,16.120001,16.33,-0.626,2.52,24.674999,16.695,1.86
2013-01-16,1.58,13.42,0.14,2.84,-0.63175,120.129997,32.509998,77.260002,15.32,16.24,-0.626,2.49,24.620001,16.879999,1.84
2013-01-17,1.61,13.57,0.14,2.84,-0.63175,120.529999,33.150002,78.769997,15.07,16.08,-0.626,2.53,24.879999,17.290001,1.89
2013-01-18,1.61,12.46,0.14,2.82,-0.64132,124.790001,33.52,73.43,14.17,15.29,-0.6432,2.53,24.91,17.084999,1.87
2013-01-21,1.61,12.46,0.14,2.82,-0.64132,124.790001,33.52,73.43,14.17,15.29,-0.6432,2.53,24.91,17.084999,1.87
2013-01-22,1.6,12.43,0.14,2.82,-0.64132,126.730003,33.459999,73.870003,14.08,14.72,-0.6432,2.54,24.975,17.049999,1.86
2013-01-23,1.6,12.46,0.14,2.83,-0.64132,126.580002,33.080002,71.860001,14.28,14.5,-0.6432,2.52,24.995001,17.115,1.86
2013-01-24,1.65,12.69,0.14,2.82,-0.64132,125.470001,33.09,76.169998,14.17,14.67,-0.6432,2.5,25.184999,16.985001,1.88
2013-01-25,1.7,12.89,0.14,2.82,-0.64809,124.709999,32.799999,76.919998,14.06,14.66,-0.6743,2.54,25.450001,17.129999,1.98
2013-01-28,1.71,13.57,0.14,2.82,-0.64809,122.949997,33.040001,78.160004,14.39,15.07,-0.6743,2.55,25.33,17.165001,2.0
2013-01-29,1.73,13.31,0.14,2.81,-0.64809,123.949997,32.669998,73.610001,14.02,14.74,-0.6743,2.56,25.23,17.195,2.03
2013-01-30,1.76,14.32,0.14,2.84,-0.64809,121.919998,32.82,77.339996,14.38,15.42,-0.6743,2.57,25.184999,17.225,2.03
2013-01-31,1.75,14.28,0.14,2.82,-0.64809,121.639999,33.080002,76.720001,14.83,15.55,-0.6743,2.59,25.065001,17.15,2.02
2013-02-01,1.77,12.9,0.15,2.84,-0.65162,122.550003,33.720001,73.290001,13.89,14.79,-0.5756,2.59,25.209999,17.49,2.04
2013-02-04,1.75,14.67,0.15,2.85,-0.65162,122.599998,33.27,77.790001,15.73,15.79,-0.5756,2.59,24.9,17.275,2.0
2013-02-05,1.77,13.72,0.15,2.85,-0.65162,123.220001,33.75,75.07,14.83,15.3,-0.5756,2.59,25.165001,17.540001,2.04
2013-02-06,1.73,13.41,0.15,2.86,-0.65162,122.449997,33.560001,77.239998,14.02,15.14,-0.5756,2.58,25.219999,17.5,2.0
2013-02-07,1.74,13.5,0.15,2.85,-0.65162,125.349998,33.419998,76.860001,14.77,15.19,-0.5756,2.57,25.165001,17.405001,1.99
2013-02-08,1.74,13.02,0.15,2.86,-0.65288,125.669998,34.279999,74.419998,14.14,14.8,-0.5399,2.56,25.360001,17.635,1.99
2013-02-11,1.72,12.94,0.15,2.84,-0.65288,125.529999,33.689999,76.099998,14.11,14.68,-0.5399,2.57,25.275,17.665001,1.99
2013-02-12,1.73,12.64,0.15,2.85,-0.65288,126.120003,33.560001,73.830002,13.06,14.53,-0.5399,2.59,25.375,17.735001,2.02
2013-02-13,1.76,12.98,0.15,2.84,-0.65288,126.68,33.720001,73.25,14.41,14.63,-0.5399,2.59,25.43,17.735001,2.05
2013-02-14,1.73,12.66,0.15,2.85,-0.65288,127.190002,33.790001,72.989998,13.66,14.43,-0.5399,2.56,25.440001,17.889999,2.0
2013-02-15,1.72,12.46,0.15,2.85,-0.65421,130.460007,33.59,72.550003,13.47,14.26,-0.6754,2.54,25.469999,17.74,2.01
2013-02-18,1.72,12.46,0.15,2.85,-0.65421,130.460007,33.59,72.550003,13.47,14.26,-0.6754,2.54,25.469999,17.74,2.01
2013-02-19,1.74,12.31,0.15,2.86,-0.65421,130.149994,33.939999,70.449997,13.42,13.99,-0.6754,2.55,25.565001,17.985001,2.03
2013-02-20,1.75,14.68,0.15,2.87,-0.65421,124.470001,33.060001,79.650002,15.28,15.41,-0.6754,2.54,25.174999,17.605,2.02
2013-02-21,1.73,15.22,0.15,2.87,-0.65421,122.580002,32.48,80.830002,16.49,15.71,-0.6754,2.53,24.965,17.275,1.99
2013-02-22,1.7,14.17,0.15,2.87,-0.65517,125.370003,34.18,78.660004,15.68,14.98,-0.632,2.54,25.105,17.549999,1.97
2013-02-25,1.63,18.99,0.15,2.89,-0.65517,121.5,33.73,94.339996,19.35,17.940001,-0.632,2.5,24.715,17.190001,1.88
2013-02-26,1.63,16.87,0.15,2.9,-0.65517,122.919998,33.759998,90.230003,17.91,17.25,-0.632,2.5,24.959999,17.309999,1.88
2013-02-27,1.64,14.73,0.15,2.9,-0.65517,124.959999,34.290001,82.290001,16.34,15.66,-0.632,2.52,25.34,17.58,1.91
2013-02-28,1.64,15.51,0.15,2.89,-0.65517,126.860001,34.43,86.57,16.299999,16.18,-0.632,2.53,25.465,17.559999,1.89
2013-03-01,1.61,15.36,0.14,2.9,-0.6556,128.190002,34.52,87.830002,15.64,16.290001,-0.5219,2.53,25.525,17.559999,1.86
2013-03-04,1.64,14.01,0.14,2.9,-0.6556,128.649994,34.560001,82.269997,15.39,15.42,-0.5219,2.53,25.75,17.535,1.88
2013-03-05,1.65,13.48,0.14,2.9,-0.6556,128.649994,35.0,79.32,14.6,14.95,-0.5219,2.55,26.01,17.815001,1.9
2013-03-06,1.7,13.53,0.14,2.89,-0.6556,126.620003,35.139999,78.779999,14.6,15.03,-0.5219,2.56,25.99,17.82,1.95
2013-03-07,1.75,13.06,0.14,2.89,-0.6556,125.279999,35.200001,77.160004,14.23,14.74,-0.5219,2.56,26.035,17.815001,2.0
2013-03-08,1.79,12.59,0.14,2.88,-0.65785,124.459999,35.290001,76.650002,13.72,14.52,-0.7575,2.56,26.309999,17.75,2.06
2013-03-11,1.8,11.56,0.14,2.87,-0.65785,125.209999,35.52,77.32,12.41,14.3,-0.7575,2.57,26.375,17.805,2.07
2013-03-12,1.76,12.27,0.14,2.87,-0.65785,128.660004,35.619999,79.989998,12.84,14.58,-0.7575,2.55,26.299999,17.815001,2.03
2013-03-13,1.77,11.83,0.14,2.85,-0.65785,127.129997,35.290001,84.360001,12.65,14.51,-0.7575,2.56,26.445,17.865,2.04
2013-03-14,1.77,11.3,0.14,2.88,-0.65785,128.960007,35.380001,83.5,12.33,14.1,-0.7575,2.57,26.475,18.004999,2.04
2013-03-15,1.76,11.3,0.14,2.89,-0.66072,129.119995,35.080002,85.720001,12.03,14.26,-0.7929,2.56,26.295,17.695,2.01
2013-03-18,1.7,13.36,0.14,2.91,-0.66072,126.169998,34.619999,93.07,13.69,15.39,-0.7929,2.56,26.094999,17.48,1.96
2013-03-19,1.68,14.39,0.14,2.9,-0.66072,127.080002,34.66,94.389999,14.45,15.71,-0.7929,2.53,25.91,17.445,1.92
2013-03-20,1.7,12.67,0.14,2.9,-0.66072,123.730003,35.060001,89.449997,13.42,14.93,-0.7929,2.53,26.209999,17.559999,1.96
2013-03-21,1.68,13.99,0.14,2.9,-0.66072,121.690002,34.290001,93.980003,14.24,15.53,-0.7929,2.52,25.99,17.315001,1.95
2013-03-22,1.67,13.57,0.14,2.9,-0.6637,122.18,34.459999,91.779999,13.88,15.26,-0.5848,2.53,26.309999,17.450001,1.93
2013-03-25,1.69,13.74,0.14,2.91,-0.6637,122.029999,34.48,88.860001,14.35,15.3,-0.5848,2.53,26.264999,17.424999,1.93
2013-03-26,1.67,12.77,0.14,2.91,-0.6637,122.470001,35.099998,85.139999,13.42,14.75,-0.5848,2.53,26.395,17.625,1.92
2013-03-27,1.62,13.15,0.14,2.93,-0.6637,121.989998,35.080002,85.32,13.57,14.93,-0.5848,2.51,26.405001,17.66,1.87
2013-03-28,1.62,12.7,0.14,2.96,-0.6637,122.93,35.48,83.199997,13.28,14.64,-0.5848,2.51,26.5,17.764999,1.87
2013-03-29,1.62,12.7,0.14,2.96,-0.66838,122.93,35.48,83.199997,13.28,14.64,-0.6359,2.51,26.5,17.764999,1.87
2013-04-01,1.63,13.58,0.15,2.91,-0.66838,121.209999,35.009998,84.230003,14.48,15.28,-0.6359,2.51,26.299999,17.485001,1.86
2013-04-02,1.63,12.78,0.15,2.91,-0.66838,122.839996,34.77,80.489998,14.02,14.71,-0.6359,2.51,26.52,17.344999,1.88
2013-04-03,1.59,14.21,0.15,2.91,-0.66838,120.919998,34.150002,85.230003,14.94,15.49,-0.6359,2.48,26.275,17.02,1.83
2013-04-04,1.56,13.89,0.15,2.88,-0.66838,120.790001,34.490002,83.120003,15.26,15.3,-0.6359,2.48,26.424999,17.129999,1.78
2013-04-05,1.48,13.92,0.15,2.82,-0.6756,118.339996,34.200001,84.489998,15.52,15.38,-0.5645,2.46,26.295,17.115,1.72
2013-04-08,1.52,13.19,0.15,2.82,-0.6756,119.209999,35.07,82.120003,14.89,14.71,-0.5645,2.45,26.594999,17.209999,1.76
2013-04-09,1.54,12.84,0.15,2.82,-0.6756,118.629997,35.16,82.040001,14.46,14.46,-0.5645,2.45,26.525,17.375,1.78
2013-04-10,1.6,12.36,0.15,2.83,-0.6756,118.339996,35.759998,82.75,13.71,14.12,-0.5645,2.44,26.834999,17.75,1.84
2013-04-11,1.58,12.24,0.15,2.84,-0.6756,117.239998,35.689999,83.370003,14.09,14.17,-0.5645,2.47,27.059999,17.74,1.82
2013-04-12,1.53,12.06,0.15,2.82,-0.68607,117.839996,35.849998,82.389999,13.88,14.02,-0.7333,2.43,27.205,17.674999,1.75
2013-04-15,1.5,17.27,0.15,2.82,-0.68607,119.919998,35.27,104.620003,17.16,17.030001,-0.7333,2.41,26.49,17.290001,1.72
2013-04-16,1.51,13.96,0.15,2.81,-0.68607,124.099998,35.740002,88.190002,15.72,15.1,-0.7333,2.4,26.870001,17.584999,1.75
2013-04-17,1.49,16.51,0.15,2.81,-0.68607,120.699997,34.209999,105.260002,18.200001,16.93,-0.7333,2.37,26.594999,17.215,1.73
2013-04-18,1.48,17.56,0.15,2.8,-0.68607,121.279999,33.919998,107.650002,18.75,17.52,-0.7333,2.27,26.305,17.254999,1.72
2013-04-19,1.49,14.97,0.15,2.81,-0.69684,122.610001,34.25,95.519997,17.17,16.17,-0.5008,2.32,26.620001,17.455,1.73
2013-04-22,1.48,14.39,0.15,2.82,-0.69684,120.519997,34.810001,90.910004,16.129999,15.66,-0.5008,2.35,26.735001,17.594999,1.72
2013-04-23,1.51,13.48,0.15,2.8,-0.69684,121.559998,35.700001,85.160004,15.72,14.83,-0.5008,2.38,27.004999,17.975,1.74
2013-04-24,1.5,13.61,0.15,2.8,-0.69684,119.839996,36.009998,84.989998,15.4,14.97,-0.5008,2.38,27.025,18.16,1.73
2013-04-25,1.51,13.62,0.15,2.81,-0.69684,119.830002,36.110001,85.889999,15.32,14.96,-0.5008,2.4,27.254999,18.305,1.74
2013-04-26,1.48,13.61,0.15,2.81,-0.70913,118.860001,35.740002,85.089996,15.48,14.89,-0.6949,2.38,27.135,18.135,1.7
2013-04-29,1.5,13.71,0.15,2.82,-0.70913,118.849998,35.970001,84.419998,15.32,14.92,-0.6949,2.37,27.23,18.344999,1.7
2013-04-30,1.48,13.52,0.15,2.83,-0.70913,119.050003,36.209999,83.459999,15.34,14.78,-0.6949,2.34,27.305,18.525,1.7
2013-05-01,1.46,14.49,0.11,2.82,-0.70913,118.050003,36.41,88.110001,16.0,15.61,-0.6949,2.3,27.16,18.450001,1.66
2013-05-02,1.46,13.59,0.11,2.81,-0.70913,117.949997,36.700001,83.82,15.19,14.87,-0.6949,2.28,27.424999,18.684999,1.66
2013-05-03,1.56,12.85,0.11,2.82,-0.71898,118.18,37.009998,80.910004,14.66,14.45,-0.6747,2.31,27.77,18.83,1.78
2013-05-06,1.58,12.66,0.11,2.83,-0.71898,116.93,37.040001,79.779999,14.6,14.31,-0.6747,2.31,27.860001,18.92,1.8
2013-05-07,1.6,12.83,0.11,2.82,-0.71898,119.760002,37.040001,78.860001,14.27,14.35,-0.6747,2.32,28.094999,18.959999,1.82
2013-05-08,1.59,12.66,0.11,2.8,-0.71898,117.349998,37.09,79.809998,14.49,14.4,-0.6747,2.29,28.115,19.190001,1.81
2013-05-09,1.59,13.13,0.11,2.82,-0.71898,119.080002,37.009998,81.139999,14.49,14.81,-0.6747,2.31,28.165001,19.25,1.81
2013-05-10,1.64,12.59,0.11,2.82,-0.724,117.970001,37.040001,80.449997,14.34,14.71,-0.7728,2.35,28.385,19.379999,1.9
2013-05-13,1.68,12.55,0.11,2.81,-0.724,119.160004,36.540001,80.449997,14.59,15.05,-0.7728,2.33,28.389999,19.145,1.92
2013-05-14,1.7,12.77,0.11,2.81,-0.724,116.160004,36.509998,80.449997,14.78,14.98,-0.7728,2.33,28.68,19.174999,1.96
2013-05-15,1.68,12.81,0.11,2.82,-0.724,119.410004,36.810001,83.150002,13.88,15.05,-0.7728,2.3,28.834999,19.34,1.94
2013-05-16,1.64,13.07,0.11,2.81,-0.724,121.220001,36.599998,84.5,13.72,15.45,-0.7728,2.27,28.5,19.17,1.87
2013-05-17,1.69,12.45,0.11,2.81,-0.72179,127.849998,36.77,84.0,13.3,15.17,-0.6198,2.26,28.775,19.385,1.95
2013-05-20,1.71,13.02,0.11,2.8,-0.72179,117.669998,36.630001,85.010002,13.53,15.31,-0.6198,2.28,28.690001,19.325001,1.97
2013-05-21,1.68,13.37,0.11,2.81,-0.72179,117.080002,36.599998,88.040001,14.41,15.78,-0.6198,2.28,28.82,19.280001,1.94
2013-05-22,1.77,13.82,0.11,2.78,-0.72179,117.160004,36.009998,88.230003,14.73,15.82,-0.6198,2.27,28.545,19.004999,2.03
2013-05-23,1.76,14.07,0.11,2.77,-0.72179,116.919998,35.990002,87.400002,14.89,16.0,-0.6198,2.26,28.485001,18.965,2.02
2013-05-24,1.75,13.99,0.11,2.75,-0.71226,118.169998,35.990002,83.879997,14.48,15.92,-0.5402,2.27,28.4,18.959999,2.01
2013-05-27,1.75,13.99,0.11,2.75,-0.71226,118.169998,35.990002,83.879997,14.48,15.92,-0.5402,2.27,28.4,18.959999,2.01
2013-05-28,1.86,14.48,0.11,2.73,-0.71226,112.470001,36.200001,82.650002,14.99,15.87,-0.5402,2.29,28.674999,19.129999,2.15
2013-05-29,1.83,14.83,0.11,2.75,-0.71226,116.199997,36.09,81.720001,15.18,16.15,-0.5402,2.23,28.379999,19.200001,2.13
2013-05-30,1.82,14.53,0.11,2.77,-0.71226,117.75,36.470001,80.220001,14.99,16.01,-0.5402,2.18,28.379999,19.385,2.13
2013-05-31,1.86,16.3,0.11,2.79,-0.6961,119.510002,35.91,84.870003,15.99,17.129999,-0.3737,2.21,28.059999,19.145,2.16
2013-06-03,1.83,16.28,0.11,2.82,-0.6961,119.160004,36.029999,86.989998,16.790001,17.219999,-0.3737,2.2,28.184999,19.295,2.13
2013-06-04,1.82,16.27,0.11,2.86,-0.6961,116.870003,36.639999,87.389999,16.84,17.26,-0.3737,2.19,28.084999,19.385,2.14
2013-06-05,1.8,17.5,0.11,2.89,-0.6961,116.57,35.869999,93.18,17.49,18.0,-0.3737,2.16,27.620001,19.030001,2.1
2013-06-06,1.78,16.63,0.11,2.88,-0.6961,116.57,35.669998,91.910004,17.4,17.549999,-0.3737,2.13,27.91,18.975,2.08
2013-06-07,1.85,15.14,0.11,2.89,-0.67656,116.199997,36.18,84.190002,15.88,16.719999,-0.0978,2.14,28.42,19.155001,2.17
2013-06-10,1.9,15.44,0.11,2.89,-0.67656,116.199997,36.619999,82.940002,15.86,16.73,-0.0978,2.11,28.334999,19.26,2.22
2013-06-11,1.86,17.07,0.11,2.91,-0.67656,116.980003,35.259998,92.32,16.879999,17.91,-0.0978,2.07,28.055,18.905001,2.2
2013-06-12,1.91,18.59,0.11,2.91,-0.67656,115.559998,34.790001,101.769997,18.700001,19.07,-0.0978,2.04,27.745001,18.68,2.25
2013-06-13,1.87,16.41,0.11,2.92,-0.67656,117.279999,35.48,95.080002,17.129999,17.83,-0.0978,2.04,28.264999,19.01,2.19
2013-06-14,1.85,17.15,0.11,2.93,-0.65762,116.290001,35.48,93.870003,17.280001,18.299999,-0.1575,2.05,28.174999,18.940001,2.14
2013-06-17,1.92,16.8,0.11,2.93,-0.65762,116.739998,35.779999,90.449997,16.950001,17.99,-0.1575,2.04,28.33,19.1,2.19
2013-06-18,1.93,16.61,0.11,2.92,-0.65762,118.699997,36.119999,89.989998,16.469999,17.75,-0.1575,2.06,28.620001,19.375,2.2
2013-06-19,2.02,16.64,0.11,2.87,-0.65762,117.839996,35.709999,88.589996,15.12,17.780001,-0.1575,2.04,28.295,19.105,2.33
2013-06-20,2.08,20.49,0.11,2.93,-0.65762,117.519997,34.630001,100.980003,20.059999,20.34,-0.1575,1.95,27.555,18.52,2.41
2013-06-21,2.14,18.9,0.11,2.87,-0.64201,117.360001,34.950001,96.099998,19.440001,19.49,-0.1287,1.93,27.52,18.5,2.52
2013-06-24,2.15,20.11,0.11,2.86,-0.64201,116.080002,34.189999,100.93,19.83,20.73,-0.1287,1.93,27.27,18.16,2.57
2013-06-25,2.17,18.47,0.11,2.88,-0.64201,115.230003,35.02,94.830002,18.799999,19.67,-0.1287,1.96,27.514999,18.540001,2.6
2013-06-26,2.16,17.21,0.11,2.89,-0.64201,115.809998,34.959999,90.760002,17.379999,18.82,-0.1287,1.95,27.860001,18.65,2.55
2013-06-27,2.13,16.86,0.11,2.92,-0.64201,116.010002,34.849998,86.050003,16.719999,18.559999,-0.1287,1.99,28.1,18.75,2.49
2013-06-28,2.16,16.86,0.11,2.83,-0.6346,116.529999,34.849998,86.540001,16.469999,18.389999,0.0641,1.99,28.200001,18.844999,2.52
2013-07-01,2.16,16.37,0.09,2.83,-0.6346,114.849998,35.040001,84.889999,16.16,17.92,0.0641,2.02,28.395,18.795,2.5
2013-07-02,2.14,16.44,0.09,2.81,-0.6346,115.220001,35.130001,83.699997,15.94,18.02,0.0641,2.04,28.445,18.790001,2.48
2013-07-03,2.16,16.2,0.09,2.8,-0.6346,113.129997,35.470001,82.720001,15.8,17.809999,0.0641,2.04,28.575001,18.91,2.52
2013-07-04,2.16,16.2,0.09,2.8,-0.6346,113.129997,35.470001,82.720001,15.8,17.809999,0.0641,2.04,28.575001,18.91,2.52
2013-07-05,2.33,14.89,0.09,2.77,-0.6348,117.120003,36.0,77.410004,14.91,16.879999,-0.1622,2.07,28.885,19.165001,2.73
2013-07-08,2.28,14.78,0.09,2.79,-0.6348,117.129997,35.689999,75.489998,14.77,16.41,-0.1622,2.07,29.155001,18.754999,2.65
2013-07-09,2.28,14.35,0.09,2.78,-0.6348,115.190002,36.240002,75.919998,14.26,15.91,-0.1622,2.06,29.27,18.905001,2.65
2013-07-10,2.32,14.21,0.09,2.75,-0.6348,117.080002,36.59,79.540001,13.95,15.77,-0.1622,2.06,29.299999,19.049999,2.7
2013-07-11,2.26,14.01,0.09,2.77,-0.6348,117.080002,37.169998,77.160004,13.87,15.5,-0.1622,2.04,29.719999,19.555,2.6
2013-07-12,2.24,13.84,0.09,2.77,-0.64217,117.080002,37.490002,76.139999,13.96,15.65,-0.3178,2.06,29.860001,19.625,2.61
2013-07-15,2.23,13.79,0.09,2.76,-0.64217,114.419998,37.790001,76.220001,14.03,15.62,-0.3178,2.1,29.785,19.629999,2.57
2013-07-16,2.21,14.42,0.09,2.74,-0.64217,115.260002,37.82,80.839996,14.25,16.01,-0.3178,2.14,29.625,19.75,2.55
2013-07-17,2.2,13.78,0.09,2.74,-0.64217,115.269997,37.900002,77.059998,13.92,15.56,-0.3178,2.14,29.639999,19.780001,2.52
2013-07-18,2.24,13.77,0.09,2.75,-0.64217,115.580002,37.599998,74.68,13.47,15.56,-0.3178,2.18,29.809999,19.365,2.56
2013-07-19,2.18,12.54,0.09,2.74,-0.65426,113.07,37.259998,73.639999,13.75,15.04,-0.5255,2.21,29.785,19.290001,2.5
2013-07-22,2.18,12.29,0.09,2.71,-0.65426,112.900002,37.419998,72.489998,13.39,14.69,-0.5255,2.22,29.764999,19.254999,2.5
2013-07-23,2.2,12.66,0.09,2.7,-0.65426,113.139999,38.93,75.050003,13.37,14.88,-0.5255,2.2,29.725,19.27,2.53
2013-07-24,2.27,13.18,0.09,2.67,-0.65426,118.720001,38.93,76.800003,13.27,15.19,-0.5255,2.17,29.625,19.035,2.61
2013-07-25,2.29,12.97,0.09,2.69,-0.65426,117.849998,39.25,76.739998,13.32,15.0,-0.5255,2.17,29.665001,19.17,2.61
2013-07-26,2.27,12.72,0.09,2.67,-0.6659,118.230003,39.110001,76.540001,12.93,14.8,-0.5,2.15,29.76,19.059999,2.58
2013-07-29,2.28,13.39,0.09,2.69,-0.6659,118.93,38.59,76.650002,13.65,15.11,-0.5,2.16,29.605,19.0,2.61
2013-07-30,2.3,13.39,0.09,2.68,-0.6659,119.389999,38.759998,74.349998,13.87,14.98,-0.5,2.17,29.530001,19.190001,2.63
2013-07-31,2.29,13.45,0.09,2.68,-0.6659,117.849998,39.18,73.080002,14.25,14.92,-0.5,2.22,29.684999,19.280001,2.6
2013-08-01,2.39,12.94,0.08,2.66,-0.6659,115.059998,39.82,71.099998,13.88,14.55,-0.5,2.26,30.145,19.52,2.74
2013-08-02,2.33,11.98,0.08,2.68,-0.67402,116.889999,39.939999,70.360001,12.77,14.03,-0.3728,2.21,30.360001,19.415001,2.63
2013-08-05,2.35,11.84,0.08,2.7,-0.67402,116.529999,39.860001,69.739998,12.83,13.86,-0.3728,2.25,30.295,19.405001,2.67
2013-08-06,2.35,12.72,0.08,2.69,-0.67402,119.089996,39.73,75.529999,13.35,14.56,-0.3728,2.28,30.17,19.280001,2.67
2013-08-07,2.29,12.98,0.08,2.72,-0.67402,118.309998,39.650002,76.57,13.44,14.81,-0.3728,2.26,29.905001,19.105,2.61
2013-08-08,2.28,12.73,0.08,2.73,-0.67402,118.470001,39.650002,75.410004,13.26,14.67,-0.3728,2.24,30.105,19.110001,2.58
2013-08-09,2.25,13.41,0.08,2.74,-0.67783,122.300003,39.779999,77.330002,13.63,15.1,-0.4196,2.24,30.040001,19.059999,2.57
2013-08-12,2.29,12.81,0.08,2.72,-0.67783,115.440002,39.709999,78.769997,12.86,15.17,-0.4196,2.24,30.0,19.094999,2.61
2013-08-13,2.37,12.31,0.08,2.72,-0.67783,115.809998,39.759998,78.940002,12.5,14.86,-0.4196,2.23,30.0,19.299999,2.71
2013-08-14,2.37,13.04,0.08,2.72,-0.67783,119.330002,39.169998,80.220001,13.3,15.24,-0.4196,2.21,29.67,19.110001,2.71
2013-08-15,2.41,14.73,0.08,2.7,-0.67783,115.82,38.650002,86.209999,14.9,16.24,-0.4196,2.17,29.15,18.690001,2.77
2013-08-16,2.48,14.37,0.08,2.7,-0.67697,117.209999,38.740002,84.089996,14.73,15.94,-0.3808,2.16,29.045,18.709999,2.84
2013-08-19,2.52,15.1,0.08,2.7,-0.67697,118.150002,38.439999,86.910004,15.53,16.4,-0.3808,2.13,28.92,18.684999,2.88
2013-08-20,2.46,14.91,0.08,2.72,-0.67697,118.07,38.75,89.080002,15.15,16.309999,-0.3808,2.15,29.215,18.775,2.82
2013-08-21,2.49,15.94,0.08,2.71,-0.67697,117.169998,38.450001,90.379997,15.99,16.790001,-0.3808,2.14,28.965,18.620001,2.87
2013-08-22,2.48,14.76,0.08,2.68,-0.67697,119.209999,38.82,84.519997,15.44,15.99,-0.3808,2.11,29.254999,18.735001,2.9
2013-08-23,2.42,13.98,0.08,2.67,-0.67299,120.129997,39.07,80.019997,14.62,15.55,-0.203,2.13,29.26,18.795,2.82
2013-08-26,2.38,14.99,0.08,2.67,-0.67299,118.690002,39.189999,83.059998,15.32,16.209999,-0.203,2.15,29.200001,18.76,2.79
2013-08-27,2.34,16.77,0.08,2.66,-0.67299,118.07,38.25,92.360001,17.629999,17.68,-0.203,2.15,28.725,18.385,2.72
2013-08-28,2.38,16.49,0.08,2.65,-0.67299,117.510002,38.43,91.459999,17.42,17.620001,-0.203,2.15,28.879999,18.525,2.78
2013-08-29,2.36,16.81,0.08,2.62,-0.67299,117.209999,38.610001,91.489998,17.4,17.9,-0.203,2.1,29.02,18.68,2.75
2013-08-30,2.39,17.01,0.08,2.56,-0.66908,117.480003,38.200001,92.599998,17.530001,18.049999,-0.1828,2.1,28.84,18.57,2.78
2013-09-02,2.39,17.01,0.08,2.56,-0.66908,117.480003,38.200001,92.599998,17.530001,18.049999,-0.1828,2.1,28.84,18.57,2.78
2013-09-03,2.43,16.61,0.08,2.58,-0.66908,116.720001,38.639999,90.660004,17.889999,17.639999,-0.1828,2.1,29.045,18.75,2.86
2013-09-04,2.44,15.88,0.08,2.55,-0.66908,116.970001,39.369999,88.279999,16.77,17.299999,-0.1828,2.07,29.35,19.125,2.9
2013-09-05,2.46,15.77,0.08,2.55,-0.66908,117.370003,39.48,85.800003,16.51,17.139999,-0.1828,2.06,29.360001,19.27,2.98
2013-09-06,2.48,15.85,0.08,2.59,-0.66745,118.669998,39.18,86.510002,16.32,17.17,-0.2598,2.07,29.325001,19.195,2.94
2013-09-09,2.45,15.63,0.08,2.6,-0.66745,119.0,39.75,83.459999,16.16,16.83,-0.2598,2.06,29.584999,19.440001,2.9
2013-09-10,2.46,14.53,0.08,2.61,-0.66745,119.940002,40.310001,79.25,15.24,16.110001,-0.2598,2.1,29.870001,19.790001,2.96
2013-09-11,2.46,13.82,0.08,2.61,-0.66745,120.68,40.029999,78.400002,14.73,15.61,-0.2598,2.13,30.09,19.73,2.93
2013-09-12,2.47,14.29,0.08,2.61,-0.66745,120.68,39.91,80.970001,14.75,15.85,-0.2598,2.11,30.02,19.684999,2.92
2013-09-13,2.45,14.16,0.08,2.64,-0.6695,120.120003,40.279999,79.730003,14.7,15.7,-0.3386,2.1,30.105,19.805,2.9
2013-09-16,2.47,14.38,0.08,2.68,-0.6695,118.839996,40.450001,80.089996,15.16,15.58,-0.3386,2.12,30.24,19.905001,2.88
2013-09-17,2.47,14.53,0.08,2.67,-0.6695,121.589996,40.73,79.489998,14.72,15.66,-0.3386,2.16,30.415001,20.065001,2.86
2013-09-18,2.35,13.59,0.08,2.75,-0.6695,114.220001,40.849998,74.650002,14.15,15.18,-0.3386,2.2,30.764999,20.245001,2.69
2013-09-19,2.42,13.16,0.08,2.72,-0.6695,115.690002,40.799999,73.220001,13.77,15.02,-0.3386,2.21,30.754999,20.24,2.76
2013-09-20,2.41,13.12,0.08,2.68,-0.67442,115.870003,40.52,76.889999,12.97,15.32,-0.4624,2.23,30.48,20.105,2.75
2013-09-23,2.37,14.31,0.08,2.7,-0.67442,119.080002,40.470001,77.559998,14.64,15.92,-0.4624,2.26,30.245001,20.059999,2.72
2013-09-24,2.32,14.08,0.08,2.68,-0.67442,119.309998,40.310001,74.779999,14.37,15.64,-0.4624,2.19,30.325001,20.184999,2.67
2013-09-25,2.27,14.01,0.08,2.7,-0.67442,117.449997,40.32,73.080002,14.66,15.56,-0.4624,2.18,30.139999,20.145,2.63
2013-09-26,2.32,14.06,0.08,2.72,-0.67442,122.029999,40.380001,69.959999,14.36,15.41,-0.4624,2.19,30.424999,20.139999,2.66
2013-09-27,2.3,15.46,0.08,2.73,-0.68198,124.480003,40.16,74.93,15.65,16.040001,-0.3575,2.18,30.43,19.959999,2.64
2013-09-30,2.31,16.6,0.08,2.75,-0.68198,123.459999,40.290001,81.669998,16.73,16.799999,-0.3575,2.19,30.315001,19.940001,2.64
2013-10-01,2.33,15.54,0.09,2.76,-0.68198,123.739998,40.400002,76.43,15.97,16.129999,-0.3575,2.2,30.559999,20.135,2.66
2013-10-02,2.32,16.6,0.09,2.77,-0.68198,123.519997,40.259998,85.730003,16.719999,16.809999,-0.3575,2.2,30.549999,20.120001,2.63
2013-10-03,2.29,17.67,0.09,2.78,-0.68198,122.309998,40.220001,93.790001,18.299999,17.700001,-0.3575,2.19,30.205,20.07,2.62
2013-10-04,2.33,16.74,0.09,2.76,-0.69174,123.980003,39.93,88.709999,17.32,17.209999,-0.2707,2.2,30.49,20.184999,2.66
2013-10-07,2.28,19.41,0.09,2.74,-0.69174,123.230003,39.860001,103.080002,19.84,19.07,-0.2707,2.2,30.059999,20.110001,2.65
2013-10-08,2.26,20.34,0.09,2.71,-0.69174,120.720001,39.240002,106.550003,22.07,19.84,-0.2707,2.18,29.584999,19.795,2.66
2013-10-09,2.31,19.6,0.09,2.71,-0.69174,122.620003,39.290001,111.43,21.68,19.290001,-0.2707,2.21,29.450001,19.73,2.68
2013-10-10,2.36,16.48,0.09,2.68,-0.69174,120.25,40.119999,95.309998,18.450001,17.209999,-0.2707,2.21,30.135,20.18,2.71
2013-10-11,2.35,15.72,0.09,2.68,-0.70407,130.970001,40.380001,90.849998,17.190001,16.57,-0.404,2.2,30.395,20.245001,2.7
2013-10-14,2.35,16.07,0.09,2.68,-0.70407,129.139999,40.549999,91.800003,17.469999,16.92,-0.404,2.2,30.52,20.375,2.7
2013-10-15,2.38,18.66,0.09,2.66,-0.70407,131.009995,40.25,103.370003,18.77,18.41,-0.404,2.21,30.23,20.25,2.75
2013-10-16,2.35,14.71,0.09,2.66,-0.70407,125.239998,40.75,85.699997,16.4,16.26,-0.404,2.19,30.605,20.424999,2.69
2013-10-17,2.28,13.48,0.09,2.66,-0.70407,126.68,40.650002,72.699997,14.49,15.44,-0.404,2.16,30.83,20.530001,2.61
2013-10-18,2.27,13.04,0.09,2.66,-0.71803,131.350006,40.709999,73.419998,13.69,14.92,-0.569,2.18,31.02,20.615,2.6
2013-10-21,2.3,13.16,0.09,2.65,-0.71803,130.669998,40.990002,75.019997,14.4,15.14,-0.569,2.19,31.1,20.690001,2.63
2013-10-22,2.23,13.33,0.09,2.66,-0.71803,129.169998,40.279999,74.129997,14.96,15.02,-0.569,2.17,31.309999,20.665001,2.54
2013-10-23,2.2,13.42,0.09,2.67,-0.71803,134.470001,39.73,72.43,15.33,15.11,-0.569,2.15,31.110001,20.030001,2.51
2013-10-24,2.2,13.2,0.09,2.68,-0.71803,135.419998,39.880001,70.839996,14.5,14.9,-0.569,2.17,31.42,20.125,2.53
2013-10-25,2.21,13.09,0.09,2.66,-0.73186,135.059998,40.23,70.029999,14.91,14.87,-0.5908,2.19,31.655001,20.209999,2.53
2013-10-28,2.22,13.31,0.09,2.66,-0.73186,127.580002,41.009998,70.160004,14.97,14.87,-0.5908,2.19,31.594999,20.305,2.54
2013-10-29,2.22,13.41,0.09,2.69,-0.73186,127.580002,41.759998,68.519997,14.83,15.03,-0.5908,2.18,31.780001,20.615,2.53
2013-10-30,2.22,13.65,0.09,2.68,-0.73186,127.949997,41.720001,69.559998,14.72,15.13,-0.5908,2.18,31.625,20.495001,2.55
2013-10-31,2.26,13.75,0.09,2.65,-0.73186,132.330002,42.09,69.440002,14.88,15.25,-0.5908,2.17,31.705,20.584999,2.57
2013-11-01,2.32,13.28,0.08,2.64,-0.7438,129.839996,42.029999,68.940002,14.76,15.06,-0.5392,2.15,31.780001,20.469999,2.65
2013-11-04,2.31,12.93,0.08,2.66,-0.7438,125.57,41.990002,67.089996,14.37,14.68,-0.5392,2.13,31.889999,20.424999,2.63
2013-11-05,2.37,13.27,0.08,2.66,-0.7438,122.980003,41.900002,67.410004,14.4,14.92,-0.5392,2.14,31.889999,20.379999,2.69
2013-11-06,2.37,12.67,0.08,2.7,-0.7438,118.690002,42.139999,67.410004,14.76,14.66,-0.5392,2.19,31.809999,20.48,2.67
2013-11-07,2.34,13.91,0.08,2.7,-0.7438,123.830002,41.650002,71.739998,15.67,15.36,-0.5392,2.17,31.15,20.16,2.63
2013-11-08,2.45,12.9,0.08,2.69,-0.75438,126.370003,41.98,69.389999,14.67,14.63,-0.52,2.18,31.645,20.299999,2.77
2013-11-11,2.45,12.53,0.08,2.69,-0.75438,125.550003,41.790001,69.389999,14.37,14.73,-0.52,2.18,31.695,20.26,2.77
2013-11-12,2.46,12.82,0.08,2.67,-0.75438,129.660004,41.849998,69.389999,14.14,14.88,-0.52,2.18,31.639999,20.365,2.8
2013-11-13,2.43,12.52,0.08,2.69,-0.75438,131.009995,42.389999,71.370003,13.66,14.83,-0.52,2.17,32.139999,20.504999,2.75
2013-11-14,2.4,12.37,0.08,2.72,-0.75438,133.029999,42.630001,71.910004,13.26,14.88,-0.52,2.18,32.365002,20.379999,2.69
2013-11-15,2.4,12.19,0.08,2.7,-0.76323,133.460007,42.549999,73.580002,13.13,14.8,-0.5753,2.18,32.474998,20.52,2.71
2013-11-18,2.36,13.1,0.08,2.66,-0.76323,137.059998,42.439999,75.059998,14.37,14.93,-0.5753,2.19,32.220001,20.395,2.67
2013-11-19,2.42,13.39,0.08,2.66,-0.76323,133.619995,42.150002,74.449997,14.52,15.25,-0.5753,2.18,32.080002,20.225,2.71
2013-11-20,2.52,13.4,0.08,2.67,-0.76323,133.25,41.93,69.050003,14.44,14.99,-0.5753,2.16,31.915001,20.16,2.8
2013-11-21,2.5,12.66,0.08,2.65,-0.76323,124.629997,42.439999,64.949997,14.01,14.52,-0.5753,2.19,32.244999,20.469999,2.79
2013-11-22,2.44,12.26,0.08,2.65,-0.7699,133.759995,42.639999,63.77,13.65,14.15,-0.6549,2.19,32.424999,20.375,2.75
2013-11-25,2.44,12.79,0.08,2.65,-0.7699,134.229996,42.549999,64.879997,13.74,14.43,-0.6549,2.18,32.455002,20.379999,2.74
2013-11-26,2.42,12.81,0.08,2.63,-0.7699,133.639999,42.700001,65.139999,13.6,14.55,-0.6549,2.17,32.645,20.469999,2.71
2013-11-27,2.46,12.98,0.08,2.63,-0.7699,133.820007,42.52,64.809998,13.36,14.6,-0.6549,2.16,32.77,20.575001,2.74
2013-11-28,2.46,12.98,0.08,2.63,-0.7699,133.820007,42.52,64.809998,13.36,14.6,-0.6549,2.16,32.77,20.575001,2.74
2013-11-29,2.47,13.7,0.08,2.61,-0.77516,130.820007,43.0,64.809998,13.93,15.03,-0.5881,2.15,32.799999,20.59,2.75
2013-12-02,2.51,14.23,0.08,2.6,-0.77516,131.639999,42.810001,69.589996,14.81,15.19,-0.5881,2.15,32.645,20.51,2.81
2013-12-03,2.51,14.55,0.08,2.6,-0.77516,132.380005,42.84,73.209999,14.93,15.49,-0.5881,2.15,32.334999,20.584999,2.79
2013-12-04,2.54,14.7,0.08,2.62,-0.77516,131.630005,42.43,72.730003,15.08,15.57,-0.5881,2.11,32.259998,20.514999,2.84
2013-12-05,2.58,15.08,0.08,2.59,-0.77516,128.009995,42.66,75.800003,16.110001,15.78,-0.5881,2.12,32.294998,20.58,2.88
2013-12-06,2.58,13.79,0.08,2.58,-0.77891,128.009995,43.490002,70.449997,14.85,14.95,-0.4642,2.11,32.564999,20.82,2.88
2013-12-09,2.56,13.49,0.08,2.57,-0.77891,126.089996,43.580002,70.449997,14.8,14.93,-0.4642,2.12,32.540001,20.915001,2.86
2013-12-10,2.51,13.91,0.08,2.56,-0.77891,126.68,43.41,70.449997,14.8,15.22,-0.4642,2.12,32.560001,20.834999,2.81
2013-12-11,2.55,15.42,0.08,2.55,-0.77891,126.739998,42.810001,80.550003,15.88,15.99,-0.4642,2.15,32.259998,20.695,2.86
2013-12-12,2.55,15.54,0.08,2.53,-0.77891,125.089996,42.419998,83.379997,16.0,16.120001,-0.4642,2.14,32.16,20.469999,2.89
2013-12-13,2.54,15.76,0.08,2.5,-0.78199,126.220001,41.950001,85.389999,15.98,16.27,-0.5142,2.16,32.240002,20.434999,2.88
2013-12-16,2.55,16.03,0.08,2.5,-0.78199,126.220001,42.290001,83.199997,16.540001,16.389999,-0.5142,2.18,32.450001,20.549999,2.89
2013-12-17,2.51,16.21,0.08,2.5,-0.78199,128.75,42.43,82.230003,16.469999,16.5,-0.5142,2.18,32.365002,20.719999,2.85
2013-12-18,2.57,13.8,0.08,2.5,-0.78199,135.580002,43.099998,67.169998,15.01,14.99,-0.5142,2.17,32.845001,20.924999,2.89
2013-12-19,2.59,14.15,0.08,2.42,-0.78199,137.860001,42.459999,67.029999,14.92,15.28,-0.5142,2.15,32.825001,20.870001,2.94
2013-12-20,2.52,13.79,0.08,2.38,-0.78389,143.199997,42.84,68.0,14.48,15.01,-0.5771,2.16,32.830002,21.025,2.89
2013-12-23,2.56,13.04,0.08,2.35,-0.78389,138.110001,43.360001,63.490002,14.11,14.52,-0.5771,2.18,32.974998,20.875,2.94
2013-12-24,2.61,12.48,0.08,2.36,-0.78389,137.880005,43.43,63.490002,13.91,14.24,-0.5771,2.19,33.044998,20.93,2.99
2013-12-25,2.61,12.48,0.08,2.36,-0.78389,137.880005,43.43,63.490002,13.91,14.24,-0.5771,2.19,33.044998,20.93,2.99
2013-12-26,2.58,12.33,0.08,2.37,-0.78389,136.649994,43.59,62.709999,13.93,14.03,-0.5771,2.2,33.290001,21.014999,3.0
2013-12-27,2.62,12.46,0.08,2.37,-0.78478,136.720001,43.669998,66.669998,14.51,13.98,-0.6867,2.22,33.134998,21.014999,3.02
2013-12-30,2.6,13.56,0.08,2.35,-0.78478,134.360001,43.900002,69.709999,15.16,14.77,-0.6867,2.23,33.285,21.120001,2.99
2013-12-31,2.66,13.72,0.08,2.33,-0.78478,133.630005,43.91,70.830002,15.44,14.77,-0.6867,2.24,33.415001,21.215,3.04
2014-01-01,2.66,13.72,0.07,2.33,-0.78478,133.630005,43.91,70.830002,15.44,14.77,-0.6867,2.24,33.415001,21.215,3.04
2014-01-02,2.61,14.23,0.07,2.34,-0.78478,133.729996,43.099998,73.139999,15.88,15.26,-0.6867,2.26,33.259998,20.995001,3.0
2014-01-03,2.6,13.76,0.07,2.34,-0.78243,134.460007,43.290001,70.029999,15.85,15.09,-0.5703,2.26,33.169998,20.93,3.01
2014-01-06,2.58,13.55,0.07,2.32,-0.78243,131.990005,42.93,68.330002,15.82,14.82,-0.5703,2.26,32.965,20.795,2.98
2014-01-07,2.56,12.92,0.07,2.32,-0.78243,129.100006,42.700001,68.330002,15.1,14.41,-0.5703,2.26,33.165001,20.865,2.96
2014-01-08,2.58,12.87,0.07,2.31,-0.78243,129.460007,43.290001,68.330002,14.88,14.29,-0.5703,2.29,33.075001,21.09,3.01
2014-01-09,2.53,12.89,0.07,2.31,-0.78243,130.869995,43.060001,68.330002,15.1,14.29,-0.5703,2.31,33.07,20.905001,2.97
2014-01-10,2.49,12.14,0.07,2.32,-0.77963,126.150002,43.110001,67.739998,14.09,13.94,-0.6498,2.29,33.169998,20.99,2.88
2014-01-13,2.45,13.28,0.07,2.34,-0.77963,130.589996,42.240002,75.709999,15.05,14.98,-0.6498,2.27,32.505001,20.780001,2.84
2014-01-14,2.49,12.28,0.07,2.34,-0.77963,133.440002,43.34,69.309998,13.52,14.49,-0.6498,2.26,32.785,21.334999,2.88
2014-01-15,2.49,12.28,0.07,2.32,-0.77963,132.690002,43.540001,69.559998,13.63,14.46,-0.6498,2.28,32.865002,21.475,2.9
2014-01-16,2.45,12.53,0.07,2.32,-0.77963,136.350006,43.369999,73.980003,14.11,14.69,-0.6498,2.25,32.689999,21.405001,2.86
2014-01-17,2.44,12.44,0.07,2.33,-0.77539,139.619995,43.450001,75.720001,14.2,14.63,-0.6552,2.26,32.544998,21.145,2.84
2014-01-20,2.44,12.44,0.07,2.33,-0.77539,139.619995,43.450001,75.720001,14.2,14.63,-0.6552,2.26,32.544998,21.145,2.84
2014-01-21,2.45,12.87,0.07,2.3,-0.77539,138.770004,43.849998,77.779999,14.34,14.62,-0.6552,2.26,32.514999,21.24,2.85
2014-01-22,2.43,12.84,0.07,2.3,-0.77539,138.919998,44.610001,74.459999,14.43,14.47,-0.6552,2.25,32.599998,21.48,2.87
2014-01-23,2.4,13.77,0.07,2.32,-0.77539,135.710007,44.09,78.25,15.33,14.98,-0.6552,2.13,32.369999,21.205,2.79
2014-01-24,2.38,18.14,0.07,2.35,-0.77103,131.610001,42.950001,97.709999,18.84,17.4,-0.5392,2.14,31.75,20.805,2.75
2014-01-27,2.41,17.42,0.07,2.36,-0.77103,128.729996,42.639999,93.5,18.870001,17.129999,-0.5392,2.14,31.625,20.620001,2.78
2014-01-28,2.39,15.8,0.07,2.35,-0.77103,128.300003,42.900002,83.959999,17.65,16.200001,-0.5392,2.15,31.844999,20.715,2.77
2014-01-29,2.33,17.35,0.07,2.38,-0.77103,126.709999,42.400002,92.470001,18.690001,17.24,-0.5392,2.14,31.334999,20.584999,2.69
2014-01-30,2.36,17.29,0.07,2.36,-0.77103,127.910004,42.689999,92.349998,18.65,17.370001,-0.5392,2.15,31.860001,20.754999,2.72
2014-01-31,2.33,18.41,0.07,2.4,-0.7683,128.369995,42.400002,99.660004,18.969999,18.09,-0.3487,2.14,31.41,20.584999,2.67
2014-02-03,2.31,21.44,0.07,2.39,-0.7683,126.169998,41.5,106.779999,21.440001,20.139999,-0.3487,2.14,30.584999,20.23,2.61
2014-02-04,2.33,19.11,0.07,2.41,-0.7683,127.260002,40.889999,100.400002,20.1,19.08,-0.3487,2.13,30.959999,20.155001,2.64
2014-02-05,2.38,19.95,0.07,2.42,-0.7683,127.790001,40.970001,102.870003,21.15,19.67,-0.3487,2.14,31.0,20.15,2.7
2014-02-06,2.4,17.23,0.07,2.4,-0.7683,124.68,41.23,92.580002,19.48,17.790001,-0.3487,2.16,31.655001,20.450001,2.73
2014-02-07,2.41,15.29,0.07,2.42,-0.76882,129.009995,41.950001,83.169998,16.709999,16.34,-0.3732,2.18,32.044998,20.725,2.71
2014-02-10,2.38,15.26,0.07,2.42,-0.76882,126.260002,42.360001,79.889999,16.530001,16.32,-0.3732,2.19,32.025002,20.84,2.7
2014-02-11,2.4,14.51,0.07,2.39,-0.76882,126.699997,43.130001,78.639999,15.84,15.75,-0.3732,2.19,32.259998,21.094999,2.75
2014-02-12,2.45,14.3,0.07,2.36,-0.76882,127.839996,43.299999,79.559998,15.93,15.65,-0.3732,2.21,32.290001,21.209999,2.8
2014-02-13,2.41,14.14,0.07,2.39,-0.76882,128.570007,43.740002,78.410004,15.49,15.5,-0.3732,2.17,32.389999,21.434999,2.73
2014-02-14,2.43,13.57,0.07,2.38,-0.77256,129.25,43.860001,77.489998,14.8,15.17,-0.7055,2.16,32.584999,21.594999,2.75
2014-02-17,2.43,13.57,0.07,2.38,-0.77256,129.25,43.860001,77.489998,14.8,15.17,-0.7055,2.16,32.584999,21.594999,2.75
2014-02-18,2.4,13.87,0.07,2.4,-0.77256,124.25,44.009998,75.82,15.23,15.22,-0.7055,2.14,32.625,21.639999,2.71
2014-02-19,2.4,15.5,0.07,2.41,-0.77256,129.119995,43.93,86.230003,16.32,16.290001,-0.7055,2.13,32.360001,21.59,2.73
2014-02-20,2.42,14.79,0.07,2.39,-0.77256,134.369995,44.200001,79.830002,15.91,15.72,-0.7055,2.13,32.535,21.735001,2.76
2014-02-21,2.4,14.68,0.07,2.38,-0.77687,138.789993,44.150002,78.959999,15.81,15.64,-0.5905,2.12,32.599998,21.615,2.73
2014-02-24,2.4,14.23,0.07,2.38,-0.77687,134.470001,44.450001,77.839996,15.24,15.5,-0.5905,2.16,32.735001,21.745001,2.75
2014-02-25,2.36,13.67,0.07,2.38,-0.77687,121.919998,44.470001,76.459999,15.15,15.5,-0.5905,2.15,32.965,21.625,2.7
2014-02-26,2.34,14.35,0.07,2.38,-0.77687,132.220001,44.630001,79.419998,15.29,15.91,-0.5905,2.16,33.150002,21.799999,2.67
2014-02-27,2.32,14.04,0.07,2.36,-0.77687,137.240005,44.779999,78.940002,14.79,15.63,-0.5905,2.16,33.285,21.809999,2.65
2014-02-28,2.33,14.0,0.07,2.35,-0.78107,137.169998,44.959999,81.449997,15.01,15.8,-0.6717,2.17,33.419998,21.825001,2.66
2014-03-03,2.28,16.0,0.07,2.37,-0.78107,129.119995,44.580002,92.839996,16.85,16.92,-0.6717,2.16,33.105,21.684999,2.6
2014-03-04,2.37,14.1,0.07,2.35,-0.78107,131.649994,45.259998,82.139999,15.41,15.69,-0.6717,2.18,33.52,21.969999,2.7
2014-03-05,2.37,13.89,0.07,2.36,-0.78107,126.620003,45.18,80.519997,15.22,15.77,-0.6717,2.18,33.66,21.995001,2.7
2014-03-06,2.37,14.21,0.07,2.37,-0.78107,133.460007,45.68,79.550003,14.94,15.83,-0.6717,2.21,33.744999,22.23,2.74
2014-03-07,2.42,14.11,0.07,2.34,-0.78404,130.490005,45.849998,83.07,15.23,15.87,-0.6413,2.23,33.695,22.23,2.8
2014-03-10,2.42,14.2,0.07,2.36,-0.78404,131.350006,45.869999,82.349998,15.52,15.97,-0.6413,2.22,33.605,22.23,2.79
2014-03-11,2.4,14.8,0.07,2.37,-0.78404,130.080002,45.669998,85.120003,15.78,16.35,-0.6413,2.2,33.41,22.07,2.77
2014-03-12,2.36,14.47,0.07,2.38,-0.78404,132.330002,46.43,83.449997,15.54,16.08,-0.6413,2.19,33.360001,22.315001,2.73
2014-03-13,2.32,16.22,0.07,2.39,-0.78404,127.660004,44.990002,92.139999,17.469999,17.129999,-0.6413,2.17,32.955002,22.01,2.66
2014-03-14,2.29,17.82,0.07,2.4,-0.78449,112.660004,44.310001,97.110001,18.889999,17.93,-0.5759,2.17,32.924999,21.83,2.65
2014-03-17,2.32,15.64,0.07,2.4,-0.78449,143.270004,45.27,87.790001,17.469999,16.690001,-0.5759,2.18,33.145,22.07,2.7
2014-03-18,2.32,14.52,0.07,2.42,-0.78449,129.369995,45.400002,81.889999,15.93,16.16,-0.5759,2.18,33.290001,22.33,2.68
2014-03-19,2.31,15.12,0.07,2.37,-0.78449,129.369995,45.52,81.349998,16.23,16.32,-0.5759,2.16,33.07,22.305,2.78
2014-03-20,2.34,14.52,0.07,2.34,-0.78449,134.020004,46.950001,77.029999,16.18,15.86,-0.5759,2.13,33.154999,22.68,2.79
2014-03-21,2.3,15.0,0.07,2.32,-0.78358,132.820007,47.150002,78.639999,17.35,16.18,-0.6233,2.14,32.84,22.445,2.75
2014-03-24,2.27,15.09,0.07,2.29,-0.78358,132.699997,46.57,77.290001,18.120001,16.1,-0.6233,2.15,32.509998,22.370001,2.74
2014-03-25,2.28,14.02,0.07,2.28,-0.78358,121.809998,46.689999,74.769997,17.120001,15.53,-0.6233,2.14,32.314999,22.610001,2.75
2014-03-26,2.26,14.93,0.07,2.28,-0.78358,119.050003,46.389999,76.269997,18.139999,16.08,-0.6233,2.14,32.055,22.379999,2.71
2014-03-27,2.24,14.62,0.07,2.26,-0.78358,117.959999,46.080002,74.709999,18.49,15.87,-0.6233,2.13,31.9,22.254999,2.69
2014-03-28,2.28,14.41,0.07,2.25,-0.78081,124.980003,46.639999,74.860001,18.09,15.46,-0.6465,2.13,32.139999,22.42,2.73
2014-03-31,2.29,13.88,0.07,2.26,-0.78081,123.25,47.16,72.199997,18.120001,15.08,-0.6465,2.13,32.360001,22.805,2.73
2014-04-01,2.33,13.1,0.09,2.26,-0.78081,128.080002,47.529999,67.510002,16.74,14.4,-0.6465,2.14,32.810001,23.145,2.77
2014-04-02,2.35,13.09,0.09,2.25,-0.78081,127.300003,47.619999,67.330002,16.370001,14.45,-0.6465,2.14,33.029999,23.030001,2.82
2014-04-03,2.34,13.37,0.09,2.24,-0.78081,128.130005,47.689999,67.730003,16.959999,14.5,-0.6465,2.14,32.869999,23.09,2.8
2014-04-04,2.31,13.96,0.09,2.25,-0.77893,126.610001,46.34,69.529999,18.790001,14.96,-0.6345,2.13,32.325001,22.52,2.74
2014-04-07,2.3,15.57,0.09,2.24,-0.77893,123.919998,46.25,74.510002,20.049999,15.9,-0.6345,2.12,31.695,22.395,2.71
2014-04-08,2.29,14.89,0.09,2.26,-0.77893,124.339996,46.77,71.43,19.110001,15.53,-0.6345,2.11,32.014999,22.715,2.69
2014-04-09,2.34,13.82,0.09,2.25,-0.77893,130.789993,47.240002,69.190002,17.719999,14.83,-0.6345,2.14,32.360001,22.985001,2.71
2014-04-10,2.28,15.89,0.09,2.24,-0.77893,125.110001,45.529999,78.559998,20.59,16.07,-0.6345,2.14,31.555,22.295,2.65
2014-04-11,2.26,17.03,0.09,2.23,-0.7764,122.589996,44.98,83.940002,22.65,16.790001,-0.5374,2.13,31.120001,21.975,2.63
2014-04-14,2.28,16.11,0.09,2.22,-0.7764,122.589996,45.32,82.199997,21.77,16.370001,-0.5374,2.13,31.365,22.17,2.65
2014-04-15,2.25,15.61,0.09,2.2,-0.7764,129.240005,45.810001,80.669998,21.91,15.99,-0.5374,2.14,31.405001,22.325001,2.64
2014-04-16,2.26,14.18,0.09,2.19,-0.7764,125.43,45.209999,72.080002,20.41,15.23,-0.5374,2.17,31.844999,22.275,2.65
2014-04-17,2.3,13.36,0.09,2.16,-0.7764,127.93,45.830002,70.080002,19.389999,14.84,-0.5374,2.21,31.885,22.549999,2.73
2014-04-18,2.3,13.36,0.09,2.16,-0.77455,127.93,45.830002,70.080002,19.389999,14.84,-0.6279,2.21,31.885,22.549999,2.73
2014-04-21,2.31,13.25,0.09,2.18,-0.77455,119.110001,46.110001,68.620003,18.530001,14.75,-0.6279,2.2,31.969999,22.674999,2.73
2014-04-22,2.28,13.19,0.09,2.15,-0.77455,126.510002,46.59,66.739998,17.18,14.61,-0.6279,2.21,32.244999,22.834999,2.73
2014-04-23,2.27,13.27,0.09,2.15,-0.77455,126.110001,46.459999,66.220001,16.9,14.83,-0.6279,2.21,32.095001,22.76,2.7
2014-04-24,2.27,13.32,0.09,2.14,-0.77455,126.110001,48.470001,68.75,17.17,14.77,-0.6279,2.21,32.27,22.93,2.7
2014-04-25,2.25,14.06,0.09,2.13,-0.77393,121.949997,46.34,70.489998,18.59,15.18,-0.7334,2.2,31.719999,22.205,2.68
2014-04-28,2.26,13.97,0.09,2.13,-0.77393,123.690002,45.450001,67.629997,18.74,14.93,-0.7334,2.18,31.639999,22.145,2.7
2014-04-29,2.27,13.71,0.09,2.15,-0.77393,123.440002,46.119999,65.470001,18.33,14.83,-0.7334,2.18,31.785,22.24,2.71
2014-04-30,2.25,13.41,0.09,2.16,-0.77393,124.529999,45.450001,64.489998,17.68,14.7,-0.7334,2.18,31.92,22.334999,2.67
2014-05-01,2.22,13.25,0.09,2.14,-0.77393,124.900002,45.23,64.5,17.15,14.67,-0.7334,2.2,32.044998,22.17,2.63
2014-05-02,2.18,12.91,0.09,2.14,-0.77523,124.129997,45.779999,64.540001,17.030001,14.68,-0.6746,2.19,32.125,22.205,2.6
2014-05-05,2.2,13.29,0.09,2.15,-0.77523,123.559998,45.720001,64.400002,16.780001,14.75,-0.6746,2.18,32.154999,22.209999,2.63
2014-05-06,2.18,13.8,0.09,2.15,-0.77523,121.18,45.380001,64.93,17.09,15.12,-0.6746,2.16,31.695,22.174999,2.61
2014-05-07,2.21,13.4,0.09,2.16,-0.77523,123.269997,45.580002,62.639999,17.4,14.62,-0.6746,2.2,31.655001,22.26,2.62
2014-05-08,2.21,13.43,0.09,2.18,-0.77523,123.93,46.110001,62.16,17.42,14.58,-0.6746,2.19,31.745001,22.405001,2.61
2014-05-09,2.22,12.92,0.09,2.21,-0.77819,125.599998,45.84,61.759998,16.52,14.38,-0.6788,2.18,31.92,22.305,2.62
2014-05-12,2.25,12.23,0.09,2.2,-0.77819,125.279999,46.950001,61.759998,15.49,13.88,-0.6788,2.18,32.32,22.674999,2.66
2014-05-13,2.22,12.13,0.09,2.21,-0.77819,124.300003,46.139999,61.759998,15.37,14.04,-0.6788,2.16,32.23,22.51,2.61
2014-05-14,2.15,12.17,0.09,2.2,-0.77819,122.75,45.610001,69.029999,15.16,14.18,-0.6788,2.17,31.870001,22.325001,2.54
2014-05-15,2.12,13.17,0.09,2.22,-0.77819,123.599998,44.889999,71.599998,16.059999,14.86,-0.6788,2.19,31.639999,22.105,2.5
2014-05-16,2.14,12.44,0.09,2.2,-0.78242,127.230003,44.990002,68.720001,15.25,14.33,-0.712,2.18,31.875,22.280001,2.52
2014-05-19,2.18,12.42,0.09,2.22,-0.78242,128.179993,45.599998,67.580002,15.1,14.11,-0.712,2.17,32.02,22.475,2.54
2014-05-20,2.17,12.96,0.09,2.23,-0.78242,127.470001,45.709999,68.769997,15.34,14.41,-0.712,2.17,31.73,22.365,2.52
2014-05-21,2.17,11.91,0.09,2.26,-0.78242,123.889999,45.650002,66.559998,14.5,13.87,-0.712,2.18,32.115002,22.495001,2.54
2014-05-22,2.19,12.03,0.09,2.25,-0.78242,123.68,46.139999,68.059998,14.2,13.83,-0.712,2.21,32.285,22.575001,2.56
2014-05-23,2.17,11.36,0.09,2.24,-0.78866,125.129997,46.25,66.860001,13.45,13.62,-0.7179,2.22,32.540001,22.75,2.54
2014-05-26,2.17,11.36,0.09,2.24,-0.78866,125.129997,46.25,66.860001,13.45,13.62,-0.7179,2.22,32.540001,22.75,2.54
2014-05-27,2.13,11.51,0.09,2.23,-0.78866,123.639999,46.349998,64.949997,13.72,13.64,-0.7179,2.21,32.709999,23.075001,2.52
2014-05-28,2.07,11.68,0.09,2.23,-0.78866,124.18,46.459999,67.370003,14.04,13.77,-0.7179,2.22,32.674999,23.110001,2.44
2014-05-29,2.08,11.57,0.09,2.24,-0.78866,125.809998,46.66,66.93,13.84,13.71,-0.7179,2.23,32.810001,23.115,2.45
2014-05-30,2.11,11.4,0.09,2.22,-0.79452,124.230003,46.98,67.949997,13.77,13.75,-0.7814,2.22,32.84,23.17,2.48
2014-06-02,2.15,11.58,0.09,2.22,-0.79452,123.330002,46.990002,68.760002,14.33,13.88,-0.7814,2.22,32.950001,23.299999,2.54
2014-06-03,2.19,11.87,0.09,2.22,-0.79452,121.790001,46.990002,68.190002,14.35,13.82,-0.7814,2.19,32.889999,23.59,2.6
2014-06-04,2.2,12.08,0.09,2.23,-0.79452,121.480003,46.849998,67.669998,14.21,13.77,-0.7814,2.17,33.049999,23.665001,2.61
2014-06-05,2.19,11.68,0.09,2.24,-0.79452,122.209999,47.400002,65.470001,13.66,13.58,-0.7814,2.18,33.264999,23.76,2.59
2014-06-06,2.19,10.73,0.09,2.23,-0.79792,122.879997,47.5,67.080002,13.21,12.83,-0.7886,2.2,33.459999,23.885,2.6
2014-06-09,2.19,11.15,0.09,2.22,-0.79792,124.669998,47.880001,70.879997,13.79,13.02,-0.7886,2.21,33.470001,23.934999,2.62
2014-06-10,2.19,10.99,0.09,2.21,-0.79792,125.379997,47.970001,70.5,13.57,13.01,-0.7886,2.21,33.404999,24.055,2.64
2014-06-11,2.21,11.6,0.09,2.2,-0.79792,126.709999,48.09,74.209999,13.37,13.29,-0.7886,2.22,33.305,24.094999,2.65
2014-06-12,2.16,12.56,0.09,2.21,-0.79792,127.82,48.139999,79.970001,13.85,14.11,-0.7886,2.19,32.880001,24.040001,2.58
2014-06-13,2.15,12.18,0.09,2.19,-0.79817,127.779999,48.330002,79.809998,13.61,13.79,-0.8111,2.19,32.895,24.43,2.6
2014-06-16,2.12,12.65,0.09,2.17,-0.79817,127.669998,48.130001,81.5,13.7,13.97,-0.8111,2.2,32.970001,24.530001,2.61
2014-06-17,2.15,12.06,0.09,2.17,-0.79817,130.179993,48.259998,78.410004,13.51,13.66,-0.8111,2.23,33.099998,24.635,2.66
2014-06-18,2.13,10.61,0.09,2.19,-0.79817,129.529999,47.869999,71.760002,12.65,12.62,-0.8111,2.23,33.349998,24.59,2.61
2014-06-19,2.16,10.62,0.09,2.19,-0.79817,138.610001,47.91,73.410004,12.51,12.7,-0.8111,2.25,33.27,24.68,2.64
2014-06-20,2.13,10.85,0.09,2.2,-0.79487,143.259995,47.939999,73.330002,12.27,12.87,-0.8217,2.28,33.040001,24.68,2.63
2014-06-23,2.15,10.98,0.09,2.19,-0.79487,139.410004,48.080002,72.580002,12.3,12.92,-0.8217,2.28,33.080002,24.6,2.63
2014-06-24,2.1,12.13,0.09,2.18,-0.79487,134.649994,47.709999,75.239998,12.61,13.38,-0.8217,2.28,33.0,24.440001,2.59
2014-06-25,2.09,11.59,0.09,2.18,-0.79487,131.820007,48.040001,72.309998,12.54,13.11,-0.8217,2.28,33.279999,24.605,2.57
2014-06-26,2.07,11.63,0.09,2.18,-0.79487,132.809998,47.790001,72.860001,12.2,13.07,-0.8217,2.27,33.305,24.485001,2.53
2014-06-27,2.09,11.26,0.09,2.2,-0.78796,135.360001,47.759998,72.720001,12.03,12.82,-0.8135,2.27,33.384998,24.565001,2.54
2014-06-30,2.06,11.57,0.09,2.18,-0.78796,139.350006,47.790001,71.559998,12.21,13.01,-0.8135,2.26,33.369999,24.745001,2.53
2014-07-01,2.11,11.15,0.09,2.19,-0.78796,139.360001,48.490002,69.279999,11.98,12.74,-0.8135,2.26,33.724998,25.145,2.58
2014-07-02,2.15,10.82,0.09,2.2,-0.78796,140.369995,48.509998,68.150002,11.59,12.49,-0.8135,2.26,33.775002,25.219999,2.64
2014-07-03,2.13,10.32,0.09,2.21,-0.78796,142.279999,48.950001,68.349998,11.36,12.24,-0.8135,2.28,34.035,25.465,2.65
2014-07-04,2.13,10.32,0.09,2.21,-0.77805,142.279999,48.950001,68.349998,11.36,12.24,-0.7822,2.28,34.035,25.465,2.65
2014-07-07,2.11,11.33,0.09,2.18,-0.77805,137.759995,48.919998,71.660004,12.44,12.87,-0.7822,2.27,33.825001,25.275,2.63
2014-07-08,2.07,11.98,0.09,2.18,-0.77805,134.199997,48.849998,73.209999,13.74,13.21,-0.7822,2.27,33.494999,25.15,2.58
2014-07-09,2.06,11.65,0.09,2.17,-0.77805,135.800003,49.279999,76.279999,13.22,12.99,-0.7822,2.29,33.900002,25.23,2.57
2014-07-10,2.09,12.59,0.09,2.2,-0.77805,134.429993,49.0,82.139999,14.13,13.65,-0.7822,2.28,33.584999,25.245001,2.55
2014-07-11,2.05,12.08,0.09,2.2,-0.76661,138.740005,49.290001,79.910004,13.66,13.28,-0.7331,2.28,33.695,25.190001,2.53
2014-07-14,2.07,11.82,0.09,2.21,-0.76661,139.940002,48.919998,77.290001,13.59,12.93,-0.7331,2.27,33.790001,25.34,2.55
2014-07-15,2.07,11.96,0.09,2.2,-0.76661,136.919998,48.66,78.919998,14.33,13.16,-0.7331,2.25,33.674999,25.280001,2.56
2014-07-16,2.05,11.0,0.09,2.19,-0.76661,134.860001,49.049999,75.809998,13.38,12.63,-0.7331,2.23,33.759998,25.559999,2.55
2014-07-17,2.0,14.54,0.09,2.22,-0.76661,131.649994,48.150002,89.959999,15.85,14.97,-0.7331,2.23,33.439999,24.93,2.47
2014-07-18,1.99,12.06,0.09,2.2,-0.75455,141.190002,48.82,80.370003,13.4,13.36,-0.677,2.24,33.75,25.225,2.5
2014-07-21,1.98,12.81,0.09,2.19,-0.75455,138.75,49.169998,81.410004,14.17,13.8,-0.677,2.24,33.595001,25.325001,2.49
2014-07-22,1.99,12.24,0.09,2.19,-0.75455,136.369995,49.119999,75.220001,13.26,13.5,-0.677,2.23,33.735001,25.565001,2.48
2014-07-23,1.98,11.52,0.09,2.2,-0.75455,132.550003,48.200001,76.639999,12.91,13.38,-0.677,2.23,33.709999,25.035,2.48
2014-07-24,1.99,11.84,0.09,2.2,-0.75455,133.800003,47.860001,77.660004,13.08,13.45,-0.677,2.27,33.785,25.01,2.52
2014-07-25,1.95,12.69,0.09,2.19,-0.744,135.259995,46.82,81.080002,13.36,14.0,-0.7036,2.28,33.41,24.540001,2.48
2014-07-28,1.96,12.56,0.09,2.19,-0.744,135.020004,47.349998,81.209999,13.84,13.92,-0.7036,2.28,33.474998,24.530001,2.5
2014-07-29,1.93,13.28,0.09,2.18,-0.744,132.350006,46.77,81.720001,14.2,14.22,-0.7036,2.27,33.380001,24.52,2.47
2014-07-30,2.01,13.33,0.09,2.17,-0.744,130.539993,47.23,83.580002,13.93,14.26,-0.7036,2.28,33.564999,24.85,2.57
2014-07-31,2.05,16.95,0.09,2.17,-0.744,128.710007,46.25,97.419998,16.82,16.379999,-0.7036,2.29,32.945,24.379999,2.58
2014-08-01,2.05,17.03,0.09,2.23,-0.73551,128.929993,46.240002,101.110001,17.26,16.780001,-0.5755,2.27,32.825001,24.465,2.52
2014-08-04,2.04,15.12,0.09,2.24,-0.73551,126.860001,46.389999,93.120003,16.08,15.81,-0.5755,2.25,33.145,24.57,2.51
2014-08-05,2.02,16.87,0.09,2.25,-0.73551,126.860001,45.990002,98.32,17.02,17.139999,-0.5755,2.24,32.915001,24.165001,2.49
2014-08-06,2.01,16.37,0.09,2.26,-0.73551,124.410004,46.169998,96.379997,17.07,16.93,-0.5755,2.25,32.845001,24.299999,2.49
2014-08-07,1.99,16.66,0.09,2.28,-0.73551,124.68,45.669998,97.400002,17.370001,17.219999,-0.5755,2.24,32.674999,24.030001,2.43
2014-08-08,1.99,15.77,0.09,2.27,-0.73057,120.360001,46.330002,91.839996,17.02,16.690001,-0.4082,2.25,33.18,24.215,2.44
2014-08-11,1.97,14.23,0.09,2.28,-0.73057,124.239998,46.5,87.540001,15.27,15.76,-0.4082,2.25,33.330002,24.465,2.44
2014-08-12,2.01,14.13,0.09,2.29,-0.73057,123.690002,46.669998,85.980003,15.13,15.7,-0.4082,2.24,33.244999,24.445,2.46
2014-08-13,2.0,12.9,0.09,2.31,-0.73057,126.93,47.080002,81.269997,13.81,14.85,-0.4082,2.23,33.365002,24.745001,2.43
2014-08-14,1.98,12.42,0.09,2.29,-0.73057,132.460007,47.259998,78.480003,12.95,14.43,-0.4082,2.21,33.625,24.83,2.4
2014-08-15,1.92,13.15,0.09,2.29,-0.73006,135.429993,47.560001,82.199997,13.37,14.42,-0.6808,2.18,33.560001,25.035,2.34
2014-08-18,1.95,12.32,0.09,2.31,-0.73006,138.460007,47.560001,81.019997,12.85,13.91,-0.6808,2.18,33.869999,25.145,2.39
2014-08-19,1.94,12.21,0.09,2.33,-0.73006,138.690002,47.689999,80.839996,12.66,13.79,-0.6808,2.17,34.125,25.305,2.4
2014-08-20,1.94,11.78,0.09,2.3,-0.73006,135.460007,47.880001,79.900002,12.66,13.76,-0.6808,2.17,34.285,25.445,2.43
2014-08-21,1.92,11.76,0.09,2.28,-0.73006,135.75,48.169998,79.610001,12.5,13.53,-0.6808,2.17,34.255001,25.555,2.41
2014-08-22,1.87,11.47,0.09,2.26,-0.72982,135.100006,48.02,79.580002,12.23,13.51,-0.7381,2.14,34.32,25.59,2.4
2014-08-25,1.86,11.7,0.09,2.25,-0.72982,135.419998,47.369999,79.330002,12.45,13.57,-0.7381,2.15,34.419998,25.495001,2.39
2014-08-26,1.87,11.63,0.09,2.26,-0.72982,133.539993,47.490002,79.389999,12.34,13.71,-0.7381,2.14,34.424999,25.5,2.39
2014-08-27,1.86,11.78,0.09,2.24,-0.72982,135.410004,47.779999,78.849998,12.34,13.92,-0.7381,2.14,34.459999,25.549999,2.37
2014-08-28,1.84,12.05,0.09,2.23,-0.72982,137.949997,48.02,80.529999,12.65,14.13,-0.7381,2.13,34.415001,25.639999,2.34
2014-08-29,1.87,11.98,0.09,2.23,-0.72741,127.010002,48.18,81.110001,12.71,14.26,-0.6775,2.12,34.41,25.84,2.35
2014-09-01,1.87,11.98,0.09,2.23,-0.72741,127.010002,48.18,81.110001,12.71,14.26,-0.6775,2.12,34.41,25.84,2.35
2014-09-02,1.89,12.25,0.09,2.25,-0.72741,131.720001,47.91,82.410004,12.98,14.46,-0.6775,2.15,34.474998,25.834999,2.42
2014-09-03,1.89,12.36,0.09,2.24,-0.72741,131.550003,48.349998,80.769997,13.56,14.39,-0.6775,2.17,34.384998,25.91,2.41
2014-09-04,1.91,12.64,0.09,2.25,-0.72741,130.149994,48.25,79.989998,13.78,14.54,-0.6775,2.17,34.514999,25.965,2.45
2014-09-05,1.94,12.09,0.09,2.29,-0.72151,137.490005,48.580002,77.330002,13.24,14.08,-0.6207,2.15,34.630001,26.09,2.46
2014-09-08,1.94,12.66,0.09,2.26,-0.72151,132.910004,48.490002,77.839996,13.66,14.39,-0.6207,2.13,34.485001,26.110001,2.48
2014-09-09,1.94,13.5,0.09,2.25,-0.72151,136.880005,48.279999,79.300003,14.53,14.84,-0.6207,2.11,34.139999,25.915001,2.5
2014-09-10,1.96,12.88,0.09,2.26,-0.72151,130.529999,47.990002,82.120003,14.12,14.63,-0.6207,2.1,34.259998,25.91,2.54
2014-09-11,1.96,12.8,0.09,2.25,-0.72151,132.720001,48.150002,83.099998,14.03,14.68,-0.6207,2.12,34.275002,25.950001,2.54
2014-09-12,2.04,13.31,0.09,2.27,-0.71071,127.370003,47.830002,89.25,14.67,15.04,-0.5256,2.13,34.174999,25.6,2.62
2014-09-15,2.02,14.12,0.09,2.28,-0.71071,127.089996,47.59,91.580002,16.190001,15.58,-0.5256,2.13,34.035,25.379999,2.6
2014-09-16,2.05,12.73,0.09,2.3,-0.71071,126.809998,47.919998,84.519997,14.92,14.85,-0.5256,2.12,34.209999,25.754999,2.6
2014-09-17,2.03,12.65,0.09,2.29,-0.71071,138.130005,48.369999,81.519997,13.85,14.62,-0.5256,2.06,34.195,25.924999,2.62
2014-09-18,2.04,12.03,0.09,2.28,-0.71071,142.100006,48.98,77.470001,13.51,14.23,-0.5256,2.02,34.345001,26.275,2.63
2014-09-19,2.0,12.11,0.09,2.26,-0.69542,146.080002,48.75,77.699997,13.8,14.38,-0.533,2.03,34.244999,25.965,2.59
2014-09-22,1.99,13.69,0.09,2.27,-0.69542,139.850006,48.66,87.410004,15.51,15.26,-0.533,1.99,33.764999,25.674999,2.57
2014-09-23,1.97,14.93,0.09,2.26,-0.69542,132.460007,48.66,91.900002,16.459999,16.07,-0.533,2.02,33.474998,25.559999,2.54
2014-09-24,1.98,13.27,0.09,2.27,-0.69542,126.900002,48.810001,86.209999,15.25,15.22,-0.533,2.03,33.855,25.860001,2.57
2014-09-25,1.96,15.64,0.09,2.27,-0.69542,132.240005,48.139999,96.720001,18.120001,16.59,-0.533,2.02,33.360001,25.415001,2.52
2014-09-26,1.95,14.85,0.09,2.27,-0.67785,130.490005,48.330002,90.629997,16.85,16.02,-0.3703,1.97,33.705002,25.65,2.54
2014-09-29,1.92,15.98,0.09,2.27,-0.67785,131.669998,48.259998,95.019997,18.030001,16.82,-0.3703,1.95,33.529999,25.690001,2.5
2014-09-30,1.94,16.31,0.09,2.29,-0.67785,127.730003,47.689999,92.470001,18.26,17.08,-0.3703,1.97,33.345001,25.545,2.52
2014-10-01,1.89,16.71,0.09,2.31,-0.67785,123.169998,46.880001,98.120003,19.209999,17.620001,-0.3703,1.96,32.900002,24.985001,2.42
2014-10-02,1.91,16.16,0.09,2.32,-0.67785,125.349998,46.84,93.75,18.629999,17.24,-0.3703,1.95,33.049999,24.865,2.44
2014-10-03,1.88,14.55,0.09,2.29,-0.66133,122.529999,46.82,87.769997,17.540001,16.040001,-0.3245,1.93,33.474998,25.065001,2.45
2014-10-06,1.89,15.46,0.09,2.3,-0.66133,126.959999,46.630001,88.730003,17.98,16.549999,-0.3245,1.93,33.294998,24.950001,2.43
2014-10-07,1.84,17.2,0.09,2.3,-0.66133,120.849998,46.009998,99.199997,19.17,17.68,-0.3245,1.92,32.799999,24.465,2.36
2014-10-08,1.89,15.11,0.09,2.32,-0.66133,128.080002,46.939999,89.080002,17.26,16.280001,-0.3245,1.96,33.314999,24.985001,2.35
2014-10-09,1.88,18.76,0.09,2.34,-0.66133,123.580002,46.02,102.129997,19.77,18.09,-0.3245,1.97,32.560001,24.4,2.34
2014-10-10,1.86,21.24,0.09,2.36,-0.64932,130.820007,42.740002,113.379997,22.620001,19.93,-0.3068,1.96,32.275002,22.785,2.31
2014-10-13,1.86,24.64,0.09,2.36,-0.64932,130.360001,41.93,131.570007,25.719999,22.120001,-0.3068,1.96,31.620001,22.459999,2.31
2014-10-14,1.82,22.79,0.09,2.39,-0.64932,127.779999,42.310001,120.610001,25.0,21.370001,-0.3068,1.92,31.85,22.940001,2.21
2014-10-15,1.81,26.25,0.09,2.44,-0.64932,111.309998,42.759998,129.009995,27.049999,22.77,-0.3068,1.86,31.584999,22.934999,2.15
2014-10-16,1.82,25.2,0.09,2.47,-0.64932,127.970001,43.59,121.940002,26.73,22.85,-0.3068,1.89,31.620001,23.209999,2.17
2014-10-17,1.83,21.99,0.09,2.44,-0.64121,131.710007,43.669998,118.839996,23.129999,21.25,0.1385,1.92,31.969999,23.455,2.22
2014-10-20,1.83,18.57,0.09,2.45,-0.64121,120.620003,44.41,108.830002,20.32,19.67,0.1385,1.91,32.415001,23.68,2.2
2014-10-21,1.85,16.08,0.09,2.43,-0.64121,129.179993,46.77,104.089996,18.219999,17.870001,0.1385,1.9,33.044998,24.41,2.23
2014-10-22,1.84,17.87,0.09,2.42,-0.64121,127.040001,46.619999,108.82,19.959999,19.059999,0.1385,1.91,32.759998,24.120001,2.25
2014-10-23,1.88,16.53,0.09,2.42,-0.64121,128.770004,47.0,102.050003,18.780001,18.219999,0.1385,1.91,33.205002,24.43,2.29
2014-10-24,1.88,16.11,0.09,2.43,-0.64244,125.57,47.57,104.379997,17.93,17.92,-0.4592,1.9,33.174999,24.635,2.29
2014-10-27,1.86,16.04,0.09,2.44,-0.64244,123.769997,47.950001,100.75,17.940001,17.860001,-0.4592,1.89,33.240002,25.049999,2.27
2014-10-28,1.88,14.39,0.09,2.43,-0.64244,127.559998,48.5,95.889999,16.6,16.459999,-0.4592,1.91,33.599998,25.115,2.3
2014-10-29,1.86,15.15,0.09,2.36,-0.64244,124.18,48.330002,99.339996,16.780001,16.889999,-0.4592,1.92,33.5,25.129999,2.34
2014-10-30,1.84,14.52,0.09,2.39,-0.64244,121.019997,47.529999,98.519997,16.610001,16.74,-0.4592,1.9,33.720001,24.725,2.32
2014-10-31,1.85,14.03,0.09,2.39,-0.6476,124.75,49.66,94.099998,15.81,16.51,-0.4835,1.92,34.049999,25.709999,2.35
2014-11-03,1.84,14.73,0.09,2.39,-0.6476,124.639999,50.080002,93.190002,16.42,16.809999,-0.4835,1.93,34.049999,25.855,2.36
2014-11-04,1.83,14.89,0.09,2.39,-0.6476,124.190002,50.400002,92.440002,16.58,16.93,-0.4835,1.92,33.639999,25.844999,2.35
2014-11-05,1.84,14.17,0.09,2.39,-0.6476,125.660004,51.130001,87.080002,16.34,16.57,-0.4835,1.93,33.775002,26.02,2.36
2014-11-06,1.85,13.67,0.09,2.4,-0.6476,124.93,50.91,83.419998,15.68,16.26,-0.4835,1.94,34.060001,25.99,2.39
2014-11-07,1.81,13.12,0.09,2.43,-0.65478,127.080002,50.900002,80.440002,14.71,15.83,-0.4489,1.94,34.005001,25.790001,2.32
2014-11-10,1.83,12.67,0.09,2.41,-0.65478,130.509995,51.560001,79.699997,14.3,15.04,-0.4489,1.94,33.985001,25.985001,2.38
2014-11-11,1.83,12.92,0.09,2.41,-0.65478,127.110001,51.32,79.790001,14.32,15.36,-0.4489,1.94,34.130001,25.91,2.38
2014-11-12,1.82,13.02,0.09,2.43,-0.65478,125.709999,51.279999,83.099998,14.33,15.74,-0.4489,1.91,34.290001,25.855,2.37
2014-11-13,1.82,13.79,0.09,2.47,-0.65478,128.960007,51.18,86.290001,14.55,15.89,-0.4489,1.88,34.505001,25.924999,2.35
2014-11-14,1.78,13.31,0.09,2.48,-0.65977,128.679993,51.630001,85.580002,15.16,15.96,-0.4391,1.89,34.639999,26.15,2.32
2014-11-17,1.8,13.99,0.09,2.49,-0.65977,123.690002,51.549999,84.790001,15.53,15.93,-0.4391,1.86,34.599998,26.02,2.34
2014-11-18,1.79,13.86,0.09,2.52,-0.65977,132.029999,51.84,82.599998,15.38,15.7,-0.4391,1.84,34.665001,26.355,2.32
2014-11-19,1.82,13.96,0.09,2.51,-0.65977,124.660004,51.939999,81.059998,15.71,15.97,-0.4391,1.83,34.810001,26.309999,2.36
2014-11-20,1.81,13.58,0.09,2.52,-0.65977,136.350006,52.23,79.139999,14.87,16.01,-0.4391,1.85,34.959999,26.705,2.34
2014-11-21,1.78,12.9,0.09,2.49,-0.65903,138.460007,52.560001,79.339996,14.71,15.79,-0.3152,1.86,35.044998,26.860001,2.31
2014-11-24,1.77,12.62,0.09,2.5,-0.65903,140.179993,52.849998,79.25,14.25,15.55,-0.3152,1.86,35.369999,27.065001,2.3
2014-11-25,1.76,12.25,0.09,2.46,-0.65903,126.269997,52.439999,77.93,14.12,15.41,-0.3152,1.85,35.48,27.045,2.27
2014-11-26,1.71,12.07,0.09,2.47,-0.65903,139.860001,54.330002,77.040001,13.64,15.32,-0.3152,1.82,35.474998,27.59,2.24
2014-11-27,1.71,12.07,0.09,2.47,-0.65903,139.860001,54.330002,77.040001,13.64,15.32,-0.3152,1.82,35.474998,27.59,2.24
2014-11-28,1.71,13.33,0.09,2.52,-0.65232,131.889999,54.419998,79.839996,14.74,15.93,-0.4174,1.79,35.904999,27.775,2.18
2014-12-01,1.73,14.29,0.12,2.54,-0.65232,127.949997,54.25,86.839996,16.57,16.66,-0.4174,1.79,35.509998,27.455,2.22
2014-12-02,1.73,12.85,0.12,2.54,-0.65232,121.639999,54.560001,83.470001,15.66,15.96,-0.4174,1.77,35.645,27.52,2.28
2014-12-03,1.72,12.47,0.12,2.52,-0.65232,134.440002,55.619999,86.449997,15.08,15.53,-0.4174,1.79,35.705002,27.99,2.29
2014-12-04,1.7,12.38,0.12,2.53,-0.65232,128.729996,55.41,85.169998,14.98,15.64,-0.4174,1.77,35.685001,28.030001,2.25
2014-12-05,1.66,11.82,0.12,2.48,-0.63905,131.410004,55.580002,85.410004,14.37,15.3,-0.296,1.75,35.764999,28.264999,2.31
2014-12-08,1.62,14.21,0.12,2.48,-0.63905,137.619995,55.080002,94.449997,16.030001,16.780001,-0.296,1.71,35.474998,27.879999,2.26
2014-12-09,1.58,14.89,0.12,2.51,-0.63905,136.690002,55.009998,97.129997,16.43,17.23,-0.296,1.73,35.41,27.83,2.22
2014-12-10,1.59,18.53,0.12,2.53,-0.63905,130.880005,54.099998,117.32,19.469999,19.139999,-0.296,1.71,34.939999,27.4,2.18
2014-12-11,1.57,20.08,0.12,2.53,-0.63905,130.729996,54.490002,132.399994,20.4,20.719999,-0.296,1.7,35.224998,27.514999,2.19
2014-12-12,1.54,21.08,0.12,2.58,-0.61882,131.470001,53.110001,138.600006,22.51,21.0,-0.0216,1.64,35.0,27.105,2.1
2014-12-15,1.52,20.42,0.12,2.56,-0.61882,135.119995,53.07,128.220001,22.08,21.059999,-0.0216,1.62,34.790001,26.870001,2.12
2014-12-16,1.49,23.57,0.12,2.6,-0.61882,131.210007,52.470001,132.940002,24.059999,23.09,-0.0216,1.65,34.255001,26.645,2.07
2014-12-17,1.52,19.44,0.12,2.6,-0.61882,125.480003,53.5,114.370003,20.860001,20.43,-0.0216,1.65,34.91,27.174999,2.14
2014-12-18,1.55,16.81,0.12,2.56,-0.61882,126.239998,54.470001,107.239998,17.23,18.48,-0.0216,1.65,35.485001,27.65,2.22
2014-12-19,1.5,16.49,0.12,2.56,-0.59556,138.630005,54.23,99.169998,16.889999,18.469999,0.0727,1.68,35.435001,27.549999,2.17
2014-12-22,1.46,15.25,0.12,2.53,-0.59556,136.610001,54.82,99.690002,16.559999,17.59,0.0727,1.7,35.779999,27.684999,2.17
2014-12-23,1.53,14.8,0.12,2.53,-0.59556,136.929993,54.779999,94.730003,16.809999,17.940001,0.0727,1.7,35.98,27.625,2.26
2014-12-24,1.54,14.37,0.12,2.5,-0.59556,135.649994,54.860001,95.290001,16.469999,17.26,0.0727,1.68,35.919998,27.695,2.27
2014-12-25,1.54,14.37,0.12,2.5,-0.59556,135.649994,54.860001,95.290001,16.469999,17.26,0.0727,1.68,35.919998,27.695,2.27
2014-12-26,1.52,14.5,0.12,2.5,-0.57343,135.029999,54.75,92.279999,16.27,17.16,-0.4921,1.67,36.115002,27.67,2.25
2014-12-29,1.5,15.06,0.12,2.49,-0.57343,127.599998,54.459999,94.860001,16.799999,17.27,-0.4921,1.65,36.389999,27.594999,2.22
2014-12-30,1.51,15.92,0.12,2.49,-0.57343,136.389999,53.93,97.839996,16.969999,18.02,-0.4921,1.64,36.220001,27.42,2.2
2014-12-31,1.5,19.2,0.12,2.51,-0.57343,133.839996,53.470001,113.080002,19.639999,19.74,-0.4921,1.68,36.075001,27.309999,2.17
2015-01-01,1.5,19.2,0.11,2.51,-0.57343,133.839996,53.470001,113.080002,19.639999,19.74,-0.4921,1.68,36.075001,27.309999,2.17
2015-01-02,1.46,17.79,0.11,2.51,-0.55084,128.660004,53.48,112.550003,19.200001,19.459999,-0.1195,1.71,35.814999,27.245001,2.12
2015-01-05,1.36,19.92,0.11,2.52,-0.55084,127.790001,52.650002,121.870003,20.719999,20.790001,-0.1195,1.64,35.130001,26.76,2.04
2015-01-06,1.32,21.12,0.11,2.52,-0.55084,125.269997,51.779999,118.449997,21.85,21.42,-0.1195,1.56,34.779999,26.129999,1.97
2015-01-07,1.34,19.31,0.11,2.53,-0.55084,123.559998,52.709999,107.690002,20.16,20.08,-0.1195,1.57,35.330002,26.469999,1.96
2015-01-08,1.41,17.01,0.11,2.54,-0.55084,124.769997,53.57,98.440002,18.15,18.66,-0.1195,1.62,35.860001,27.129999,2.03
2015-01-09,1.39,17.55,0.11,2.55,-0.53246,121.690002,53.599998,103.769997,18.4,19.32,0.1335,1.62,35.445,27.049999,1.98
2015-01-12,1.36,19.6,0.11,2.55,-0.53246,121.089996,53.119999,109.040001,19.870001,20.48,0.1335,1.57,35.255001,26.705,1.92
2015-01-13,1.37,20.56,0.11,2.55,-0.53246,122.199997,52.790001,109.220001,20.709999,21.27,0.1335,1.54,35.255001,26.555,1.91
2015-01-14,1.35,21.48,0.11,2.58,-0.53246,132.660004,52.709999,113.5,21.41,20.93,0.1335,1.57,34.830002,26.455,1.86
2015-01-15,1.33,22.39,0.11,2.65,-0.53246,120.769997,52.389999,117.07,22.719999,22.110001,0.1335,1.58,34.380001,26.6,1.77
2015-01-16,1.34,20.95,0.11,2.62,-0.51782,131.389999,53.290001,111.32,21.219999,21.15,0.137,1.6,34.834999,26.815001,1.83
2015-01-19,1.34,20.95,0.11,2.62,-0.51782,131.389999,53.290001,111.32,21.219999,21.15,0.137,1.6,34.834999,26.815001,1.83
2015-01-20,1.29,19.89,0.11,2.61,-0.51782,123.629997,53.810001,108.400002,20.690001,20.870001,0.137,1.59,34.634998,27.08,1.82
2015-01-21,1.34,18.85,0.11,2.59,-0.51782,134.300003,54.279999,98.620003,20.02,20.040001,0.137,1.61,34.860001,27.43,1.87
2015-01-22,1.37,16.4,0.11,2.59,-0.51782,139.130005,54.970001,93.25,17.08,18.6,0.137,1.61,35.514999,27.674999,1.9
2015-01-23,1.29,16.66,0.11,2.6,-0.50942,132.089996,55.060001,96.330002,17.059999,19.0,-0.0284,1.6,35.465,27.555,1.81
2015-01-26,1.29,15.52,0.11,2.58,-0.50942,135.020004,55.049999,91.940002,16.969999,18.030001,-0.0284,1.61,35.650002,27.559999,1.83
2015-01-27,1.29,17.22,0.11,2.59,-0.50942,128.429993,54.830002,96.110001,19.219999,19.110001,-0.0284,1.66,35.365002,27.01,1.83
2015-01-28,1.23,20.44,0.11,2.59,-0.50942,123.760002,53.939999,108.68,21.389999,21.440001,-0.0284,1.61,34.904999,26.780001,1.73
2015-01-29,1.26,18.76,0.11,2.58,-0.50942,130.449997,54.669998,100.699997,19.48,20.0,-0.0284,1.62,35.380001,26.93,1.77
2015-01-30,1.21,20.97,0.11,2.61,-0.50604,125.360001,53.450001,108.989998,21.59,21.82,-0.0054,1.65,34.994999,26.365,1.68
2015-02-02,1.19,19.43,0.11,2.61,-0.50604,129.979996,53.490002,106.739998,20.790001,20.91,-0.0054,1.65,35.310001,26.415001,1.68
2015-02-03,1.27,17.33,0.11,2.61,-0.50604,129.779999,54.439999,101.029999,18.809999,19.49,-0.0054,1.7,36.060001,26.790001,1.79
2015-02-04,1.29,18.33,0.11,2.6,-0.50604,126.199997,54.619999,103.739998,19.16,20.43,-0.0054,1.71,36.299999,26.98,1.81
2015-02-05,1.31,16.85,0.11,2.6,-0.50604,127.540001,55.310001,98.559998,18.18,19.27,-0.0054,1.7,36.525002,27.25,1.83
2015-02-06,1.3,17.29,0.11,2.55,-0.50753,125.620003,54.360001,101.690002,18.41,19.879999,-0.1815,1.71,36.470001,26.959999,1.95
2015-02-09,1.31,18.55,0.11,2.53,-0.50753,129.850006,54.27,104.190002,19.120001,20.67,-0.1815,1.71,36.330002,26.605,1.96
2015-02-10,1.34,17.23,0.11,2.53,-0.50753,126.510002,55.82,97.330002,17.459999,19.73,-0.1815,1.7,36.775002,27.48,2.01
2015-02-11,1.33,16.96,0.11,2.53,-0.50753,128.389999,56.0,98.730003,17.389999,19.709999,-0.1815,1.68,36.785,27.639999,2.0
2015-02-12,1.38,15.34,0.11,2.54,-0.50753,129.949997,57.439999,93.239998,16.1,18.34,-0.1815,1.66,37.220001,28.030001,1.99
2015-02-13,1.36,14.69,0.11,2.55,-0.51227,126.040001,57.970001,92.739998,15.15,18.129999,-0.2682,1.68,37.445,28.195,2.02
2015-02-16,1.36,14.69,0.11,2.55,-0.51227,126.040001,57.970001,92.739998,15.15,18.129999,-0.2682,1.68,37.445,28.195,2.02
2015-02-17,1.44,15.8,0.11,2.53,-0.51227,127.419998,58.200001,92.949997,15.96,18.379999,-0.2682,1.71,37.360001,28.315001,2.14
2015-02-18,1.45,15.45,0.11,2.53,-0.51227,127.419998,57.939999,89.379997,15.9,18.66,-0.2682,1.71,37.34,28.219999,2.07
2015-02-19,1.44,15.29,0.11,2.53,-0.51227,131.300003,58.040001,87.599998,15.44,18.01,-0.2682,1.74,37.455002,28.235001,2.11
2015-02-20,1.46,14.3,0.11,2.5,-0.51915,125.239998,58.52,85.779999,14.67,17.290001,-0.2532,1.75,37.720001,28.365,2.13
2015-02-23,1.42,14.56,0.11,2.48,-0.51915,134.660004,58.27,86.129997,14.87,17.540001,-0.2532,1.72,37.685001,28.16,2.06
2015-02-24,1.39,13.69,0.11,2.49,-0.51915,136.259995,58.959999,82.650002,14.26,16.709999,-0.2532,1.72,37.865002,28.74,1.99
2015-02-25,1.35,13.84,0.11,2.49,-0.51915,136.330002,59.099998,86.57,14.38,16.870001,-0.2532,1.72,38.154999,28.545,1.96
2015-02-26,1.37,13.91,0.11,2.44,-0.51915,126.199997,59.419998,86.93,14.33,16.85,-0.2532,1.79,38.035,28.65,2.03
2015-02-27,1.37,13.34,0.11,2.46,-0.52635,126.400002,58.799999,85.230003,14.62,16.889999,-0.2368,1.83,37.985001,28.485001,2.0
2015-03-02,1.42,13.04,0.11,2.48,-0.52635,126.010002,59.939999,81.839996,14.27,16.459999,-0.2368,1.83,38.439999,29.235001,2.08
2015-03-03,1.44,13.86,0.11,2.46,-0.52635,123.089996,58.57,85.050003,14.98,16.780001,-0.2368,1.86,38.334999,28.754999,2.12
2015-03-04,1.46,14.23,0.11,2.46,-0.52635,127.889999,58.32,84.099998,15.59,16.91,-0.2368,1.87,38.134998,28.709999,2.12
2015-03-05,1.46,14.04,0.11,2.47,-0.52635,127.260002,58.34,81.260002,15.22,16.639999,-0.2368,1.84,38.16,28.700001,2.11
2015-03-06,1.51,15.2,0.11,2.45,-0.53147,124.650002,57.639999,86.879997,16.75,17.51,-0.2743,1.83,37.705002,28.34,2.24
2015-03-09,1.5,15.06,0.11,2.46,-0.53147,124.160004,58.419998,85.550003,16.440001,17.309999,-0.2743,1.76,37.919998,28.24,2.2
2015-03-10,1.44,16.69,0.11,2.45,-0.53147,123.529999,57.099998,91.889999,18.02,18.26,-0.2743,1.73,37.330002,27.665001,2.14
2015-03-11,1.41,16.87,0.11,2.45,-0.53147,123.720001,57.169998,97.279999,18.42,18.530001,-0.2743,1.72,37.125,27.870001,2.11
2015-03-12,1.43,15.42,0.11,2.46,-0.53147,121.529999,57.220001,89.480003,17.15,17.389999,-0.2743,1.71,37.880001,27.715,2.1
2015-03-13,1.45,16.0,0.11,2.47,-0.53526,120.599998,57.119999,93.120003,17.549999,17.889999,-0.1211,1.69,37.580002,27.945,2.13
2015-03-16,1.44,15.61,0.11,2.48,-0.53526,122.830002,58.330002,90.540001,16.91,17.4,-0.1211,1.65,38.02,28.315001,2.1
2015-03-17,1.36,15.66,0.11,2.49,-0.53526,125.440002,57.970001,88.25,16.6,17.48,-0.1211,1.64,37.810001,28.125,2.06
2015-03-18,1.36,13.97,0.11,2.55,-0.53526,128.509995,58.299999,81.220001,14.99,16.43,-0.1211,1.7,38.145,28.385,1.93
2015-03-19,1.35,14.07,0.11,2.5,-0.53526,127.949997,58.529999,81.610001,14.71,16.969999,-0.1211,1.79,38.09,28.42,1.98
2015-03-20,1.33,13.02,0.11,2.51,-0.53852,131.089996,59.279999,80.489998,13.82,16.709999,-0.1489,1.76,38.384998,28.870001,1.93
2015-03-23,1.32,13.41,0.11,2.54,-0.53852,127.120003,58.66,79.980003,14.44,16.530001,-0.1489,1.75,38.32,28.615,1.92
2015-03-24,1.3,13.62,0.11,2.53,-0.53852,126.82,58.439999,80.040001,14.62,16.59,-0.1489,1.77,38.119999,28.355,1.88
2015-03-25,1.34,15.44,0.11,2.53,-0.53852,122.959999,55.73,83.519997,17.33,17.57,-0.1489,1.81,37.5,27.030001,1.93
2015-03-26,1.4,15.8,0.11,2.55,-0.53852,122.860001,55.799999,87.029999,17.5,17.57,-0.1489,1.8,37.264999,26.834999,2.01
2015-03-27,1.37,15.07,0.11,2.53,-0.54038,121.800003,56.759998,86.5,16.889999,17.389999,-0.213,1.76,37.455002,27.695,1.95
2015-03-30,1.38,14.51,0.11,2.55,-0.54038,122.690002,58.0,82.160004,16.059999,16.92,-0.213,1.73,37.84,27.93,1.96
2015-03-31,1.38,15.29,0.11,2.55,-0.54038,120.349998,57.189999,84.010002,17.290001,17.540001,-0.213,1.76,37.674999,27.65,1.94
2015-04-01,1.32,15.11,0.12,2.55,-0.54038,120.760002,56.540001,82.82,17.35,17.34,-0.213,1.8,37.509998,27.379999,1.87
2015-04-02,1.37,14.67,0.12,2.55,-0.54038,119.919998,56.720001,80.209999,16.719999,17.219999,-0.213,1.81,37.845001,27.455,1.92
2015-04-03,1.36,14.67,0.12,2.58,-0.54208,119.919998,56.720001,80.209999,16.719999,17.219999,-0.196,1.83,37.845001,27.455,1.85
2015-04-06,1.41,14.74,0.12,2.58,-0.54208,120.050003,56.810001,80.300003,16.58,16.82,-0.196,1.85,38.025002,27.525,1.92
2015-04-07,1.37,14.78,0.12,2.56,-0.54208,121.339996,56.939999,79.699997,16.389999,16.799999,-0.196,1.85,37.814999,27.540001,1.89
2015-04-08,1.38,13.98,0.12,2.51,-0.54208,124.239998,56.970001,84.760002,15.45,16.4,-0.196,1.84,38.169998,27.674999,1.92
2015-04-09,1.41,13.09,0.12,2.53,-0.54208,125.870003,57.779999,80.709999,14.7,16.02,-0.196,1.84,38.205002,27.950001,1.97
2015-04-10,1.39,12.58,0.12,2.53,-0.54421,127.220001,57.700001,78.910004,14.1,15.46,-0.3705,1.82,38.334999,28.115,1.96
2015-04-13,1.4,13.94,0.12,2.54,-0.54421,117.459999,57.209999,83.800003,15.45,16.32,-0.3705,1.8,38.125,27.92,1.94
2015-04-14,1.37,13.67,0.12,2.54,-0.54421,123.639999,56.75,81.910004,15.46,15.85,-0.3705,1.8,38.105,27.665001,1.9
2015-04-15,1.4,12.84,0.12,2.54,-0.54421,119.709999,58.5,79.830002,14.63,15.69,-0.3705,1.84,38.105,28.18,1.91
2015-04-16,1.4,12.6,0.12,2.55,-0.54421,120.370003,58.41,79.779999,14.5,15.33,-0.3705,1.85,38.18,28.055,1.9
2015-04-17,1.36,13.89,0.12,2.53,-0.54566,122.239998,57.330002,85.970001,16.030001,16.139999,-0.3606,1.89,37.615002,27.695,1.87
2015-04-20,1.35,13.3,0.12,2.55,-0.54566,124.160004,58.169998,81.480003,14.86,15.58,-0.3606,1.89,38.029999,27.924999,1.9
2015-04-21,1.37,13.25,0.12,2.54,-0.54566,122.769997,58.16,81.290001,14.93,15.52,-0.3606,1.86,38.07,28.105,1.92
2015-04-22,1.42,12.71,0.12,2.53,-0.54566,124.07,58.73,79.699997,14.68,15.46,-0.3606,1.87,38.105,28.615,1.99
2015-04-23,1.41,12.48,0.12,2.54,-0.54566,123.260002,54.720001,78.169998,14.22,15.17,-0.3606,1.89,38.294998,28.32,1.96
2015-04-24,1.39,12.29,0.12,2.56,-0.54771,119.949997,54.73,76.43,14.2,15.26,-0.4056,1.89,38.814999,28.02,1.93
2015-04-27,1.4,13.12,0.12,2.54,-0.54771,122.839996,55.560001,81.220001,15.18,15.93,-0.4056,1.91,38.474998,28.245001,1.94
2015-04-28,1.44,12.41,0.12,2.55,-0.54771,124.019997,55.09,77.68,14.88,15.31,-0.4056,1.89,38.34,28.225,2.0
2015-04-29,1.5,13.39,0.12,2.58,-0.54771,125.360001,55.02,82.269997,15.47,15.97,-0.4056,1.92,38.080002,28.02,2.06
2015-04-30,1.47,14.55,0.12,2.6,-0.54771,115.959999,54.209999,87.080002,16.51,16.48,-0.4056,1.94,37.654999,27.73,2.05
2015-05-01,1.52,12.7,0.12,2.61,-0.54865,122.370003,55.310001,79.639999,15.07,15.38,-0.385,1.94,38.174999,28.52,2.12
2015-05-04,1.56,12.85,0.12,2.61,-0.54865,121.68,55.299999,78.559998,15.15,15.43,-0.385,1.92,38.255001,28.365,2.16
2015-05-05,1.57,14.31,0.12,2.62,-0.54865,122.220001,54.009998,84.449997,16.66,16.32,-0.385,1.94,37.855,27.825001,2.19
2015-05-06,1.6,15.15,0.12,2.64,-0.54865,119.739998,53.700001,90.800003,17.790001,16.719999,-0.385,1.91,37.700001,27.82,2.25
2015-05-07,1.55,15.13,0.12,2.64,-0.54865,120.730003,54.060001,89.209999,17.370001,16.74,-0.385,1.88,37.895,28.02,2.18
2015-05-08,1.57,12.86,0.12,2.65,-0.54853,122.93,54.700001,79.440002,15.38,15.56,-0.3274,1.88,38.299999,28.285,2.16
2015-05-11,1.66,13.85,0.12,2.66,-0.54853,115.959999,54.439999,83.110001,15.56,16.1,-0.3274,1.88,38.130001,28.275,2.28
2015-05-12,1.67,13.86,0.12,2.65,-0.54853,123.919998,54.169998,84.639999,15.96,16.4,-0.3274,1.88,38.060001,28.059999,2.28
2015-05-13,1.68,13.76,0.12,2.71,-0.54853,126.040001,54.689999,84.449997,15.62,16.290001,-0.3274,1.86,37.82,28.200001,2.27
2015-05-14,1.67,12.74,0.12,2.74,-0.54853,127.629997,55.610001,82.339996,14.31,15.91,-0.3274,1.87,37.990002,28.49,2.23
2015-05-15,1.59,12.38,0.12,2.72,-0.5489,127.559998,55.610001,80.93,13.89,15.57,-0.3015,1.83,38.294998,28.530001,2.14
2015-05-18,1.65,12.73,0.12,2.73,-0.5489,126.910004,55.790001,82.059998,13.95,15.23,-0.3015,1.86,38.439999,28.780001,2.23
2015-05-19,1.64,12.85,0.12,2.71,-0.5489,126.279999,55.779999,77.529999,14.15,15.28,-0.3015,1.85,38.43,28.73,2.27
2015-05-20,1.66,12.88,0.12,2.73,-0.5489,125.010002,55.630001,77.029999,14.0,15.15,-0.3015,1.88,38.384998,28.815001,2.26
2015-05-21,1.59,12.11,0.12,2.75,-0.5489,121.110001,55.5,73.18,13.38,14.61,-0.3015,1.84,38.535,28.870001,2.19
2015-05-22,1.57,12.13,0.12,2.74,-0.54944,124.860001,55.369999,75.980003,13.23,14.48,-0.3014,1.87,38.470001,28.895,2.21
2015-05-25,1.57,12.13,0.12,2.74,-0.54944,124.860001,55.369999,75.980003,13.23,14.48,-0.3014,1.87,38.470001,28.895,2.21
2015-05-26,1.5,14.06,0.12,2.73,-0.54944,123.059998,54.560001,81.940002,15.15,15.48,-0.3014,1.82,38.195,28.665001,2.14
2015-05-27,1.5,13.27,0.12,2.71,-0.54944,123.599998,55.970001,77.790001,13.96,14.99,-0.3014,1.8,38.48,29.735001,2.14
2015-05-28,1.51,13.31,0.12,2.75,-0.54944,125.370003,55.91,77.349998,14.22,15.01,-0.3014,1.8,38.415001,29.775,2.13
2015-05-29,1.51,13.84,0.12,2.72,-0.54921,122.5,55.919998,79.07,14.75,15.38,-0.2,1.8,38.150002,29.905001,2.12
2015-06-01,1.55,13.97,0.13,2.75,-0.54921,122.43,55.709999,78.889999,14.98,15.41,-0.2,1.8,38.259998,29.799999,2.19
2015-06-02,1.63,14.24,0.13,2.75,-0.54921,121.169998,55.25,80.610001,15.46,15.71,-0.2,1.83,38.345001,29.375,2.27
2015-06-03,1.69,13.66,0.13,2.72,-0.54921,124.589996,54.889999,79.269997,15.03,15.36,-0.2,1.83,38.645,29.17,2.38
2015-06-04,1.65,14.71,0.13,2.72,-0.54921,121.980003,53.98,87.989998,15.79,16.280001,-0.2,1.81,38.369999,28.825001,2.31
2015-06-05,1.68,14.21,0.13,2.69,-0.54852,119.620003,53.790001,84.099998,15.77,15.96,-0.1995,1.86,38.259998,28.74,2.41
2015-06-08,1.69,15.29,0.13,2.7,-0.54852,118.330002,52.82,86.5,16.940001,16.6,-0.1995,1.85,37.990002,28.225,2.39
2015-06-09,1.7,14.47,0.13,2.73,-0.54852,119.400002,52.919998,84.339996,16.49,16.25,-0.1995,1.86,37.950001,28.254999,2.42
2015-06-10,1.75,13.22,0.13,2.7,-0.54852,120.830002,54.189999,81.599998,15.07,15.33,-0.1995,1.87,38.34,28.684999,2.5
2015-06-11,1.66,12.85,0.13,2.71,-0.54852,125.32,53.639999,79.529999,14.64,15.1,-0.1995,1.83,38.470001,28.719999,2.39
2015-06-12,1.65,13.78,0.13,2.7,-0.54737,119.260002,53.009998,85.550003,15.16,15.61,-0.214,1.84,38.294998,28.475,2.39
2015-06-15,1.64,15.39,0.13,2.73,-0.54737,119.25,53.049999,96.120003,16.34,16.620001,-0.214,1.85,38.115002,28.395,2.36
2015-06-16,1.61,14.81,0.13,2.74,-0.54737,120.230003,53.09,95.959999,16.0,16.200001,-0.214,1.88,38.345001,28.52,2.32
2015-06-17,1.65,14.5,0.13,2.76,-0.54737,119.089996,53.290001,93.190002,15.41,16.219999,-0.214,1.9,38.52,28.545,2.32
2015-06-18,1.69,13.19,0.13,2.82,-0.54737,120.169998,54.220001,89.199997,13.88,15.44,-0.214,1.89,38.985001,28.950001,2.35
2015-06-19,1.61,13.96,0.13,2.82,-0.54463,119.5,54.509998,92.160004,14.61,15.91,-0.1709,1.86,38.724998,28.844999,2.26
2015-06-22,1.69,12.74,0.13,2.81,-0.54463,120.519997,55.5,83.870003,13.83,14.99,-0.1709,1.9,38.939999,29.094999,2.37
2015-06-23,1.72,12.11,0.13,2.82,-0.54463,122.779999,54.830002,78.849998,13.52,14.54,-0.1709,1.92,39.095001,28.955,2.42
2015-06-24,1.7,13.26,0.13,2.81,-0.54463,119.519997,53.990002,82.529999,14.24,15.18,-0.1709,1.9,38.825001,28.73,2.38
2015-06-25,1.72,14.01,0.13,2.8,-0.54463,122.68,53.799999,83.510002,14.85,15.52,-0.1709,1.91,38.794998,28.795,2.4
2015-06-26,1.77,14.02,0.13,2.81,-0.54191,123.07,52.900002,83.089996,15.33,15.46,-0.3225,1.92,38.950001,27.955,2.49
2015-06-29,1.69,18.85,0.13,2.84,-0.54191,124.540001,51.52,117.0,19.809999,18.719999,-0.3225,1.87,38.07,27.155001,2.33
2015-06-30,1.71,18.23,0.13,2.83,-0.54191,123.879997,51.509998,110.169998,19.34,18.469999,-0.3225,1.87,38.240002,27.285,2.35
2015-07-01,1.74,16.09,0.13,2.83,-0.54191,120.139999,51.91,97.599998,17.559999,16.790001,-0.3225,1.89,38.674999,27.389999,2.43
2015-07-02,1.76,16.79,0.13,2.86,-0.54191,121.519997,51.970001,105.139999,17.66,17.68,-0.3225,1.91,38.599998,27.559999,2.4
2015-07-03,1.76,16.79,0.13,2.86,-0.53675,121.519997,51.970001,105.139999,17.66,17.68,0.0622,1.91,38.599998,27.559999,2.4
2015-07-06,1.7,17.01,0.13,2.84,-0.53675,118.68,51.389999,105.970001,17.91,18.040001,0.0622,1.87,38.525002,27.115,2.3
2015-07-07,1.69,16.09,0.13,2.84,-0.53675,117.370003,51.209999,99.349998,17.34,17.02,0.0622,1.87,38.860001,26.98,2.27
2015-07-08,1.67,19.66,0.13,2.87,-0.53675,118.25,49.529999,111.669998,20.07,19.25,0.0622,1.83,38.119999,26.275,2.22
2015-07-09,1.72,19.97,0.13,2.88,-0.53675,120.339996,48.110001,115.360001,20.32,19.780001,0.0622,1.85,38.279999,25.98,2.32
2015-07-10,1.77,16.83,0.13,2.9,-0.53179,118.519997,49.009998,101.190002,17.92,17.73,-0.0225,1.87,38.834999,26.450001,2.42
2015-07-13,1.75,13.9,0.13,2.88,-0.53179,121.57,49.330002,85.949997,15.02,15.94,-0.0225,1.86,39.395,26.68,2.44
2015-07-14,1.75,13.37,0.13,2.91,-0.53179,123.110001,49.759998,87.349998,14.27,15.46,-0.0225,1.85,39.445,26.895,2.41
2015-07-15,1.72,13.23,0.13,2.91,-0.53179,123.059998,49.490002,90.809998,14.17,15.6,-0.0225,1.84,39.404999,26.76,2.36
2015-07-16,1.69,12.11,0.13,2.88,-0.53179,124.669998,49.360001,87.120003,12.59,14.73,-0.0225,1.84,39.645,26.745001,2.36
2015-07-17,1.66,11.95,0.13,2.87,-0.52642,127.910004,49.360001,85.32,12.93,14.61,-0.3468,1.83,39.575001,26.73,2.34
2015-07-20,1.67,12.25,0.13,2.86,-0.52642,125.059998,50.09,84.379997,14.03,14.85,-0.3468,1.82,39.595001,26.514999,2.38
2015-07-21,1.64,12.22,0.13,2.87,-0.52642,124.900002,50.23,82.559998,14.49,14.75,-0.3468,1.82,39.470001,26.495001,2.35
2015-07-22,1.58,12.12,0.13,2.85,-0.52642,130.419998,49.299999,78.889999,14.17,14.81,-0.3468,1.8,39.66,25.85,2.33
2015-07-23,1.57,12.64,0.13,2.85,-0.52642,123.18,50.509998,81.639999,14.16,14.92,-0.3468,1.79,39.424999,26.209999,2.28
2015-07-24,1.57,13.74,0.13,2.87,-0.51677,126.32,49.029999,88.360001,15.85,15.65,-0.1927,1.76,39.424999,25.605,2.27
2015-07-27,1.55,15.6,0.13,2.9,-0.51677,126.669998,49.029999,97.32,17.49,16.780001,-0.1927,1.73,39.130001,25.504999,2.23
2015-07-28,1.57,13.44,0.13,2.91,-0.51677,123.519997,50.080002,84.769997,15.51,15.43,-0.1927,1.75,39.435001,26.035,2.26
2015-07-29,1.59,12.5,0.13,2.9,-0.51677,121.029999,49.959999,82.940002,14.96,14.92,-0.1927,1.77,39.84,26.139999,2.29
2015-07-30,1.56,12.13,0.13,2.88,-0.51677,122.059998,50.240002,80.650002,14.44,14.71,-0.1927,1.77,39.985001,26.379999,2.28
2015-07-31,1.53,12.12,0.13,2.94,-0.50208,124.199997,49.98,81.769997,14.59,14.9,-0.1022,1.74,40.110001,26.075001,2.2
2015-08-03,1.48,12.56,0.13,2.92,-0.50208,119.32,50.09,79.43,15.18,14.84,-0.1022,1.7,39.974998,25.950001,2.16
2015-08-04,1.49,13.0,0.13,2.88,-0.50208,119.790001,49.84,80.82,15.67,15.13,-0.1022,1.71,40.145,25.674999,2.23
2015-08-05,1.55,12.51,0.13,2.9,-0.50208,119.099998,50.860001,80.099998,15.13,14.88,-0.1022,1.7,39.709999,25.985001,2.28
2015-08-06,1.52,13.77,0.13,2.92,-0.50208,126.089996,50.25,84.360001,16.9,15.55,-0.1022,1.67,39.169998,25.684999,2.23
2015-08-07,1.45,13.39,0.13,2.91,-0.48314,117.82,50.32,82.57,16.9,15.42,-0.1501,1.66,39.139999,25.75,2.18
2015-08-10,1.51,12.23,0.13,2.93,-0.48314,121.540001,52.080002,80.209999,15.87,14.99,-0.1501,1.69,39.455002,26.4,2.24
2015-08-11,1.47,13.71,0.13,2.94,-0.48314,124.370003,50.639999,85.220001,17.450001,15.94,-0.1501,1.66,39.099998,25.799999,2.15
2015-08-12,1.47,13.61,0.13,2.97,-0.48314,119.970001,51.110001,88.129997,17.24,15.87,-0.1501,1.62,38.93,25.865,2.14
2015-08-13,1.47,13.49,0.13,2.98,-0.48314,119.959999,50.630001,88.360001,16.950001,15.75,-0.1501,1.62,39.154999,25.51,2.19
2015-08-14,1.47,12.83,0.13,2.97,-0.46153,119.370003,50.639999,89.379997,16.41,15.51,-0.0569,1.62,39.18,25.325001,2.2
2015-08-17,1.44,13.02,0.13,2.97,-0.46153,120.269997,50.900002,87.349998,15.55,15.21,-0.0569,1.58,39.555,25.52,2.16
2015-08-18,1.46,13.79,0.13,3.01,-0.46153,124.339996,49.91,88.839996,16.0,15.61,-0.0569,1.58,39.59,25.07,2.2
2015-08-19,1.45,15.25,0.13,3.06,-0.46153,122.139999,49.200001,91.839996,17.360001,16.5,-0.0569,1.57,39.52,24.815001,2.12
2015-08-20,1.4,19.14,0.13,3.04,-0.46153,118.760002,47.43,108.75,21.610001,18.83,-0.0569,1.56,38.41,24.004999,2.09
2015-08-21,1.41,28.03,0.13,3.1,-0.43891,118.760002,45.959999,138.570007,30.200001,23.469999,0.1664,1.53,37.18,23.395,2.05
2015-08-24,1.42,40.74,0.13,3.14,-0.43891,129.460007,44.889999,168.75,42.950001,31.139999,0.1664,1.49,35.695,23.025,2.01
2015-08-25,1.45,36.02,0.13,3.17,-0.43891,126.779999,43.52,152.419998,38.32,29.58,0.1664,1.53,35.549999,22.83,2.12
2015-08-26,1.51,30.32,0.13,3.2,-0.43891,124.349998,45.41,134.309998,31.370001,25.65,0.1664,1.53,36.900002,23.875,2.18
2015-08-27,1.5,26.1,0.13,3.15,-0.43891,126.309998,47.060001,128.589996,28.459999,24.860001,0.1664,1.58,37.764999,24.67,2.18
2015-08-28,1.47,26.05,0.13,3.13,-0.41852,130.380005,47.990002,127.18,28.75,25.34,0.6618,1.61,37.779999,24.879999,2.19
2015-08-31,1.47,28.43,0.13,3.15,-0.41852,129.360001,47.84,127.279999,29.92,26.530001,0.6618,1.63,37.490002,24.775,2.21
2015-09-01,1.47,31.4,0.14,3.18,-0.41852,125.349998,46.34,128.940002,32.950001,29.530001,0.6618,1.57,36.540001,24.004999,2.17
2015-09-02,1.48,26.09,0.14,3.17,-0.41852,125.349998,47.349998,114.43,28.41,26.190001,0.6618,1.56,37.310001,24.6,2.2
2015-09-03,1.47,25.61,0.14,3.17,-0.41852,132.429993,47.459999,118.160004,28.1,26.200001,0.6618,1.54,37.325001,24.844999,2.18
2015-09-04,1.42,27.8,0.14,3.15,-0.40541,142.190002,46.529999,123.150002,28.92,28.07,0.2779,1.51,36.924999,24.455,2.13
2015-09-07,1.42,27.8,0.14,3.15,-0.40541,142.190002,46.529999,123.150002,28.92,28.07,0.2779,1.51,36.924999,24.455,2.13
2015-09-08,1.46,24.9,0.14,3.16,-0.40541,132.369995,48.689999,117.620003,26.559999,25.690001,0.2779,1.53,37.779999,25.385,2.2
2015-09-09,1.46,26.23,0.14,3.1,-0.40541,137.029999,47.610001,131.300003,27.51,26.309999,0.2779,1.56,37.375,25.0,2.21
2015-09-10,1.48,24.37,0.14,3.12,-0.40541,131.419998,47.41,127.059998,26.440001,25.65,0.2779,1.59,37.48,25.08,2.23
2015-09-11,1.49,23.2,0.14,3.11,-0.39964,118.18,47.57,119.089996,25.02,24.68,0.1712,1.59,37.759998,25.125,2.2
2015-09-14,1.45,24.25,0.14,3.13,-0.39964,142.929993,47.830002,118.010002,25.440001,23.700001,0.1712,1.56,37.560001,25.184999,2.18
2015-09-15,1.46,22.54,0.14,3.16,-0.39964,136.0,48.299999,109.339996,24.02,23.120001,0.1712,1.56,37.955002,25.555,2.28
2015-09-16,1.48,21.35,0.14,3.15,-0.39964,142.160004,48.700001,107.019997,22.58,22.33,0.1712,1.57,38.384998,25.67,2.3
2015-09-17,1.51,21.14,0.14,3.18,-0.39964,137.490005,48.150002,118.089996,22.629999,21.139999,0.1712,1.58,38.485001,25.504999,2.21
2015-09-18,1.44,22.28,0.14,3.15,-0.39983,119.470001,47.799999,116.260002,23.6,23.200001,0.186,1.55,37.73,25.075001,2.13
2015-09-21,1.48,20.14,0.14,3.19,-0.39983,135.449997,47.450001,103.400002,22.5,21.59,0.186,1.54,38.060001,25.059999,2.2
2015-09-22,1.45,22.44,0.14,3.15,-0.39983,135.940002,46.610001,111.360001,24.58,23.280001,0.186,1.51,37.555,24.540001,2.14
2015-09-23,1.46,22.13,0.14,3.15,-0.39983,136.710007,46.580002,105.860001,23.780001,22.879999,0.186,1.52,37.455002,24.365,2.16
2015-09-24,1.46,23.47,0.14,3.16,-0.39983,134.029999,46.75,110.120003,24.719999,23.459999,0.186,1.49,37.355,24.355,2.13
2015-09-25,1.47,23.62,0.14,3.19,-0.40566,135.160004,47.169998,110.540001,25.16,24.4,0.4126,1.46,37.349998,24.485001,2.17
2015-09-28,1.43,27.63,0.14,3.21,-0.40566,134.179993,46.950001,115.309998,28.99,26.379999,0.4126,1.39,36.275002,23.965,2.1
2015-09-29,1.41,26.83,0.14,3.26,-0.40566,136.710007,47.529999,110.989998,28.940001,26.0,0.4126,1.39,36.154999,24.129999,2.05
2015-09-30,1.42,24.5,0.14,3.29,-0.40566,113.900002,49.52,103.279999,26.82,24.75,0.4126,1.41,37.130001,24.940001,2.06
2015-10-01,1.41,22.55,0.12,3.31,-0.40566,124.809998,48.439999,98.269997,25.58,23.83,0.4126,1.46,37.404999,24.775,2.05
2015-10-02,1.41,20.94,0.12,3.34,-0.41552,115.75,48.77,95.07,23.709999,22.6,0.6843,1.48,37.939999,25.165001,1.99
2015-10-05,1.46,19.54,0.12,3.33,-0.41552,132.830002,50.130001,92.290001,22.82,21.33,0.6843,1.51,38.5,25.610001,2.07
2015-10-06,1.44,19.4,0.12,3.32,-0.41552,129.320007,50.459999,92.459999,22.65,21.59,0.6843,1.52,38.215,25.715,2.05
2015-10-07,1.43,18.4,0.12,3.27,-0.41552,132.389999,51.040001,89.43,21.780001,20.709999,0.6843,1.55,38.345001,26.1,2.08
2015-10-08,1.47,17.42,0.12,3.28,-0.41552,136.690002,51.52,88.419998,20.91,20.09,0.6843,1.58,38.814999,26.434999,2.12
2015-10-09,1.47,17.08,0.12,3.26,-0.43138,134.660004,50.869999,89.080002,20.5,19.85,0.0669,1.54,38.860001,26.129999,2.12
2015-10-12,1.47,16.17,0.12,3.26,-0.43138,148.919998,51.34,88.269997,19.01,19.26,0.0669,1.54,39.044998,26.17,2.12
2015-10-13,1.42,17.67,0.12,3.28,-0.43138,133.809998,50.91,98.349998,20.15,20.5,0.0669,1.52,38.834999,25.85,2.06
2015-10-14,1.42,18.03,0.12,3.31,-0.43138,135.820007,52.650002,102.290001,20.709999,20.809999,0.0669,1.49,38.439999,26.625,1.99
2015-10-15,1.43,16.05,0.12,3.29,-0.43138,151.220001,52.43,96.610001,18.07,19.43,0.0669,1.5,38.939999,26.805,2.04
2015-10-16,1.43,15.05,0.12,3.28,-0.446,135.039993,52.57,97.580002,17.200001,18.67,0.1429,1.48,39.145,26.915001,2.04
2015-10-19,1.43,14.98,0.12,3.3,-0.446,139.919998,52.639999,94.379997,16.860001,17.860001,0.1429,1.45,39.330002,26.934999,2.04
2015-10-20,1.42,15.75,0.12,3.29,-0.446,140.699997,52.43,97.110001,17.950001,18.6,0.1429,1.48,39.279999,26.879999,2.08
2015-10-21,1.4,16.7,0.12,3.28,-0.446,133.070007,51.900002,106.019997,18.98,19.459999,0.1429,1.45,39.105,26.93,2.04
2015-10-22,1.43,14.45,0.12,3.26,-0.446,121.019997,58.09,97.07,15.63,17.16,0.1429,1.47,39.619999,27.75,2.04
2015-10-23,1.43,14.46,0.12,3.23,-0.45904,135.619995,58.98,97.209999,16.6,17.48,0.0214,1.51,39.814999,28.065001,2.09
2015-10-26,1.41,15.29,0.12,3.22,-0.45904,132.289993,58.810001,98.099998,17.75,17.99,0.0214,1.48,40.095001,27.530001,2.07
2015-10-27,1.4,15.43,0.12,3.25,-0.45904,132.169998,58.419998,95.209999,17.92,18.139999,0.0214,1.48,39.904999,27.360001,2.05
2015-10-28,1.37,14.33,0.12,3.2,-0.45904,134.429993,58.669998,88.279999,16.940001,17.49,0.0214,1.47,40.285,27.635,2.1
2015-10-29,1.44,14.61,0.12,3.21,-0.45904,134.639999,56.57,88.599998,17.17,17.809999,0.0214,1.52,40.400002,26.92,2.19
2015-10-30,1.41,15.07,0.12,3.19,-0.46834,125.769997,56.720001,90.269997,17.299999,18.4,-0.0149,1.53,40.485001,27.105,2.16
2015-11-02,1.43,14.15,0.12,3.18,-0.46834,138.779999,56.990002,86.75,16.559999,17.42,-0.0149,1.55,40.669998,27.360001,2.2
2015-11-03,1.43,14.54,0.12,3.19,-0.46834,137.399994,57.150002,87.339996,16.77,17.469999,-0.0149,1.58,40.825001,27.594999,2.23
2015-11-04,1.41,15.51,0.12,3.16,-0.46834,134.440002,56.950001,89.459999,17.219999,18.309999,-0.0149,1.57,40.560001,27.775,2.25
2015-11-05,1.41,15.05,0.12,3.18,-0.46834,135.210007,57.400002,87.68,17.200001,17.809999,-0.0149,1.55,40.705002,27.055,2.26
2015-11-06,1.44,14.33,0.12,3.17,-0.47195,137.75,57.630001,85.029999,16.360001,17.450001,-0.0886,1.59,40.709999,27.594999,2.34
2015-11-09,1.47,16.52,0.12,3.15,-0.47195,134.339996,57.209999,92.970001,18.030001,18.85,-0.0886,1.6,40.150002,27.375,2.36
2015-11-10,1.45,15.29,0.12,3.18,-0.47195,132.240005,57.029999,86.959999,17.32,18.02,-0.0886,1.55,40.529999,26.940001,2.32
2015-11-11,1.45,16.06,0.12,3.18,-0.47195,132.440002,57.599998,91.25,17.719999,18.450001,-0.0886,1.55,40.290001,26.950001,2.32
2015-11-12,1.43,18.37,0.12,3.19,-0.47195,136.929993,56.669998,98.190002,18.92,20.17,-0.0886,1.54,39.915001,26.605,2.32
2015-11-13,1.42,20.08,0.12,3.2,-0.46839,139.5,56.130001,106.059998,21.24,21.58,0.1234,1.52,38.865002,26.33,2.28
2015-11-16,1.39,18.16,0.12,3.24,-0.46839,131.770004,56.880001,96.709999,18.790001,19.98,0.1234,1.51,39.334999,26.67,2.27
2015-11-17,1.39,18.84,0.12,3.23,-0.46839,136.970001,57.07,100.370003,19.34,20.43,0.1234,1.53,39.41,26.940001,2.25
2015-11-18,1.37,16.85,0.12,3.21,-0.46839,136.860001,57.959999,93.470001,17.76,19.219999,0.1234,1.56,40.084999,27.08,2.27
2015-11-19,1.33,16.99,0.12,3.2,-0.46839,139.169998,57.950001,96.18,17.940001,19.639999,0.1234,1.56,40.134998,27.290001,2.24
2015-11-20,1.33,15.47,0.12,3.2,-0.45898,126.860001,58.119999,90.790001,17.030001,18.940001,0.0938,1.6,40.615002,27.395,2.26
2015-11-23,1.31,15.62,0.12,3.19,-0.45898,139.509995,57.349998,88.550003,17.309999,18.629999,0.0938,1.61,40.764999,27.084999,2.25
2015-11-24,1.31,15.93,0.12,3.2,-0.45898,138.169998,57.849998,89.639999,17.48,18.709999,0.0938,1.62,40.68,27.370001,2.24
2015-11-25,1.3,15.19,0.12,3.21,-0.45898,139.449997,57.27,86.139999,16.98,18.190001,0.0938,1.61,40.884998,27.41,2.23
2015-11-26,1.3,15.19,0.12,3.21,-0.45898,139.449997,57.27,86.139999,16.98,18.190001,0.0938,1.61,40.884998,27.41,2.23
2015-11-27,1.3,15.12,0.12,3.22,-0.44503,137.660004,57.549999,88.349998,17.129999,17.35,0.0394,1.6,40.735001,27.545,2.22
2015-11-30,1.27,16.13,0.12,3.2,-0.44503,127.25,58.119999,90.839996,18.1,18.49,0.0394,1.59,40.389999,27.9,2.21
2015-12-01,1.24,14.67,0.24,3.21,-0.44503,135.570007,58.310001,87.32,17.15,17.58,0.0394,1.57,40.805,28.23,2.15
2015-12-02,1.24,15.91,0.24,3.17,-0.44503,132.660004,57.549999,92.940002,17.83,18.33,0.0394,1.56,40.450001,28.120001,2.18
2015-12-03,1.37,18.11,0.24,3.18,-0.44503,135.259995,57.689999,101.800003,19.719999,20.110001,0.0394,1.61,39.84,27.93,2.33
2015-12-04,1.32,14.81,0.24,3.15,-0.42642,136.309998,58.880001,89.190002,16.66,18.17,0.1181,1.6,40.610001,28.4,2.28
2015-12-07,1.29,15.84,0.24,3.15,-0.42642,136.770004,58.349998,94.300003,17.6,18.65,0.1181,1.56,40.439999,28.165001,2.23
2015-12-08,1.3,17.6,0.24,3.19,-0.42642,131.25,57.669998,99.160004,18.84,20.059999,0.1181,1.56,40.32,27.91,2.24
2015-12-09,1.29,19.61,0.24,3.18,-0.42642,134.259995,56.759998,113.830002,20.450001,21.049999,0.1181,1.53,39.805,27.615,2.22
2015-12-10,1.29,19.34,0.24,3.19,-0.42642,134.940002,56.93,113.800003,20.110001,20.76,0.1181,1.51,39.939999,27.715,2.24
2015-12-11,1.25,24.39,0.24,3.24,-0.40424,146.529999,56.209999,131.089996,24.379999,24.379999,0.4495,1.46,39.029999,27.18,2.13
2015-12-14,1.26,22.73,0.24,3.23,-0.40424,140.919998,56.220001,122.220001,23.110001,23.299999,0.4495,1.45,39.23,26.975,2.23
2015-12-15,1.3,20.95,0.24,3.21,-0.40424,143.350006,57.549999,114.370003,21.51,21.860001,0.4495,1.48,39.445,27.4,2.28
2015-12-16,1.28,17.86,0.24,3.21,-0.40424,135.5,58.07,108.93,18.790001,19.57,0.4495,1.46,40.105,27.615,2.3
2015-12-17,1.24,18.94,0.24,3.21,-0.40424,131.199997,56.529999,113.519997,20.280001,20.370001,0.4495,1.47,39.445,27.245001,2.24
2015-12-18,1.22,20.7,0.24,3.25,-0.38258,131.199997,54.939999,118.32,21.5,21.26,0.5296,1.46,38.665001,26.870001,2.19
2015-12-21,1.24,18.7,0.24,3.27,-0.38258,125.18,55.82,109.440002,20.219999,21.110001,0.5296,1.45,38.860001,26.76,2.2
2015-12-22,1.25,16.6,0.24,3.26,-0.38258,133.630005,55.610001,100.910004,18.379999,19.84,0.5296,1.46,39.145,26.875,2.24
2015-12-23,1.26,15.57,0.24,3.26,-0.38258,134.690002,56.700001,99.610001,17.68,19.33,0.5296,1.51,39.345001,27.02,2.27
2015-12-24,1.22,15.74,0.24,3.22,-0.38258,128.779999,56.75,99.879997,17.809999,19.690001,0.5296,1.52,39.240002,27.094999,2.25
2015-12-25,1.22,15.74,0.24,3.22,-0.36238,128.779999,56.75,99.879997,17.809999,19.690001,0.3699,1.52,39.240002,27.094999,2.25
2015-12-28,1.19,16.91,0.24,3.21,-0.36238,136.289993,56.419998,99.239998,18.870001,19.68,0.3699,1.5,39.34,27.030001,2.24
2015-12-29,1.23,16.08,0.24,3.22,-0.36238,139.259995,57.02,95.129997,17.84,19.1,0.3699,1.53,39.794998,27.33,2.32
2015-12-30,1.23,17.29,0.24,3.23,-0.36238,143.0,56.16,100.82,18.879999,19.59,0.3699,1.54,39.474998,27.065001,2.31
2015-12-31,1.21,18.21,0.24,3.23,-0.36238,124.43,54.810001,100.199997,19.629999,19.799999,0.3699,1.54,39.080002,26.639999,2.27
2016-01-01,1.21,18.21,0.34,3.23,-0.34461,124.43,54.810001,100.199997,19.629999,19.799999,0.3082,1.54,39.080002,26.639999,2.27
2016-01-04,1.22,20.7,0.34,3.24,-0.34461,140.0,54.34,107.690002,22.42,22.01,0.3082,1.55,38.41,26.360001,2.24
2016-01-05,1.21,19.34,0.34,3.25,-0.34461,135.070007,53.77,101.839996,21.559999,20.52,0.3082,1.56,38.360001,26.115,2.25
2016-01-06,1.19,20.59,0.34,3.26,-0.34461,135.070007,53.419998,103.059998,22.48,21.27,0.3082,1.53,37.985001,25.440001,2.18
2016-01-07,1.2,24.99,0.34,3.28,-0.34461,135.940002,51.700001,116.550003,26.77,24.620001,0.3082,1.5,37.205002,24.655001,2.16
2016-01-08,1.19,27.01,0.34,3.31,-0.32892,138.830002,50.360001,116.459999,28.33,26.23,0.6902,1.48,36.805,24.264999,2.13
2016-01-11,1.23,24.3,0.34,3.3,-0.32892,142.520004,51.209999,109.629997,26.41,24.73,0.6902,1.45,37.095001,24.485001,2.17
2016-01-12,1.19,22.47,0.34,3.29,-0.32892,138.669998,51.529999,104.519997,24.16,22.530001,0.6902,1.43,37.505001,24.695,2.12
2016-01-13,1.17,25.22,0.34,3.28,-0.32892,145.880005,49.82,117.139999,27.110001,24.889999,0.6902,1.43,36.240002,23.969999,2.08
2016-01-14,1.2,23.95,0.34,3.36,-0.32892,138.789993,50.029999,110.07,25.959999,23.530001,0.6902,1.43,36.5,24.605,2.1
2016-01-15,1.18,27.02,0.34,3.38,-0.31515,145.029999,48.029999,116.410004,29.129999,26.879999,0.8574,1.36,35.75,23.35,2.03
2016-01-18,1.18,27.02,0.34,3.38,-0.31515,145.029999,48.029999,116.410004,29.129999,26.879999,0.8574,1.36,35.75,23.35,2.03
2016-01-19,1.18,26.05,0.34,3.35,-0.31515,137.899994,48.220001,113.760002,29.32,26.440001,0.8574,1.38,35.884998,23.504999,2.06
2016-01-20,1.16,27.59,0.34,3.4,-0.31515,134.820007,49.009998,112.879997,30.84,27.809999,0.8574,1.32,35.57,23.565001,2.01
2016-01-21,1.18,26.69,0.34,3.45,-0.31515,132.990005,49.830002,108.379997,30.23,26.709999,0.8574,1.28,36.025002,23.889999,2.02
2016-01-22,1.19,22.34,0.34,3.42,-0.30477,133.639999,50.299999,98.919998,25.74,24.280001,0.9719,1.35,36.654999,24.344999,2.07
2016-01-25,1.15,24.15,0.34,3.44,-0.30477,132.270004,50.080002,102.879997,27.540001,25.25,0.9719,1.34,36.235001,24.07,2.03
2016-01-26,1.16,22.5,0.34,3.46,-0.30477,129.529999,50.700001,98.400002,26.42,23.290001,0.9719,1.36,36.764999,24.275,2.01
2016-01-27,1.18,23.11,0.34,3.46,-0.30477,129.059998,50.669998,100.040001,27.27,24.469999,0.9719,1.4,36.189999,24.004999,2.02
2016-01-28,1.17,22.42,0.34,3.48,-0.30477,129.229996,51.130001,96.559998,26.32,24.02,0.9719,1.42,36.654999,23.879999,2.0
2016-01-29,1.18,20.2,0.34,3.48,-0.29795,120.860001,52.93,89.949997,23.639999,22.66,0.5287,1.41,37.055,24.860001,1.94
2016-02-01,1.16,19.98,0.38,3.49,-0.29795,126.379997,52.830002,89.650002,23.059999,22.01,0.5287,1.4,37.279999,24.969999,1.97
2016-02-02,1.12,21.98,0.38,3.49,-0.29795,119.830002,50.639999,97.599998,25.08,23.41,0.5287,1.36,36.555,24.285,1.87
2016-02-03,1.16,21.65,0.38,3.52,-0.29795,122.040001,50.25,97.32,25.049999,23.200001,0.5287,1.38,36.459999,24.32,1.88
2016-02-04,1.17,21.84,0.38,3.53,-0.29795,122.690002,51.259998,95.220001,25.35,23.66,0.5287,1.36,36.25,24.790001,1.87
2016-02-05,1.12,23.38,0.38,3.52,-0.29418,119.010002,49.880001,100.550003,27.65,24.48,0.7032,1.33,35.080002,23.924999,1.86
2016-02-08,1.09,26.0,0.38,3.53,-0.29418,120.25,50.900002,104.529999,31.459999,25.98,0.7032,1.23,34.400002,23.415001,1.75
2016-02-09,1.05,26.54,0.38,3.54,-0.29418,120.739998,50.68,103.059998,31.91,26.799999,0.7032,1.21,34.345001,23.315001,1.74
2016-02-10,1.0,26.29,0.38,3.56,-0.29418,120.360001,50.75,106.190002,31.26,26.719999,0.7032,1.21,34.285,22.98,1.71
2016-02-11,0.99,28.14,0.38,3.63,-0.29418,122.379997,50.380001,107.209999,31.870001,27.719999,0.7032,1.18,34.264999,22.815001,1.63
2016-02-12,1.03,25.4,0.38,3.6,-0.29431,117.75,51.139999,103.25,29.74,26.23,1.2394,1.25,34.895,23.264999,1.74
2016-02-15,1.03,25.4,0.38,3.6,-0.29431,117.75,51.139999,103.25,29.74,26.23,1.2394,1.25,34.895,23.264999,1.74
2016-02-16,1.04,24.11,0.38,3.59,-0.29431,125.769997,52.540001,94.199997,28.67,25.01,1.2394,1.25,35.740002,24.055,1.78
2016-02-17,1.07,22.31,0.38,3.62,-0.29431,124.989998,53.689999,88.959999,27.190001,23.549999,1.2394,1.28,36.509998,24.629999,1.81
2016-02-18,1.04,21.64,0.38,3.62,-0.29431,125.330002,53.060001,87.529999,26.6,23.200001,1.2394,1.24,36.27,24.530001,1.75
2016-02-19,1.0,20.53,0.38,3.56,-0.303,123.610001,52.759998,86.25,24.91,22.799999,0.5636,1.26,36.369999,24.575001,1.76
2016-02-22,0.99,19.38,0.38,3.57,-0.303,117.459999,53.299999,86.190002,23.809999,21.620001,0.5636,1.31,37.075001,24.975,1.77
2016-02-23,0.98,20.98,0.38,3.58,-0.303,119.669998,52.240002,89.669998,25.299999,22.440001,0.5636,1.32,36.869999,24.555,1.74
2016-02-24,1.0,20.72,0.38,3.56,-0.303,119.459999,52.459999,86.739998,24.0,22.34,0.5636,1.36,37.084999,24.870001,1.75
2016-02-25,0.99,19.11,0.38,3.56,-0.303,122.019997,53.110001,83.510002,22.620001,21.24,0.5636,1.39,37.455002,25.16,1.71
2016-02-26,0.96,19.81,0.38,3.56,-0.31612,118.650002,53.299999,83.720001,23.08,21.860001,0.542,1.41,37.415001,25.299999,1.76
2016-02-29,0.96,20.55,0.38,3.55,-0.31612,117.68,53.02,85.059998,23.549999,22.389999,0.542,1.42,37.220001,25.215,1.74
2016-03-01,0.98,17.7,0.36,3.54,-0.31612,119.809998,54.220001,79.449997,20.77,20.280001,0.542,1.48,38.205002,25.99,1.83
2016-03-02,0.99,17.09,0.36,3.5,-0.31612,122.349998,54.419998,78.839996,20.6,19.92,0.542,1.51,38.169998,26.125,1.84
2016-03-03,0.98,16.7,0.36,3.47,-0.31612,125.269997,54.869999,79.410004,20.75,19.49,0.542,1.53,38.395,26.184999,1.83
2016-03-04,1.0,16.86,0.36,3.43,-0.33204,125.269997,54.889999,81.970001,20.809999,19.629999,0.2273,1.51,38.360001,26.355,1.88
2016-03-07,1.0,17.35,0.36,3.39,-0.33204,124.010002,55.490002,82.300003,21.610001,19.9,0.2273,1.48,38.195,26.455,1.91
2016-03-08,0.95,18.67,0.36,3.38,-0.33204,123.529999,54.529999,87.459999,22.719999,21.040001,0.2273,1.46,37.895,25.955,1.83
2016-03-09,1.0,18.34,0.36,3.36,-0.33204,123.470001,54.75,92.860001,21.889999,20.75,0.2273,1.51,37.970001,26.139999,1.9
2016-03-10,1.0,18.05,0.36,3.3,-0.33204,130.039993,55.490002,94.769997,21.49,20.709999,0.2273,1.48,38.064999,26.280001,1.93
2016-03-11,1.01,16.5,0.36,3.26,-0.34788,128.990005,56.060001,92.349998,19.65,19.469999,0.2633,1.54,38.650002,26.809999,1.98
2016-03-14,1.0,16.92,0.36,3.22,-0.34788,133.300003,55.610001,89.739998,19.57,19.42,0.2633,1.52,38.794998,26.690001,1.97
2016-03-15,0.99,16.84,0.36,3.19,-0.34788,132.449997,55.73,90.339996,19.459999,19.33,0.2633,1.5,38.785,26.6,1.97
2016-03-16,1.07,14.99,0.36,3.22,-0.34788,125.419998,56.139999,84.370003,17.799999,18.48,0.2633,1.58,39.099998,26.91,1.94
2016-03-17,1.04,14.44,0.36,3.2,-0.34788,126.650002,56.599998,84.709999,17.65,18.139999,0.2633,1.57,39.154999,27.094999,1.91
2016-03-18,1.04,14.02,0.36,3.17,-0.3621,126.75,57.09,86.199997,17.200001,17.93,0.1501,1.61,39.044998,27.440001,1.88
2016-03-21,1.05,13.79,0.36,3.15,-0.3621,129.350006,57.02,87.779999,17.17,17.59,0.1501,1.64,39.064999,27.440001,1.92
2016-03-22,1.03,14.17,0.36,3.1,-0.3621,130.990005,56.900002,85.040001,16.98,17.75,0.1501,1.63,39.0,27.424999,1.94
2016-03-23,1.01,14.94,0.36,3.07,-0.3621,129.669998,56.599998,86.059998,17.75,18.299999,0.1501,1.58,38.724998,27.1,1.88
2016-03-24,1.02,14.74,0.36,3.06,-0.3621,119.019997,56.700001,84.199997,17.309999,18.27,0.1501,1.57,38.775002,27.055,1.91
2016-03-25,1.02,14.74,0.36,3.06,-0.37169,119.019997,56.700001,84.199997,17.309999,18.27,0.1531,1.57,38.775002,27.055,1.91
2016-03-28,1.0,15.24,0.36,3.05,-0.37169,127.739998,56.52,83.290001,18.389999,18.299999,0.1531,1.56,38.950001,27.045,1.89
2016-03-29,1.03,13.82,0.36,3.09,-0.37169,132.610001,57.41,81.389999,16.9,17.24,0.1531,1.61,39.345001,27.42,1.81
2016-03-30,1.07,13.56,0.36,3.11,-0.37169,128.669998,58.369999,80.330002,16.530001,16.92,0.1531,1.65,39.595001,27.695,1.83
2016-03-31,1.05,13.95,0.36,3.12,-0.37169,122.029999,57.419998,82.940002,16.85,17.08,0.1531,1.62,39.549999,27.540001,1.78
2016-04-01,1.03,13.1,0.37,3.1,-0.37848,124.029999,57.939999,81.57,15.84,16.5,0.3698,1.62,39.715,27.67,1.79
2016-04-04,1.03,14.12,0.37,3.1,-0.37848,125.230003,57.720001,84.43,16.85,17.23,0.3698,1.64,39.404999,27.455,1.78
2016-04-05,1.01,15.42,0.37,3.08,-0.37848,120.269997,57.709999,89.110001,18.02,18.379999,0.3698,1.59,39.07,27.25,1.73
2016-04-06,1.03,14.09,0.37,3.08,-0.37848,125.059998,58.360001,85.589996,16.639999,17.280001,0.3698,1.59,39.439999,27.504999,1.76
2016-04-07,1.0,16.16,0.37,3.06,-0.37848,125.129997,57.150002,92.739998,18.620001,18.860001,0.3698,1.58,38.994999,27.139999,1.7
2016-04-08,1.02,15.36,0.37,3.07,-0.38204,113.839996,57.889999,89.730003,18.48,18.32,0.3273,1.58,38.935001,27.27,1.72
2016-04-11,1.03,16.26,0.37,3.05,-0.38204,119.129997,57.82,92.809998,18.59,18.889999,0.3273,1.56,38.790001,27.299999,1.73
2016-04-12,1.05,14.85,0.37,3.03,-0.38204,126.169998,58.439999,89.779999,17.48,17.969999,0.3273,1.57,39.084999,27.254999,1.79
2016-04-13,1.02,13.84,0.37,3.01,-0.38204,127.129997,59.169998,87.889999,16.26,17.26,0.3273,1.56,39.634998,27.809999,1.77
2016-04-14,1.03,13.72,0.37,2.99,-0.38204,126.230003,59.220001,87.919998,16.6,17.24,0.3273,1.56,39.634998,27.51,1.8
2016-04-15,1.02,13.62,0.37,2.99,-0.38467,123.099998,58.93,90.269997,16.049999,17.16,0.0835,1.56,39.744999,27.305,1.76
2016-04-18,1.03,13.35,0.37,2.99,-0.38467,120.550003,58.950001,86.57,16.040001,16.51,0.0835,1.57,40.119999,27.34,1.78
2016-04-19,1.02,13.24,0.37,2.96,-0.38467,126.190002,58.419998,86.980003,16.43,16.469999,0.0835,1.6,39.900002,27.110001,1.79
2016-04-20,1.05,13.28,0.37,2.93,-0.38467,126.199997,59.049999,87.970001,16.309999,16.6,0.0835,1.62,39.950001,27.24,1.85
2016-04-21,1.06,13.95,0.37,2.91,-0.38467,127.059998,58.860001,87.07,16.57,17.139999,0.0835,1.64,39.810001,27.09,1.88
2016-04-22,1.05,13.22,0.37,2.89,-0.38637,123.25,58.68,84.099998,16.610001,16.639999,-0.03,1.64,39.73,27.105,1.89
2016-04-25,1.06,14.08,0.37,2.88,-0.38637,126.779999,59.02,85.769997,17.209999,17.219999,-0.03,1.65,39.775002,26.969999,1.91
2016-04-26,1.08,13.96,0.37,2.85,-0.38637,127.400002,59.400002,84.510002,17.26,16.92,-0.03,1.67,39.869999,27.26,1.94
2016-04-27,1.04,13.77,0.37,2.86,-0.38637,126.089996,59.919998,83.099998,17.059999,16.77,-0.03,1.68,39.830002,27.58,1.87
2016-04-28,1.06,15.22,0.37,2.89,-0.38637,125.440002,58.689999,87.360001,18.07,17.780001,-0.03,1.72,39.400002,26.895,1.84
2016-04-29,1.06,15.7,0.37,2.86,-0.38626,126.489998,57.040001,91.68,19.299999,18.450001,0.0606,1.71,39.599998,26.23,1.83
2016-05-02,1.08,14.68,0.37,2.86,-0.38626,127.669998,57.849998,89.489998,18.280001,17.780001,0.0606,1.68,40.154999,26.405001,1.88
2016-05-03,1.06,15.6,0.37,2.85,-0.38626,125.940002,57.200001,91.660004,19.02,18.57,0.0606,1.64,39.785,26.129999,1.81
2016-05-04,1.04,16.05,0.37,2.85,-0.38626,124.309998,56.43,91.860001,19.32,18.91,0.0606,1.63,39.605,25.85,1.79
2016-05-05,1.04,15.91,0.37,2.86,-0.38626,123.739998,56.639999,91.580002,19.139999,18.92,0.0606,1.63,39.349998,25.945,1.76
2016-05-06,1.05,14.72,0.37,2.87,-0.38472,120.82,57.200001,88.860001,17.540001,18.27,0.2596,1.61,39.639999,25.950001,1.79
2016-05-09,1.05,14.57,0.37,2.89,-0.38472,123.169998,56.91,86.419998,17.379999,18.049999,0.2596,1.59,39.75,25.924999,1.77
2016-05-10,1.05,13.63,0.37,2.89,-0.38472,124.099998,57.630001,85.919998,16.27,17.18,0.2596,1.62,40.259998,26.215,1.77
2016-05-11,0.99,14.69,0.37,2.9,-0.38472,122.190002,57.630001,91.529999,17.16,18.02,0.2596,1.59,39.450001,26.094999,1.73
2016-05-12,0.99,14.41,0.37,2.91,-0.38472,123.519997,57.16,91.25,17.26,17.75,0.2596,1.6,39.525002,25.629999,1.75
2016-05-13,0.95,15.04,0.37,2.9,-0.38289,121.459999,57.119999,94.0,17.1,18.25,0.1703,1.58,39.055,25.705,1.71
2016-05-16,0.96,14.68,0.37,2.9,-0.38289,124.129997,58.02,90.610001,16.370001,17.700001,0.1703,1.6,39.299999,26.219999,1.75
2016-05-17,0.94,15.57,0.37,2.89,-0.38289,122.959999,57.43,91.760002,17.6,18.43,0.1703,1.61,38.855,25.975,1.76
2016-05-18,0.97,15.95,0.37,2.87,-0.38289,122.220001,58.009998,89.989998,17.41,18.540001,0.1703,1.61,38.630001,26.434999,1.87
2016-05-19,0.96,16.33,0.37,2.85,-0.38289,123.660004,57.23,90.459999,17.879999,18.77,0.1703,1.56,38.595001,26.205,1.85
2016-05-20,0.96,15.2,0.37,2.86,-0.37995,125.610001,58.529999,85.459999,16.4,18.049999,0.0688,1.56,38.849998,27.075001,1.85
2016-05-23,0.93,15.82,0.37,2.86,-0.37995,124.739998,58.73,84.120003,16.85,18.15,0.0688,1.54,38.715,27.25,1.84
2016-05-24,0.94,14.42,0.37,2.85,-0.37995,124.739998,60.09,79.480003,15.32,17.08,0.0688,1.55,39.18,27.91,1.86
2016-05-25,0.95,13.9,0.37,2.87,-0.37995,127.129997,60.439999,78.540001,15.01,16.77,0.0688,1.58,39.395,28.065001,1.87
2016-05-26,0.96,13.43,0.37,2.86,-0.37995,129.279999,60.77,77.480003,14.71,16.559999,0.0688,1.58,39.474998,28.16,1.83
2016-05-27,0.95,13.12,0.37,2.85,-0.3755,129.610001,61.02,76.169998,14.55,16.309999,-0.0109,1.58,39.66,28.344999,1.85
2016-05-30,0.95,13.12,0.37,2.85,-0.3755,129.610001,61.02,76.169998,14.55,16.309999,-0.0109,1.58,39.66,28.344999,1.85
2016-05-31,0.97,14.19,0.37,2.84,-0.3755,127.699997,60.599998,79.43,15.25,16.629999,-0.0109,1.54,39.619999,28.450001,1.84
2016-06-01,0.94,14.2,0.38,2.82,-0.3755,132.460007,61.07,78.93,15.39,16.700001,-0.0109,1.54,39.595001,28.565001,1.85
2016-06-02,0.92,13.63,0.38,2.83,-0.3755,134.149994,60.759998,79.540001,15.15,16.370001,-0.0109,1.54,39.814999,28.559999,1.81
2016-06-03,0.93,13.47,0.38,2.86,-0.36935,125.040001,60.529999,79.080002,15.03,16.49,0.117,1.52,39.555,28.615,1.71
2016-06-06,0.93,13.65,0.38,2.86,-0.36935,125.57,61.290001,80.709999,15.25,16.440001,0.117,1.54,39.654999,28.545,1.73
2016-06-07,0.94,14.05,0.38,2.86,-0.36935,128.539993,61.560001,82.300003,15.26,16.629999,0.117,1.57,39.705002,28.844999,1.72
2016-06-08,0.93,14.08,0.38,2.85,-0.36935,129.229996,62.080002,86.610001,15.27,16.790001,0.117,1.59,39.75,28.85,1.71
2016-06-09,0.91,14.64,0.38,2.85,-0.36935,129.309998,62.139999,89.980003,15.68,17.32,0.117,1.56,39.66,28.85,1.68
2016-06-10,0.91,17.03,0.38,2.86,-0.36243,133.669998,61.91,103.779999,17.639999,18.940001,0.1439,1.52,39.244999,28.35,1.64
2016-06-13,0.89,20.97,0.38,2.86,-0.36243,137.490005,61.529999,124.559998,20.610001,21.870001,0.1439,1.47,39.029999,28.23,1.62
2016-06-14,0.88,20.5,0.38,2.88,-0.36243,138.020004,61.900002,116.440002,20.43,21.940001,0.1439,1.45,38.93,28.195,1.62
2016-06-15,0.91,20.14,0.38,2.9,-0.36243,140.910004,61.689999,114.230003,20.190001,21.809999,0.1439,1.47,39.040001,28.165001,1.6
2016-06-16,0.87,19.37,0.38,2.9,-0.36243,142.5,62.060001,115.470001,19.83,21.16,0.1439,1.42,39.165001,28.18,1.57
2016-06-17,0.92,19.41,0.38,2.89,-0.35459,137.940002,61.619999,115.720001,20.25,21.309999,0.5567,1.42,38.965,27.99,1.62
2016-06-20,0.93,18.37,0.38,2.87,-0.35459,137.809998,62.009998,112.400002,19.309999,19.809999,0.5567,1.43,39.314999,28.459999,1.67
2016-06-21,0.95,18.48,0.38,2.86,-0.35459,135.919998,62.040001,113.459999,19.59,19.690001,0.5567,1.43,39.224998,28.594999,1.71
2016-06-22,0.94,21.17,0.38,2.86,-0.35459,136.479996,62.060001,122.940002,21.639999,21.08,0.5567,1.44,39.169998,28.559999,1.69
2016-06-23,0.96,17.25,0.38,2.86,-0.35459,145.699997,63.299999,104.709999,18.209999,18.42,0.5567,1.5,39.555,29.275,1.74
2016-06-24,0.93,25.76,0.38,2.98,-0.34942,142.919998,60.540001,125.129997,24.879999,23.93,0.2484,1.42,38.084999,27.565001,1.57
2016-06-27,0.85,23.85,0.38,2.96,-0.34942,136.429993,59.07,115.599998,24.389999,23.68,0.2484,1.34,37.384998,26.715,1.46
2016-06-28,0.85,18.75,0.38,2.95,-0.34942,153.660004,60.27,108.0,20.110001,20.26,0.2484,1.37,38.130001,27.445,1.46
2016-06-29,0.88,16.64,0.38,2.9,-0.34942,136.460007,61.25,98.599998,18.469999,18.73,0.2484,1.4,38.744999,28.004999,1.5
2016-06-30,0.91,15.63,0.38,2.92,-0.34942,140.580002,62.650002,94.230003,17.58,18.09,0.2484,1.4,39.029999,28.504999,1.49
2016-07-01,0.87,14.77,0.39,2.86,-0.34625,128.529999,62.110001,91.699997,16.83,17.65,0.5704,1.43,39.435001,28.295,1.46
2016-07-04,0.87,14.77,0.39,2.86,-0.34625,128.529999,62.110001,91.699997,16.83,17.65,0.5704,1.43,39.435001,28.295,1.46
2016-07-05,0.81,15.58,0.39,2.83,-0.34625,125.349998,61.25,91.849998,17.92,18.24,0.5704,1.4,39.115002,27.844999,1.37
2016-07-06,0.8,14.96,0.39,2.83,-0.34625,123.139999,61.060001,89.239998,17.49,17.74,0.5704,1.43,39.450001,27.885,1.38
2016-07-07,0.82,14.76,0.39,2.79,-0.34625,124.720001,61.77,89.5,17.280001,17.76,0.5704,1.43,39.619999,28.200001,1.4
2016-07-08,0.76,13.2,0.39,2.78,-0.3473,127.199997,63.27,84.720001,15.74,16.49,0.1964,1.43,40.310001,28.969999,1.37
2016-07-11,0.77,13.54,0.39,2.75,-0.3473,125.029999,63.400002,84.779999,15.11,16.49,0.1964,1.42,40.544998,29.360001,1.43
2016-07-12,0.84,13.55,0.39,2.7,-0.3473,126.099998,64.379997,84.980003,15.09,16.17,0.1964,1.46,40.705002,29.68,1.53
2016-07-13,0.8,13.04,0.39,2.69,-0.3473,127.290001,64.540001,84.18,15.24,15.97,0.1964,1.45,40.505001,29.684999,1.48
2016-07-14,0.85,12.82,0.39,2.7,-0.3473,128.279999,64.809998,86.029999,14.66,15.86,0.1964,1.45,40.669998,29.934999,1.53
2016-07-15,0.89,12.67,0.39,2.66,-0.3514,129.759995,64.849998,89.040001,14.29,15.99,-0.1071,1.49,40.490002,29.85,1.6
2016-07-18,0.91,12.44,0.39,2.67,-0.3514,125.379997,65.190002,87.199997,14.71,15.77,-0.1071,1.49,40.645,30.719999,1.59
2016-07-19,0.86,11.97,0.39,2.67,-0.3514,129.919998,64.940002,89.029999,14.57,15.74,-0.1071,1.44,40.57,30.6,1.56
2016-07-20,0.86,11.77,0.39,2.66,-0.3514,128.490005,65.449997,87.089996,14.27,15.44,-0.1071,1.46,40.740002,31.07,1.59
2016-07-21,0.87,12.74,0.39,2.68,-0.3514,128.009995,64.910004,92.839996,14.98,16.1,-0.1071,1.52,40.630001,30.805,1.57
2016-07-22,0.86,12.02,0.39,2.66,-0.35567,128.360001,65.489998,89.510002,14.59,15.8,0.0857,1.51,40.799999,30.99,1.57
2016-07-25,0.86,12.87,0.39,2.65,-0.35567,129.649994,66.220001,91.949997,15.6,16.27,0.0857,1.5,40.865002,31.135,1.58
2016-07-26,0.82,13.05,0.39,2.65,-0.35567,130.020004,71.419998,91.440002,15.93,16.32,0.0857,1.5,40.814999,32.035,1.57
2016-07-27,0.79,12.83,0.39,2.67,-0.35567,125.68,71.269997,91.230003,15.14,16.1,0.0857,1.49,40.689999,31.92,1.52
2016-07-28,0.8,12.72,0.39,2.68,-0.35567,128.509995,70.230003,89.809998,14.84,16.0,0.0857,1.52,40.764999,31.879999,1.52
2016-07-29,0.79,11.87,0.39,2.71,-0.35999,128.25,69.75,90.839996,13.97,15.42,0.2276,1.49,40.810001,31.75,1.46
2016-08-01,0.84,12.44,0.4,2.73,-0.35999,128.009995,69.879997,90.68,14.52,15.7,0.2276,1.46,40.875,31.84,1.51
2016-08-02,0.88,13.37,0.4,2.75,-0.35999,129.25,68.849998,93.889999,15.41,16.389999,0.2276,1.44,40.264999,31.42,1.55
2016-08-03,0.88,12.86,0.4,2.76,-0.35999,129.990005,68.879997,88.589996,15.18,16.08,0.2276,1.46,40.380001,31.5,1.55
2016-08-04,0.87,12.42,0.4,2.76,-0.35999,127.059998,69.610001,88.139999,14.47,15.71,0.2276,1.47,40.360001,31.725,1.51
2016-08-05,0.87,11.39,0.4,2.73,-0.36229,130.600006,70.150002,85.230003,13.77,15.14,0.3486,1.5,40.785,32.095001,1.59
2016-08-08,0.85,11.5,0.4,2.71,-0.36229,132.940002,70.139999,84.5,14.06,15.16,0.3486,1.51,40.650002,32.095001,1.59
2016-08-09,0.84,11.66,0.4,2.7,-0.36229,135.559998,70.25,86.650002,14.19,15.11,0.3486,1.49,40.529999,32.310001,1.55
2016-08-10,0.81,12.05,0.4,2.71,-0.36229,133.25,69.889999,89.400002,14.55,15.41,0.3486,1.44,40.615002,32.095001,1.5
2016-08-11,0.81,11.68,0.4,2.7,-0.36229,131.279999,70.0,97.360001,14.31,15.3,0.3486,1.47,41.02,32.224998,1.57
2016-08-12,0.8,11.55,0.4,2.71,-0.36258,132.130005,69.839996,94.489998,13.99,15.26,0.2039,1.44,41.0,32.360001,1.51
2016-08-15,0.83,11.81,0.4,2.7,-0.36258,134.449997,70.330002,91.669998,14.01,15.38,0.2039,1.45,41.080002,32.724998,1.55
2016-08-16,0.81,12.64,0.4,2.7,-0.36258,132.270004,69.82,91.860001,14.92,16.02,0.2039,1.44,40.845001,32.535,1.57
2016-08-17,0.82,12.19,0.4,2.69,-0.36258,136.710007,69.82,84.839996,14.76,15.52,0.2039,1.47,40.75,32.465,1.56
2016-08-18,0.82,11.43,0.4,2.7,-0.36258,134.869995,70.129997,82.830002,14.15,15.16,0.2039,1.47,40.724998,32.715,1.53
2016-08-19,0.82,11.34,0.4,2.67,-0.36029,136.580002,70.269997,82.440002,13.42,15.13,0.1852,1.48,40.75,32.884998,1.58
2016-08-22,0.79,12.27,0.4,2.65,-0.36029,135.199997,70.0,83.129997,14.0,15.5,0.1852,1.47,40.709999,32.895,1.55
2016-08-23,0.81,12.38,0.4,2.64,-0.36029,131.789993,69.980003,83.449997,14.21,15.42,0.1852,1.48,40.915001,33.055,1.55
2016-08-24,0.8,13.45,0.4,2.64,-0.36029,130.429993,69.900002,85.370003,15.26,16.0,0.1852,1.48,40.720001,32.794998,1.56
2016-08-25,0.8,13.63,0.4,2.63,-0.36029,131.059998,69.82,85.43,15.36,16.129999,0.1852,1.49,40.584999,32.904999,1.58
2016-08-26,0.78,13.65,0.4,2.63,-0.3552,132.399994,69.75,88.620003,15.16,16.24,0.2622,1.47,40.470001,33.044998,1.62
2016-08-29,0.76,12.94,0.4,2.59,-0.3552,131.300003,69.980003,85.830002,15.0,15.93,0.2622,1.46,40.610001,33.16,1.57
2016-08-30,0.77,13.12,0.4,2.62,-0.3552,136.139999,69.309998,84.440002,15.11,16.030001,0.2622,1.46,40.384998,33.105,1.57
2016-08-31,0.78,13.42,0.4,2.61,-0.3552,129.25,69.540001,84.870003,15.34,16.139999,0.2622,1.47,40.279999,33.105,1.58
2016-09-01,0.79,13.48,0.4,2.62,-0.3552,129.830002,69.699997,84.900002,15.39,16.309999,0.2622,1.45,40.360001,33.41,1.57
2016-09-02,0.8,11.98,0.4,2.63,-0.34817,128.399994,69.68,81.349998,14.32,15.65,0.2751,1.47,40.439999,33.380001,1.6
2016-09-05,0.8,11.98,0.4,2.63,-0.34817,128.399994,69.68,81.349998,14.32,15.65,0.2751,1.47,40.439999,33.380001,1.6
2016-09-06,0.81,12.02,0.4,2.64,-0.34817,131.160004,69.790001,82.139999,14.32,15.56,0.2751,1.49,40.514999,33.375,1.55
2016-09-07,0.8,11.94,0.4,2.65,-0.34817,130.940002,69.489998,83.080002,13.89,15.49,0.2751,1.51,40.535,33.154999,1.54
2016-09-08,0.83,12.51,0.4,2.67,-0.34817,129.740005,68.989998,85.57,14.48,15.81,0.2751,1.52,40.185001,33.09,1.61
2016-09-09,0.88,17.5,0.4,2.67,-0.34226,125.25,66.669998,110.019997,17.959999,18.83,0.2868,1.5,39.215,31.889999,1.67
2016-09-12,0.89,15.16,0.4,2.68,-0.34226,134.179993,67.940002,99.529999,15.31,17.27,0.2868,1.51,39.764999,32.544998,1.68
2016-09-13,0.93,17.85,0.4,2.7,-0.34226,131.559998,67.449997,110.019997,17.950001,19.049999,0.2868,1.49,39.200001,32.189999,1.73
2016-09-14,0.93,18.14,0.4,2.7,-0.34226,127.400002,67.790001,113.150002,18.299999,19.35,0.2868,1.49,39.205002,32.459999,1.7
2016-09-15,0.97,16.3,0.4,2.72,-0.34226,130.570007,69.220001,109.269997,16.389999,18.190001,0.2868,1.49,39.490002,33.264999,1.71
2016-09-16,0.93,15.37,0.4,2.71,-0.33785,130.570007,69.360001,102.589996,15.14,17.879999,0.4937,1.51,39.255001,33.279999,1.7
2016-09-19,0.91,15.53,0.4,2.7,-0.33785,125.809998,69.540001,101.580002,16.110001,17.780001,0.4937,1.5,39.224998,33.395,1.7
2016-09-20,0.9,15.92,0.4,2.7,-0.33785,126.849998,69.18,101.980003,16.549999,17.99,0.4937,1.49,39.255001,33.27,1.69
2016-09-21,0.87,13.3,0.4,2.7,-0.33785,122.129997,69.559998,92.589996,14.98,16.66,0.4937,1.51,39.634998,33.73,1.66
2016-09-22,0.84,12.02,0.4,2.69,-0.33785,124.290001,69.760002,89.220001,13.66,15.94,0.4937,1.55,39.924999,33.889999,1.63
2016-09-23,0.85,12.29,0.4,2.68,-0.33661,125.129997,68.980003,90.400002,13.98,16.049999,0.3227,1.57,39.834999,33.494999,1.62
2016-09-26,0.83,14.5,0.4,2.7,-0.33661,121.720001,68.419998,96.239998,16.440001,17.280001,0.3227,1.54,39.395,33.185001,1.59
2016-09-27,0.81,13.1,0.4,2.69,-0.33661,123.739998,69.449997,88.940002,15.09,16.450001,0.3227,1.52,39.794998,33.73,1.56
2016-09-28,0.82,12.39,0.4,2.69,-0.33661,126.849998,69.739998,87.550003,15.03,16.01,0.3227,1.56,39.904999,33.775002,1.57
2016-09-29,0.83,14.02,0.4,2.67,-0.33661,122.669998,69.839996,93.779999,16.23,16.870001,0.3227,1.54,39.700001,34.189999,1.56
2016-09-30,0.83,13.29,0.4,2.69,-0.33975,124.580002,70.18,91.419998,15.45,16.370001,0.3022,1.6,40.02,34.735001,1.6
2016-10-03,0.83,13.57,0.4,2.66,-0.33975,122.860001,69.660004,91.510002,15.86,16.4,0.3022,1.63,39.994999,34.465,1.63
2016-10-04,0.87,13.63,0.4,2.66,-0.33975,119.669998,69.589996,89.940002,16.25,16.469999,0.3022,1.62,39.855,34.32,1.69
2016-10-05,0.87,12.99,0.4,2.64,-0.33975,121.540001,70.599998,89.879997,15.86,16.219999,0.3022,1.62,40.02,34.584999,1.72
2016-10-06,0.89,12.84,0.4,2.61,-0.33975,120.480003,70.959999,89.860001,15.7,16.07,0.3022,1.64,40.049999,34.785,1.75
2016-10-07,0.9,13.48,0.4,2.63,-0.3469,119.949997,70.870003,90.860001,15.66,16.440001,0.0837,1.63,39.869999,34.810001,1.73
2016-10-10,0.9,13.38,0.4,2.63,-0.3469,123.839996,69.93,90.660004,15.5,15.95,0.0837,1.63,39.935001,34.700001,1.73
2016-10-11,0.9,15.36,0.4,2.6,-0.3469,119.790001,68.760002,95.43,17.02,16.940001,0.0837,1.64,39.450001,33.985001,1.77
2016-10-12,0.92,15.91,0.4,2.6,-0.3469,122.339996,68.459999,102.019997,17.23,17.02,0.0837,1.64,39.634998,33.985001,1.79
2016-10-13,0.9,16.69,0.4,2.59,-0.3469,123.32,67.769997,103.400002,17.65,17.59,0.0837,1.63,39.490002,33.595001,1.75
2016-10-14,0.96,16.12,0.4,2.63,-0.356,121.860001,68.489998,101.010002,17.4,17.42,0.2177,1.67,39.445,33.810001,1.8
2016-10-17,0.96,16.21,0.4,2.62,-0.356,124.080002,68.419998,99.339996,17.58,17.469999,0.2177,1.68,39.119999,33.669998,1.77
2016-10-18,0.93,15.28,0.4,2.62,-0.356,122.760002,69.25,96.870003,16.969999,16.92,0.2177,1.66,39.380001,34.049999,1.75
2016-10-19,0.95,14.41,0.4,2.62,-0.356,122.559998,69.489998,93.900002,16.41,16.459999,0.2177,1.68,39.555,33.700001,1.76
2016-10-20,0.92,13.75,0.4,2.59,-0.356,123.910004,69.75,89.720001,15.63,16.23,0.2177,1.68,39.48,33.994999,1.76
2016-10-21,0.9,13.34,0.4,2.6,-0.3672,123.0,69.970001,87.339996,15.37,16.040001,0.1739,1.67,39.794998,33.950001,1.74
2016-10-24,0.93,13.02,0.4,2.59,-0.3672,124.599998,71.68,85.809998,14.93,15.61,0.1739,1.66,40.080002,34.384998,1.77
2016-10-25,0.91,13.46,0.4,2.58,-0.3672,122.830002,71.199997,86.230003,15.88,15.81,0.1739,1.7,39.610001,34.290001,1.77
2016-10-26,0.93,14.24,0.4,2.6,-0.3672,123.309998,71.709999,86.900002,16.51,16.25,0.1739,1.71,39.439999,34.189999,1.79
2016-10-27,0.98,15.36,0.4,2.59,-0.3672,122.349998,70.730003,91.209999,17.33,16.93,0.1739,1.72,39.110001,34.09,1.85
2016-10-28,1.0,16.19,0.4,2.6,-0.38016,126.349998,70.800003,99.440002,18.23,17.370001,0.1002,1.73,39.02,33.895,1.86
2016-10-31,0.98,17.06,0.4,2.61,-0.38016,126.120003,70.849998,102.82,19.32,17.85,0.1002,1.73,39.049999,34.134998,1.84
2016-11-01,1.0,18.56,0.41,2.61,-0.38016,124.459999,69.440002,108.260002,20.66,18.74,0.1002,1.72,38.775002,33.82,1.83
2016-11-02,1.0,19.32,0.41,2.63,-0.38016,126.150002,68.839996,112.389999,21.24,19.18,0.1002,1.7,38.540001,33.610001,1.81
2016-11-03,1.01,22.08,0.41,2.67,-0.38016,141.179993,67.900002,120.239998,22.360001,20.700001,0.1002,1.68,38.439999,33.470001,1.82
2016-11-04,0.99,22.51,0.41,2.67,-0.39221,133.029999,67.599998,120.230003,23.030001,21.129999,0.4863,1.68,38.365002,33.294998,1.79
2016-11-07,1.01,18.71,0.41,2.66,-0.39221,134.910004,69.010002,107.839996,19.66,18.15,0.4863,1.71,39.25,34.294998,1.83
2016-11-08,1.01,18.74,0.41,2.62,-0.39221,135.600006,69.830002,108.669998,20.200001,18.1,0.4863,1.73,39.41,34.355,1.88
2016-11-09,1.17,14.38,0.41,2.66,-0.39221,134.610001,69.790001,96.139999,17.15,16.280001,0.4863,1.82,39.490002,34.080002,2.07
2016-11-10,1.23,14.74,0.41,2.6,-0.39221,127.0,69.139999,102.669998,19.07,16.75,0.4863,1.88,39.634998,33.445,2.15
2016-11-11,1.23,14.17,0.41,2.6,-0.40619,121.709999,69.849998,97.220001,18.950001,16.49,-0.0165,1.88,39.860001,34.279999,2.15
2016-11-14,1.23,14.48,0.41,2.6,-0.40619,122.709999,70.019997,98.220001,19.700001,16.700001,-0.0165,1.83,39.865002,33.91,2.23
2016-11-15,1.21,13.37,0.41,2.59,-0.40619,119.790001,71.029999,91.769997,17.6,15.75,-0.0165,1.82,40.02,34.474998,2.23
2016-11-16,1.22,13.72,0.41,2.55,-0.40619,123.769997,71.199997,92.449997,17.299999,16.07,-0.0165,1.83,40.240002,34.744999,2.22
2016-11-17,1.25,13.35,0.41,2.54,-0.40619,123.059998,72.080002,87.580002,16.02,15.64,-0.0165,1.87,40.724998,34.965,2.29
2016-11-18,1.27,12.85,0.41,2.52,-0.41904,126.379997,72.599998,86.400002,15.51,15.52,-0.0389,1.9,40.599998,35.165001,2.34
2016-11-21,1.25,12.42,0.41,2.52,-0.41904,124.010002,73.68,80.75,14.74,15.32,-0.0389,1.91,40.865002,35.395,2.33
2016-11-22,1.24,12.41,0.41,2.53,-0.41904,127.980003,74.400002,83.400002,14.28,15.35,-0.0389,1.9,41.349998,35.805,2.31
2016-11-23,1.24,12.43,0.41,2.49,-0.41904,125.330002,74.059998,82.449997,14.26,15.43,-0.0389,1.92,41.389999,35.75,2.36
2016-11-24,1.24,12.43,0.41,2.49,-0.41904,125.330002,74.059998,82.449997,14.26,15.43,-0.0389,1.92,41.389999,35.75,2.36
2016-11-25,1.24,12.34,0.41,2.48,-0.43039,126.269997,74.43,82.650002,14.39,15.51,-0.1223,1.89,41.490002,35.855,2.36
2016-11-28,1.21,13.15,0.41,2.47,-0.43039,125.75,74.529999,86.169998,15.12,16.02,-0.1223,1.85,41.16,35.764999,2.32
2016-11-29,1.21,12.9,0.41,2.46,-0.43039,128.309998,74.400002,86.279999,14.94,15.9,-0.1223,1.86,41.27,35.630001,2.3
2016-11-30,1.26,13.33,0.41,2.45,-0.43039,126.389999,73.93,88.989998,15.13,16.1,-0.1223,1.94,40.924999,35.529999,2.37
2016-12-01,1.31,14.07,0.54,2.42,-0.43039,128.369995,70.410004,97.790001,17.18,16.67,-0.1223,1.97,40.945,33.84,2.45
2016-12-02,1.29,14.12,0.54,2.42,-0.44036,128.990005,70.720001,98.07,16.99,16.780001,-0.013,1.91,40.720001,34.384998,2.4
2016-12-05,1.26,12.14,0.54,2.42,-0.44036,128.350006,70.510002,88.879997,15.87,15.77,-0.013,1.94,41.165001,34.73,2.39
2016-12-06,1.27,11.79,0.54,2.44,-0.44036,130.919998,71.370003,88.120003,15.26,15.48,-0.013,1.95,41.259998,35.110001,2.39
2016-12-07,1.24,12.22,0.54,2.44,-0.44036,123.610001,72.199997,89.110001,15.2,15.48,-0.013,1.92,42.060001,35.810001,2.34
2016-12-08,1.28,12.64,0.54,2.43,-0.44036,119.080002,72.129997,91.269997,14.82,15.72,-0.013,1.95,42.060001,36.025002,2.4
2016-12-09,1.32,11.75,0.54,2.43,-0.44928,119.510002,71.989998,89.400002,14.27,15.22,-0.2622,1.96,42.154999,35.84,2.47
2016-12-12,1.34,12.64,0.54,2.41,-0.44928,123.279999,71.730003,91.870003,13.87,15.73,-0.2622,1.98,41.805,35.689999,2.49
2016-12-13,1.31,12.72,0.54,2.39,-0.44928,119.339996,73.199997,93.32,14.33,15.7,-0.2622,1.95,42.18,36.325001,2.48
2016-12-14,1.27,13.19,0.54,2.32,-0.44928,125.43,72.5,96.82,14.53,15.87,-0.2622,1.94,41.895,35.935001,2.54
2016-12-15,1.31,12.79,0.54,2.24,-0.44928,129.440002,73.449997,93.080002,14.21,15.75,-0.2622,1.9,41.794998,36.509998,2.6
2016-12-16,1.32,12.2,0.54,2.28,-0.45625,131.949997,72.889999,93.790001,13.23,15.57,-0.1597,1.86,41.345001,36.040001,2.6
2016-12-19,1.3,11.71,0.54,2.28,-0.45625,130.470001,73.57,90.510002,13.11,15.31,-0.1597,1.86,41.455002,36.195,2.54
2016-12-20,1.32,11.45,0.54,2.28,-0.45625,122.089996,74.040001,88.260002,13.08,15.14,-0.1597,1.9,41.785,36.25,2.57
2016-12-21,1.34,11.27,0.54,2.26,-0.45625,124.900002,74.169998,87.970001,13.26,15.09,-0.1597,1.91,41.764999,36.215,2.55
2016-12-22,1.33,11.43,0.54,2.27,-0.45625,128.020004,74.199997,89.720001,13.42,15.29,-0.1597,1.95,41.314999,36.400002,2.55
2016-12-23,1.33,11.44,0.54,2.25,-0.4621,120.510002,74.379997,87.639999,13.24,15.25,-0.1059,1.97,41.224998,36.57,2.55
2016-12-26,1.33,11.44,0.54,2.25,-0.4621,120.510002,74.379997,87.639999,13.24,15.25,-0.1059,1.97,41.224998,36.57,2.55
2016-12-27,1.29,11.99,0.54,2.25,-0.4621,123.650002,74.870003,86.370003,14.24,15.36,-0.1059,1.99,41.384998,36.880001,2.57
2016-12-28,1.25,12.95,0.54,2.26,-0.4621,122.370003,74.050003,89.169998,15.4,15.93,-0.1059,1.95,41.099998,36.27,2.51
2016-12-29,1.27,13.37,0.54,2.27,-0.4621,124.57,74.150002,88.870003,15.56,16.16,-0.1059,1.94,41.044998,36.279999,2.49
2016-12-30,1.25,14.04,0.54,2.28,-0.4685,127.260002,72.970001,91.599998,16.68,16.540001,-0.0625,1.95,40.700001,35.82,2.45
2017-01-02,1.25,14.04,0.54,2.28,-0.4685,127.260002,72.970001,91.599998,16.68,16.540001,-0.0625,1.95,40.700001,35.82,2.45
2017-01-03,1.23,12.85,0.54,2.27,-0.4685,125.790001,73.580002,85.370003,16.059999,15.56,-0.0625,1.98,40.939999,35.880001,2.45
2017-01-04,1.22,11.85,0.54,2.25,-0.4685,124.400002,73.489998,82.269997,15.18,14.84,-0.0625,1.99,41.485001,35.994999,2.46
2017-01-05,1.2,11.67,0.54,2.25,-0.4685,128.210007,72.919998,81.330002,14.63,14.7,-0.0625,1.95,41.455002,35.785,2.37
2017-01-06,1.2,11.32,0.54,2.24,-0.4742,123.669998,74.150002,80.589996,13.85,14.56,-0.1053,1.96,41.66,35.970001,2.42
2017-01-09,1.17,11.56,0.54,2.24,-0.4742,122.589996,74.339996,83.470001,14.22,14.63,-0.1053,1.95,41.625,36.384998,2.38
2017-01-10,1.19,11.49,0.54,2.24,-0.4742,121.839996,74.599998,86.360001,14.13,14.66,-0.1053,1.95,41.775002,36.525002,2.38
2017-01-11,1.18,11.26,0.54,2.22,-0.4742,123.059998,75.199997,86.720001,13.94,14.47,-0.1053,1.99,41.865002,36.68,2.38
2017-01-12,1.18,11.54,0.54,2.25,-0.4742,126.220001,74.849998,90.440002,13.86,14.58,-0.1053,1.98,41.825001,36.07,2.36
2017-01-13,1.19,11.23,0.54,2.23,-0.47999,132.320007,75.0,92.900002,13.34,14.54,-0.1158,1.99,41.98,36.605,2.4
2017-01-16,1.19,11.23,0.54,2.23,-0.47999,132.320007,75.0,92.900002,13.34,14.54,-0.1158,1.99,41.98,36.605,2.4
2017-01-17,1.16,11.87,0.54,2.26,-0.47999,131.550003,74.489998,92.389999,13.88,14.89,-0.1158,1.97,42.049999,36.174999,2.33
2017-01-18,1.19,12.48,0.54,2.22,-0.47999,143.429993,74.379997,87.059998,13.51,14.94,-0.1158,2.0,41.974998,36.814999,2.42
2017-01-19,1.22,12.78,0.54,2.21,-0.47999,141.029999,73.879997,86.839996,14.06,15.02,-0.1158,2.04,41.845001,36.535,2.47
2017-01-20,1.28,11.54,0.54,2.21,-0.48482,146.330002,74.75,83.629997,13.04,14.49,-0.0931,2.04,41.965,36.884998,2.48
2017-01-23,1.25,11.77,0.54,2.21,-0.48482,137.779999,75.730003,84.510002,13.49,14.54,-0.0931,2.02,41.994999,36.560001,2.41
2017-01-24,1.26,11.07,0.54,2.22,-0.48482,138.160004,77.080002,79.050003,12.64,13.87,-0.0931,2.06,42.34,37.275002,2.47
2017-01-25,1.3,10.81,0.54,2.21,-0.48482,128.800003,78.580002,78.660004,12.65,13.61,-0.0931,2.08,42.599998,37.735001,2.53
2017-01-26,1.3,10.63,0.54,2.2,-0.48482,129.580002,79.260002,79.650002,12.64,13.63,-0.0931,2.08,42.665001,37.445,2.51
2017-01-27,1.27,10.58,0.54,2.19,-0.48848,129.949997,78.029999,83.629997,12.3,13.68,-0.2064,2.08,42.529999,37.924999,2.49
2017-01-30,1.27,11.88,0.54,2.21,-0.48848,134.320007,77.900002,92.040001,13.71,14.41,-0.2064,2.07,42.48,37.744999,2.49
2017-01-31,1.26,11.99,0.54,2.23,-0.48848,138.080002,75.540001,89.830002,14.29,14.48,-0.2064,2.05,42.415001,37.220001,2.45
2017-02-01,1.26,11.81,0.66,2.23,-0.48848,133.970001,76.269997,87.75,13.09,14.29,-0.2064,2.05,42.334999,37.599998,2.48
2017-02-02,1.27,11.93,0.66,2.23,-0.48848,136.649994,75.889999,89.730003,13.63,14.59,-0.2064,2.05,42.299999,37.639999,2.48
2017-02-03,1.28,10.97,0.66,2.24,-0.49085,133.25,76.5,88.970001,12.78,14.05,-0.1425,2.05,42.244999,37.805,2.49
2017-02-06,1.26,11.37,0.66,2.25,-0.49085,131.410004,76.220001,90.019997,13.01,14.24,-0.1425,2.02,42.119999,37.759998,2.42
2017-02-07,1.24,11.29,0.66,2.24,-0.49085,130.460007,76.18,89.610001,13.03,14.35,-0.1425,2.0,42.080002,37.919998,2.4
2017-02-08,1.19,11.45,0.66,2.25,-0.49085,134.009995,75.949997,94.580002,12.92,14.56,-0.1425,1.96,42.34,37.959999,2.34
2017-02-09,1.2,10.88,0.66,2.24,-0.49085,129.190002,75.300003,89.589996,12.65,14.17,-0.1425,1.99,42.605,37.630001,2.4
2017-02-10,1.21,10.85,0.66,2.23,-0.49212,130.470001,75.160004,85.769997,12.31,13.91,-0.1826,2.01,42.865002,37.669998,2.41
2017-02-13,1.23,11.07,0.66,2.23,-0.49212,130.100006,75.519997,80.839996,12.31,13.68,-0.1826,2.0,42.915001,38.165001,2.43
2017-02-14,1.22,10.74,0.66,2.21,-0.49212,133.660004,75.639999,78.349998,12.31,13.19,-0.1826,2.01,43.16,37.869999,2.47
2017-02-15,1.24,11.97,0.66,2.19,-0.49212,137.550003,75.669998,81.120003,12.31,13.41,-0.1826,2.06,43.384998,38.259998,2.51
2017-02-16,1.23,11.76,0.66,2.2,-0.49212,141.410004,76.25,79.660004,12.31,13.63,-0.1826,2.02,43.165001,38.404999,2.45
2017-02-17,1.21,11.49,0.66,2.21,-0.49154,141.130005,76.440002,81.25,12.31,13.72,-0.3045,2.01,43.305,38.544998,2.42
2017-02-20,1.21,11.49,0.66,2.21,-0.49154,141.130005,76.440002,81.25,12.31,13.72,-0.3045,2.01,43.305,38.544998,2.42
2017-02-21,1.21,11.57,0.66,2.2,-0.49154,136.929993,77.080002,82.449997,12.31,14.04,-0.3045,2.03,43.555,38.91,2.43
2017-02-22,1.2,11.74,0.66,2.21,-0.49154,138.240005,77.230003,81.529999,12.56,14.39,-0.3045,2.04,43.555,38.740002,2.42
2017-02-23,1.2,11.71,0.66,2.23,-0.49154,137.910004,77.139999,82.199997,13.29,14.74,-0.3045,2.03,43.259998,38.310001,2.38
2017-02-24,1.19,11.47,0.66,2.23,-0.48942,138.660004,77.239998,83.309998,12.75,14.76,-0.2306,2.0,43.459999,38.365002,2.31
2017-02-27,1.16,12.09,0.66,2.21,-0.48942,134.389999,77.190002,85.690002,13.19,14.91,-0.2306,2.01,43.509998,38.549999,2.36
2017-02-28,1.14,12.92,0.66,2.19,-0.48942,131.979996,76.620003,88.080002,13.6,15.28,-0.2306,2.02,43.185001,38.195,2.36
2017-03-01,1.17,12.54,0.79,2.18,-0.48942,132.160004,78.150002,84.029999,12.9,14.86,-0.2306,2.03,43.669998,38.639999,2.46
2017-03-02,1.17,11.81,0.79,2.16,-0.48942,133.360001,78.080002,83.610001,12.71,14.77,-0.2306,2.01,43.564999,38.299999,2.49
2017-03-03,1.17,10.96,0.79,2.16,-0.4875,136.100006,77.860001,81.190002,11.77,14.26,-0.3993,2.04,43.5,38.435001,2.49
2017-03-06,1.18,11.24,0.79,2.17,-0.4875,140.169998,78.309998,81.440002,12.19,14.34,-0.3993,2.01,43.360001,38.450001,2.49
2017-03-07,1.2,11.45,0.79,2.15,-0.4875,138.850006,79.120003,81.43,12.13,14.41,-0.3993,2.03,43.220001,38.544998,2.52
2017-03-08,1.21,11.86,0.79,2.15,-0.4875,139.630005,79.339996,82.5,12.25,14.54,-0.3993,2.01,43.400002,38.584999,2.57
2017-03-09,1.23,12.3,0.79,2.17,-0.4875,139.479996,79.129997,83.639999,12.47,14.78,-0.3993,2.0,43.360001,38.599998,2.6
2017-03-10,1.22,11.66,0.79,2.18,-0.48494,138.990005,80.330002,80.269997,11.9,14.38,-0.4138,2.01,43.424999,38.965,2.58
2017-03-13,1.22,11.35,0.79,2.17,-0.48494,145.75,81.019997,81.57,11.19,14.36,-0.4138,2.01,43.540001,39.154999,2.62
2017-03-14,1.2,12.3,0.79,2.18,-0.48494,146.110001,81.089996,85.879997,11.7,14.63,-0.4138,1.99,43.529999,39.014999,2.6
2017-03-15,1.18,11.63,0.79,2.2,-0.48494,147.199997,81.82,80.760002,11.28,14.2,-0.4138,2.01,43.759998,39.369999,2.51
2017-03-16,1.18,11.21,0.79,2.21,-0.48494,149.490005,81.709999,75.959999,10.96,13.78,-0.4138,2.02,43.755001,39.400002,2.53
2017-03-17,1.17,11.28,0.79,2.22,-0.48259,154.339996,82.199997,78.660004,10.57,13.92,-0.3733,2.01,43.68,39.505001,2.5
2017-03-20,1.17,11.34,0.79,2.23,-0.48259,152.929993,81.589996,77.160004,10.31,13.9,-0.3733,2.0,43.575001,39.755001,2.47
2017-03-21,1.16,12.47,0.79,2.23,-0.48259,141.020004,79.75,83.019997,12.5,14.62,-0.3733,1.98,43.025002,38.994999,2.43
2017-03-22,1.13,12.81,0.79,2.23,-0.48259,136.070007,80.690002,83.800003,12.78,14.68,-0.3733,1.97,43.075001,39.375,2.4
2017-03-23,1.15,13.12,0.79,2.24,-0.48259,132.539993,80.669998,88.93,13.7,14.91,-0.3733,1.95,43.174999,39.255001,2.41
2017-03-24,1.14,12.96,0.79,2.22,-0.48108,136.619995,80.589996,89.739998,12.66,14.55,-0.2487,1.98,43.279999,39.564999,2.4
2017-03-27,1.11,12.5,0.79,2.23,-0.48108,135.369995,80.529999,84.860001,12.78,14.23,-0.2487,1.97,43.264999,39.744999,2.38
2017-03-28,1.12,11.53,0.79,2.22,-0.48108,134.429993,80.610001,79.269997,12.12,13.68,-0.2487,1.97,43.595001,39.82,2.42
2017-03-29,1.13,11.42,0.79,2.23,-0.48108,132.369995,80.489998,78.260002,11.53,13.43,-0.2487,1.98,43.855,39.66,2.39
2017-03-30,1.14,11.54,0.79,2.23,-0.48108,138.839996,81.040001,77.870003,11.54,13.37,-0.2487,1.96,43.970001,39.860001,2.42
2017-03-31,1.13,12.37,0.79,2.24,-0.48244,138.309998,80.559998,78.309998,11.75,13.6,-0.4175,1.97,43.974998,39.855,2.4
2017-04-03,1.11,12.38,0.79,2.26,-0.48244,135.229996,80.360001,82.959999,12.37,13.67,-0.4175,1.96,43.799999,39.759998,2.35
2017-04-04,1.11,11.79,0.79,2.26,-0.48244,132.279999,80.599998,79.669998,12.15,13.37,-0.4175,1.96,43.73,39.619999,2.36
2017-04-05,1.1,12.89,0.79,2.29,-0.48244,130.910004,80.080002,86.589996,13.14,14.12,-0.4175,1.97,43.625,39.384998,2.34
2017-04-06,1.1,12.39,0.79,2.27,-0.48244,131.270004,80.099998,83.910004,12.73,13.66,-0.4175,1.95,43.759998,39.404999,2.34
2017-04-07,1.09,12.87,0.79,2.24,-0.48577,132.699997,80.529999,89.389999,13.49,14.06,-0.3898,1.94,43.630001,39.560001,2.38
2017-04-10,1.08,14.05,0.79,2.24,-0.48577,132.860001,80.129997,97.900002,14.22,14.58,-0.3898,1.93,43.790001,39.209999,2.37
2017-04-11,1.08,15.07,0.79,2.24,-0.48577,136.660004,79.410004,103.739998,15.13,15.16,-0.3898,1.91,43.755001,38.915001,2.32
2017-04-12,1.04,15.77,0.79,2.28,-0.48577,131.929993,78.480003,111.529999,15.56,15.28,-0.3898,1.9,43.580002,38.41,2.28
2017-04-13,1.03,15.96,0.79,2.28,-0.48577,134.360001,77.839996,115.540001,15.9,15.75,-0.3898,1.92,43.275002,38.125,2.24
2017-04-14,1.03,15.96,0.79,2.28,-0.49148,134.360001,77.839996,115.540001,15.9,15.75,-0.2633,1.92,43.275002,38.125,2.24
2017-04-17,1.05,14.66,0.79,2.29,-0.49148,139.630005,78.720001,101.489998,15.24,14.86,-0.2633,1.88,43.720001,38.540001,2.26
2017-04-18,1.0,14.42,0.79,2.29,-0.49148,137.199997,79.610001,99.519997,15.47,14.76,-0.2633,1.85,43.724998,38.695,2.18
2017-04-19,1.02,14.93,0.79,2.29,-0.49148,140.199997,79.370003,97.889999,15.47,15.08,-0.2633,1.85,43.764999,38.904999,2.21
2017-04-20,1.03,14.15,0.79,2.28,-0.49148,146.850006,80.760002,94.529999,14.46,14.53,-0.2633,1.85,44.224998,39.465,2.24
2017-04-21,1.04,14.63,0.79,2.29,-0.49923,148.419998,79.809998,95.410004,14.87,14.75,-0.2617,1.84,44.125,39.305,2.24
2017-04-24,1.03,10.84,0.79,2.28,-0.49923,144.449997,81.080002,78.169998,12.06,12.9,-0.2617,1.87,44.41,39.875,2.28
2017-04-25,1.06,10.76,0.79,2.26,-0.49923,139.039993,82.360001,75.639999,12.01,12.85,-0.2617,1.91,44.759998,40.275002,2.35
2017-04-26,1.04,10.85,0.79,2.27,-0.49923,142.130005,81.110001,76.639999,11.95,12.98,-0.2617,1.9,44.970001,39.970001,2.32
2017-04-27,1.05,10.36,0.79,2.28,-0.49923,142.550003,80.800003,76.660004,11.11,12.8,-0.2617,1.91,45.209999,40.505001,2.3
2017-04-28,1.01,10.82,0.79,2.28,-0.50935,146.979996,79.18,77.089996,11.53,12.93,-0.5881,1.92,45.029999,39.849998,2.29
2017-05-01,1.05,10.11,0.91,2.29,-0.50935,128.460007,79.290001,78.330002,12.2,12.63,-0.5881,1.92,45.09,40.264999,2.33
2017-05-02,1.02,10.59,0.91,2.3,-0.50935,127.489998,79.25,79.330002,12.95,12.83,-0.5881,1.88,45.139999,40.049999,2.29
2017-05-03,1.03,10.68,0.91,2.23,-0.50935,129.389999,79.769997,78.769997,11.98,13.09,-0.5881,1.87,44.875,40.279999,2.33
2017-05-04,1.04,10.46,0.91,2.25,-0.50935,130.479996,79.300003,78.0,12.18,12.83,-0.5881,1.86,44.805,40.240002,2.36
2017-05-05,1.04,10.57,0.91,2.24,-0.51946,131.360001,79.629997,80.650002,12.31,12.85,-0.5099,1.86,45.084999,40.400002,2.36
2017-05-08,1.06,9.77,0.91,2.23,-0.51946,128.119995,79.459999,81.379997,11.86,12.59,-0.5099,1.86,45.169998,40.299999,2.39
2017-05-09,1.05,9.96,0.91,2.22,-0.51946,128.279999,79.449997,83.629997,12.67,12.71,-0.5099,1.86,45.43,40.705002,2.42
2017-05-10,1.06,10.21,0.91,2.22,-0.51946,128.270004,80.489998,87.489998,12.34,12.91,-0.5099,1.85,45.275002,41.220001,2.41
2017-05-11,1.04,10.6,0.91,2.24,-0.51946,128.210007,80.400002,86.510002,12.76,13.01,-0.5099,1.88,45.005001,41.310001,2.39
2017-05-12,1.04,10.4,0.91,2.25,-0.52944,129.649994,80.690002,82.5,12.3,12.97,-0.6164,1.84,44.939999,41.424999,2.33
2017-05-15,1.03,10.42,0.91,2.25,-0.52944,129.440002,81.550003,79.529999,12.03,12.78,-0.6164,1.82,44.950001,41.884998,2.34
2017-05-16,1.04,10.65,0.91,2.24,-0.52944,131.240005,82.269997,76.760002,11.59,12.65,-0.6164,1.82,44.794998,42.384998,2.33
2017-05-17,0.96,15.59,0.91,2.26,-0.52944,133.509995,78.68,111.480003,16.459999,15.6,-0.6164,1.78,44.07,40.790001,2.22
2017-05-18,0.96,14.66,0.91,2.26,-0.52944,137.009995,79.230003,104.120003,15.66,14.97,-0.6164,1.8,44.325001,41.395,2.23
2017-05-19,0.95,12.04,0.91,2.26,-0.53829,131.389999,80.300003,87.209999,13.86,13.49,-0.4821,1.82,44.625,41.875,2.23
2017-05-22,0.96,10.93,0.91,2.24,-0.53829,128.570007,80.370003,83.470001,12.88,12.96,-0.4821,1.82,44.849998,42.275002,2.25
2017-05-23,0.98,10.72,0.91,2.22,-0.53829,124.540001,79.690002,84.190002,12.75,12.9,-0.4821,1.83,44.68,42.185001,2.29
2017-05-24,0.97,10.02,0.91,2.25,-0.53829,123.110001,80.050003,81.910004,12.37,12.59,-0.4821,1.81,44.84,42.369999,2.26
2017-05-25,0.95,9.99,0.91,2.24,-0.53829,123.650002,80.790001,82.199997,12.58,12.51,-0.4821,1.8,45.235001,42.66,2.25
2017-05-26,0.95,9.81,0.91,2.24,-0.54737,125.410004,81.120003,81.809998,12.26,12.44,-0.6633,1.81,45.369999,42.740002,2.25
2017-05-29,0.95,9.81,0.91,2.24,-0.54737,125.410004,81.120003,81.809998,12.26,12.44,-0.6633,1.81,45.369999,42.740002,2.25
2017-05-30,0.93,10.38,0.91,2.25,-0.54737,125.370003,81.970001,84.300003,12.9,12.74,-0.6633,1.81,45.404999,43.044998,2.21
2017-05-31,0.93,10.41,0.91,2.23,-0.54737,125.110001,82.489998,84.519997,12.94,12.63,-0.6633,1.81,45.525002,42.994999,2.21
2017-06-01,0.93,9.89,1.04,2.24,-0.54737,124.550003,81.489998,83.830002,12.69,12.42,-0.6633,1.81,45.955002,43.075001,2.21
2017-06-02,0.87,9.75,1.04,2.24,-0.55458,124.230003,81.629997,83.620003,12.91,12.46,-0.6317,1.79,46.119999,43.41,2.15
2017-06-05,0.86,10.07,1.04,2.24,-0.55458,125.050003,81.889999,86.080002,13.2,12.85,-0.6317,1.79,45.994999,43.525002,2.18
2017-06-06,0.84,10.45,1.04,2.25,-0.55458,125.720001,82.220001,89.150002,13.96,13.08,-0.6317,1.77,45.599998,43.625,2.14
2017-06-07,0.86,10.39,1.04,2.23,-0.55458,125.980003,82.889999,88.220001,14.05,13.09,-0.6317,1.78,45.68,43.950001,2.18
2017-06-08,0.86,10.16,1.04,2.23,-0.55458,127.089996,84.339996,83.279999,13.66,12.76,-0.6317,1.78,45.384998,44.529999,2.19
2017-06-09,0.86,10.7,1.04,2.21,-0.56038,131.259995,80.900002,87.410004,18.129999,12.96,-0.72,1.78,45.185001,42.845001,2.21
2017-06-12,0.86,11.46,1.04,2.22,-0.56038,136.860001,81.050003,91.209999,16.98,13.3,-0.72,1.75,45.16,42.584999,2.21
2017-06-13,0.83,10.42,1.04,2.21,-0.56038,136.410004,80.989998,86.660004,15.1,12.73,-0.72,1.75,45.439999,42.860001,2.21
2017-06-14,0.8,10.64,1.04,2.19,-0.56038,135.889999,80.160004,89.970001,16.01,12.77,-0.72,1.71,45.415001,42.490002,2.15
2017-06-15,0.81,10.9,1.04,2.18,-0.56038,134.119995,80.080002,89.949997,16.200001,12.91,-0.72,1.67,45.224998,42.099998,2.16
2017-06-16,0.84,10.38,1.04,2.19,-0.56477,135.020004,79.699997,87.0,16.299999,12.71,-0.7166,1.67,45.075001,42.075001,2.16
2017-06-19,0.83,10.37,1.04,2.17,-0.56477,138.770004,81.419998,85.269997,14.6,12.4,-0.7166,1.67,45.419998,42.82,2.19
2017-06-20,0.8,10.86,1.04,2.16,-0.56477,133.369995,79.57,89.190002,15.29,12.69,-0.7166,1.66,44.849998,42.285,2.16
2017-06-21,0.8,10.75,1.04,2.15,-0.56477,129.889999,79.669998,88.07,14.76,12.76,-0.7166,1.66,44.919998,42.77,2.16
2017-06-22,0.81,10.48,1.04,2.16,-0.56477,130.860001,79.050003,86.379997,14.8,12.62,-0.7166,1.69,44.814999,42.66,2.15
2017-06-23,0.81,10.02,1.04,2.15,-0.56778,132.759995,79.580002,84.519997,14.47,12.36,-0.4879,1.7,44.759998,42.834999,2.15
2017-06-26,0.78,9.9,1.04,2.15,-0.56778,128.600006,78.309998,81.940002,15.44,12.27,-0.4879,1.71,44.919998,42.669998,2.14
2017-06-27,0.83,11.06,1.04,2.12,-0.56778,125.459999,76.949997,87.300003,17.26,12.96,-0.4879,1.71,44.564999,41.450001,2.21
2017-06-28,0.88,10.03,1.04,2.14,-0.56778,126.949997,78.059998,84.239998,16.049999,12.4,-0.4879,1.73,45.014999,42.049999,2.22
2017-06-29,0.89,11.44,1.04,2.11,-0.56778,129.149994,76.900002,93.779999,18.43,13.15,-0.4879,1.72,44.580002,41.105,2.27
2017-06-30,0.93,11.18,1.04,2.09,-0.57102,129.509995,76.93,90.43,17.610001,13.14,-0.5664,1.73,44.814999,40.93,2.31
2017-07-03,0.94,11.22,1.04,2.07,-0.57102,126.629997,76.410004,93.309998,18.74,13.31,-0.5664,1.75,44.77,40.459999,2.35
2017-07-04,0.94,11.22,1.04,2.07,-0.57102,126.629997,76.410004,93.309998,18.74,13.31,-0.5664,1.75,44.77,40.459999,2.35
2017-07-05,0.92,11.07,1.04,2.08,-0.57102,128.669998,76.910004,91.980003,17.26,13.31,-0.5664,1.75,44.66,41.23,2.33
2017-07-06,0.97,12.54,1.04,2.07,-0.57102,127.25,76.860001,100.209999,18.0,14.11,-0.5664,1.76,44.205002,41.055,2.37
2017-07-07,0.99,11.19,1.04,2.08,-0.5741,131.580002,78.480003,92.5,16.809999,13.52,-0.598,1.73,44.599998,41.605,2.39
2017-07-10,0.98,11.11,1.04,2.08,-0.5741,133.399994,78.779999,89.690002,16.700001,13.35,-0.598,1.72,44.695,42.035,2.38
2017-07-11,1.0,10.89,1.04,2.08,-0.5741,132.75,79.040001,88.230003,16.42,13.16,-0.598,1.75,44.605,42.369999,2.37
2017-07-12,0.98,10.3,1.04,2.09,-0.5741,134.949997,80.519997,88.190002,15.1,12.78,-0.598,1.76,44.945,42.98,2.33
2017-07-13,0.98,9.9,1.04,2.09,-0.5741,138.350006,80.540001,85.68,14.62,12.55,-0.598,1.77,44.950001,42.880001,2.35
2017-07-14,0.98,9.51,1.04,2.09,-0.57736,137.710007,82.0,82.199997,13.8,12.23,-0.5748,1.76,45.095001,43.41,2.33
2017-07-17,0.95,9.82,1.04,2.09,-0.57736,139.869995,81.660004,80.269997,14.5,12.28,-0.5748,1.77,45.205002,43.290001,2.31
2017-07-18,0.91,9.89,1.04,2.08,-0.57736,137.529999,82.160004,79.139999,13.9,12.25,-0.5748,1.76,45.41,43.455002,2.27
2017-07-19,0.9,9.79,1.04,2.07,-0.57736,136.880005,82.160004,77.959999,13.95,12.0,-0.5748,1.76,45.630001,43.884998,2.27
2017-07-20,0.9,9.58,1.04,2.05,-0.57736,130.880005,82.690002,76.260002,14.36,12.04,-0.5748,1.77,45.535,43.98,2.27
2017-07-21,0.88,9.36,1.04,2.05,-0.5796,134.529999,81.699997,77.860001,14.36,12.06,-0.6957,1.76,45.564999,43.735001,2.24
2017-07-24,0.89,9.43,1.04,2.06,-0.5796,132.669998,80.919998,78.239998,14.59,12.04,-0.6957,1.78,45.41,43.595001,2.26
2017-07-25,0.93,9.43,1.04,2.05,-0.5796,135.610001,81.389999,79.169998,13.82,12.05,-0.6957,1.81,45.73,43.474998,2.33
2017-07-26,0.93,9.6,1.04,2.07,-0.5796,135.610001,82.529999,82.339996,13.89,12.11,-0.6957,1.8,45.709999,43.935001,2.29
2017-07-27,0.96,10.11,1.04,2.07,-0.5796,140.809998,80.970001,86.870003,15.89,12.42,-0.6957,1.83,46.044998,43.380001,2.32
2017-07-28,0.96,10.29,1.04,2.05,-0.57926,139.910004,80.709999,87.199997,15.91,12.58,-0.7277,1.83,45.695,43.174999,2.3
2017-07-31,0.96,10.26,1.04,2.06,-0.57926,139.820007,81.379997,86.760002,15.87,12.47,-0.7277,1.82,45.68,42.919998,2.3
2017-08-01,0.92,10.09,1.16,2.06,-0.57926,138.720001,81.709999,84.550003,14.83,12.4,-0.7277,1.79,45.759998,43.105,2.26
2017-08-02,0.91,10.28,1.16,2.05,-0.57926,142.020004,81.309998,86.889999,14.61,12.56,-0.7277,1.79,45.634998,42.869999,2.27
2017-08-03,0.9,10.44,1.16,2.05,-0.57926,138.320007,81.360001,87.660004,14.69,12.74,-0.7277,1.78,45.509998,42.720001,2.24
2017-08-04,0.91,10.03,1.16,2.05,-0.57618,139.809998,81.43,87.389999,14.09,12.75,-0.6302,1.8,45.514999,42.845001,2.27
2017-08-07,0.9,9.93,1.16,2.06,-0.57618,138.910004,82.169998,90.010002,14.21,12.66,-0.6302,1.8,45.619999,43.599998,2.26
2017-08-08,0.93,10.96,1.16,2.07,-0.57618,140.050003,82.449997,98.68,15.23,13.2,-0.6302,1.83,45.645,43.470001,2.29
2017-08-09,0.91,11.11,1.16,2.09,-0.57618,141.199997,82.279999,106.769997,15.43,13.49,-0.6302,1.82,45.380001,43.384998,2.24
2017-08-10,0.87,16.04,1.16,2.11,-0.57618,136.479996,80.360001,135.320007,19.059999,16.209999,-0.6302,1.8,44.700001,42.195,2.2
2017-08-11,0.89,15.51,1.16,2.12,-0.57091,135.429993,80.889999,127.43,17.77,16.389999,-0.4694,1.79,44.93,42.584999,2.19
2017-08-14,0.89,12.33,1.16,2.11,-0.57091,142.070007,82.050003,100.599998,15.06,13.92,-0.4694,1.77,45.25,43.424999,2.22
2017-08-15,0.92,12.04,1.16,2.09,-0.57091,143.229996,81.949997,96.709999,14.36,13.9,-0.4694,1.78,44.834999,43.584999,2.27
2017-08-16,0.9,11.74,1.16,2.09,-0.57091,143.229996,82.459999,94.82,14.22,13.58,-0.4694,1.78,45.064999,43.674999,2.23
2017-08-17,0.87,15.55,1.16,2.11,-0.57091,142.729996,80.150002,117.769997,18.6,16.139999,-0.4694,1.77,44.345001,42.639999,2.19
2017-08-18,0.86,14.26,1.16,2.12,-0.56548,128.860001,79.970001,114.389999,17.85,15.65,-0.4475,1.76,44.125,42.735001,2.19
2017-08-21,0.86,13.19,1.16,2.12,-0.56548,131.610001,79.889999,101.389999,17.370001,14.99,-0.4475,1.75,44.205002,42.575001,2.18
2017-08-22,0.89,11.35,1.16,2.1,-0.56548,135.720001,80.75,92.699997,15.21,13.63,-0.4475,1.77,44.68,43.145,2.22
2017-08-23,0.85,12.25,1.16,2.12,-0.56548,129.979996,80.889999,98.959999,15.8,14.33,-0.4475,1.75,44.299999,43.235001,2.17
2017-08-24,0.86,12.23,1.16,2.12,-0.56548,129.949997,81.25,100.260002,15.97,14.39,-0.4475,1.75,44.205002,43.23,2.19
2017-08-25,0.82,11.28,1.16,2.12,-0.56144,130.160004,80.980003,95.529999,15.52,13.99,-0.4705,1.75,44.314999,43.095001,2.17
2017-08-28,0.83,11.32,1.16,2.13,-0.56144,128.320007,80.760002,96.419998,15.18,13.99,-0.4705,1.75,44.34,43.220001,2.16
2017-08-29,0.8,11.7,1.16,2.15,-0.56144,131.479996,81.029999,98.790001,15.98,14.12,-0.4705,1.74,44.299999,43.34,2.13
2017-08-30,0.82,11.22,1.16,2.14,-0.56144,130.529999,82.309998,98.900002,15.12,14.14,-0.4705,1.76,44.619999,43.945,2.15
2017-08-31,0.79,10.59,1.16,2.14,-0.56144,134.0,82.82,94.860001,14.33,13.8,-0.4705,1.76,44.830002,44.290001,2.12
2017-09-01,0.81,10.13,1.15,2.15,-0.55932,134.850006,82.540001,93.599998,14.1,13.59,-0.5183,1.79,45.035,44.5,2.16
2017-09-04,0.81,10.13,1.15,2.15,-0.55932,134.850006,82.540001,93.599998,14.1,13.59,-0.5183,1.79,45.035,44.5,2.16
2017-09-05,0.77,12.23,1.15,2.16,-0.55932,133.479996,81.849998,102.660004,16.129999,14.58,-0.5183,1.77,44.849998,43.935001,2.07
2017-09-06,0.8,11.63,1.15,2.17,-0.55932,136.479996,82.07,99.610001,15.56,14.4,-0.5183,1.78,45.130001,44.09,2.1
2017-09-07,0.78,11.55,1.15,2.17,-0.55932,135.389999,82.0,96.290001,15.4,14.32,-0.5183,1.79,44.740002,44.259998,2.05
2017-09-08,0.79,12.12,1.15,2.17,-0.55904,130.570007,81.379997,100.120003,16.07,14.69,-0.434,1.81,44.584999,43.779999,2.06
2017-09-11,0.82,10.73,1.15,2.15,-0.55904,136.960007,82.220001,93.660004,14.07,13.86,-0.434,1.83,44.82,44.575001,2.14
2017-09-12,0.84,10.58,1.15,2.16,-0.55904,139.600006,82.889999,92.389999,13.37,13.56,-0.434,1.84,45.02,44.744999,2.17
2017-09-13,0.85,10.5,1.15,2.13,-0.55904,142.740005,82.699997,90.889999,12.8,13.23,-0.434,1.85,45.345001,44.755001,2.2
2017-09-14,0.83,10.44,1.15,2.11,-0.55904,142.740005,83.290001,92.089996,13.4,13.16,-0.434,1.85,45.099998,44.950001,2.2
2017-09-15,0.81,10.17,1.15,2.1,-0.56198,144.539993,84.839996,90.629997,12.51,12.96,-0.678,1.85,44.814999,45.544998,2.2
2017-09-18,0.83,10.15,1.15,2.1,-0.56198,143.649994,86.139999,90.459999,13.61,12.69,-0.678,1.87,44.66,46.18,2.23
2017-09-19,0.84,10.18,1.15,2.09,-0.56198,142.639999,86.809998,91.220001,13.3,12.73,-0.678,1.87,44.619999,46.299999,2.24
2017-09-20,0.83,9.78,1.15,2.06,-0.56198,138.940002,85.830002,90.910004,13.42,12.66,-0.678,1.85,44.77,45.685001,2.28
2017-09-21,0.82,9.67,1.15,2.05,-0.56198,137.869995,86.050003,92.32,13.71,12.66,-0.678,1.83,44.695,45.599998,2.27
2017-09-22,0.8,9.59,1.15,2.05,-0.56646,137.5,88.269997,93.290001,13.81,12.85,-0.7191,1.84,44.77,45.785,2.26
2017-09-25,0.78,10.21,1.15,2.06,-0.56646,135.070007,87.5,96.400002,15.65,13.06,-0.7191,1.84,44.674999,44.865002,2.22
2017-09-26,0.79,10.17,1.15,2.04,-0.56646,134.25,87.699997,94.809998,15.28,13.02,-0.7191,1.84,44.68,44.919998,2.24
2017-09-27,0.84,9.87,1.15,2.06,-0.56646,129.490005,88.809998,95.360001,15.32,12.91,-0.7191,1.87,44.924999,45.935001,2.31
2017-09-28,0.86,9.55,1.15,2.05,-0.56646,132.990005,89.650002,94.099998,14.98,12.76,-0.7191,1.87,44.869999,46.23,2.31
2017-09-29,0.86,9.51,1.15,2.0,-0.57202,137.75,89.639999,93.139999,13.85,12.49,-0.6698,1.84,45.040001,46.66,2.33
2017-10-02,0.85,9.45,1.15,1.99,-0.57202,138.020004,89.650002,92.480003,13.88,12.36,-0.6698,1.83,45.125,46.970001,2.34
2017-10-03,0.86,9.51,1.15,2.0,-0.57202,137.149994,89.940002,91.589996,13.62,12.31,-0.6698,1.84,45.314999,47.125,2.33
2017-10-04,0.86,9.63,1.15,2.01,-0.57202,144.190002,90.489998,92.120003,13.45,12.38,-0.6698,1.85,45.549999,47.195,2.33
2017-10-05,0.86,9.19,1.15,2.0,-0.57202,140.330002,91.139999,91.790001,12.88,12.18,-0.6698,1.86,45.805,47.244999,2.35
2017-10-06,0.83,9.65,1.15,1.98,-0.57897,140.350006,91.349998,97.089996,13.33,12.44,-0.7142,1.87,45.860001,47.435001,2.37
2017-10-09,0.83,10.33,1.15,1.98,-0.57897,139.830002,91.580002,101.830002,14.04,12.73,-0.7142,1.87,45.715,47.779999,2.37
2017-10-10,0.84,10.08,1.15,1.97,-0.57897,139.240005,92.379997,97.330002,14.29,12.47,-0.7142,1.88,45.669998,48.025002,2.35
2017-10-11,0.84,9.85,1.15,1.97,-0.57897,138.740005,92.870003,99.220001,14.09,12.24,-0.7142,1.89,45.695,48.365002,2.35
2017-10-12,0.82,9.91,1.15,1.97,-0.57897,136.360001,92.620003,97.769997,14.33,12.26,-0.7142,1.89,45.389999,48.264999,2.33
2017-10-13,0.77,9.61,1.15,1.97,-0.58614,138.279999,93.589996,97.800003,13.97,11.98,-0.6779,1.85,45.610001,48.595001,2.28
2017-10-16,0.76,9.91,1.15,1.97,-0.58614,147.529999,94.230003,97.650002,14.49,11.94,-0.6779,1.84,45.669998,48.855,2.3
2017-10-17,0.76,10.31,1.15,1.95,-0.58614,150.119995,94.269997,98.739998,14.4,12.05,-0.6779,1.82,45.695,48.845001,2.3
2017-10-18,0.75,10.07,1.15,1.95,-0.58614,147.949997,93.43,94.339996,14.32,11.92,-0.6779,1.84,45.57,49.025002,2.34
2017-10-19,0.75,10.05,1.15,1.94,-0.58614,146.160004,93.449997,93.330002,14.64,11.96,-0.6779,1.84,45.57,48.924999,2.33
2017-10-20,0.79,9.97,1.15,1.94,-0.59304,148.809998,95.18,90.529999,14.32,11.85,-0.7457,1.87,45.68,49.189999,2.39
2017-10-23,0.8,11.07,1.15,1.94,-0.59304,142.460007,96.209999,97.089996,15.74,12.55,-0.7457,1.86,45.369999,49.375,2.38
2017-10-24,0.82,11.16,1.15,1.92,-0.59304,142.149994,96.440002,98.43,15.51,12.67,-0.7457,1.87,45.48,49.674999,2.42
2017-10-25,0.83,11.23,1.15,1.93,-0.59304,138.0,95.82,100.160004,16.309999,12.95,-0.7457,1.88,45.305,49.044998,2.44
2017-10-26,0.83,11.3,1.15,1.91,-0.59304,135.360001,96.150002,97.730003,15.82,12.93,-0.7457,1.89,45.465,49.310001,2.46
2017-10-27,0.83,9.8,1.15,1.93,-0.59847,135.699997,97.5,92.779999,14.3,12.23,-0.7489,1.88,46.200001,50.299999,2.42
2017-10-30,0.79,10.5,1.15,1.92,-0.59847,132.539993,96.059998,95.190002,15.05,12.57,-0.7489,1.87,45.990002,50.32,2.37
2017-10-31,0.78,10.18,1.15,1.91,-0.59847,131.809998,96.690002,92.010002,15.06,12.38,-0.7489,1.88,45.994999,50.805,2.38
2017-11-01,0.76,10.2,1.16,1.92,-0.59847,129.050003,96.349998,92.0,14.95,12.57,-0.7489,1.88,46.009998,50.669998,2.37
2017-11-02,0.74,9.93,1.16,1.91,-0.59847,128.970001,96.790001,91.480003,14.7,12.68,-0.7489,1.87,45.665001,50.91,2.35
2017-11-03,0.71,9.14,1.16,1.91,-0.6027,130.339996,97.980003,89.68,13.9,12.42,-0.7126,1.86,45.849998,51.470001,2.34
2017-11-06,0.71,9.4,1.16,1.92,-0.6027,130.520004,98.540001,91.25,13.9,12.57,-0.7126,1.86,46.185001,52.134998,2.32
2017-11-07,0.69,9.89,1.16,1.9,-0.6027,129.149994,98.400002,93.449997,14.12,12.76,-0.7126,1.88,45.91,52.029999,2.32
2017-11-08,0.67,9.78,1.16,1.92,-0.6027,131.5,98.440002,97.739998,14.06,12.88,-0.7126,1.87,45.959999,52.150002,2.32
2017-11-09,0.7,10.5,1.16,1.93,-0.6027,128.949997,97.050003,98.82,15.04,13.14,-0.7126,1.87,46.029999,51.134998,2.33
2017-11-10,0.73,11.29,1.16,1.93,-0.60485,130.559998,96.940002,104.760002,15.03,13.61,-0.6836,1.88,46.185001,51.43,2.4
2017-11-13,0.7,11.5,1.16,1.93,-0.60485,129.75,97.029999,106.300003,14.84,13.75,-0.6836,1.88,46.34,51.645,2.4
2017-11-14,0.7,11.59,1.16,1.93,-0.60485,130.149994,96.959999,103.18,15.0,13.93,-0.6836,1.87,46.380001,51.645,2.38
2017-11-15,0.65,13.13,1.16,1.95,-0.60485,135.210007,96.769997,106.269997,16.09,14.66,-0.6836,1.85,46.18,51.165001,2.33
2017-11-16,0.65,11.76,1.16,1.92,-0.60485,136.300003,98.32,100.150002,14.31,13.96,-0.6836,1.84,46.564999,52.435001,2.37
2017-11-17,0.62,11.43,1.16,1.93,-0.60594,137.190002,97.739998,97.120003,13.79,13.8,-0.679,1.86,46.77,51.625,2.35
2017-11-20,0.6,10.65,1.16,1.91,-0.60594,135.830002,98.279999,93.760002,13.82,13.28,-0.679,1.85,46.860001,52.25,2.37
2017-11-21,0.59,9.73,1.16,1.88,-0.60594,133.559998,99.190002,89.269997,12.78,12.55,-0.679,1.84,47.150002,52.785,2.36
2017-11-22,0.58,9.88,1.16,1.91,-0.60594,132.520004,98.080002,86.419998,12.74,12.44,-0.679,1.84,47.195,52.439999,2.32
2017-11-23,0.58,9.88,1.16,1.91,-0.60594,132.520004,98.080002,86.419998,12.74,12.44,-0.679,1.84,47.195,52.439999,2.32
2017-11-24,0.59,9.67,1.16,1.9,-0.60684,130.979996,99.300003,86.32,12.38,12.42,-0.8343,1.84,47.314999,52.884998,2.34
2017-11-27,0.58,9.87,1.16,1.93,-0.60684,130.179993,98.629997,86.580002,13.04,12.57,-0.8343,1.83,47.349998,52.064999,2.32
2017-11-28,0.59,10.03,1.16,1.91,-0.60684,124.080002,99.480003,85.730003,13.41,12.27,-0.8343,1.84,47.875,52.02,2.34
2017-11-29,0.59,10.7,1.16,1.92,-0.60684,126.279999,96.879997,89.57,16.379999,12.82,-0.8343,1.84,48.080002,49.814999,2.37
2017-11-30,0.64,11.28,1.16,1.88,-0.60684,128.899994,97.290001,89.940002,15.93,13.04,-0.8343,1.86,48.325001,50.125,2.42
2017-12-01,0.59,11.43,1.3,1.87,-0.60791,128.830002,97.18,95.029999,16.57,13.28,-0.7892,1.86,48.305,49.689999,2.37
2017-12-04,0.57,11.68,1.3,1.87,-0.60791,132.139999,95.970001,97.57,18.030001,13.55,-0.7892,1.87,48.865002,48.634998,2.37
2017-12-05,0.53,11.33,1.3,1.84,-0.60791,132.070007,96.900002,97.949997,17.120001,13.54,-0.7892,1.86,48.584999,48.634998,2.36
2017-12-06,0.55,11.02,1.3,1.86,-0.60791,130.979996,97.019997,98.169998,16.709999,13.45,-0.7892,1.86,48.27,48.744999,2.33
2017-12-07,0.57,10.16,1.3,1.88,-0.60791,130.839996,97.779999,95.830002,15.86,12.93,-0.7892,1.87,48.395,49.224998,2.37
2017-12-08,0.58,9.58,1.3,1.87,-0.60917,132.539993,98.019997,91.889999,14.42,12.46,-0.7192,1.88,48.625,49.0,2.38
2017-12-11,0.57,9.34,1.3,1.85,-0.60917,133.979996,98.830002,92.059998,12.59,12.28,-0.7192,1.88,48.73,49.299999,2.39
2017-12-12,0.57,9.92,1.3,1.84,-0.60917,133.020004,98.43,93.269997,12.86,12.48,-0.7192,1.89,48.75,48.814999,2.4
2017-12-13,0.57,10.18,1.3,1.83,-0.60917,134.710007,98.860001,95.559998,12.74,12.5,-0.7192,1.88,48.790001,48.845001,2.36
2017-12-14,0.53,10.49,1.3,1.82,-0.60917,134.029999,100.25,96.07,12.39,12.8,-0.7192,1.87,48.939999,48.825001,2.35
2017-12-15,0.51,9.42,1.3,1.8,-0.61185,135.729996,101.220001,92.199997,11.88,12.08,-0.6559,1.88,48.985001,49.625,2.35
2017-12-18,0.55,9.53,1.3,1.81,-0.61185,132.720001,103.269997,90.639999,12.53,12.07,-0.6559,1.89,49.424999,49.790001,2.39
2017-12-19,0.59,10.03,1.3,1.81,-0.61185,130.690002,104.099998,93.580002,12.82,12.51,-0.6559,1.91,49.360001,49.764999,2.46
2017-12-20,0.62,9.72,1.3,1.82,-0.61185,133.149994,104.800003,92.860001,12.78,12.37,-0.6559,1.92,49.264999,50.09,2.49
2017-12-21,0.59,9.62,1.3,1.79,-0.61185,132.630005,104.07,92.209999,12.65,12.35,-0.6559,1.93,49.584999,49.560001,2.48
2017-12-22,0.57,9.9,1.3,1.79,-0.61566,134.399994,104.129997,94.900002,12.54,12.49,-0.6163,1.94,49.490002,49.580002,2.48
2017-12-25,0.57,9.9,1.3,1.79,-0.61566,134.399994,104.129997,94.900002,12.54,12.49,-0.6163,1.94,49.490002,49.580002,2.48
2017-12-26,0.55,10.25,1.3,1.78,-0.61566,135.600006,104.150002,97.559998,13.64,12.62,-0.6163,1.94,49.599998,49.02,2.47
2017-12-27,0.53,10.47,1.3,1.76,-0.61566,138.429993,104.529999,97.080002,14.29,12.65,-0.6163,1.94,49.5,49.18,2.42
2017-12-28,0.52,10.18,1.3,1.76,-0.61566,137.820007,104.82,97.25,14.62,12.76,-0.6163,1.96,49.634998,49.360001,2.43
2017-12-29,0.51,11.04,1.3,1.77,-0.61933,137.050003,104.440002,100.760002,15.68,13.09,-0.5159,1.96,49.345001,48.904999,2.4
2018-01-01,0.51,11.04,1.41,1.77,-0.61933,137.050003,104.440002,100.760002,15.68,13.09,-0.5159,1.96,49.345001,48.904999,2.4
2018-01-02,0.54,9.77,1.41,1.78,-0.61933,135.369995,105.57,97.360001,14.93,12.61,-0.5159,2.0,50.095001,50.185001,2.46
2018-01-03,0.5,9.15,1.41,1.77,-0.61933,133.429993,108.43,94.400002,14.16,12.32,-0.5159,1.98,50.325001,50.895,2.44
2018-01-04,0.5,9.22,1.41,1.75,-0.61933,131.240005,108.290001,94.209999,13.97,12.24,-0.5159,2.01,50.490002,51.154999,2.46
2018-01-05,0.51,9.22,1.41,1.76,-0.62299,127.029999,109.120003,93.099998,13.48,12.06,-0.6339,2.01,50.889999,51.485001,2.47
2018-01-08,0.53,9.52,1.41,1.74,-0.62299,128.0,109.639999,93.970001,13.84,12.15,-0.6339,2.02,50.950001,51.84,2.49
2018-01-09,0.57,10.08,1.41,1.74,-0.62299,126.370003,110.389999,94.739998,14.63,12.41,-0.6339,2.03,51.049999,51.355,2.55
2018-01-10,0.57,9.82,1.41,1.73,-0.62299,129.119995,109.699997,93.699997,15.28,12.36,-0.6339,2.03,51.014999,50.674999,2.55
2018-01-11,0.56,9.88,1.41,1.69,-0.62299,126.099998,110.669998,92.239998,14.77,12.16,-0.6339,2.0,51.845001,50.915001,2.54
2018-01-12,0.56,10.16,1.41,1.68,-0.62299,124.949997,112.720001,92.220001,14.57,12.2,-0.7136,2.01,52.514999,51.174999,2.55
2018-01-15,0.56,10.16,1.41,1.68,-0.62299,124.949997,112.720001,92.220001,14.57,12.2,-0.7136,2.01,52.514999,51.174999,2.55
2018-01-16,0.51,11.66,1.41,1.66,-0.62299,128.649994,112.919998,106.489998,16.34,13.23,-0.7136,2.03,52.139999,51.41,2.54
2018-01-17,0.52,11.91,1.41,1.66,-0.62299,136.190002,119.160004,102.629997,16.200001,13.25,-0.7136,2.04,52.389999,52.945,2.57
2018-01-18,0.57,12.22,1.41,1.64,-0.62299,131.410004,116.410004,103.68,16.950001,13.58,-0.7136,2.05,52.345001,53.334999,2.62
2018-01-19,0.58,11.27,1.41,1.64,-0.6185,132.279999,116.830002,101.589996,16.15,13.04,-0.6551,2.06,52.799999,53.384998,2.64
2018-01-22,0.58,11.03,1.41,1.64,-0.6185,127.18,119.440002,99.68,16.290001,12.99,-0.6551,2.06,53.384998,53.91,2.66
2018-01-23,0.57,11.1,1.41,1.64,-0.6185,122.949997,119.889999,98.589996,16.75,13.22,-0.6551,2.06,53.834999,54.259998,2.63
2018-01-24,0.57,11.47,1.41,1.65,-0.6185,120.199997,109.699997,99.769997,17.9,13.53,-0.6551,2.07,54.064999,53.16,2.65
2018-01-25,0.55,11.58,1.41,1.61,-0.6185,121.870003,110.150002,101.779999,18.25,13.68,-0.6551,2.07,53.970001,52.299999,2.63
2018-01-26,0.53,11.08,1.41,1.6,-0.60949,117.989998,113.690002,98.650002,17.52,13.46,-0.6661,2.09,54.5,53.965,2.66
2018-01-29,0.59,13.84,1.41,1.59,-0.60949,118.800003,112.650002,110.010002,19.219999,14.99,-0.6661,2.09,54.349998,53.865002,2.7
2018-01-30,0.6,14.79,1.41,1.59,-0.60949,122.849998,109.889999,113.480003,20.35,15.83,-0.6661,2.1,54.080002,52.810001,2.73
2018-01-31,0.58,13.54,1.41,1.56,-0.60949,121.230003,109.669998,108.410004,19.65,14.9,-0.6661,2.11,53.904999,53.255001,2.72
2018-02-01,0.62,13.47,1.42,1.56,-0.60949,120.589996,110.080002,105.769997,19.15,14.72,-0.6661,2.11,53.305,52.93,2.78
2018-02-02,0.69,17.31,1.42,1.58,-0.59562,126.449997,107.660004,125.510002,20.66,17.030001,-0.5107,2.14,52.794998,51.455002,2.84
2018-02-05,0.69,37.32,1.42,1.63,-0.59562,126.449997,104.209999,177.339996,33.02,28.129999,-0.5107,2.1,51.014999,49.134998,2.77
2018-02-06,0.69,29.98,1.42,1.61,-0.59562,129.610001,105.870003,161.119995,26.700001,23.75,-0.5107,2.1,52.32,50.945,2.79
2018-02-07,0.69,27.73,1.42,1.62,-0.59562,136.899994,101.980003,159.029999,24.73,23.030001,-0.5107,2.1,52.16,49.599998,2.84
2018-02-08,0.72,33.46,1.42,1.63,-0.59562,130.919998,97.660004,180.610001,33.889999,27.33,-0.5107,2.09,50.080002,47.625,2.85
2018-02-09,0.78,29.06,1.42,1.67,-0.57784,128.509995,100.489998,167.279999,29.620001,24.92,0.0903,2.05,50.415001,48.869999,2.83
2018-02-12,0.77,25.61,1.42,1.64,-0.57784,148.020004,101.940002,140.800003,24.940001,22.860001,0.0903,2.07,51.099998,49.904999,2.86
2018-02-13,0.73,24.97,1.42,1.69,-0.57784,143.070007,100.980003,136.580002,23.709999,22.65,0.0903,2.05,51.365002,49.805,2.83
2018-02-14,0.74,19.26,1.42,1.66,-0.57784,127.839996,102.68,124.489998,20.870001,19.34,0.0903,2.09,52.185001,50.865002,2.91
2018-02-15,0.71,19.13,1.42,1.63,-0.57784,131.669998,104.57,122.760002,20.85,19.08,0.0903,2.11,52.650002,51.505001,2.9
2018-02-16,0.66,19.46,1.42,1.66,-0.56206,131.669998,104.470001,121.199997,20.459999,19.17,-0.27,2.09,52.395,51.395,2.87
2018-02-19,0.66,19.46,1.42,1.66,-0.56206,131.669998,104.470001,121.199997,20.459999,19.17,-0.27,2.09,52.395,51.395,2.87
2018-02-20,0.63,20.6,1.42,1.67,-0.56206,131.630005,105.290001,122.580002,21.67,20.01,-0.27,2.1,52.235001,52.415001,2.88
2018-02-21,0.68,20.02,1.42,1.67,-0.56206,130.029999,103.660004,125.730003,22.49,20.030001,-0.27,2.12,52.16,51.845001,2.94
2018-02-22,0.67,18.72,1.42,1.68,-0.56206,134.309998,103.93,116.980003,20.91,19.059999,-0.27,2.11,52.224998,51.669998,2.92
2018-02-23,0.63,16.49,1.42,1.68,-0.54717,139.199997,107.040001,110.190002,18.16,17.5,-0.3487,2.12,52.955002,52.830002,2.88
2018-02-26,0.64,15.8,1.42,1.7,-0.54717,131.720001,109.629997,107.68,18.120001,16.92,-0.3487,2.13,53.400002,53.895,2.86
2018-02-27,0.63,18.59,1.42,1.69,-0.54717,132.270004,108.339996,119.5,20.49,19.02,-0.3487,2.13,52.27,53.695,2.9
2018-02-28,0.62,19.85,1.42,1.68,-0.54717,138.949997,108.349998,121.699997,22.01,19.889999,-0.3487,2.12,52.035,53.27,2.87
2018-03-01,0.59,22.47,1.51,1.72,-0.54717,136.539993,106.529999,128.139999,24.74,21.42,-0.3487,2.1,51.474998,52.419998,2.81
2018-03-02,0.61,19.59,1.51,1.72,-0.53281,127.480003,108.220001,114.779999,21.530001,19.860001,-0.0816,2.12,51.525002,53.240002,2.86
2018-03-05,0.64,18.73,1.51,1.72,-0.53281,130.119995,109.010002,109.660004,20.6,19.209999,-0.0816,2.13,52.139999,53.855,2.88
2018-03-06,0.63,18.36,1.51,1.75,-0.53281,128.410004,109.690002,104.610001,20.6,19.24,-0.0816,2.12,52.5,54.645,2.88
2018-03-07,0.64,17.76,1.51,1.77,-0.53281,128.169998,108.559998,99.489998,20.43,18.84,-0.0816,2.13,52.145,54.880001,2.89
2018-03-08,0.61,16.54,1.51,1.78,-0.53281,129.619995,109.489998,96.919998,19.26,18.18,-0.0816,2.11,52.310001,54.904999,2.86
2018-03-09,0.63,14.64,1.51,1.77,-0.51968,127.790001,111.529999,99.709999,17.299999,17.01,-0.1051,2.12,53.119999,55.965,2.9
2018-03-12,0.6,15.78,1.51,1.79,-0.51968,141.979996,111.629997,104.940002,17.559999,17.799999,-0.1051,2.1,53.294998,56.535,2.87
2018-03-13,0.58,16.35,1.51,1.8,-0.51968,140.429993,110.589996,107.040001,19.24,18.049999,-0.1051,2.09,52.919998,55.744999,2.84
2018-03-14,0.55,17.23,1.51,1.8,-0.51968,141.660004,109.970001,110.290001,19.52,18.780001,-0.1051,2.07,52.855,55.775002,2.81
2018-03-15,0.53,16.59,1.51,1.81,-0.51968,146.550003,109.709999,109.279999,18.450001,18.209999,-0.1051,2.08,52.799999,55.724998,2.82
2018-03-16,0.54,15.8,1.51,1.79,-0.50914,147.350006,109.970001,106.489998,17.639999,17.74,-0.0345,2.08,52.59,55.705002,2.85
2018-03-19,0.54,19.02,1.51,1.8,-0.50914,143.960007,107.860001,112.919998,22.059999,19.379999,-0.0345,2.08,51.935001,54.799999,2.85
2018-03-20,0.55,18.2,1.51,1.79,-0.50914,139.520004,109.459999,107.129997,22.129999,18.879999,-0.0345,2.08,52.244999,55.169998,2.89
2018-03-21,0.58,17.86,1.51,1.82,-0.50914,139.520004,108.639999,106.599998,22.059999,18.709999,-0.0345,2.09,52.205002,55.285,2.89
2018-03-22,0.54,23.34,1.51,1.84,-0.50914,131.520004,103.900002,125.120003,26.629999,21.66,-0.0345,2.08,51.095001,53.794998,2.83
2018-03-23,0.54,24.87,1.51,1.87,-0.50157,130.789993,101.360001,129.820007,28.35,22.790001,0.2452,2.07,50.09,52.049999,2.82
2018-03-26,0.52,21.03,1.51,1.84,-0.50157,128.960007,106.599998,113.080002,25.15,20.700001,0.2452,2.08,51.57,54.119999,2.85
2018-03-27,0.52,22.5,1.51,1.86,-0.50157,128.649994,102.559998,118.610001,29.01,21.940001,0.2452,2.07,50.560001,52.255001,2.78
2018-03-28,0.49,22.87,1.51,1.86,-0.50157,128.330002,101.910004,114.019997,30.190001,22.309999,0.2452,2.05,49.945,51.095001,2.77
2018-03-29,0.47,19.97,1.51,1.85,-0.50157,119.339996,103.889999,103.32,26.68,20.549999,0.2452,2.05,50.645,52.139999,2.74
2018-03-30,0.47,19.97,1.51,1.85,-0.49988,119.339996,103.889999,103.32,26.68,20.549999,0.3266,2.05,50.645,52.139999,2.74
2018-04-02,0.48,23.62,1.51,1.86,-0.49988,119.68,100.650002,111.669998,29.92,22.57,0.3266,2.05,49.215,50.23,2.73
2018-04-03,0.51,21.1,1.51,1.84,-0.49988,118.379997,102.18,102.059998,28.049999,21.02,0.3266,2.08,49.84,51.154999,2.79
2018-04-04,0.51,20.06,1.51,1.85,-0.49988,119.230003,104.209999,95.440002,26.290001,20.42,0.3266,2.08,50.755001,51.779999,2.79
2018-04-05,0.53,18.94,1.51,1.84,-0.49988,121.510002,102.239998,92.209999,25.030001,19.610001,0.3266,2.08,51.435001,51.209999,2.83
2018-04-06,0.5,21.49,1.51,1.84,-0.50346,122.389999,99.459999,98.599998,27.43,21.200001,0.3252,2.07,50.34,49.73,2.77
2018-04-09,0.49,21.77,1.51,1.83,-0.50346,119.900002,99.809998,100.239998,26.950001,21.23,0.3252,2.07,50.220001,50.07,2.78
2018-04-10,0.48,20.47,1.51,1.8,-0.50346,121.25,102.360001,98.209999,25.15,20.4,0.3252,2.08,50.830002,51.599998,2.8
2018-04-11,0.47,20.24,1.51,1.8,-0.50346,122.269997,102.339996,100.019997,24.690001,20.370001,0.3252,2.11,50.674999,51.575001,2.79
2018-04-12,0.49,18.49,1.51,1.79,-0.50346,122.290001,104.239998,98.080002,22.9,19.280001,0.3252,2.13,50.895,52.43,2.83
2018-04-13,0.45,17.41,1.51,1.79,-0.51352,126.0,102.160004,93.940002,22.059999,18.549999,0.1264,2.13,50.610001,51.939999,2.82
2018-04-16,0.44,16.56,1.51,1.77,-0.51352,131.470001,103.5,93.220001,20.450001,17.82,0.1264,2.12,50.990002,52.044998,2.83
2018-04-17,0.41,15.25,1.51,1.76,-0.51352,130.570007,105.389999,89.589996,19.43,16.799999,0.1264,2.14,51.939999,52.994999,2.82
2018-04-18,0.45,15.6,1.51,1.76,-0.51352,146.259995,105.349998,92.410004,19.379999,16.799999,0.1264,2.16,52.185001,52.395,2.87
2018-04-19,0.48,15.96,1.51,1.77,-0.51352,138.199997,101.290001,95.379997,20.16,17.120001,0.1264,2.17,52.02,50.060001,2.92
2018-04-20,0.5,16.88,1.51,1.78,-0.52781,133.070007,99.959999,99.209999,21.629999,17.719999,-0.0738,2.17,51.490002,49.485001,2.96
2018-04-23,0.49,16.34,1.51,1.76,-0.52781,126.480003,98.089996,96.870003,22.120001,17.35,-0.0738,2.18,51.599998,48.845001,2.98
2018-04-24,0.52,18.02,1.51,1.77,-0.52781,126.5,98.419998,100.809998,23.620001,18.23,-0.0738,2.17,50.785,48.595001,3.0
2018-04-25,0.54,17.84,1.51,1.8,-0.52781,124.290001,103.0,97.800003,23.07,18.23,-0.0738,2.17,50.994999,48.349998,3.03
2018-04-26,0.51,16.24,1.51,1.8,-0.52781,127.080002,102.720001,90.709999,20.360001,17.290001,-0.0738,2.18,51.82,49.365002,3.0
2018-04-27,0.47,15.41,1.51,1.8,-0.54136,128.399994,102.510002,92.150002,20.52,17.08,-0.0372,2.17,52.055,49.044998,2.96
2018-04-30,0.46,15.93,1.51,1.79,-0.54136,130.770004,101.43,94.300003,21.059999,17.34,-0.0372,2.17,51.849998,48.580002,2.95
2018-05-01,0.47,15.49,1.7,1.82,-0.54136,128.210007,103.400002,89.970001,19.709999,16.91,-0.0372,2.16,51.919998,49.360001,2.97
2018-05-02,0.48,15.97,1.7,1.83,-0.54136,122.419998,102.959999,93.790001,19.76,17.26,-0.0372,2.17,51.564999,49.005001,2.97
2018-05-03,0.45,15.9,1.7,1.86,-0.54136,126.790001,103.599998,91.07,19.65,17.030001,-0.0372,2.16,51.334999,49.125,2.94
2018-05-04,0.44,14.77,1.7,1.86,-0.55335,127.370003,104.690002,88.120003,18.41,16.65,-0.0041,2.16,52.009998,50.400002,2.95
2018-05-07,0.46,14.75,1.7,1.87,-0.55335,123.040001,104.510002,90.709999,18.709999,16.65,-0.0041,2.17,52.185001,50.669998,2.95
2018-05-08,0.46,14.71,1.7,1.87,-0.55335,125.099998,105.459999,89.5,18.48,16.48,-0.0041,2.16,51.965,51.025002,2.97
2018-05-09,0.46,13.42,1.7,1.86,-0.55335,126.050003,107.540001,93.889999,17.620001,15.78,-0.0041,2.18,52.145,51.75,3.0
2018-05-10,0.43,13.23,1.7,1.84,-0.55335,129.350006,109.970001,93.019997,16.379999,15.24,-0.0041,2.17,52.334999,52.610001,2.97
2018-05-11,0.43,12.65,1.7,1.82,-0.56249,129.350006,109.25,90.029999,16.190001,14.82,-0.2466,2.15,52.445,52.205002,2.97
2018-05-14,0.45,12.93,1.7,1.81,-0.56249,133.970001,110.639999,92.620003,16.08,14.53,-0.2466,2.15,52.544998,53.115002,3.0
2018-05-15,0.5,14.63,1.7,1.81,-0.56249,136.759995,109.209999,99.18,17.51,15.79,-0.2466,2.18,52.240002,52.52,3.08
2018-05-16,0.51,13.42,1.7,1.8,-0.56249,134.449997,111.400002,94.790001,16.709999,15.14,-0.2466,2.17,52.674999,53.264999,3.09
2018-05-17,0.54,13.43,1.7,1.82,-0.56249,134.779999,110.330002,93.480003,17.190001,15.02,-0.2466,2.16,52.5,52.915001,3.11
2018-05-18,0.51,13.42,1.7,1.83,-0.56731,133.320007,110.540001,94.760002,16.870001,15.19,-0.3058,2.15,52.435001,52.275002,3.06
2018-05-21,0.48,13.08,1.7,1.83,-0.56731,134.020004,110.410004,91.040001,16.92,14.69,-0.3058,2.16,52.724998,53.025002,3.06
2018-05-22,0.47,13.22,1.7,1.83,-0.56731,134.610001,110.860001,90.470001,16.92,14.88,-0.3058,2.15,52.490002,53.404999,3.06
2018-05-23,0.48,12.58,1.7,1.84,-0.56731,135.610001,111.07,89.800003,16.27,14.48,-0.3058,2.14,52.869999,53.465,3.01
2018-05-24,0.48,12.53,1.7,1.84,-0.56731,139.240005,110.75,90.639999,15.82,14.43,-0.3058,2.12,52.985001,53.619999,2.98
2018-05-25,0.45,13.22,1.7,1.85,-0.56688,140.779999,111.559998,93.779999,16.059999,14.83,-0.2405,2.09,53.064999,54.154999,2.93
2018-05-28,0.45,13.22,1.7,1.85,-0.56688,140.779999,111.559998,93.779999,16.059999,14.83,-0.2405,2.09,53.064999,54.154999,2.93
2018-05-29,0.45,17.02,1.7,1.96,-0.56688,141.839996,110.940002,108.669998,18.42,17.129999,-0.2405,2.04,52.654999,53.720001,2.77
2018-05-30,0.42,14.94,1.7,1.91,-0.56688,143.889999,111.849998,99.080002,17.07,16.0,-0.2405,2.06,53.134998,54.044998,2.84
2018-05-31,0.43,15.43,1.7,1.89,-0.56688,143.889999,111.910004,100.629997,16.780001,16.33,-0.2405,2.07,52.880001,53.595001,2.83
2018-06-01,0.42,13.46,1.82,1.9,-0.56193,134.529999,114.800003,93.300003,15.11,15.27,0.0495,2.09,53.27,54.764999,2.89
2018-06-04,0.42,12.74,1.82,1.88,-0.56193,132.699997,115.739998,90.830002,15.49,14.9,0.0495,2.12,53.865002,55.139999,2.94
2018-06-05,0.43,12.4,1.82,1.9,-0.56193,132.580002,117.660004,89.839996,15.33,14.72,0.0495,2.13,54.18,55.450001,2.92
2018-06-06,0.45,11.64,1.82,1.91,-0.56193,136.570007,118.110001,88.120003,15.51,14.19,0.0495,2.14,54.685001,55.805,2.97
2018-06-07,0.43,12.13,1.82,1.89,-0.56193,133.839996,117.239998,91.279999,16.450001,14.43,0.0495,2.13,54.845001,55.360001,2.93
2018-06-08,0.43,12.18,1.82,1.9,-0.55606,133.110001,115.739998,93.489998,16.51,14.6,-0.3983,2.11,54.959999,54.985001,2.93
2018-06-11,0.44,12.35,1.82,1.89,-0.55606,138.929993,115.279999,94.540001,16.450001,14.55,-0.3983,2.13,55.18,54.924999,2.96
2018-06-12,0.42,12.34,1.82,1.88,-0.55606,142.820007,115.410004,95.709999,15.7,14.59,-0.3983,2.13,55.445,55.09,2.96
2018-06-13,0.39,12.94,1.82,1.87,-0.55606,141.740005,114.0,100.010002,16.32,14.92,-0.3983,2.12,55.529999,54.974998,2.98
2018-06-14,0.35,12.12,1.82,1.88,-0.55606,142.389999,114.720001,98.209999,15.94,14.4,-0.3983,2.12,56.110001,55.060001,2.94
2018-06-15,0.38,11.98,1.82,1.87,-0.54914,140.919998,115.889999,101.660004,15.42,14.42,-0.3494,2.12,56.055,55.150002,2.93
2018-06-18,0.36,12.31,1.82,1.9,-0.54914,140.919998,114.389999,99.870003,16.82,14.48,-0.3494,2.12,55.959999,54.485001,2.92
2018-06-19,0.35,13.35,1.82,1.91,-0.54914,139.350006,113.660004,104.129997,17.290001,15.17,-0.3494,2.12,55.889999,53.834999,2.89
2018-06-20,0.37,12.79,1.82,1.92,-0.54914,140.820007,114.239998,98.510002,16.889999,14.79,-0.3494,2.12,56.154999,54.169998,2.93
2018-06-21,0.34,14.64,1.82,1.95,-0.54914,139.940002,112.110001,107.449997,18.889999,15.87,-0.3494,2.11,55.755001,53.494999,2.9
2018-06-22,0.34,13.77,1.82,1.97,-0.54324,140.539993,112.379997,102.489998,18.379999,15.5,-0.2828,2.12,55.66,53.294998,2.9
2018-06-25,0.33,17.33,1.82,1.99,-0.54324,134.660004,110.190002,114.32,21.940001,17.52,-0.2828,2.1,54.450001,51.369999,2.87
2018-06-26,0.35,15.92,1.82,1.99,-0.54324,134.919998,111.510002,107.519997,20.51,16.870001,-0.2828,2.12,54.84,51.845001,2.88
2018-06-27,0.31,17.91,1.82,1.98,-0.54324,131.300003,108.779999,112.75,22.75,18.049999,-0.2828,2.11,54.130001,50.575001,2.83
2018-06-28,0.32,16.85,1.82,2.0,-0.54324,136.339996,109.099998,108.879997,21.76,17.52,-0.2828,2.1,54.555,51.084999,2.84
2018-06-29,0.33,16.09,1.82,1.99,-0.54004,141.720001,110.25,105.970001,20.879999,17.139999,-0.0715,2.11,54.650002,51.334999,2.85
2018-07-02,0.3,15.6,1.82,1.97,-0.54004,140.889999,110.239998,104.800003,20.809999,16.950001,-0.0715,2.14,54.724998,51.355,2.87
2018-07-03,0.3,16.14,1.82,1.99,-0.54004,134.570007,108.910004,108.5,21.790001,17.35,-0.0715,2.12,54.450001,50.455002,2.83
2018-07-04,0.3,16.14,1.82,1.99,-0.54004,134.570007,108.910004,108.5,21.790001,17.35,-0.0715,2.12,54.450001,50.455002,2.83
2018-07-05,0.29,14.97,1.82,1.95,-0.54004,139.860001,111.510002,103.220001,20.35,16.530001,-0.0715,2.13,54.720001,51.814999,2.84
2018-07-06,0.29,13.37,1.82,1.96,-0.54127,141.020004,112.709999,95.739998,18.719999,15.71,-0.1998,2.12,55.150002,52.474998,2.82
2018-07-09,0.29,12.69,1.82,1.93,-0.54127,138.960007,112.089996,94.160004,17.91,14.87,-0.1998,2.13,55.810001,52.869999,2.86
2018-07-10,0.28,12.64,1.82,1.91,-0.54127,139.259995,113.730003,91.959999,17.9,14.71,-0.1998,2.13,55.93,53.439999,2.87
2018-07-11,0.27,13.63,1.82,1.91,-0.54127,136.850006,111.760002,104.5,18.27,15.38,-0.1998,2.11,55.799999,51.970001,2.85
2018-07-12,0.25,12.58,1.82,1.9,-0.54127,138.220001,115.839996,100.82,17.120001,14.76,-0.1998,2.1,56.169998,52.599998,2.85
2018-07-13,0.24,12.18,1.82,1.9,-0.54678,142.479996,115.139999,99.809998,16.879999,14.54,-0.4283,2.11,56.294998,52.490002,2.83
2018-07-16,0.26,12.83,1.82,1.91,-0.54678,148.160004,114.559998,100.949997,17.719999,14.85,-0.4283,2.1,56.435001,52.330002,2.85
2018-07-17,0.24,12.06,1.82,1.9,-0.54678,149.580002,115.800003,98.559998,16.709999,14.4,-0.4283,2.09,56.490002,53.02,2.86
2018-07-18,0.28,12.1,1.82,1.89,-0.54678,154.25,115.68,98.080002,16.530001,14.39,-0.4283,2.09,56.455002,53.560001,2.88
2018-07-19,0.24,12.87,1.82,1.9,-0.54678,150.979996,114.589996,100.580002,17.35,14.97,-0.4283,2.09,56.325001,53.384998,2.84
2018-07-20,0.29,12.86,1.82,1.91,-0.55487,152.720001,115.0,102.760002,17.110001,15.08,-0.4644,2.11,56.075001,53.330002,2.89
2018-07-23,0.32,12.62,1.82,1.91,-0.55487,153.779999,114.669998,102.040001,16.49,14.86,-0.4644,2.11,56.014999,53.294998,2.96
2018-07-24,0.32,12.41,1.82,1.88,-0.55487,145.940002,113.800003,98.68,17.129999,14.7,-0.4644,2.11,55.849998,52.630001,2.95
2018-07-25,0.28,12.29,1.82,1.87,-0.55487,145.089996,113.220001,94.199997,16.67,14.55,-0.4644,2.13,56.259998,52.895,2.94
2018-07-26,0.29,12.14,1.82,1.85,-0.55487,142.179993,113.300003,91.660004,16.870001,14.4,-0.4644,2.11,55.965,53.674999,2.98
2018-07-27,0.29,13.03,1.82,1.84,-0.5641,144.570007,112.599998,97.150002,18.719999,15.0,-0.547,2.12,55.82,53.41,2.96
2018-07-30,0.32,14.26,1.82,1.84,-0.5641,141.570007,110.910004,101.410004,20.440001,15.66,-0.547,2.13,55.375,53.044998,2.98
2018-07-31,0.29,12.83,1.82,1.83,-0.5641,144.490005,111.32,94.129997,19.17,14.87,-0.547,2.12,55.634998,52.945,2.96
2018-08-01,0.33,13.15,1.91,1.83,-0.5641,142.770004,111.0,95.279999,18.49,15.22,-0.547,2.13,55.360001,53.174999,3.0
2018-08-02,0.32,12.19,1.91,1.84,-0.5641,143.830002,112.209999,91.660004,16.309999,14.76,-0.547,2.12,55.740002,53.709999,2.98
2018-08-03,0.32,11.64,1.91,1.84,-0.57334,146.190002,112.839996,86.599998,15.81,14.49,-0.4543,2.12,55.93,53.794998,2.95
2018-08-06,0.3,11.27,1.91,1.82,-0.57334,142.009995,113.110001,84.660004,15.47,14.23,-0.4543,2.11,56.305,54.080002,2.94
2018-08-07,0.3,10.93,1.91,1.82,-0.57334,138.940002,115.760002,83.209999,14.76,13.93,-0.4543,2.13,56.564999,54.445,2.98
2018-08-08,0.28,10.85,1.91,1.84,-0.57334,139.839996,116.160004,84.419998,14.83,13.96,-0.4543,2.11,56.625,54.615002,2.96
2018-08-09,0.29,11.27,1.91,1.85,-0.57334,138.610001,114.339996,88.690002,14.91,14.13,-0.4543,2.11,56.834999,54.084999,2.93
2018-08-10,0.26,13.16,1.91,1.87,-0.58247,149.199997,110.089996,99.07,16.219999,15.22,-0.5605,2.09,56.360001,52.814999,2.87
2018-08-13,0.27,14.78,1.91,1.91,-0.58247,159.029999,109.940002,107.779999,16.52,16.209999,-0.5605,2.1,56.075001,52.875,2.88
2018-08-14,0.26,13.31,1.91,1.9,-0.58247,152.410004,110.339996,100.339996,15.16,15.35,-0.5605,2.09,56.619999,52.75,2.89
2018-08-15,0.25,14.64,1.91,1.9,-0.58247,148.399994,109.599998,111.129997,17.190001,16.190001,-0.5605,2.08,55.93,51.875,2.86
2018-08-16,0.24,13.45,1.91,1.89,-0.58247,148.449997,109.400002,103.489998,16.43,15.51,-0.5605,2.08,56.205002,51.794998,2.87
2018-08-17,0.26,12.64,1.91,1.89,-0.58951,146.009995,109.639999,101.809998,15.86,15.17,-0.4547,2.08,56.255001,51.415001,2.87
2018-08-20,0.22,12.49,1.91,1.89,-0.58951,145.550003,109.029999,100.769997,16.290001,15.0,-0.4547,2.07,56.654999,51.345001,2.82
2018-08-21,0.24,12.86,1.91,1.88,-0.58951,144.699997,111.510002,101.559998,16.219999,15.19,-0.4547,2.08,57.105,52.404999,2.85
2018-08-22,0.22,12.25,1.91,1.91,-0.58951,143.75,112.190002,95.720001,15.64,15.08,-0.4547,2.08,57.165001,52.599998,2.82
2018-08-23,0.21,12.41,1.91,1.9,-0.58951,147.380005,112.400002,95.919998,15.79,15.06,-0.4547,2.09,57.110001,52.665001,2.82
2018-08-24,0.19,11.99,1.91,1.9,-0.59533,148.199997,113.639999,93.949997,15.16,14.82,-0.6373,2.09,57.445,53.470001,2.82
2018-08-27,0.18,12.16,1.91,1.89,-0.59533,144.850006,115.25,93.389999,15.6,14.79,-0.6373,2.11,57.814999,54.305,2.85
2018-08-28,0.21,12.5,1.91,1.9,-0.59533,140.880005,115.019997,92.309998,15.42,15.11,-0.6373,2.11,57.93,54.509998,2.88
2018-08-29,0.22,12.25,1.91,1.88,-0.59533,140.759995,115.470001,91.099998,15.27,14.95,-0.6373,2.12,58.580002,54.82,2.89
2018-08-30,0.22,13.53,1.91,1.9,-0.59533,141.820007,112.580002,95.110001,16.02,15.54,-0.6373,2.1,58.244999,54.235001,2.86
2018-08-31,0.24,12.86,1.91,1.92,-0.59942,146.910004,112.400002,92.730003,16.040001,15.15,-0.6805,2.08,58.474998,54.470001,2.86
2018-09-03,0.24,12.86,1.91,1.92,-0.59942,146.910004,112.400002,92.730003,16.040001,15.15,-0.6805,2.08,58.474998,54.470001,2.86
2018-09-04,0.24,13.16,1.91,1.94,-0.59942,142.179993,112.540001,95.230003,17.1,15.45,-0.6805,2.1,58.584999,54.865002,2.9
2018-09-05,0.24,13.91,1.91,1.95,-0.59942,142.220001,111.129997,97.940002,18.65,15.92,-0.6805,2.09,57.955002,54.564999,2.9
2018-09-06,0.24,14.65,1.91,1.93,-0.59942,140.559998,110.889999,101.360001,19.17,16.34,-0.6805,2.08,57.794998,53.150002,2.88
2018-09-07,0.23,14.88,1.91,1.93,-0.60166,145.869995,108.459999,102.379997,19.76,16.59,-0.607,2.1,57.790001,52.915001,2.94
2018-09-10,0.21,14.16,1.91,1.92,-0.60166,144.880005,108.32,100.379997,19.040001,16.17,-0.607,2.1,58.005001,53.43,2.94
2018-09-11,0.22,13.22,1.91,1.9,-0.60166,147.880005,106.050003,96.440002,17.83,15.54,-0.607,2.12,58.470001,52.759998,2.98
2018-09-12,0.23,13.14,1.91,1.89,-0.60166,148.75,104.540001,97.239998,17.469999,15.32,-0.607,2.12,58.580002,52.154999,2.97
2018-09-13,0.21,12.37,1.91,1.87,-0.60166,150.639999,105.720001,91.059998,16.450001,14.77,-0.607,2.1,58.68,52.794998,2.97
2018-09-14,0.21,12.07,1.91,1.88,-0.60207,151.589996,105.360001,88.07,16.120001,14.37,-0.7208,2.1,58.459999,53.34,2.99
2018-09-17,0.21,13.68,1.91,1.88,-0.60207,150.949997,103.699997,96.339996,18.5,15.28,-0.7208,2.1,57.735001,52.619999,2.99
2018-09-18,0.24,12.79,1.91,1.88,-0.60207,151.369995,104.910004,92.489998,17.35,15.04,-0.7208,2.13,58.470001,53.02,3.05
2018-09-19,0.27,11.75,1.91,1.88,-0.60207,145.190002,107.370003,88.18,16.9,14.65,-0.7208,2.15,58.494999,53.139999,3.08
2018-09-20,0.26,11.8,1.91,1.85,-0.60207,144.839996,108.489998,87.309998,16.200001,14.51,-0.7208,2.15,58.895,53.825001,3.07
2018-09-21,0.26,11.68,1.91,1.83,-0.59954,141.550003,110.050003,90.199997,16.84,14.58,-0.8196,2.15,58.459999,53.555,3.07
2018-09-24,0.25,12.2,1.91,1.84,-0.59954,138.839996,109.800003,91.510002,17.25,14.77,-0.8196,2.16,58.080002,53.935001,3.08
2018-09-25,0.27,12.42,1.91,1.83,-0.59954,137.679993,107.550003,91.07,17.07,14.92,-0.8196,2.16,58.325001,53.075001,3.1
2018-09-26,0.23,12.89,1.91,1.84,-0.59954,140.979996,106.220001,91.559998,17.4,15.15,-0.8196,2.14,58.459999,52.605,3.06
2018-09-27,0.23,12.41,1.91,1.83,-0.59954,142.100006,107.290001,87.660004,16.75,14.89,-0.8196,2.15,58.66,52.935001,3.06
2018-09-28,0.24,12.12,1.91,1.84,-0.59521,144.429993,107.290001,87.309998,16.58,14.77,-0.7571,2.14,58.610001,53.224998,3.05
2018-10-01,0.27,12.0,2.19,1.83,-0.59521,141.520004,107.739998,86.970001,17.09,14.74,-0.7571,2.14,58.43,53.365002,3.09
2018-10-02,0.23,12.05,2.19,1.84,-0.59521,137.979996,108.459999,88.120003,17.549999,14.84,-0.7571,2.12,57.639999,53.325001,3.05
2018-10-03,0.3,11.61,2.19,1.83,-0.59521,136.330002,108.18,85.800003,17.5,14.68,-0.7571,2.16,57.445,53.529999,3.15
2018-10-04,0.32,14.22,2.19,1.84,-0.59521,136.330002,105.870003,99.440002,20.120001,15.84,-0.7571,2.16,56.544998,52.325001,3.19
2018-10-05,0.35,14.82,2.19,1.85,-0.58849,130.279999,103.279999,102.629997,21.5,16.25,-0.7923,2.16,56.119999,51.134998,3.23
2018-10-08,0.35,15.69,2.19,1.85,-0.58849,129.639999,101.93,102.739998,22.190001,16.51,-0.7923,2.16,56.264999,50.535,3.23
2018-10-09,0.33,15.95,2.19,1.84,-0.58849,128.979996,102.870003,103.919998,21.620001,16.629999,-0.7923,2.17,56.099998,50.439999,3.21
2018-10-10,0.34,22.96,2.19,1.86,-0.58849,127.650002,99.239998,135.610001,27.530001,20.700001,-0.7923,2.16,54.209999,48.150002,3.22
2018-10-11,0.29,24.98,2.19,1.88,-0.58849,130.850006,99.529999,129.300003,27.76,21.559999,-0.7923,2.12,53.255001,47.724998,3.14
2018-10-12,0.3,21.31,2.19,1.88,-0.57848,125.510002,101.089996,124.809998,24.690001,19.84,-0.45,2.12,54.240002,48.669998,3.15
2018-10-15,0.31,21.3,2.19,1.89,-0.57848,128.320007,99.43,118.779999,26.809999,20.290001,-0.45,2.13,54.115002,48.139999,3.16
2018-10-16,0.29,17.62,2.19,1.88,-0.57848,132.149994,102.150002,111.779999,22.51,17.959999,-0.45,2.13,55.200001,49.77,3.16
2018-10-17,0.3,17.4,2.19,1.88,-0.57848,130.649994,101.540001,109.279999,22.93,18.1,-0.45,2.13,54.744999,49.525002,3.19
2018-10-18,0.3,20.06,2.19,1.92,-0.57848,125.959999,99.540001,116.82,26.08,19.860001,-0.45,2.1,53.695,48.235001,3.17
2018-10-19,0.28,19.89,2.19,1.92,-0.56718,124.940002,98.260002,114.949997,25.77,19.84,-0.5128,2.11,53.169998,47.540001,3.2
2018-10-22,0.28,19.64,2.19,1.92,-0.56718,125.68,99.720001,112.150002,25.16,19.82,-0.5128,2.11,53.384998,47.794998,3.2
2018-10-23,0.28,20.71,2.19,1.96,-0.56718,126.540001,100.25,108.709999,25.26,20.280001,-0.5128,2.09,53.395,47.605,3.17
2018-10-24,0.26,25.23,2.19,1.99,-0.56718,128.910004,92.010002,118.580002,30.25,22.620001,-0.5128,2.07,51.799999,44.41,3.1
2018-10-25,0.28,24.22,2.19,1.98,-0.56718,125.260002,91.769997,113.910004,29.540001,22.440001,-0.5128,2.05,53.365002,45.665001,3.14
2018-10-26,0.27,24.16,2.19,2.02,-0.55359,121.699997,90.559998,110.489998,29.870001,22.48,-0.2194,2.06,51.705002,44.84,3.08
2018-10-29,0.27,24.7,2.19,2.02,-0.55359,120.830002,90.18,110.389999,31.75,23.059999,-0.2194,2.06,51.25,44.325001,3.08
2018-10-30,0.28,23.35,2.19,2.03,-0.55359,118.110001,92.989998,106.080002,30.73,22.23,-0.2194,2.05,52.02,46.209999,3.12
2018-10-31,0.28,21.23,2.19,2.03,-0.55359,117.639999,92.830002,102.900002,29.120001,21.15,-0.2194,2.05,52.689999,46.73,3.15
2018-11-01,0.3,19.34,2.2,2.04,-0.55359,118.279999,97.599998,99.57,26.120001,20.07,-0.2194,2.02,53.764999,48.985001,3.14
2018-11-02,0.31,19.51,2.2,2.02,-0.53825,115.730003,95.059998,102.379997,26.65,20.299999,-0.233,2.06,53.985001,48.205002,3.22
2018-11-05,0.29,19.96,2.2,2.02,-0.53825,118.889999,95.660004,101.830002,27.26,20.200001,-0.233,2.06,54.060001,47.759998,3.2
2018-11-06,0.29,19.91,2.2,1.98,-0.53825,119.93,97.139999,102.480003,26.17,19.58,-0.233,2.07,54.299999,48.255001,3.22
2018-11-07,0.26,16.36,2.2,1.96,-0.53825,120.559998,97.199997,95.75,22.389999,17.620001,-0.233,2.07,55.77,48.849998,3.22
2018-11-08,0.26,16.72,2.2,1.96,-0.53825,121.849998,98.480003,95.400002,22.860001,17.68,-0.233,2.07,55.785,48.625,3.24
2018-11-09,0.25,17.36,2.2,1.98,-0.52208,120.059998,96.099998,100.550003,24.27,18.459999,-0.4777,2.04,55.009998,47.744999,3.19
2018-11-12,0.25,20.45,2.2,1.98,-0.52208,120.059998,93.470001,107.769997,28.110001,20.23,-0.4777,2.04,53.904999,45.654999,3.19
2018-11-13,0.25,20.02,2.2,2.04,-0.52208,122.059998,94.480003,105.32,27.68,20.27,-0.4777,2.02,53.880001,46.244999,3.14
2018-11-14,0.26,21.25,2.2,2.09,-0.52208,120.68,94.699997,111.419998,28.370001,21.219999,-0.4777,2.0,53.474998,46.485001,3.12
2018-11-15,0.25,19.98,2.2,2.13,-0.52208,120.760002,97.959999,107.379997,26.049999,20.309999,-0.4777,2.0,53.395,47.955002,3.11
2018-11-16,0.27,18.14,2.2,2.13,-0.50254,118.709999,97.849998,101.93,24.379999,19.35,-0.0338,2.02,53.185001,47.139999,3.08
2018-11-19,0.27,20.1,2.2,2.16,-0.50254,115.790001,94.620003,107.129997,27.440001,20.639999,-0.0338,1.99,51.884998,45.369999,3.06
2018-11-20,0.27,22.48,2.2,2.17,-0.50254,119.550003,96.839996,107.610001,28.77,22.27,-0.0338,1.97,50.709999,45.330002,3.06
2018-11-21,0.25,20.8,2.2,2.17,-0.50254,119.309998,96.129997,100.269997,26.959999,21.32,-0.0338,1.97,51.240002,45.529999,3.06
2018-11-22,0.25,20.8,2.2,2.17,-0.50254,119.309998,96.129997,100.269997,26.959999,21.32,-0.0338,1.97,51.240002,45.529999,3.06
2018-11-23,0.24,21.52,2.2,2.18,-0.48115,117.209999,95.099998,99.290001,27.93,21.75,0.0452,1.96,51.009998,45.465,3.05
2018-11-26,0.23,18.9,2.2,2.16,-0.48115,117.57,96.379997,92.169998,26.02,20.110001,0.0452,1.96,52.154999,46.369999,3.07
2018-11-27,0.23,19.02,2.2,2.2,-0.48115,115.830002,96.279999,91.540001,24.73,19.940001,0.0452,1.91,52.310001,46.439999,3.06
2018-11-28,0.25,18.49,2.2,2.22,-0.48115,115.959999,98.260002,93.550003,24.110001,19.280001,0.0452,1.94,53.855,47.669998,3.06
2018-11-29,0.22,18.79,2.2,2.26,-0.48115,115.489998,97.43,93.360001,24.33,19.59,0.0452,1.98,53.605,47.220001,3.03
2018-11-30,0.21,18.07,2.2,2.27,-0.46073,114.709999,99.849998,93.589996,24.02,18.889999,-0.1527,1.97,53.994999,48.375,3.01
2018-12-03,0.15,16.44,2.2,2.26,-0.46073,118.459999,101.169998,85.870003,21.700001,17.950001,-0.1527,1.96,55.005001,49.224998,2.98
2018-12-04,0.11,20.74,2.2,2.25,-0.46073,117.760002,96.110001,96.57,25.379999,20.75,-0.1527,1.94,53.025002,46.805,2.91
2018-12-05,0.11,20.74,2.2,2.25,-0.46073,117.760002,96.110001,96.57,25.379999,20.75,-0.1527,1.94,53.025002,46.805,2.91
2018-12-06,0.12,21.19,2.2,2.29,-0.46073,116.68,97.32,93.849998,25.969999,21.059999,-0.1527,1.9,53.279999,46.529999,2.87
2018-12-07,0.13,23.23,2.2,2.31,-0.44148,114.300003,92.379997,96.489998,28.030001,22.440001,0.1945,1.89,51.685001,44.764999,2.85
2018-12-10,0.13,22.64,2.2,2.31,-0.44148,117.639999,93.800003,91.779999,27.200001,22.01,0.1945,1.86,51.724998,45.285,2.85
2018-12-11,0.11,21.76,2.2,2.26,-0.44148,116.800003,94.540001,89.769997,26.77,21.719999,0.1945,1.83,51.744999,45.509998,2.89
2018-12-12,0.14,21.46,2.2,2.24,-0.44148,116.779999,95.809998,91.410004,26.299999,21.59,0.1945,1.83,52.290001,46.200001,2.91
2018-12-13,0.16,20.65,2.2,2.25,-0.44148,117.029999,95.839996,93.0,25.799999,21.35,0.1945,1.83,52.029999,46.044998,2.91
2018-12-14,0.16,21.63,2.2,2.25,-0.428,118.599998,94.260002,96.449997,27.620001,21.959999,0.2541,1.82,51.165001,45.330002,2.89
2018-12-17,0.16,24.52,2.2,2.25,-0.428,123.959999,91.919998,101.550003,30.07,23.41,0.2541,1.81,49.865002,44.900002,2.86
2018-12-18,0.17,25.58,2.2,2.26,-0.428,124.230003,94.540001,103.639999,29.309999,23.9,0.2541,1.81,50.255001,45.439999,2.82
2018-12-19,0.14,25.58,2.2,2.27,-0.428,125.379997,90.529999,105.050003,29.43,24.02,0.2541,1.8,49.259998,43.470001,2.77
2018-12-20,0.12,28.38,2.2,2.28,-0.428,124.07,90.089996,109.650002,31.0,25.24,0.2541,1.76,48.154999,42.310001,2.79
2018-12-21,0.16,30.11,2.2,2.31,-0.42199,122.169998,90.410004,106.610001,33.869999,26.23,0.5306,1.77,46.880001,41.580002,2.79
2018-12-24,0.19,36.07,2.2,2.35,-0.42199,118.269997,87.800003,111.879997,38.68,28.84,0.5306,1.75,45.990002,40.48,2.74
2018-12-25,0.19,36.07,2.2,2.35,-0.42199,118.269997,87.800003,111.879997,38.68,28.84,0.5306,1.75,45.990002,40.48,2.74
2018-12-26,0.2,30.41,2.2,2.33,-0.42199,116.470001,92.980003,97.32,33.700001,25.690001,0.5306,1.77,48.715,42.755001,2.81
2018-12-27,0.21,29.96,2.2,2.36,-0.42199,115.18,93.809998,95.889999,34.369999,25.889999,0.5306,1.74,48.974998,43.130001,2.77
2018-12-28,0.2,28.34,2.2,2.44,-0.42547,117.260002,93.809998,91.239998,34.200001,25.32,0.6584,1.73,48.98,43.424999,2.72
2018-12-31,0.21,25.42,2.2,2.45,-0.42547,117.260002,94.5,87.110001,31.440001,23.73,0.6584,1.71,49.505001,43.639999,2.69
2019-01-01,0.21,25.42,2.4,2.45,-0.42547,117.260002,94.5,87.110001,31.440001,23.73,0.6584,1.71,49.505001,43.639999,2.69
2019-01-02,0.16,23.22,2.4,2.45,-0.42547,116.059998,94.449997,81.660004,30.09,22.75,0.6584,1.7,49.880001,43.959999,2.66
2019-01-03,0.17,25.45,2.4,2.48,-0.42547,112.220001,88.879997,83.800003,32.18,24.110001,0.6584,1.68,48.799999,41.32,2.56
2019-01-04,0.17,21.38,2.4,2.45,-0.43864,111.440002,92.900002,84.440002,28.57,21.860001,0.3022,1.76,50.415001,43.244999,2.67
2019-01-07,0.17,21.4,2.4,2.42,-0.43864,113.559998,94.5,82.739998,28.530001,21.620001,0.3022,1.78,51.555,44.080002,2.7
2019-01-08,0.15,20.47,2.4,2.39,-0.43864,115.300003,94.379997,82.410004,27.66,21.139999,0.3022,1.82,52.125,43.825001,2.73
2019-01-09,0.18,19.98,2.4,2.39,-0.43864,117.010002,96.239998,86.620003,26.42,20.690001,0.3022,1.83,52.389999,44.945,2.74
2019-01-10,0.18,19.5,2.4,2.42,-0.43864,117.720001,97.720001,86.349998,25.91,20.52,0.3022,1.81,52.240002,45.41,2.74
2019-01-11,0.16,18.19,2.4,2.42,-0.45882,119.089996,98.589996,83.849998,24.780001,19.74,-0.1863,1.83,52.290001,45.785,2.71
2019-01-14,0.18,19.07,2.4,2.46,-0.45882,125.199997,96.330002,83.010002,25.74,19.93,-0.1863,1.81,51.970001,45.0,2.71
2019-01-15,0.19,18.6,2.4,2.46,-0.45882,126.870003,97.629997,81.389999,23.66,19.24,-0.1863,1.81,52.439999,45.119999,2.72
2019-01-16,0.18,19.04,2.4,2.45,-0.45882,131.660004,97.169998,83.339996,24.07,19.530001,-0.1863,1.82,52.32,44.764999,2.73
2019-01-17,0.19,18.06,2.4,2.43,-0.45882,133.020004,97.540001,82.790001,23.34,19.17,-0.1863,1.79,52.674999,45.32,2.75
2019-01-18,0.17,17.8,2.4,2.38,-0.48258,133.020004,99.419998,82.489998,21.889999,18.84,-0.1546,1.83,53.404999,46.439999,2.79
2019-01-21,0.17,17.8,2.4,2.38,-0.48258,133.020004,99.419998,82.489998,21.889999,18.84,-0.1546,1.83,53.404999,46.439999,2.79
2019-01-22,0.16,20.8,2.4,2.38,-0.48258,122.82,96.620003,93.809998,25.02,20.690001,-0.1546,1.79,52.605,45.095001,2.74
2019-01-23,0.18,19.52,2.4,2.37,-0.48258,123.879997,95.489998,88.449997,24.5,20.08,-0.1546,1.8,52.709999,44.915001,2.76
2019-01-24,0.16,18.89,2.4,2.37,-0.48258,130.919998,102.089996,84.889999,23.49,19.67,-0.1546,1.77,52.93,47.560001,2.72
2019-01-25,0.16,17.42,2.4,2.34,-0.50715,126.110001,104.410004,83.379997,21.780001,18.82,-0.1323,1.79,53.514999,48.445,2.76
2019-01-28,0.15,18.87,2.4,2.36,-0.50715,123.059998,102.68,86.440002,23.43,19.58,-0.1323,1.78,53.205002,47.540001,2.75
2019-01-29,0.16,19.13,2.4,2.36,-0.50715,121.900002,101.349998,86.839996,23.860001,19.6,-0.1323,1.78,52.860001,46.91,2.72
2019-01-30,0.18,17.66,2.4,2.37,-0.50715,123.279999,102.139999,82.389999,21.18,18.68,-0.1323,1.84,53.900002,48.330002,2.7
2019-01-31,0.18,16.57,2.4,2.38,-0.50715,126.529999,100.68,79.239998,20.24,17.879999,-0.1323,1.85,54.389999,48.294998,2.63
2019-02-01,0.18,16.14,2.4,2.31,-0.53119,126.029999,101.989998,80.0,19.799999,17.59,-0.1528,1.88,53.595001,48.91,2.7
2019-02-04,0.2,15.73,2.4,2.3,-0.53119,128.399994,101.800003,77.360001,19.68,17.190001,-0.1528,1.87,53.945,49.150002,2.73
2019-02-05,0.18,15.57,2.4,2.27,-0.53119,123.419998,102.32,80.620003,19.469999,17.07,-0.1528,1.87,54.450001,49.424999,2.71
2019-02-06,0.18,15.38,2.4,2.28,-0.53119,123.720001,106.480003,84.989998,19.74,16.9,-0.1528,1.86,54.224998,50.650002,2.7
2019-02-07,0.17,16.37,2.4,2.31,-0.53119,124.449997,103.860001,85.010002,20.92,17.52,-0.1528,1.84,53.779999,49.560001,2.65
2019-02-08,0.18,15.72,2.4,2.3,-0.55185,127.720001,104.550003,82.699997,20.040001,17.26,-0.2978,1.82,53.564999,49.424999,2.63
2019-02-11,0.17,15.97,2.4,2.3,-0.55185,129.190002,104.760002,82.769997,20.07,17.219999,-0.2978,1.82,53.66,49.639999,2.65
2019-02-12,0.18,15.43,2.4,2.3,-0.55185,128.600006,106.440002,81.629997,18.690001,16.82,-0.2978,1.83,54.485001,50.744999,2.68
2019-02-13,0.18,15.65,2.4,2.27,-0.55185,127.120003,107.150002,80.269997,19.0,16.959999,-0.2978,1.86,54.855,50.865002,2.71
2019-02-14,0.16,16.22,2.4,2.3,-0.55185,126.889999,106.970001,81.639999,19.02,17.32,-0.2978,1.85,54.654999,51.014999,2.66
2019-02-15,0.14,14.91,2.4,2.28,-0.56925,129.550003,107.57,80.449997,17.700001,16.48,-0.363,1.86,55.029999,51.275002,2.66
2019-02-18,0.14,14.91,2.4,2.28,-0.56925,129.550003,107.57,80.449997,17.700001,16.48,-0.363,1.86,55.029999,51.275002,2.66
2019-02-19,0.15,14.88,2.4,2.28,-0.56925,124.68,107.279999,78.639999,18.1,16.450001,-0.363,1.87,55.255001,51.215,2.65
2019-02-20,0.15,14.02,2.4,2.23,-0.56925,123.389999,107.940002,75.589996,18.02,15.82,-0.363,1.89,55.365002,51.68,2.65
2019-02-21,0.16,14.46,2.4,2.23,-0.56925,122.419998,106.639999,76.639999,18.190001,16.16,-0.363,1.91,55.255001,51.360001,2.69
2019-02-22,0.17,13.51,2.4,2.25,-0.58266,121.080002,107.309998,74.980003,16.950001,15.46,-0.5287,1.91,55.555,52.09,2.65
2019-02-25,0.16,14.85,2.4,2.23,-0.58266,127.669998,108.190002,79.349998,17.809999,16.0,-0.5287,1.92,55.369999,52.564999,2.67
2019-02-26,0.16,15.17,2.4,2.24,-0.58266,125.529999,107.269997,80.529999,18.110001,16.299999,-0.5287,1.92,55.445,52.224998,2.64
2019-02-27,0.19,14.7,2.4,2.25,-0.58266,126.440002,105.709999,80.370003,17.6,15.99,-0.5287,1.93,55.404999,51.689999,2.69
2019-02-28,0.21,14.78,2.4,2.22,-0.58266,126.440002,105.779999,80.0,17.17,16.1,-0.5287,1.95,55.105,51.665001,2.73
2019-03-01,0.21,13.57,2.41,2.22,-0.5917,126.970001,106.760002,79.269997,16.120001,15.38,-0.5884,1.96,55.549999,52.139999,2.76
2019-03-04,0.17,14.63,2.41,2.22,-0.5917,125.040001,107.400002,82.339996,17.360001,16.030001,-0.5884,1.94,55.375,52.165001,2.72
2019-03-05,0.17,14.74,2.41,2.22,-0.5917,126.400002,106.57,82.459999,17.059999,16.15,-0.5884,1.93,55.514999,51.919998,2.72
2019-03-06,0.17,15.74,2.41,2.25,-0.5917,125.800003,105.419998,86.099998,18.23,16.74,-0.5884,1.91,55.255001,51.044998,2.69
2019-03-07,0.17,16.59,2.41,2.25,-0.5917,123.139999,104.949997,88.699997,19.59,17.299999,-0.5884,1.9,54.584999,50.490002,2.64
2019-03-08,0.17,16.05,2.41,2.27,-0.59699,125.730003,104.860001,87.239998,19.120001,17.110001,-0.4714,1.9,54.205002,50.474998,2.62
2019-03-11,0.17,14.33,2.41,2.27,-0.59699,132.929993,106.449997,81.230003,16.360001,16.01,-0.4714,1.91,54.950001,51.549999,2.64
2019-03-12,0.16,13.77,2.41,2.25,-0.59699,132.929993,106.519997,83.059998,15.76,15.65,-0.4714,1.9,55.105,51.805,2.61
2019-03-13,0.16,13.41,2.41,2.26,-0.59699,132.929993,107.580002,82.760002,15.38,15.33,-0.4714,1.92,55.299999,52.014999,2.61
2019-03-14,0.17,13.5,2.41,2.27,-0.59699,130.570007,107.099998,82.559998,15.65,15.3,-0.4714,1.94,55.134998,51.724998,2.63
2019-03-15,0.16,12.88,2.41,2.28,-0.6009,128.759995,110.739998,82.940002,15.12,14.98,-0.5763,1.94,55.299999,53.110001,2.59
2019-03-18,0.15,13.1,2.41,2.27,-0.6009,127.099998,109.809998,85.519997,16.18,15.24,-0.5763,1.96,55.834999,52.965,2.6
2019-03-19,0.15,13.56,2.41,2.27,-0.6009,123.129997,110.019997,87.360001,16.73,15.56,-0.5763,1.95,56.115002,53.575001,2.61
2019-03-20,0.14,13.91,2.41,2.29,-0.6009,120.589996,109.629997,86.629997,16.639999,15.79,-0.5763,1.96,56.195,53.115002,2.54
2019-03-21,0.13,13.63,2.41,2.28,-0.6009,120.669998,112.220001,83.889999,16.59,15.51,-0.5763,1.96,56.965,54.945,2.54
2019-03-22,0.13,16.48,2.41,2.3,-0.60486,117.550003,109.68,98.5,19.83,17.370001,-0.5872,1.9,55.834999,53.375,2.44
2019-03-25,0.17,16.33,2.41,2.28,-0.60486,117.599998,107.110001,97.199997,19.440001,17.450001,-0.5872,1.88,56.165001,52.700001,2.43
2019-03-26,0.17,14.68,2.41,2.3,-0.60486,117.800003,108.330002,89.849998,18.629999,16.450001,-0.5872,1.86,56.404999,53.189999,2.41
2019-03-27,0.17,15.15,2.41,2.28,-0.60486,117.660004,105.970001,91.339996,18.74,16.780001,-0.5872,1.84,56.290001,52.415001,2.39
2019-03-28,0.16,14.43,2.41,2.27,-0.60486,119.25,104.910004,87.949997,17.99,16.299999,-0.5872,1.83,56.630001,52.314999,2.39
2019-03-29,0.14,13.71,2.41,2.26,-0.60767,120.959999,106.07,85.82,16.620001,15.8,-0.3284,1.88,56.924999,53.165001,2.41
2019-04-01,0.16,13.4,2.42,2.24,-0.60767,126.769997,108.639999,84.93,16.309999,15.46,-0.3284,1.9,57.549999,54.474998,2.49
2019-04-02,0.18,13.36,2.42,2.24,-0.60767,127.309998,110.279999,83.279999,16.33,15.54,-0.3284,1.9,57.540001,54.52,2.48
2019-04-03,0.19,13.74,2.42,2.23,-0.60767,127.309998,112.75,84.230003,16.620001,15.63,-0.3284,1.91,57.945,55.790001,2.52
2019-04-04,0.18,13.58,2.42,2.22,-0.60767,126.230003,113.239998,82.150002,16.790001,15.48,-0.3284,1.9,58.415001,55.849998,2.51
2019-04-05,0.15,12.82,2.42,2.22,-0.61187,128.75,113.629997,79.099998,16.17,15.06,-0.6764,1.9,58.759998,56.27,2.5
2019-04-08,0.16,13.18,2.42,2.21,-0.61187,129.130005,115.220001,81.860001,16.82,15.28,-0.6764,1.91,58.970001,56.384998,2.52
2019-04-09,0.16,14.28,2.42,2.19,-0.61187,127.660004,113.940002,88.139999,17.65,15.99,-0.6764,1.91,58.439999,55.77,2.51
2019-04-10,0.17,13.3,2.42,2.21,-0.61187,127.610001,114.919998,89.489998,16.76,15.38,-0.6764,1.94,58.720001,56.220001,2.48
2019-04-11,0.16,13.02,2.42,2.2,-0.61187,126.230003,114.879997,88.059998,16.66,15.25,-0.6764,1.94,58.794998,56.165001,2.51
2019-04-12,0.16,12.01,2.42,2.15,-0.61524,124.220001,116.760002,84.980003,15.63,14.46,-0.6602,1.95,59.16,56.955002,2.56
2019-04-15,0.15,12.32,2.42,2.15,-0.61524,127.690002,115.089996,84.169998,15.93,14.53,-0.6602,1.94,59.279999,56.544998,2.55
2019-04-16,0.19,12.18,2.42,2.12,-0.61524,125.809998,116.370003,83.580002,15.88,14.47,-0.6602,1.96,59.540001,57.924999,2.6
2019-04-17,0.19,12.6,2.42,2.13,-0.61524,125.779999,115.599998,85.550003,15.86,14.82,-0.6602,1.94,59.654999,58.779999,2.59
2019-04-18,0.19,12.09,2.42,2.12,-0.61524,123.599998,115.510002,84.410004,15.15,14.57,-0.6602,1.95,59.634998,58.865002,2.57
2019-04-19,0.19,12.09,2.42,2.12,-0.6173,123.599998,115.510002,84.410004,15.15,14.57,-0.7777,1.95,59.634998,58.865002,2.57
2019-04-22,0.21,12.42,2.42,2.14,-0.6173,124.239998,114.949997,83.269997,15.74,14.72,-0.7777,1.95,59.41,58.82,2.59
2019-04-23,0.21,12.28,2.42,2.14,-0.6173,124.650002,116.379997,81.43,16.15,14.54,-0.7777,1.95,60.119999,59.294998,2.57
2019-04-24,0.21,13.14,2.42,2.14,-0.6173,123.809998,118.43,85.169998,16.67,15.04,-0.7777,1.96,60.174999,59.799999,2.53
2019-04-25,0.21,13.25,2.42,2.14,-0.6173,124.18,117.169998,86.940002,16.49,15.21,-0.7777,1.98,59.860001,58.619999,2.54
2019-04-26,0.23,12.73,2.42,2.13,-0.61635,126.290001,117.209999,84.089996,15.79,14.89,-0.6397,1.97,60.334999,57.904999,2.51
2019-04-29,0.24,13.11,2.42,2.13,-0.61635,125.790001,116.699997,86.080002,16.440001,15.23,-0.6397,1.96,60.125,57.599998,2.54
2019-04-30,0.24,13.12,2.42,2.14,-0.61635,126.470001,117.830002,88.559998,16.6,15.23,-0.6397,1.95,60.035,58.125,2.51
2019-05-01,0.21,14.8,2.39,2.11,-0.61635,125.32,116.290001,95.75,17.93,16.190001,-0.6397,1.93,59.305,57.68,2.52
2019-05-02,0.2,14.42,2.39,2.12,-0.61635,124.589996,117.459999,93.019997,17.620001,16.030001,-0.6397,1.89,59.349998,58.224998,2.55
2019-05-03,0.21,12.87,2.39,2.11,-0.61291,122.220001,117.470001,86.230003,15.98,15.07,-0.6787,1.91,60.049999,58.744999,2.54
2019-05-06,0.2,15.44,2.39,2.14,-0.61291,123.230003,115.860001,94.849998,18.700001,16.4,-0.6787,1.91,59.685001,57.805,2.51
2019-05-07,0.17,19.32,2.39,2.17,-0.61291,116.879997,113.93,111.540001,22.860001,18.780001,-0.6787,1.87,58.779999,56.485001,2.45
2019-05-08,0.19,19.4,2.39,2.17,-0.61291,117.790001,112.559998,106.480003,22.52,18.75,-0.6787,1.87,58.799999,56.080002,2.49
2019-05-09,0.19,19.1,2.39,2.21,-0.61291,117.68,112.150002,102.919998,22.030001,18.440001,-0.6787,1.85,58.560001,55.290001,2.45
2019-05-10,0.21,16.04,2.39,2.2,-0.60602,118.540001,112.599998,96.010002,19.1,16.9,-0.3866,1.88,58.645,55.23,2.47
2019-05-13,0.22,20.55,2.39,2.25,-0.60602,119.360001,107.110001,105.599998,25.25,19.790001,-0.3866,1.85,56.900002,52.669998,2.4
2019-05-14,0.22,18.06,2.39,2.24,-0.60602,119.949997,109.040001,97.260002,22.23,18.290001,-0.3866,1.86,57.474998,54.02,2.42
2019-05-15,0.21,16.44,2.39,2.26,-0.60602,120.870003,110.290001,94.529999,19.92,17.49,-0.3866,1.83,57.865002,54.52,2.37
2019-05-16,0.2,15.29,2.39,2.24,-0.60602,121.089996,109.209999,94.230003,18.4,16.74,-0.3866,1.84,58.400002,53.75,2.4
2019-05-17,0.19,15.96,2.39,2.24,-0.59771,118.690002,106.790001,99.120003,19.389999,17.059999,-0.3626,1.81,57.955002,52.715,2.39
2019-05-20,0.2,16.31,2.39,2.24,-0.59771,115.25,104.730003,96.830002,21.639999,17.290001,-0.3626,1.81,57.544998,50.619999,2.41
2019-05-21,0.17,14.95,2.39,2.23,-0.59771,117.169998,107.0,92.379997,19.58,16.42,-0.3626,1.83,57.945,51.775002,2.43
2019-05-22,0.16,14.75,2.39,2.26,-0.59771,115.419998,106.779999,89.300003,19.84,16.42,-0.3626,1.79,57.349998,50.865002,2.39
2019-05-23,0.19,16.92,2.39,2.28,-0.59771,114.709999,105.830002,94.980003,21.309999,17.690001,-0.3626,1.73,56.639999,50.02,2.31
2019-05-24,0.16,15.85,2.39,2.31,-0.58953,114.120003,105.059998,90.190002,20.629999,17.09,-0.4827,1.76,56.715,49.715,2.32
2019-05-27,0.16,15.85,2.39,2.31,-0.58953,114.120003,105.059998,90.190002,20.629999,17.09,-0.4827,1.76,56.715,49.715,2.32
2019-05-28,0.14,17.5,2.39,2.32,-0.58953,112.580002,103.209999,95.080002,21.83,17.9,-0.4827,1.73,56.34,49.275002,2.26
2019-05-29,0.16,17.9,2.39,2.33,-0.58953,111.93,104.150002,93.830002,22.23,18.24,-0.4827,1.75,55.84,49.439999,2.25
2019-05-30,0.16,17.3,2.39,2.33,-0.58953,112.68,105.440002,92.779999,21.68,17.959999,-0.4827,1.74,56.205002,49.82,2.22
2019-05-31,0.19,18.71,2.39,2.37,-0.58145,112.650002,104.309998,96.720001,23.23,18.83,-0.1932,1.74,55.470001,49.115002,2.14
2019-06-03,0.25,18.86,2.39,2.42,-0.58145,112.32,105.169998,96.029999,24.219999,18.77,-0.1932,1.73,55.005001,49.060001,2.07
2019-06-04,0.24,16.97,2.39,2.42,-0.58145,112.739998,109.120003,88.93,21.49,17.59,-0.1932,1.74,56.494999,51.07,2.12
2019-06-05,0.29,16.09,2.39,2.45,-0.58145,112.910004,109.480003,86.720001,20.870001,17.129999,-0.1932,1.75,56.775002,50.68,2.12
2019-06-06,0.24,15.93,2.39,2.44,-0.58145,113.889999,110.190002,86.110001,20.32,16.92,-0.1932,1.73,57.064999,51.380001,2.12
2019-06-07,0.24,16.3,2.39,2.42,-0.576,114.669998,111.169998,86.0,19.93,17.15,-0.2152,1.74,57.889999,52.044998,2.09
2019-06-10,0.25,15.94,2.39,2.39,-0.576,114.379997,112.629997,83.860001,19.98,16.879999,-0.2152,1.73,58.380001,53.345001,2.15
2019-06-11,0.22,15.99,2.39,2.38,-0.576,113.809998,112.93,84.949997,20.219999,16.99,-0.2152,1.72,58.605,53.540001,2.15
2019-06-12,0.25,15.91,2.39,2.41,-0.576,114.660004,110.339996,86.199997,20.58,17.049999,-0.2152,1.71,58.59,52.380001,2.13
2019-06-13,0.27,15.82,2.39,2.42,-0.576,113.330002,111.18,84.730003,20.030001,16.860001,-0.2152,1.68,59.115002,52.639999,2.1
2019-06-14,0.25,15.28,2.39,2.42,-0.57377,113.330002,107.309998,82.57,19.85,16.6,-0.4377,1.63,59.244999,51.330002,2.09
2019-06-17,0.23,15.35,2.39,2.41,-0.57377,115.300003,106.720001,83.480003,20.040001,16.610001,-0.4377,1.61,59.27,51.014999,2.09
2019-06-18,0.2,15.15,2.39,2.4,-0.57377,116.209999,111.040001,87.370003,19.51,16.5,-0.4377,1.64,59.720001,53.09,2.06
2019-06-19,0.29,14.33,2.39,2.41,-0.57377,115.93,111.300003,84.580002,18.799999,16.1,-0.4377,1.67,59.830002,53.215,2.03
2019-06-20,0.29,14.75,2.39,2.38,-0.57377,119.230003,112.709999,81.209999,18.709999,16.139999,-0.4377,1.74,60.244999,53.830002,2.01
2019-06-21,0.3,15.4,2.39,2.35,-0.5736,118.459999,112.32,83.139999,19.18,16.67,-0.351,1.73,59.759998,53.575001,2.07
2019-06-24,0.3,15.26,2.39,2.33,-0.5736,117.089996,112.730003,82.589996,19.459999,16.469999,-0.351,1.71,59.439999,53.674999,2.02
2019-06-25,0.29,16.28,2.39,2.34,-0.5736,116.830002,111.480003,85.160004,20.77,17.120001,-0.351,1.67,58.869999,52.744999,2.0
2019-06-26,0.28,16.21,2.39,2.32,-0.5736,117.160004,114.43,85.360001,20.459999,17.049999,-0.351,1.7,59.060001,54.305,2.05
2019-06-27,0.27,15.82,2.39,2.31,-0.5736,117.5,115.860001,86.519997,20.07,16.76,-0.351,1.68,59.43,55.035,2.01
2019-06-28,0.25,15.08,2.39,2.31,-0.57593,117.5,114.760002,85.779999,19.76,16.059999,-0.3455,1.69,59.599998,55.09,2.0
2019-07-01,0.25,14.06,2.4,2.29,-0.57593,118.120003,117.190002,79.580002,17.639999,15.43,-0.3455,1.69,60.125,56.645,2.03
2019-07-02,0.21,12.93,2.4,2.29,-0.57593,122.139999,116.059998,78.220001,16.290001,14.72,-0.3455,1.65,60.255001,55.98,1.98
2019-07-03,0.19,12.57,2.4,2.26,-0.57593,120.82,115.940002,80.040001,16.15,14.53,-0.3455,1.65,60.779999,55.775002,1.96
2019-07-04,0.19,12.57,2.4,2.26,-0.57593,120.82,115.940002,80.040001,16.15,14.53,-0.3455,1.65,60.779999,55.775002,1.96
2019-07-05,0.17,13.28,2.4,2.26,-0.57998,126.660004,115.75,85.98277389085797,16.469999,14.98,-0.5324,1.69,60.849998,55.365002,2.04
2019-07-08,0.17,13.96,2.4,2.23,-0.57998,121.419998,114.93,83.660004,17.77,15.48,-0.5324,1.7,60.924999,55.005001,2.05
2019-07-09,0.15,14.09,2.4,2.22,-0.57998,120.440002,115.779999,82.309998,17.42,15.57,-0.5324,1.71,60.990002,55.389999,2.07
2019-07-10,0.25,13.03,2.4,2.25,-0.57998,120.660004,116.639999,85.970001,16.43,15.19,-0.5324,1.74,61.209999,55.939999,2.07
2019-07-11,0.28,12.93,2.4,2.25,-0.57998,122.449997,116.720001,88.199997,16.639999,14.98,-0.5324,1.77,61.334999,56.095001,2.13
2019-07-12,0.28,12.39,2.4,2.25,-0.58204,123.650002,118.32,86.139999,16.25,14.8,-0.4569,1.77,62.040001,57.125,2.12
2019-07-15,0.26,12.68,2.4,2.25,-0.58204,126.220001,119.839996,86.199997,16.219999,15.04,-0.4569,1.77,62.240002,57.584999,2.09
2019-07-16,0.26,12.86,2.4,2.23,-0.58204,125.150002,118.68,88.25,16.66,15.22,-0.4569,1.8,62.16,56.990002,2.13
2019-07-17,0.23,13.97,2.4,2.24,-0.58204,123.980003,117.18,90.349998,18.0,15.82,-0.4569,1.75,61.564999,57.195,2.06
2019-07-18,0.27,13.53,2.4,2.27,-0.58204,123.980003,118.57,84.040001,17.01,15.54,-0.4569,1.79,61.485001,58.224998,2.04
2019-07-19,0.25,14.45,2.4,2.26,-0.58197,125.5,117.260002,86.769997,17.690001,15.93,-0.3694,1.8,61.080002,58.23,2.05
2019-07-22,0.25,13.53,2.4,2.24,-0.58197,125.360001,118.18,81.220001,17.07,15.47,-0.3694,1.79,61.115002,59.395,2.05
2019-07-23,0.25,12.61,2.4,2.23,-0.58197,124.650002,120.07,78.989998,16.07,14.93,-0.3694,1.81,61.529999,60.055,2.08
2019-07-24,0.22,12.07,2.4,2.15,-0.58197,124.650002,129.0,83.889999,15.41,14.56,-0.3694,1.79,61.84,61.654999,2.05
2019-07-25,0.22,12.74,2.4,2.14,-0.58197,121.879997,127.349998,84.300003,16.02,15.05,-0.3694,1.8,61.494999,60.540001,2.08
2019-07-26,0.22,12.16,2.4,2.13,-0.57873,121.879997,128.160004,83.110001,15.42,14.69,-0.4973,1.78,61.775002,60.415001,2.08
2019-07-29,0.21,12.83,2.4,2.13,-0.57873,123.269997,129.970001,88.160004,16.35,15.0,-0.4973,1.77,61.474998,60.619999,2.06
2019-07-30,0.21,13.94,2.4,2.14,-0.57873,121.940002,128.539993,91.580002,17.530001,15.7,-0.4973,1.78,61.060001,60.349998,2.06
2019-07-31,0.13,16.12,2.4,2.13,-0.57873,121.940002,125.010002,96.279999,18.780001,16.91,-0.4973,1.76,60.360001,58.544998,2.02
2019-08-01,0.17,17.87,2.13,2.17,-0.57873,121.709999,123.449997,105.470001,21.059999,17.99,-0.4973,1.7,59.540001,57.365002,1.9
2019-08-02,0.14,17.61,2.13,2.18,-0.57102,117.07,121.82,102.690002,21.370001,17.889999,-0.2731,1.66,59.049999,56.584999,1.86
2019-08-05,0.16,24.59,2.13,2.24,-0.57102,117.25,116.93,114.400002,27.559999,21.9,-0.2731,1.6,57.465,54.145,1.75
2019-08-06,0.13,20.17,2.13,2.25,-0.57102,113.300003,119.0,107.449997,24.27,19.690001,-0.2731,1.62,58.34,55.005001,1.73
2019-08-07,0.12,19.49,2.13,2.23,-0.57102,114.199997,120.720001,104.269997,23.469999,19.5,-0.2731,1.62,58.575001,55.305,1.71
2019-08-08,0.1,16.91,2.13,2.25,-0.57102,113.959999,124.309998,98.660004,21.139999,17.860001,-0.2731,1.65,59.705002,56.720001,1.72
2019-08-09,0.11,17.97,2.13,2.23,-0.56019,117.709999,120.610001,101.519997,21.77,18.559999,0.2335,1.66,59.145,55.740002,1.74
2019-08-12,0.07,21.09,2.13,2.23,-0.56019,116.339996,120.080002,105.309998,25.18,20.5,0.2335,1.61,58.285,55.080002,1.65
2019-08-13,0.02,17.52,2.13,2.22,-0.56019,115.150002,123.339996,102.209999,21.82,18.530001,0.2335,1.63,59.244999,56.66,1.68
2019-08-14,0.01,22.1,2.13,2.23,-0.56019,117.580002,120.599998,113.989998,26.379999,21.299999,0.2335,1.57,57.389999,54.834999,1.59
2019-08-15,0.04,21.18,2.13,2.27,-0.56019,113.480003,119.849998,112.260002,24.790001,21.07,0.2335,1.54,57.294998,54.775002,1.52
2019-08-16,0.07,18.47,2.13,2.26,-0.54863,112.519997,122.82,110.32,21.51,19.700001,0.1869,1.54,57.945,56.115002,1.55
2019-08-19,0.07,16.88,2.13,2.29,-0.54863,115.839996,124.599998,101.220001,20.43,18.360001,0.1869,1.56,58.674999,57.040001,1.6
2019-08-20,0.05,17.5,2.13,2.3,-0.54863,116.480003,124.309998,104.769997,21.27,18.870001,0.1869,1.53,58.689999,56.715,1.55
2019-08-21,0.03,15.8,2.13,2.25,-0.54863,114.779999,126.040001,98.029999,19.809999,17.719999,0.1869,1.54,59.82,57.294998,1.59
2019-08-22,0.01,16.68,2.13,2.25,-0.54863,114.480003,125.209999,100.940002,20.83,18.23,0.1869,1.55,59.834999,57.220001,1.62
2019-08-23,0.01,19.87,2.13,2.27,-0.53837,114.459999,120.290001,111.370003,23.66,20.360001,-0.0998,1.54,58.244999,54.849998,1.52
2019-08-26,0.0,19.32,2.13,2.27,-0.53837,112.620003,121.669998,106.269997,23.24,19.82,-0.0998,1.54,58.82,55.415001,1.54
2019-08-27,-0.04,20.31,2.13,2.26,-0.53837,113.07,122.18,106.489998,24.110001,20.639999,-0.0998,1.55,58.529999,55.285,1.49
2019-08-28,-0.03,19.35,2.13,2.26,-0.53837,113.650002,122.739998,103.949997,23.120001,20.049999,-0.0998,1.55,59.259998,55.639999,1.47
2019-08-29,-0.03,17.88,2.13,2.27,-0.53837,113.650002,123.57,99.800003,21.25,19.030001,-0.0998,1.59,60.150002,56.845001,1.5
2019-08-30,0.0,18.98,2.13,2.26,-0.52889,115.019997,123.75,102.660004,22.389999,19.540001,-0.0606,1.55,59.790001,57.209999,1.5
2019-09-02,0.0,18.98,2.13,2.26,-0.52889,115.019997,123.75,102.660004,22.389999,19.540001,-0.0606,1.55,59.790001,57.209999,1.5
2019-09-03,0.0,19.66,2.13,2.28,-0.52889,114.68,121.739998,102.190002,23.370001,20.120001,-0.0606,1.5,59.544998,56.305,1.47
2019-09-04,0.04,17.33,2.13,2.29,-0.52889,115.989998,124.589996,97.300003,21.440001,18.809999,-0.0606,1.51,60.134998,57.965,1.47
2019-09-05,0.02,16.27,2.13,2.28,-0.52889,115.989998,126.809998,95.510002,19.91,18.08,-0.0606,1.56,61.285,59.724998,1.57
2019-09-06,0.02,15.0,2.13,2.26,-0.52186,118.870003,127.089996,94.400002,18.82,17.459999,-0.1051,1.54,61.435001,59.775002,1.55
2019-09-09,0.05,15.27,2.13,2.23,-0.52186,118.790001,127.099998,94.5,19.42,17.549999,-0.1051,1.57,61.669998,60.005001,1.63
2019-09-10,0.05,15.2,2.13,2.22,-0.52186,119.010002,127.040001,93.849998,19.57,17.41,-0.1051,1.6,61.424999,60.125,1.72
2019-09-11,0.07,14.61,2.13,2.22,-0.52186,119.949997,128.580002,97.790001,18.6,17.1,-0.1051,1.6,61.540001,60.889999,1.75
2019-09-12,0.07,14.22,2.13,2.22,-0.52186,119.949997,130.220001,95.940002,17.879999,16.809999,-0.1051,1.63,61.834999,60.985001,1.79
2019-09-13,0.11,13.74,2.13,2.21,-0.51625,118.400002,129.610001,98.93,18.129999,16.67,-0.3516,1.67,61.709999,60.955002,1.9
2019-09-16,0.1,14.67,2.13,2.2,-0.51625,119.160004,128.360001,101.730003,19.040001,17.200001,-0.3516,1.67,60.919998,60.544998,1.84
2019-09-17,0.09,14.44,2.13,2.21,-0.51625,117.940002,129.559998,101.669998,18.58,17.23,-0.3516,1.66,61.290001,60.790001,1.81
2019-09-18,0.03,13.95,2.13,2.18,-0.51625,117.940002,129.309998,99.089996,18.040001,16.860001,-0.3516,1.59,61.259998,60.855,1.8
2019-09-19,0.05,14.05,2.13,2.17,-0.51625,118.769997,128.830002,97.300003,17.549999,16.790001,-0.3516,1.61,61.095001,60.610001,1.79
2019-09-20,0.05,15.32,2.13,2.19,-0.512,118.769997,126.669998,101.029999,19.110001,17.709999,-0.1592,1.61,60.195,59.474998,1.74
2019-09-23,0.04,14.91,2.13,2.17,-0.512,117.5,127.769997,97.599998,18.639999,17.870001,-0.1592,1.61,60.404999,59.985001,1.72
2019-09-24,0.04,17.05,2.13,2.2,-0.512,118.010002,125.809998,104.959999,20.450001,18.549999,-0.1592,1.58,59.759998,59.095001,1.64
2019-09-25,0.05,15.96,2.13,2.2,-0.512,117.980003,127.739998,99.68,19.139999,18.0,-0.1592,1.6,60.305,60.105,1.73
2019-09-26,0.04,16.07,2.13,2.18,-0.512,117.510002,128.110001,100.309998,19.41,18.120001,-0.1592,1.57,60.044998,60.314999,1.7
2019-09-27,0.06,17.22,2.13,2.19,-0.51178,116.610001,127.139999,103.199997,20.889999,18.75,0.0919,1.53,59.834999,58.884998,1.69
2019-09-30,0.05,16.24,2.13,2.2,-0.51178,116.610001,129.240005,97.620003,20.030001,17.959999,0.0919,1.53,60.349998,59.564999,1.68
2019-10-01,0.09,18.56,1.83,2.22,-0.51178,117.669998,128.589996,102.739998,21.950001,19.35,0.0919,1.52,59.845001,59.16,1.65
2019-10-02,0.12,20.56,1.83,2.26,-0.51178,114.010002,126.839996,103.809998,23.709999,20.74,0.0919,1.5,58.77,58.195,1.6
2019-10-03,0.15,19.12,1.83,2.29,-0.51178,111.470001,128.699997,98.199997,22.33,19.780001,0.0919,1.48,59.055,59.09,1.54
2019-10-04,0.12,17.04,1.83,2.29,-0.51519,114.540001,130.139999,95.190002,20.24,18.59,0.3543,1.5,59.610001,60.130001,1.52
2019-10-07,0.1,17.86,1.83,2.28,-0.51519,114.540001,128.850006,97.040001,21.629999,18.91,0.3543,1.51,59.349998,59.830002,1.56
2019-10-08,0.12,20.28,1.83,2.3,-0.51519,118.760002,124.980003,102.269997,23.4,20.389999,0.3543,1.48,58.724998,58.259998,1.54
2019-10-09,0.12,18.64,1.83,2.29,-0.51519,118.419998,127.440002,101.25,21.879999,19.51,0.3543,1.49,59.224998,59.285,1.59
2019-10-10,0.14,17.57,1.83,2.27,-0.51519,119.949997,127.730003,99.660004,21.0,18.790001,0.3543,1.52,59.619999,59.849998,1.67
2019-10-11,0.13,15.58,1.83,2.22,-0.52346,120.849998,130.089996,97.699997,19.440001,17.549999,0.129,1.56,60.294998,61.215,1.76
2019-10-14,0.13,14.57,1.83,2.22,-0.52346,122.400002,129.75,94.43,18.610001,17.120001,0.129,1.56,60.264999,61.305,1.76
2019-10-15,0.16,13.54,1.83,2.21,-0.52346,124.849998,131.690002,93.980003,17.18,16.48,0.129,1.56,60.794998,62.525002,1.77
2019-10-16,0.17,13.68,1.83,2.22,-0.52346,127.169998,129.5,93.160004,17.58,16.48,0.129,1.57,61.044998,61.615002,1.75
2019-10-17,0.16,13.79,1.83,2.21,-0.52346,128.009995,130.130005,90.269997,17.389999,16.440001,0.129,1.59,61.205002,61.654999,1.76
2019-10-18,0.18,14.25,1.83,2.21,-0.53582,128.009995,129.460007,91.199997,17.82,16.65,-0.1419,1.6,61.084999,61.049999,1.76
2019-10-21,0.18,14.0,1.83,2.19,-0.53582,128.440002,130.929993,88.099998,17.389999,16.280001,-0.1419,1.61,61.299999,62.195,1.8
2019-10-22,0.18,14.46,1.83,2.17,-0.53582,125.790001,128.570007,89.32,18.34,16.549999,-0.1419,1.61,60.91,61.724998,1.78
2019-10-23,0.19,14.01,1.83,2.18,-0.53582,125.790001,118.949997,87.589996,17.780001,16.290001,-0.1419,1.61,60.630001,60.650002,1.77
2019-10-24,0.19,13.71,1.83,2.17,-0.53582,125.220001,118.410004,86.550003,17.35,16.25,-0.1419,1.62,60.599998,62.255001,1.77
2019-10-25,0.17,12.65,1.83,2.16,-0.54976,125.699997,120.510002,83.82,16.17,15.71,-0.1398,1.65,60.529999,63.514999,1.8
2019-10-28,0.21,13.11,1.83,2.16,-0.54976,125.699997,120.0,86.480003,16.809999,15.99,-0.1398,1.64,60.720001,64.480003,1.85
2019-10-29,0.2,13.2,1.83,2.15,-0.54976,125.260002,120.290001,87.75,17.469999,16.09,-0.1398,1.61,60.375,64.040001,1.84
2019-10-30,0.17,12.33,1.83,2.17,-0.54976,127.290001,117.790001,86.470001,16.709999,15.69,-0.1398,1.57,60.75,64.110001,1.78
2019-10-31,0.17,13.22,1.83,2.18,-0.54976,129.639999,117.989998,88.919998,17.360001,16.049999,-0.1398,1.54,60.424999,63.744999,1.69
2019-11-01,0.17,12.3,1.55,2.16,-0.56201,130.710007,118.040001,85.690002,16.27,15.42,-0.0759,1.59,60.825001,65.059998,1.73
2019-11-04,0.19,12.83,1.55,2.16,-0.56201,129.740005,120.970001,88.75,16.559999,15.62,-0.0759,1.64,60.855,66.445,1.79
2019-11-05,0.23,13.1,1.55,2.15,-0.56201,129.740005,119.860001,90.980003,17.08,15.91,-0.0759,1.68,60.945,66.480003,1.86
2019-11-06,0.2,12.62,1.55,2.14,-0.56201,126.779999,120.360001,89.589996,16.450001,15.83,-0.0759,1.66,61.009998,66.074997,1.81
2019-11-07,0.24,12.73,1.55,2.13,-0.56201,124.68,119.919998,90.150002,16.66,15.8,-0.0759,1.69,60.645,66.464996,1.92
2019-11-08,0.26,12.07,1.55,2.11,-0.57186,124.68,120.110001,89.059998,16.17,15.53,-0.1065,1.71,60.669998,66.605003,1.94
2019-11-11,0.26,12.69,1.55,2.11,-0.57186,123.300003,118.080002,89.559998,16.040001,15.6,-0.1065,1.71,60.544998,66.334999,1.94
2019-11-12,0.26,12.68,1.55,2.1,-0.57186,123.849998,119.019997,90.349998,15.86,15.49,-0.1065,1.7,60.505001,66.474998,1.92
2019-11-13,0.25,13.0,1.55,2.11,-0.57186,123.18,118.419998,93.5,16.24,15.62,-0.1065,1.66,60.314999,66.589996,1.88
2019-11-14,0.24,13.05,1.55,2.13,-0.57186,124.610001,117.57,93.449997,15.85,15.6,-0.1065,1.62,60.575001,66.470001,1.82
2019-11-15,0.23,12.05,1.55,2.13,-0.57721,126.279999,118.0,93.349998,14.57,14.99,-0.1148,1.63,60.685001,67.144997,1.84
2019-11-18,0.21,12.46,1.55,2.14,-0.57721,126.589996,117.889999,93.989998,14.94,15.17,-0.1148,1.63,60.895,67.184998,1.81
2019-11-19,0.19,12.86,1.55,2.13,-0.57721,127.459999,117.839996,95.949997,15.25,15.5,-0.1148,1.63,60.224998,66.955002,1.79
2019-11-20,0.17,12.78,1.55,2.16,-0.57721,127.459999,116.230003,95.360001,15.61,15.64,-0.1148,1.6,60.084999,66.300003,1.73
2019-11-21,0.17,13.13,1.55,2.15,-0.57721,125.639999,116.099998,96.089996,16.07,15.82,-0.1148,1.63,59.744999,65.574997,1.77
2019-11-22,0.16,12.34,1.55,2.14,-0.57731,124.870003,117.010002,94.400002,15.6,15.4,-0.0643,1.62,60.154999,65.459999,1.77
2019-11-25,0.15,11.87,1.55,2.13,-0.57731,125.529999,119.010002,90.239998,15.08,14.99,-0.0643,1.62,60.685001,66.970001,1.76
2019-11-26,0.16,11.54,1.55,2.11,-0.57731,128.649994,119.129997,89.879997,14.78,14.85,-0.0643,1.62,61.099998,66.754997,1.74
2019-11-27,0.14,11.75,1.55,2.09,-0.57731,130.279999,121.730003,90.199997,14.86,14.96,-0.0643,1.63,61.625,67.205002,1.77
2019-11-28,0.14,11.75,1.55,2.09,-0.57731,130.279999,121.730003,90.199997,14.86,14.96,-0.0643,1.63,61.625,67.205002,1.77
2019-11-29,0.17,12.62,1.55,2.08,-0.57232,130.369995,120.209999,91.050003,15.84,15.51,-0.2007,1.61,61.224998,66.455002,1.78
2019-12-02,0.22,14.91,1.55,2.11,-0.57232,129.830002,118.790001,98.910004,18.07,16.84,-0.2007,1.65,60.720001,65.589996,1.83
2019-12-03,0.19,15.96,1.55,2.11,-0.57232,126.349998,117.75,102.650002,19.16,17.629999,-0.2007,1.63,60.110001,64.669998,1.72
2019-12-04,0.19,14.8,1.55,2.11,-0.57232,123.309998,120.279999,98.720001,18.33,16.98,-0.2007,1.66,60.445,65.620003,1.77
2019-12-05,0.22,14.52,1.55,2.09,-0.57232,123.639999,120.739998,98.120003,17.969999,16.780001,-0.2007,1.67,60.384998,66.014999,1.8
2019-12-06,0.23,13.62,1.55,2.07,-0.56325,131.479996,122.370003,96.519997,16.440001,16.209999,-0.1033,1.69,60.869999,66.995003,1.84
2019-12-09,0.2,15.86,1.55,2.05,-0.56325,136.559998,122.0,101.889999,18.15,17.299999,-0.1033,1.69,60.945,66.544998,1.83
2019-12-10,0.2,15.68,1.55,2.01,-0.56325,135.0,121.370003,101.029999,18.02,17.129999,-0.1033,1.71,60.84,66.809998,1.85
2019-12-11,0.18,14.99,1.55,2.04,-0.56325,134.369995,123.720001,104.82,17.41,16.91,-0.1033,1.69,60.994999,68.239998,1.79
2019-12-12,0.24,13.94,1.55,2.02,-0.56325,132.679993,126.07,101.300003,16.549999,16.09,-0.1033,1.72,61.529999,70.199997,1.9
2019-12-13,0.21,12.63,1.55,2.02,-0.55556,144.509995,126.639999,96.610001,15.09,15.28,-0.2783,1.7,61.584999,69.93,1.82
2019-12-16,0.24,12.14,1.55,2.0,-0.55556,143.850006,127.07,94.209999,14.02,14.98,-0.2783,1.73,61.855,70.5,1.89
2019-12-17,0.26,12.29,1.55,1.99,-0.55556,137.479996,127.089996,98.559998,14.42,15.15,-0.2783,1.75,62.130001,70.900002,1.89
2019-12-18,0.29,12.58,1.55,1.98,-0.55556,144.559998,126.349998,99.199997,14.75,15.2,-0.2783,1.76,62.189999,70.654999,1.92
2019-12-19,0.3,12.5,1.55,1.96,-0.55556,150.139999,126.400002,97.25,14.42,15.14,-0.2783,1.77,62.384998,71.065002,1.92
2019-12-20,0.29,12.51,1.55,1.96,-0.55141,147.169998,128.949997,99.290001,14.47,15.32,-0.3761,1.77,62.275002,71.75,1.92
2019-12-23,0.29,12.61,1.55,1.96,-0.55141,143.910004,128.550003,99.82,15.16,15.5,-0.3761,1.75,62.130001,71.040001,1.93
2019-12-24,0.28,12.67,1.55,1.97,-0.55141,143.910004,128.529999,98.830002,15.14,15.52,-0.3761,1.75,62.27,71.184998,1.9
2019-12-25,0.28,12.67,1.55,1.97,-0.55141,143.910004,128.529999,98.830002,15.14,15.52,-0.3761,1.75,62.27,71.184998,1.9
2019-12-26,0.26,12.65,1.55,1.97,-0.55141,143.070007,128.479996,97.459999,15.07,15.52,-0.3761,1.74,63.029999,71.375,1.9
2019-12-27,0.29,13.43,1.55,1.96,-0.55603,143.070007,128.570007,99.629997,16.360001,15.95,-0.192,1.73,63.025002,71.129997,1.88
2019-12-30,0.32,14.82,1.55,1.97,-0.55603,140.289993,127.660004,100.019997,17.9,16.68,-0.192,1.75,62.619999,70.614998,1.9
2019-12-31,0.34,13.78,1.55,1.98,-0.55603,139.520004,128.289993,94.099998,16.889999,15.87,-0.192,1.77,62.709999,70.705002,1.92
2020-01-01,0.34,13.78,1.55,1.98,-0.55603,139.520004,128.289993,94.099998,16.889999,15.87,-0.192,1.77,62.709999,70.705002,1.92
2020-01-02,0.3,12.47,1.55,1.98,-0.55603,137.699997,129.570007,89.669998,16.0,15.19,-0.192,1.8,63.455002,72.339996,1.88
2020-01-03,0.27,14.02,1.55,1.99,-0.56911,133.460007,127.849998,93.790001,16.950001,16.01,-0.2385,1.77,62.915001,71.154999,1.8
2020-01-06,0.27,13.85,1.55,2.02,-0.56911,132.509995,126.959999,92.660004,17.190001,15.92,-0.2385,1.75,63.09,70.394997,1.81
2020-01-07,0.29,13.79,1.55,2.03,-0.56911,129.779999,129.410004,91.07,17.15,15.86,-0.2385,1.74,62.990002,71.57,1.83
2020-01-08,0.29,13.45,1.55,2.05,-0.56911,136.419998,129.759995,90.209999,16.93,15.4,-0.2385,1.75,63.18,71.690002,1.87
2020-01-09,0.27,12.54,1.55,2.03,-0.56911,133.470001,131.330002,87.809998,16.040001,14.95,-0.2385,1.74,63.514999,72.099998,1.85
2020-01-10,0.27,12.56,1.55,1.99,-0.58902,128.149994,130.0,88.330002,16.48,14.95,-0.3642,1.76,63.169998,71.5,1.83
2020-01-13,0.27,12.32,1.55,1.99,-0.58902,131.270004,129.949997,88.480003,15.57,14.64,-0.3642,1.77,63.369999,72.5,1.85
2020-01-14,0.24,12.39,1.55,1.99,-0.58902,130.820007,130.669998,86.870003,15.83,14.64,-0.3642,1.77,63.349998,72.650002,1.82
2020-01-15,0.23,12.42,1.55,2.01,-0.58902,130.820007,129.169998,91.150002,15.54,14.63,-0.3642,1.75,63.205002,71.574997,1.79
2020-01-16,0.23,12.32,1.55,2.0,-0.58902,133.130005,130.160004,90.379997,14.95,14.45,-0.3642,1.74,63.77,72.730003,1.81
2020-01-17,0.26,12.1,1.55,1.98,-0.61045,134.619995,131.699997,91.75,14.97,14.41,-0.5317,1.75,63.994999,73.029999,1.84
2020-01-20,0.26,12.1,1.55,1.98,-0.61045,134.619995,131.699997,91.75,14.97,14.41,-0.5317,1.75,63.994999,73.029999,1.84
2020-01-21,0.25,12.85,1.55,1.97,-0.61045,132.699997,130.860001,92.980003,16.219999,14.87,-0.5317,1.74,63.799999,73.089996,1.78
2020-01-22,0.24,12.91,1.55,1.97,-0.61045,129.929993,133.339996,91.110001,16.49,14.98,-0.5317,1.72,63.77,73.690002,1.77
2020-01-23,0.23,12.98,1.55,1.98,-0.61045,131.759995,134.25,92.540001,16.23,14.99,-0.5317,1.7,63.865002,74.150002,1.74
2020-01-24,0.21,14.56,1.55,1.98,-0.62404,127.019997,130.520004,98.43,18.07,16.07,-0.4212,1.68,62.974998,73.824997,1.7
2020-01-27,0.17,18.23,1.55,2.04,-0.62404,127.019997,126.309998,107.389999,21.459999,18.16,-0.4212,1.63,62.035,70.849998,1.61
2020-01-28,0.2,16.28,1.55,2.04,-0.62404,127.209999,128.039993,102.110001,19.610001,17.030001,-0.4212,1.65,62.639999,72.625,1.65
2020-01-29,0.18,16.39,1.55,2.05,-0.62404,125.150002,125.489998,99.07,19.57,17.030001,-0.4212,1.64,62.605,71.519997,1.6
2020-01-30,0.16,15.49,1.55,2.08,-0.62404,125.150002,124.419998,96.489998,17.75,16.59,-0.4212,1.64,62.5,71.355003,1.57
2020-01-31,0.18,18.84,1.55,2.13,-0.6223,135.729996,120.650002,105.599998,21.33,18.629999,-0.1347,1.65,62.66,68.785004,1.51
2020-02-03,0.18,17.97,1.55,2.1,-0.6223,127.699997,123.400002,102.949997,20.4,18.040001,-0.1347,1.63,63.105,69.724998,1.54
2020-02-04,0.2,16.05,1.55,2.09,-0.6223,127.699997,126.470001,96.18,18.450001,16.700001,-0.1347,1.64,64.254997,71.970001,1.61
2020-02-05,0.22,15.15,1.55,2.07,-0.6223,129.779999,132.440002,92.82,18.52,16.110001,-0.1347,1.66,64.580002,73.400002,1.66
2020-02-06,0.21,14.96,1.55,2.05,-0.6223,129.779999,132.520004,93.610001,18.41,15.89,-0.1347,1.67,64.434998,73.449997,1.65
2020-02-07,0.18,15.47,1.55,2.05,-0.59708,134.479996,128.699997,96.010002,19.42,16.290001,-0.472,1.66,64.154999,71.769997,1.59
2020-02-10,0.19,15.04,1.55,2.06,-0.59708,133.289993,129.649994,96.809998,19.309999,16.129999,-0.472,1.66,64.879997,72.900002,1.56
2020-02-11,0.18,15.18,1.55,2.05,-0.59708,133.289993,130.699997,96.959999,19.66,16.139999,-0.472,1.65,65.389999,74.440002,1.59
2020-02-12,0.18,13.74,1.55,2.06,-0.59708,133.199997,132.419998,96.650002,18.040001,15.36,-0.472,1.66,66.059998,75.489998,1.62
2020-02-13,0.17,14.15,1.55,2.05,-0.59708,133.039993,132.809998,99.169998,18.459999,15.68,-0.472,1.67,65.945,75.669998,1.61
2020-02-14,0.17,13.68,1.55,2.04,-0.53762,133.039993,132.210007,98.169998,17.950001,15.5,-0.5797,1.66,65.845001,75.345001,1.59
2020-02-17,0.17,13.68,1.55,2.04,-0.53762,133.039993,132.210007,98.169998,17.950001,15.5,-0.5797,1.66,65.845001,75.345001,1.59
2020-02-18,0.14,14.83,1.55,2.05,-0.53762,137.660004,131.240005,101.019997,19.120001,16.1,-0.5797,1.65,65.839996,74.214996,1.55
2020-02-19,0.14,14.38,1.55,2.05,-0.53762,141.809998,133.130005,95.919998,18.58,15.82,-0.5797,1.65,66.135002,76.125,1.56
2020-02-20,0.13,15.56,1.55,2.05,-0.53762,137.119995,131.470001,99.480003,20.33,16.6,-0.5797,1.63,66.160004,74.925003,1.52
2020-02-21,0.12,17.08,1.55,2.09,-0.4371,137.119995,128.520004,104.860001,22.459999,17.610001,-0.4568,1.61,65.150002,72.724998,1.46
2020-02-24,0.12,25.03,1.55,2.13,-0.4371,135.139999,121.440002,112.720001,29.23,21.92,-0.4568,1.59,62.91,69.43,1.38
2020-02-25,0.13,27.85,1.55,2.19,-0.4371,130.789993,118.379997,121.010002,31.030001,23.860001,-0.4568,1.53,61.23,67.43,1.33
2020-02-26,0.17,27.56,1.55,2.2,-0.4371,130.649994,118.790001,113.440002,30.379999,23.700001,-0.4568,1.54,60.744999,67.834999,1.33
2020-02-27,0.19,39.16,1.55,2.27,-0.4371,130.649994,113.129997,118.0,41.0,29.92,-0.4568,1.53,58.290001,64.709999,1.3
2020-02-28,0.27,40.11,1.55,2.38,-0.29686,130.820007,114.139999,125.730003,43.130001,29.85,0.6501,1.41,57.915001,65.985001,1.13
2020-03-02,0.26,33.42,1.55,2.44,-0.29686,126.839996,118.970001,114.690002,35.099998,27.700001,0.6501,1.41,59.904999,68.269997,1.1
2020-03-03,0.31,36.82,1.55,2.48,-0.29686,123.059998,113.809998,116.720001,39.330002,30.17,0.6501,1.45,58.455002,66.029999,1.02
2020-03-04,0.35,31.99,1.55,2.47,-0.29686,127.379997,119.050003,113.970001,33.540001,27.51,0.6501,1.46,60.474998,69.415001,1.02
2020-03-05,0.33,39.62,1.55,2.52,-0.29686,123.610001,114.720001,119.660004,41.400002,32.57,0.6501,1.4,58.220001,67.235001,0.92
2020-03-06,0.25,41.94,1.55,2.55,-0.13327,126.080002,113.160004,127.160004,43.970001,35.459999,1.3162,1.31,57.325001,65.940002,0.74
2020-03-09,0.16,54.46,1.55,2.93,-0.13327,121.57,105.040001,137.190002,53.68,43.049999,1.3162,0.99,53.715,60.455002,0.54
2020-03-10,0.26,47.3,1.55,2.93,-0.13327,121.379997,112.120003,138.820007,47.43,39.439999,1.3162,1.0,56.685001,64.18,0.76
2020-03-11,0.32,53.9,1.55,2.99,-0.13327,121.720001,106.5,146.929993,50.700001,44.369999,1.3162,0.96,53.584999,60.715,0.82
2020-03-12,0.38,75.47,1.55,3.2,-0.13327,115.790001,97.529999,155.050003,67.830002,57.240002,1.3162,0.92,48.169998,54.305,0.88
2020-03-13,0.45,57.83,1.55,3.3,0.03575,115.790001,106.040001,171.279999,51.84,48.310001,3.4817,0.9,51.150002,59.57,0.94
2020-03-16,0.37,82.69,1.55,3.38,0.03575,114.660004,93.5,207.589996,80.080002,67.699997,3.4817,0.73,44.669998,50.985001,0.73
2020-03-17,0.55,75.91,1.55,3.49,0.03575,116.669998,106.150002,194.429993,71.550003,65.269997,3.4817,0.63,46.389999,55.115002,1.02
2020-03-18,0.64,76.45,1.55,3.81,0.03575,113.540001,100.0,181.330002,74.220001,72.980003,3.4817,0.63,43.724998,50.535,1.18
2020-03-19,0.68,72.0,1.55,4.01,0.03575,115.440002,101.57,181.759995,69.120003,69.470001,3.4817,0.5,45.25,51.43,1.12
2020-03-20,0.55,66.04,1.55,4.23,0.18357,118.120003,97.599998,187.179993,63.849998,65.589996,5.6392,0.75,43.904999,50.529999,0.92
2020-03-23,0.48,61.59,1.55,4.31,0.18357,117.050003,98.440002,167.929993,58.360001,56.639999,5.6392,0.8,43.764999,52.404999,0.76
2020-03-24,0.46,61.67,1.55,4.19,0.18357,117.75,105.360001,171.910004,56.950001,52.110001,5.6392,0.97,47.869999,57.814999,0.84
2020-03-25,0.54,63.95,1.55,4.13,0.18357,116.599998,99.160004,171.889999,60.990002,53.849998,5.6392,1.07,48.709999,57.380001,0.88
2020-03-26,0.53,61.0,1.55,4.04,0.18357,118.970001,107.760002,169.580002,57.599998,49.790001,5.6392,1.07,50.724998,60.860001,0.83
2020-03-27,0.47,65.54,1.55,3.98,0.27759,117.410004,100.5,168.710007,61.380001,55.75,5.3472,0.94,49.025002,57.494999,0.72
2020-03-30,0.47,57.08,1.55,3.89,0.27759,122.18,102.019997,157.660004,55.040001,51.259998,5.3472,0.95,50.049999,59.75,0.7
2020-03-31,0.47,53.54,1.55,3.93,0.27759,125.489998,99.93,152.919998,51.290001,48.32,5.3472,0.87,49.040001,58.57,0.7
2020-04-01,0.39,57.06,0.05,3.97,0.27759,115.480003,96.889999,156.990005,54.290001,51.169998,5.3472,0.91,46.849998,55.665001,0.62
2020-04-02,0.4,50.91,0.05,3.92,0.27759,118.43,102.019997,147.330002,48.91,47.299999,5.3472,1.03,47.025002,57.165001,0.63
2020-04-03,0.39,46.8,0.05,3.92,0.31639,120.57,99.980003,143.520004,44.869999,44.84,3.1376,1.08,46.205002,56.02,0.62
2020-04-06,0.4,45.24,0.05,3.91,0.31639,121.010002,108.959999,143.300003,42.93,43.09,3.1376,1.14,50.049999,61.59,0.67
2020-04-07,0.47,46.7,0.05,3.79,0.31639,118.480003,106.260002,134.449997,44.689999,43.419998,3.1376,1.17,50.794998,61.400002,0.75
2020-04-08,0.5,43.35,0.05,3.75,0.31639,119.300003,110.169998,141.369995,42.34,41.59,3.1376,1.19,52.395,63.435001,0.77
2020-04-09,0.5,41.67,0.05,3.61,0.31639,120.849998,107.690002,137.75,41.360001,40.610001,3.1376,1.23,53.34,61.935001,0.73
2020-04-10,0.5,41.67,0.05,3.61,0.30244,120.849998,107.690002,137.75,41.360001,40.610001,2.5997,1.23,53.34,61.935001,0.73
2020-04-13,0.51,41.17,0.05,3.41,0.30244,119.599998,107.669998,138.679993,41.34,39.970001,2.5997,1.26,53.325001,62.744999,0.76
2020-04-14,0.53,37.76,0.05,3.36,0.30244,122.330002,110.949997,131.779999,38.330002,36.459999,2.5997,1.29,55.41,65.489998,0.76
2020-04-15,0.43,40.84,0.05,3.33,0.30244,122.330002,107.980003,135.929993,40.849998,39.279999,2.5997,1.19,54.195,63.724998,0.63
2020-04-16,0.41,40.11,0.05,3.28,0.30244,122.330002,111.389999,129.550003,40.360001,39.209999,2.5997,1.03,54.845001,65.415001,0.61
2020-04-17,0.45,38.15,0.05,3.27,0.24613,126.43,113.550003,127.150002,38.369999,37.279999,1.865,1.01,56.465,66.055,0.65
2020-04-20,0.43,43.83,0.05,3.28,0.24613,125.339996,111.529999,132.039993,43.849998,40.970001,1.865,0.94,55.48,64.654999,0.63
2020-04-21,0.38,45.41,0.05,3.29,0.24613,123.709999,106.839996,132.220001,45.369999,43.279999,1.865,0.96,54.040001,61.759998,0.58
2020-04-22,0.41,41.98,0.05,3.3,0.24613,126.190002,111.980003,124.099998,42.369999,40.919998,1.865,1.06,55.205002,65.25,0.63
2020-04-23,0.39,41.38,0.05,3.26,0.24613,125.220001,110.459999,121.860001,41.66,40.860001,1.865,1.05,55.189999,64.650002,0.61
2020-04-24,0.38,35.93,0.05,3.25,0.16671,125.220001,113.93,119.879997,36.5,37.810001,2.3898,1.11,56.125,65.955002,0.6
2020-04-27,0.43,33.29,0.05,3.24,0.16671,129.289993,115.779999,120.559998,35.259998,35.330002,2.3898,1.17,57.174999,66.769997,0.67
2020-04-28,0.42,33.57,0.05,3.25,0.16671,129.229996,114.239998,117.790001,36.610001,35.369999,2.3898,1.14,57.400002,66.324997,0.62
2020-04-29,0.43,31.23,0.05,3.24,0.16671,132.600006,119.400002,115.980003,32.849998,33.330002,2.3898,1.14,58.665001,69.440002,0.63
2020-04-30,0.44,34.15,0.05,3.23,0.16671,130.380005,116.07,118.529999,35.279999,35.049999,2.3898,1.07,58.299999,66.864998,0.64
2020-05-01,0.44,37.19,0.05,3.25,0.0684,129.970001,109.709999,122.150002,37.759998,37.970001,1.2332,1.06,56.119999,63.715,0.64
2020-05-04,0.45,35.97,0.05,3.28,0.0684,129.970001,110.5,121.25,36.860001,37.0,1.2332,1.07,56.424999,64.419998,0.64
2020-05-05,0.47,33.61,0.05,3.28,0.0684,131.289993,111.540001,118.870003,35.369999,35.52,1.2332,1.1,56.630001,65.260002,0.66
2020-05-06,0.55,34.12,0.05,3.31,0.0684,128.589996,112.419998,119.160004,35.599998,35.68,1.2332,1.1,56.619999,66.025002,0.72
2020-05-07,0.5,31.44,0.05,3.34,0.0684,130.669998,113.650002,115.830002,33.580002,34.009998,1.2332,1.08,57.509998,66.625,0.63
2020-05-08,0.53,27.98,0.05,3.37,-0.03204,132.210007,115.0,115.650002,30.639999,31.639999,0.9355,1.12,58.630001,68.324997,0.69
2020-05-11,0.56,27.57,0.05,3.41,-0.03204,132.210007,114.879997,118.709999,28.82,30.389999,0.9355,1.13,58.5,68.360001,0.73
2020-05-12,0.52,33.04,0.05,3.4,-0.03204,125.970001,111.690002,130.75,33.299999,34.259998,0.9355,1.09,57.220001,66.480003,0.69
2020-05-13,0.48,35.28,0.05,3.43,-0.03204,123.43,109.07,142.75,36.119999,36.509998,0.9355,1.07,56.235001,65.300003,0.64
2020-05-14,0.47,32.61,0.05,3.41,-0.03204,124.349998,110.349998,137.050003,33.790001,34.900002,0.9355,1.06,57.075001,67.129997,0.63
2020-05-15,0.48,31.89,0.05,3.41,-0.12323,124.470001,108.239998,133.020004,33.490002,34.509998,0.908,1.09,57.740002,65.599998,0.64
2020-05-18,0.55,29.3,0.05,3.38,-0.12323,129.229996,114.419998,125.900002,30.219999,31.77,0.908,1.17,59.924999,68.425003,0.73
2020-05-19,0.53,30.53,0.05,3.3,-0.12323,127.480003,112.68,125.599998,30.74,32.810001,0.908,1.15,59.709999,68.169998,0.7
2020-05-20,0.52,27.99,0.05,3.24,-0.12323,125.949997,117.480003,120.040001,29.120001,31.110001,0.908,1.16,60.490002,70.639999,0.68
2020-05-21,0.51,29.53,0.05,3.18,-0.12323,124.529999,113.459999,122.080002,30.73,32.380001,0.908,1.14,60.705002,68.849998,0.68
2020-05-22,0.49,28.16,0.05,3.18,-0.20379,125.779999,113.43,118.379997,29.360001,31.540001,0.4224,1.12,60.615002,68.995003,0.66
2020-05-25,0.49,28.16,0.05,3.18,-0.20379,125.779999,113.43,118.379997,29.360001,31.540001,0.4224,1.12,60.615002,68.995003,0.66
2020-05-26,0.51,28.01,0.05,3.14,-0.20379,129.110001,115.730003,113.589996,29.42,30.85,0.4224,1.13,61.575001,69.589996,0.69
2020-05-27,0.49,27.62,0.05,3.11,-0.20379,129.960007,117.82,109.82,29.52,30.190001,0.4224,1.14,62.630001,70.639999,0.68
2020-05-28,0.53,28.59,0.05,3.1,-0.20379,130.779999,115.870003,108.989998,29.68,31.209999,0.4224,1.18,61.869999,69.129997,0.7
2020-05-29,0.49,27.51,0.05,3.08,-0.26791,131.720001,118.739998,105.599998,27.959999,30.27,0.1947,1.15,62.095001,70.514999,0.65
2020-06-01,0.52,28.23,0.08,3.1,-0.26791,132.089996,117.860001,106.470001,28.99,30.92,0.1947,1.18,62.685001,70.410004,0.66
2020-06-02,0.51,26.84,0.08,3.08,-0.26791,132.610001,122.669998,104.830002,27.68,29.93,0.1947,1.18,63.220001,71.794998,0.68
2020-06-03,0.58,25.66,0.08,3.02,-0.26791,131.5,127.209999,106.849998,27.450001,28.91,0.1947,1.21,64.415001,73.775002,0.77
2020-06-04,0.63,25.81,0.08,2.99,-0.26791,130.770004,128.580002,109.879997,27.43,28.85,0.1947,1.22,64.089996,74.589996,0.82
2020-06-05,0.69,24.52,0.08,2.86,-0.31488,129.869995,131.440002,107.589996,25.530001,27.42,-0.0964,1.27,65.625,76.349998,0.91
2020-06-08,0.66,25.81,0.08,2.81,-0.31488,129.110001,132.860001,110.050003,26.799999,28.08,-0.0964,1.28,66.625,76.120003,0.88
2020-06-09,0.64,27.57,0.08,2.8,-0.31488,129.110001,132.119995,111.0,28.700001,29.67,-0.0964,1.26,66.105003,76.260002,0.84
2020-06-10,0.58,27.57,0.08,2.86,-0.31488,127.739998,131.399994,116.529999,29.32,29.57,-0.0964,1.27,65.485001,76.650002,0.75
2020-06-11,0.47,40.79,0.08,2.91,-0.31488,127.739998,124.610001,103.91547257209892,36.810001,40.43,-0.0964,1.21,62.055,71.945,0.66
2020-06-12,0.52,36.09,0.08,2.91,-0.34489,133.539993,123.970001,151.600006,35.490002,38.049999,0.266,1.21,62.669998,72.959999,0.71
2020-06-15,0.52,34.4,0.08,2.93,-0.34489,133.539993,124.230003,141.830002,33.669998,36.43,0.266,1.23,63.264999,73.904999,0.71
2020-06-16,0.54,33.67,0.08,2.89,-0.34489,137.330002,126.110001,143.240005,32.689999,35.799999,0.266,1.27,64.595001,75.059998,0.75
2020-06-17,0.55,33.47,0.08,2.87,-0.34489,133.850006,126.220001,139.940002,32.91,35.720001,0.266,1.26,64.425003,75.855003,0.74
2020-06-18,0.52,32.94,0.08,2.86,-0.34489,135.490005,125.980003,135.830002,31.57,35.139999,0.266,1.28,64.190002,75.75,0.71
2020-06-19,0.51,35.12,0.08,2.87,-0.36751,134.899994,124.889999,138.350006,32.540001,36.68,0.4709,1.3,63.689999,75.394997,0.7
2020-06-22,0.52,31.77,0.08,2.86,-0.36751,135.539993,125.230003,133.979996,31.379999,33.75,0.4709,1.34,64.195,76.084999,0.71
2020-06-23,0.54,31.37,0.08,2.87,-0.36751,135.199997,126.620003,130.729996,31.23,33.060001,0.4709,1.38,64.699997,76.334999,0.72
2020-06-24,0.5,33.84,0.08,2.89,-0.36751,135.199997,123.989998,136.889999,33.580002,35.389999,0.4709,1.33,63.275002,74.735001,0.69
2020-06-25,0.51,32.22,0.08,2.92,-0.36751,131.919998,125.059998,127.199997,31.809999,34.09,0.4709,1.33,63.360001,75.245003,0.68
2020-06-26,0.47,34.73,0.08,2.92,-0.38572,137.470001,123.370003,128.630005,33.810001,35.799999,0.4971,1.32,61.875,73.834999,0.64
2020-06-29,0.48,31.78,0.08,2.94,-0.38572,135.75,124.769997,121.32,32.299999,33.91,0.4971,1.34,63.049999,74.584999,0.64
2020-06-30,0.5,30.43,0.08,2.93,-0.38572,148.270004,126.970001,120.760002,30.75,32.52,0.4971,1.34,63.855,76.400002,0.66
2020-07-01,0.52,28.62,0.09,2.89,-0.38572,142.440002,124.800003,120.830002,29.51,31.68,0.4971,1.37,64.5,75.525002,0.69
2020-07-02,0.52,27.68,0.09,2.87,-0.38572,146.339996,125.809998,115.470001,28.6,30.870001,0.4971,1.41,64.754997,76.68,0.68
2020-07-03,0.52,27.68,0.09,2.87,-0.40293,146.339996,125.809998,115.470001,28.6,30.870001,0.4098,1.41,64.754997,76.68,0.68
2020-07-06,0.53,27.94,0.09,2.83,-0.40293,140.979996,129.529999,116.57,30.200001,30.98,0.4098,1.45,66.290001,78.794998,0.69
2020-07-07,0.49,29.43,0.09,2.81,-0.40293,138.339996,128.600006,118.120003,31.719999,32.07,0.4098,1.43,65.25,77.815002,0.65
2020-07-08,0.51,28.08,0.09,2.77,-0.40293,138.339996,129.259995,113.339996,31.049999,31.190001,0.4098,1.42,65.945,78.93,0.67
2020-07-09,0.46,29.26,0.09,2.73,-0.40293,138.839996,130.429993,115.110001,32.68,32.060001,0.4098,1.39,65.870003,80.300003,0.62
2020-07-10,0.49,27.29,0.09,2.74,-0.42165,135.679993,130.529999,109.709999,32.02,31.02,0.11,1.41,66.654999,79.985001,0.65
2020-07-13,0.48,32.19,0.09,2.74,-0.42165,135.679993,128.820007,123.300003,37.599998,34.540001,0.11,1.42,65.809998,78.834999,0.64
2020-07-14,0.49,29.52,0.09,2.71,-0.42165,128.520004,131.889999,112.75,37.610001,32.560001,0.11,1.41,66.464996,80.160004,0.63
2020-07-15,0.48,27.76,0.09,2.71,-0.42165,146.529999,132.149994,113.709999,35.84,31.559999,0.11,1.41,67.415001,79.794998,0.64
2020-07-16,0.46,28.0,0.09,2.69,-0.42165,142.440002,132.179993,115.620003,34.419998,31.549999,0.11,1.41,67.235001,79.735001,0.62
2020-07-17,0.5,25.68,0.09,2.68,-0.44069,140.809998,133.889999,117.970001,30.77,30.370001,0.0638,1.46,66.919998,80.105003,0.64
2020-07-20,0.46,24.46,0.09,2.66,-0.44069,145.899994,136.580002,112.510002,30.91,29.1,0.0638,1.46,67.989998,81.705002,0.62
2020-07-21,0.47,24.84,0.09,2.63,-0.44069,134.839996,135.479996,115.459999,30.91,29.469999,0.0638,1.48,68.095001,81.294998,0.61
2020-07-22,0.46,24.32,0.09,2.61,-0.44069,140.389999,132.529999,112.839996,30.459999,29.049999,0.0638,1.48,68.68,81.889999,0.6
2020-07-23,0.43,26.08,0.09,2.58,-0.44069,140.740005,129.039993,116.699997,32.75,30.25,0.0638,1.49,67.650002,80.540001,0.59
2020-07-24,0.45,25.84,0.09,2.58,-0.45996,139.399994,129.630005,117.220001,32.610001,30.559999,-0.2269,1.51,67.769997,79.730003,0.59
2020-07-27,0.47,24.74,0.09,2.56,-0.45996,139.610001,132.119995,112.709999,31.549999,30.0,-0.2269,1.52,68.190002,82.945,0.62
2020-07-28,0.45,25.44,0.09,2.57,-0.45996,139.639999,130.130005,113.879997,31.83,30.1,-0.2269,1.51,67.514999,80.790001,0.59
2020-07-29,0.46,24.1,0.09,2.61,-0.45996,140.860001,131.639999,110.949997,30.129999,29.290001,-0.2269,1.53,68.199997,82.824997,0.58
2020-07-30,0.44,24.76,0.09,2.6,-0.45996,138.990005,128.889999,112.160004,30.200001,29.76,-0.2269,1.52,68.144997,83.605003,0.55
2020-07-31,0.44,24.46,0.09,2.6,-0.47766,138.990005,127.550003,112.040001,27.93,29.709999,-0.0772,1.55,68.5,83.110001,0.55
2020-08-03,0.45,24.28,0.09,2.63,-0.47766,141.559998,129.320007,111.019997,29.27,29.66,-0.0772,1.58,68.355003,84.589996,0.56
2020-08-04,0.41,23.76,0.09,2.62,-0.47766,141.770004,132.229996,109.0,29.120001,29.09,-0.0772,1.57,68.904999,85.82,0.52
2020-08-05,0.44,22.99,0.09,2.59,-0.47766,139.589996,132.699997,105.669998,28.5,28.6,-0.0772,1.61,69.745003,85.894997,0.55
2020-08-06,0.44,22.65,0.09,2.57,-0.47766,139.589996,133.740005,105.839996,28.530001,28.200001,-0.0772,1.63,70.084999,85.745003,0.55
2020-08-07,0.44,22.21,0.09,2.57,-0.49148,139.75,133.559998,108.18,29.76,28.280001,-0.2058,1.61,70.190002,84.760002,0.57
2020-08-10,0.45,22.13,0.09,2.56,-0.49148,137.5,135.410004,111.129997,29.860001,28.049999,-0.2058,1.61,71.029999,84.82,0.59
2020-08-11,0.48,24.03,0.09,2.59,-0.49148,136.389999,136.039993,118.339996,31.870001,29.17,-0.2058,1.63,70.889999,83.620003,0.64
2020-08-12,0.53,22.28,0.09,2.55,-0.49148,137.009995,138.639999,115.730003,30.16,28.120001,-0.2058,1.67,71.830002,86.25,0.69
2020-08-13,0.55,22.13,0.09,2.59,-0.49148,136.110001,137.149994,115.18,29.84,28.17,-0.2058,1.67,71.800003,85.43,0.71
2020-08-14,0.57,22.05,0.09,2.61,-0.50183,136.820007,137.350006,114.349998,29.15,28.370001,-0.2654,1.65,71.794998,85.339996,0.71
2020-08-17,0.55,21.35,0.09,2.64,-0.50183,137.449997,138.279999,110.349998,27.73,27.450001,-0.2654,1.66,72.720001,86.584999,0.69
2020-08-18,0.53,21.51,0.09,2.64,-0.50183,138.080002,139.309998,112.589996,26.9,27.35,-0.2654,1.68,73.169998,86.050003,0.67
2020-08-19,0.54,22.54,0.09,2.65,-0.50183,138.080002,138.479996,114.720001,28.879999,28.110001,-0.2654,1.67,72.824997,85.525002,0.68
2020-08-20,0.52,22.72,0.09,2.65,-0.50183,138.199997,138.570007,112.989998,28.440001,28.129999,-0.2654,1.62,72.714996,84.839996,0.65
2020-08-21,0.48,22.54,0.09,2.64,-0.50799,144.050003,140.330002,111.25,28.620001,28.17,-0.0676,1.64,73.089996,85.455002,0.64
2020-08-24,0.51,22.37,0.09,2.63,-0.50799,146.729996,141.020004,108.25,29.83,28.1,-0.0676,1.67,74.199997,86.214996,0.65
2020-08-25,0.54,22.03,0.09,2.63,-0.50799,147.229996,141.660004,103.879997,29.110001,27.91,-0.0676,1.7,74.445,87.190002,0.69
2020-08-26,0.53,23.27,0.09,2.66,-0.50799,146.529999,142.449997,105.800003,32.099998,28.700001,-0.0676,1.72,75.18,87.675003,0.69
2020-08-27,0.58,24.47,0.09,2.71,-0.50799,142.089996,141.490005,114.739998,33.32,29.93,-0.0676,1.73,74.775002,86.445,0.74
2020-08-28,0.6,22.96,0.09,2.71,-0.50994,145.070007,143.490005,111.559998,32.799999,29.620001,-0.2684,1.77,75.264999,87.82,0.74
2020-08-31,0.58,26.41,0.09,2.67,-0.50994,145.729996,142.149994,119.010002,34.549999,31.85,-0.2684,1.8,75.044998,87.684998,0.72
2020-09-01,0.55,26.12,0.09,2.67,-0.50994,144.669998,144.960007,120.099998,34.669998,32.099998,-0.2684,1.76,75.830002,89.404999,0.68
2020-09-02,0.52,26.57,0.09,2.64,-0.50994,142.279999,147.639999,122.010002,36.799999,32.669998,-0.2684,1.73,76.879997,91.775002,0.66
2020-09-03,0.5,33.6,0.09,2.64,-0.50994,144.660004,141.669998,132.910004,42.09,37.630001,-0.2684,1.65,74.440002,86.900002,0.63
2020-09-04,0.58,30.75,0.09,2.68,-0.50764,144.660004,140.470001,122.139999,41.740002,34.75,-0.1197,1.7,73.580002,85.705002,0.72
2020-09-07,0.58,30.75,0.09,2.68,-0.50764,144.660004,140.470001,122.139999,41.740002,34.75,-0.1197,1.7,73.580002,85.705002,0.72
2020-09-08,0.55,31.46,0.09,2.67,-0.50764,133.279999,136.039993,123.559998,41.02,34.310001,-0.1197,1.68,72.614998,81.904999,0.69
2020-09-09,0.57,28.81,0.09,2.69,-0.50764,132.509995,139.679993,121.540001,38.25,32.119999,-0.1197,1.71,73.985001,84.25,0.71
2020-09-10,0.54,29.71,0.09,2.69,-0.50764,130.160004,137.190002,120.580002,37.919998,32.919998,-0.1197,1.69,72.925003,83.190002,0.68
2020-09-11,0.54,26.87,0.09,2.69,-0.50309,125.419998,136.369995,113.949997,35.27,31.129999,0.0521,1.65,73.035004,83.029999,0.67
2020-09-14,0.54,25.85,0.09,2.66,-0.50309,125.419998,138.529999,111.269997,33.560001,30.48,0.0521,1.65,73.809998,84.900002,0.68
2020-09-15,0.54,25.59,0.09,2.68,-0.50309,130.949997,140.639999,108.970001,33.790001,30.27,0.0521,1.67,74.415001,86.684998,0.68
2020-09-16,0.55,26.04,0.09,2.67,-0.50309,132.949997,139.679993,103.480003,35.48,30.57,0.0521,1.68,74.0,85.620003,0.69
2020-09-17,0.56,26.46,0.09,2.65,-0.50309,136.059998,140.399994,100.370003,36.27,30.75,0.0521,1.66,72.959999,85.425003,0.69
2020-09-18,0.56,25.83,0.09,2.66,-0.49909,139.410004,138.660004,101.190002,36.040001,30.459999,-0.1322,1.67,71.945,84.135002,0.7
2020-09-21,0.54,27.78,0.09,2.66,-0.49909,132.089996,136.979996,108.739998,36.43,31.639999,-0.1322,1.62,70.754997,84.175003,0.68
2020-09-22,0.55,26.86,0.09,2.66,-0.49909,130.639999,138.649994,104.690002,35.240002,31.67,-0.1322,1.62,72.25,84.864998,0.68
2020-09-23,0.54,28.58,0.09,2.68,-0.49909,129.839996,135.160004,107.349998,37.25,33.279999,-0.1322,1.6,71.065002,82.925003,0.68
2020-09-24,0.53,28.51,0.09,2.7,-0.49909,129.839996,136.690002,102.260002,36.990002,33.060001,-0.1322,1.58,71.035004,83.650002,0.67
2020-09-25,0.54,26.38,0.09,2.74,-0.49327,129.169998,138.320007,99.639999,34.93,32.029999,0.2507,1.58,71.959999,84.620003,0.66
2020-09-28,0.53,26.19,0.09,2.76,-0.49327,129.259995,141.940002,101.849998,34.66,31.74,0.2507,1.61,73.464996,86.769997,0.67
2020-09-29,0.55,26.27,0.09,2.74,-0.49327,123.93,141.5,96.93,35.25,31.09,0.2507,1.64,72.894997,87.230003,0.66
2020-09-30,0.56,26.37,0.09,2.75,-0.49327,123.93,142.789993,101.580002,35.419998,31.639999,0.2507,1.63,73.489998,87.099998,0.69
2020-10-01,0.54,26.7,0.09,2.75,-0.49327,120.940002,144.910004,101.0,34.990002,31.719999,0.2507,1.63,74.449997,89.25,0.68
2020-10-02,0.57,27.63,0.09,2.76,-0.49002,117.779999,141.089996,102.720001,36.439999,32.389999,-0.076,1.64,74.135002,86.574997,0.7
2020-10-05,0.64,27.96,0.09,2.74,-0.49002,119.529999,144.080002,103.220001,35.669998,31.280001,-0.076,1.68,75.114998,89.525002,0.78
2020-10-06,0.62,29.48,0.09,2.7,-0.49002,119.529999,143.850006,106.139999,36.669998,31.879999,-0.076,1.66,73.724998,88.739998,0.76
2020-10-07,0.65,28.06,0.09,2.69,-0.49002,120.599998,146.75,104.190002,35.610001,30.700001,-0.076,1.71,75.410004,90.639999,0.81
2020-10-08,0.65,26.36,0.09,2.68,-0.49002,121.809998,148.059998,104.800003,34.43,29.49,-0.076,1.72,75.904999,91.75,0.78
2020-10-09,0.63,25.0,0.09,2.67,-0.49006,121.809998,150.910004,109.220001,32.599998,28.280001,-0.2361,1.73,76.695,93.324997,0.79
2020-10-12,0.63,25.07,0.09,2.67,-0.49006,123.940002,154.899994,109.68,33.439999,27.98,-0.2361,1.73,77.714996,94.970001,0.79
2020-10-13,0.58,26.07,0.09,2.65,-0.49006,123.940002,154.490005,110.970001,34.48,28.35,-0.2361,1.7,77.699997,94.684998,0.74
2020-10-14,0.59,26.4,0.09,2.64,-0.49006,122.599998,152.770004,116.93,34.040001,28.24,-0.2361,1.69,76.839996,94.184998,0.73
2020-10-15,0.6,26.97,0.09,2.65,-0.49006,122.599998,152.550003,117.589996,34.540001,28.719999,-0.2361,1.69,77.125,93.82,0.74
2020-10-16,0.62,27.41,0.09,2.64,-0.49246,123.470001,153.119995,115.919998,35.02,29.209999,-0.0918,1.71,76.425003,93.235001,0.76
2020-10-19,0.62,29.18,0.09,2.61,-0.49246,124.75,150.759995,119.760002,36.139999,30.4,-0.0918,1.71,75.485001,92.775002,0.78
2020-10-20,0.67,29.35,0.09,2.64,-0.49246,125.309998,150.830002,119.589996,35.25,30.110001,-0.0918,1.72,76.089996,92.849998,0.81
2020-10-21,0.69,28.65,0.09,2.63,-0.49246,124.379997,146.130005,117.470001,35.080002,29.610001,-0.0918,1.74,75.675003,92.254997,0.83
2020-10-22,0.71,28.11,0.09,2.61,-0.49246,124.940002,148.220001,118.599998,34.279999,29.299999,-0.0918,1.76,75.830002,92.220001,0.87
2020-10-23,0.67,27.55,0.09,2.6,-0.49829,126.699997,149.960007,118.940002,33.450001,28.99,0.0101,1.75,76.495003,92.0,0.85
2020-10-26,0.65,32.46,0.09,2.6,-0.49829,126.050003,145.949997,133.080002,37.41,32.07,0.0101,1.72,75.025002,90.029999,0.81
2020-10-27,0.63,33.35,0.09,2.6,-0.49829,126.050003,147.119995,135.320007,36.560001,32.720001,0.0101,1.71,74.989998,89.720001,0.79
2020-10-28,0.63,40.28,0.09,2.62,-0.49829,127.580002,143.0,152.009995,43.389999,37.75,0.0101,1.7,72.620003,86.824997,0.79
2020-10-29,0.69,37.59,0.09,2.61,-0.49829,129.300003,146.190002,147.839996,40.080002,35.84,0.0101,1.71,73.080002,88.970001,0.85
2020-10-30,0.74,38.02,0.09,2.61,-0.50677,128.050003,144.589996,145.240005,41.299999,36.27,0.3848,1.7,71.485001,87.474998,0.88
2020-11-02,0.71,37.13,0.09,2.6,-0.50677,129.009995,145.600006,142.649994,40.900002,35.060001,0.3848,1.71,71.995003,88.154999,0.87
2020-11-03,0.73,35.55,0.09,2.58,-0.50677,133.860001,147.300003,136.279999,38.380001,33.52,0.3848,1.72,73.580002,89.989998,0.9
2020-11-04,0.64,29.57,0.09,2.58,-0.50677,136.440002,152.029999,122.120003,33.360001,29.98,0.3848,1.64,75.144997,93.290001,0.78
2020-11-05,0.65,27.58,0.09,2.52,-0.50677,133.320007,155.559998,117.68,32.82,29.049999,0.3848,1.66,76.610001,96.995003,0.79
2020-11-06,0.67,24.86,0.09,2.51,-0.52038,127.650002,157.740005,113.129997,30.01,27.370001,-0.0761,1.65,76.379997,98.5,0.83
2020-11-09,0.79,25.75,0.09,2.47,-0.52038,124.559998,156.220001,116.779999,31.32,26.879999,-0.0761,1.73,76.129997,97.425003,0.96
2020-11-10,0.79,24.8,0.09,2.44,-0.52038,127.410004,151.490005,116.050003,32.529999,26.49,-0.0761,1.76,75.860001,94.410004,0.98
2020-11-11,0.79,23.45,0.09,2.44,-0.52038,126.300003,155.699997,118.32,30.290001,25.620001,-0.0761,1.76,76.525002,97.730003,0.98
2020-11-12,0.71,25.35,0.09,2.45,-0.52038,129.470001,154.5,121.57,30.91,27.219999,-0.0761,1.71,75.5,96.675003,0.88
2020-11-13,0.72,23.1,0.09,2.44,-0.53718,131.419998,156.649994,114.389999,29.030001,25.690001,-0.4804,1.72,76.724998,98.099998,0.89
2020-11-16,0.72,22.45,0.09,2.42,-0.53718,129.330002,158.309998,115.0,27.370001,25.35,-0.4804,1.72,77.730003,100.860001,0.91
2020-11-17,0.69,22.71,0.09,2.42,-0.53718,129.559998,155.5,116.25,27.309999,25.379999,-0.4804,1.7,77.400002,99.699997,0.87
2020-11-18,0.72,23.84,0.09,2.39,-0.53718,128.910004,153.550003,117.900002,27.469999,26.389999,-0.4804,1.7,76.870003,99.205002,0.88
2020-11-19,0.68,23.11,0.09,2.35,-0.53718,133.589996,157.270004,114.150002,26.809999,25.799999,-0.4804,1.7,77.25,100.5,0.86
2020-11-20,0.67,23.7,0.09,2.35,-0.55347,133.550003,156.820007,113.989998,26.91,26.059999,-0.1633,1.69,76.845001,99.989998,0.83
2020-11-23,0.7,22.66,0.09,2.33,-0.55347,133.539993,157.419998,109.849998,26.639999,25.43,-0.1633,1.71,77.690002,101.529999,0.86
2020-11-24,0.72,21.64,0.09,2.31,-0.55347,134.259995,159.350006,104.559998,25.99,24.84,-0.1633,1.74,78.845001,101.849998,0.88
2020-11-25,0.71,21.25,0.09,2.32,-0.55347,134.190002,157.600006,103.459999,25.690001,24.42,-0.1633,1.75,78.940002,101.845001,0.88
2020-11-26,0.71,21.25,0.09,2.32,-0.55347,134.190002,157.600006,103.459999,25.690001,24.42,-0.1633,1.75,78.940002,101.845001,0.88
2020-11-27,0.68,20.84,0.09,2.32,-0.56816,133.899994,158.990005,106.120003,26.120001,24.43,-0.3982,1.75,79.110001,103.209999,0.84
2020-11-30,0.68,20.57,0.09,2.29,-0.56816,132.429993,161.25,106.120003,26.68,24.33,-0.3982,1.77,78.629997,104.305,0.84
2020-12-01,0.75,20.77,0.09,2.28,-0.56816,133.949997,163.490005,108.43,27.41,24.49,-0.3982,1.81,79.214996,106.199997,0.92
2020-12-02,0.79,21.17,0.09,2.24,-0.56816,132.600006,162.720001,107.519997,27.549999,24.540001,-0.3982,1.85,78.720001,106.625,0.95
2020-12-03,0.76,21.28,0.09,2.23,-0.56816,134.610001,161.979996,107.889999,27.389999,24.559999,-0.3982,1.86,78.940002,106.584999,0.92
2020-12-04,0.81,20.79,0.09,2.23,-0.58112,132.460007,166.520004,103.720001,27.02,24.290001,-0.4442,1.89,79.014999,109.695,0.97
2020-12-07,0.8,21.3,0.09,2.22,-0.58112,133.080002,166.289993,104.419998,27.200001,24.52,-0.4442,1.88,78.834999,110.32,0.94
2020-12-08,0.78,20.68,0.09,2.22,-0.58112,132.440002,166.679993,102.82,26.08,23.870001,-0.4442,1.89,78.669998,110.464996,0.92
2020-12-09,0.79,22.27,0.09,2.24,-0.58112,134.899994,162.759995,113.93,29.32,24.73,-0.4442,1.91,78.595001,107.044998,0.95
2020-12-10,0.78,22.52,0.09,2.22,-0.58112,135.75,162.0,114.660004,29.15,25.049999,-0.4442,1.88,78.525002,107.125,0.92
2020-12-11,0.79,23.31,0.09,2.23,-0.59138,135.710007,160.610001,120.769997,29.0,26.049999,-0.4203,1.87,78.150002,106.254997,0.9
2020-12-14,0.77,24.72,0.09,2.24,-0.59138,139.919998,160.119995,127.68,29.440001,27.110001,-0.4203,1.88,78.264999,107.339996,0.9
2020-12-15,0.81,22.89,0.09,2.26,-0.59138,139.289993,162.380005,119.110001,28.1,25.870001,-0.4203,1.91,79.32,109.025002,0.92
2020-12-16,0.79,22.5,0.09,2.25,-0.59138,138.949997,162.119995,111.849998,27.85,25.469999,-0.4203,1.92,79.839996,108.980003,0.92
2020-12-17,0.81,21.93,0.09,2.23,-0.59138,144.789993,162.690002,110.209999,27.040001,25.15,-0.4203,1.94,80.385002,108.955002,0.94
2020-12-18,0.82,21.57,0.09,2.24,-0.59878,147.070007,164.070007,110.300003,26.91,25.17,-0.3774,1.95,79.995003,108.580002,0.95
2020-12-21,0.82,25.16,0.09,2.23,-0.59878,147.020004,162.429993,121.610001,28.35,27.58,-0.3774,1.95,78.945,107.285004,0.95
2020-12-22,0.8,24.23,0.09,2.22,-0.59878,146.529999,162.520004,120.57,27.940001,27.25,-0.3774,1.94,78.605003,107.095001,0.93
2020-12-23,0.83,23.31,0.09,2.24,-0.59878,146.270004,160.979996,118.309998,27.33,26.26,-0.3774,1.97,78.775002,106.294998,0.96
2020-12-24,0.81,21.53,0.09,2.23,-0.59878,147.389999,161.639999,115.260002,25.940001,25.370001,-0.3774,1.97,78.940002,107.434998,0.94
2020-12-25,0.81,21.53,0.09,2.23,-0.60501,147.389999,161.639999,115.260002,25.940001,25.370001,-0.4181,1.97,78.940002,107.434998,0.94
2020-12-28,0.81,21.7,0.09,2.22,-0.60501,148.270004,161.470001,114.400002,25.91,25.15,-0.4181,1.97,79.839996,107.220001,0.94
2020-12-29,0.82,23.08,0.09,2.22,-0.60501,145.300003,161.179993,116.269997,26.82,26.24,-0.4181,1.96,79.864998,106.949997,0.94
2020-12-30,0.81,22.77,0.09,2.2,-0.60501,142.740005,162.699997,112.040001,26.290001,25.440001,-0.4181,1.96,80.345001,108.925003,0.93
2020-12-31,0.8,22.75,0.09,2.18,-0.60501,143.029999,164.130005,111.860001,26.93,25.280001,-0.4181,1.99,80.389999,109.209999,0.93
2021-01-01,0.8,22.75,0.09,2.18,-0.61033,143.029999,164.130005,111.860001,26.93,25.280001,-0.4748,1.99,80.389999,109.209999,0.93
2021-01-04,0.82,26.97,0.09,2.19,-0.61033,147.830002,162.220001,124.650002,30.129999,28.26,-0.4748,2.01,79.709999,109.43,0.93
2021-01-05,0.83,25.34,0.09,2.23,-0.61033,143.839996,163.410004,120.07,28.42,27.25,-0.4748,2.03,80.305,111.345001,0.96
2021-01-06,0.9,25.07,0.09,2.27,-0.61033,145.5,164.220001,119.900002,29.27,26.790001,-0.4748,2.06,81.125,111.004997,1.04
2021-01-07,0.94,22.37,0.09,2.23,-0.61033,147.059998,167.940002,109.379997,26.99,25.02,-0.4748,2.09,82.690002,115.584999,1.08
2021-01-08,0.99,21.56,0.09,2.19,-0.61489,145.919998,171.160004,111.0,27.93,24.9,-0.4838,2.06,84.394997,115.169998,1.13
2021-01-11,1.01,24.08,0.09,2.15,-0.61489,139.25,171.309998,118.800003,28.92,26.700001,-0.4838,2.06,82.82,116.894997,1.15
2021-01-12,1.01,23.33,0.09,2.16,-0.61489,134.699997,172.300003,115.790001,28.33,26.200001,-0.4838,2.08,84.084999,117.440002,1.15
2021-01-13,0.96,22.21,0.09,2.13,-0.61489,139.990005,171.410004,117.760002,27.360001,25.549999,-0.4838,2.06,84.080002,116.805,1.1
2021-01-14,0.99,23.25,0.09,2.12,-0.61489,139.929993,171.710007,122.779999,28.549999,26.32,-0.4838,2.09,83.544998,119.709999,1.15
2021-01-15,0.98,24.34,0.09,2.13,-0.61761,138.059998,169.190002,124.25,29.17,27.26,-0.5274,2.1,82.900002,117.379997,1.11
2021-01-18,0.98,24.34,0.09,2.13,-0.61761,138.059998,169.190002,124.25,29.17,27.26,-0.5274,2.1,82.900002,117.379997,1.11
2021-01-19,0.96,23.24,0.09,2.11,-0.61761,136.699997,174.190002,120.709999,27.709999,26.690001,-0.5274,2.1,83.370003,121.410004,1.1
2021-01-20,0.97,21.58,0.09,2.11,-0.61761,141.320007,173.330002,114.169998,26.790001,25.719999,-0.5274,2.12,84.945,120.904999,1.1
2021-01-21,0.99,21.32,0.09,2.12,-0.61761,146.660004,175.100006,112.589996,27.01,25.700001,-0.5274,2.1,85.339996,122.775002,1.12
2021-01-22,0.97,21.91,0.09,2.14,-0.61962,144.199997,172.809998,92.76569094563504,28.07,25.99,-0.5149,2.09,85.050003,120.464996,1.1
2021-01-25,0.92,23.19,0.09,2.15,-0.61962,145.550003,172.919998,116.629997,28.73,26.879999,-0.5149,2.08,85.364998,120.940002,1.05
2021-01-26,0.94,23.02,0.09,2.16,-0.61962,143.309998,171.470001,115.309998,29.200001,26.889999,-0.5149,2.08,85.309998,118.849998,1.05
2021-01-27,0.92,37.21,0.09,2.16,-0.61962,143.309998,162.929993,157.690002,39.610001,35.73,-0.5149,2.08,82.68,113.044998,1.04
2021-01-28,0.95,30.21,0.09,2.17,-0.61962,137.929993,169.229996,133.220001,35.049999,31.77,-0.5149,2.13,82.940002,115.410004,1.07
2021-01-29,1.0,33.09,0.09,2.17,-0.61996,145.839996,165.690002,137.330002,37.439999,33.880001,-0.2679,2.13,81.004997,113.305,1.11
2021-02-01,0.98,30.24,0.08,2.19,-0.61996,134.300003,172.460007,129.440002,34.240002,32.529999,-0.2679,2.11,83.110001,117.745003,1.09
2021-02-02,1.01,25.56,0.08,2.18,-0.61996,141.630005,174.75,119.099998,29.49,29.360001,-0.2679,2.15,84.875,119.355003,1.12
2021-02-03,1.04,22.91,0.08,2.17,-0.61996,141.149994,168.580002,111.029999,29.030001,27.57,-0.2679,2.19,84.400002,117.110001,1.15
2021-02-04,1.04,21.77,0.08,2.19,-0.61996,136.589996,172.0,108.470001,27.09,26.790001,-0.2679,2.17,85.300003,118.464996,1.15
2021-02-05,1.1,20.87,0.08,2.18,-0.62214,136.009995,169.929993,107.639999,25.459999,26.52,-0.5747,2.21,86.114998,117.605003,1.19
2021-02-08,1.08,21.24,0.08,2.14,-0.62214,135.089996,175.119995,106.610001,26.18,26.65,-0.5747,2.22,86.605003,121.535004,1.19
2021-02-09,1.07,21.63,0.08,2.15,-0.62214,136.649994,173.690002,108.139999,26.6,27.110001,-0.5747,2.22,86.125,121.175003,1.18
2021-02-10,1.04,21.99,0.08,2.16,-0.62214,140.059998,174.360001,114.93,27.41,27.49,-0.5747,2.21,85.275002,121.485001,1.15
2021-02-11,1.05,21.25,0.08,2.18,-0.62214,139.330002,179.220001,116.220001,27.07,27.219999,-0.5747,2.2,85.040001,125.985001,1.16
2021-02-12,1.09,19.97,0.08,2.19,-0.62384,137.600006,179.639999,118.589996,26.360001,26.5,-0.7606,2.21,85.160004,127.279999,1.2
2021-02-15,1.09,19.97,0.08,2.19,-0.62384,137.600006,179.639999,118.589996,26.360001,26.5,-0.7606,2.21,85.160004,127.279999,1.2
2021-02-16,1.17,21.46,0.08,2.15,-0.62384,137.660004,180.759995,124.660004,28.52,27.549999,-0.7606,2.24,84.790001,128.059998,1.3
2021-02-17,1.18,21.5,0.08,2.13,-0.62384,140.169998,178.529999,113.12461296529736,28.26,27.52,-0.7606,2.21,85.279999,125.580002,1.29
2021-02-18,1.18,22.49,0.08,2.13,-0.62384,144.449997,176.509995,121.050003,27.59,27.860001,-0.7606,2.16,85.305,124.245003,1.29
2021-02-19,1.23,22.05,0.08,2.14,-0.62564,142.550003,178.350006,117.449997,27.74,27.09,-0.6509,2.14,84.809998,126.93,1.34
2021-02-22,1.26,23.45,0.08,2.16,-0.62564,141.529999,173.089996,117.059998,31.02,27.809999,-0.6509,2.16,83.019997,122.290001,1.37
2021-02-23,1.26,23.11,0.08,2.2,-0.62564,138.820007,172.850006,112.779999,30.620001,27.120001,-0.6509,2.16,82.474998,121.114998,1.37
2021-02-24,1.26,21.34,0.08,2.22,-0.62564,136.639999,179.389999,109.599998,28.67,25.889999,-0.6509,2.17,83.339996,125.010002,1.38
2021-02-25,1.37,28.89,0.08,2.12,-0.62564,138.520004,170.529999,127.830002,36.16,30.24,-0.6509,2.14,80.239998,118.040001,1.54
2021-02-26,1.3,27.95,0.08,2.12,-0.62772,142.070007,172.270004,124.959999,34.060001,29.6,-0.4433,2.15,80.574997,120.474998,1.44
2021-03-01,1.32,23.35,0.07,2.13,-0.62772,136.229996,177.669998,114.940002,28.67,26.780001,-0.4433,2.16,82.464996,124.099998,1.45
2021-03-02,1.29,24.1,0.07,2.15,-0.62772,141.330002,174.889999,114.919998,30.110001,27.16,-0.4433,2.2,81.514999,120.285004,1.42
2021-03-03,1.33,26.67,0.07,2.14,-0.62772,141.679993,170.589996,121.230003,33.919998,28.790001,-0.4433,2.21,79.599998,116.495003,1.47
2021-03-04,1.4,28.57,0.07,2.13,-0.62772,140.529999,163.25,124.620003,34.830002,30.08,-0.4433,2.2,77.915001,110.839996,1.54
2021-03-05,1.42,24.66,0.07,2.13,-0.63192,137.190002,167.940002,116.209999,31.889999,27.889999,-0.406,2.22,78.410004,114.394997,1.56
2021-03-08,1.42,25.47,0.07,2.14,-0.63192,135.899994,162.110001,114.620003,33.869999,28.129999,-0.406,2.21,78.504997,108.110001,1.59
2021-03-09,1.38,24.03,0.07,2.16,-0.63192,137.009995,170.360001,108.709999,32.150002,27.280001,-0.406,2.21,81.470001,114.514999,1.55
2021-03-10,1.37,22.56,0.07,2.17,-0.63192,134.449997,169.419998,114.68,31.52,26.68,-0.406,2.26,81.885002,112.190002,1.53
2021-03-11,1.4,21.91,0.07,2.18,-0.63192,138.570007,174.949997,112.870003,30.040001,26.09,-0.406,2.28,83.139999,116.904999,1.54
2021-03-12,1.5,20.69,0.07,2.19,-0.63698,139.610001,173.570007,111.730003,30.1,25.74,-0.4977,2.26,83.385002,115.445,1.64
2021-03-15,1.48,20.03,0.07,2.18,-0.63698,140.289993,174.910004,110.489998,28.719999,24.889999,-0.4977,2.27,84.504997,117.934998,1.62
2021-03-16,1.47,19.79,0.07,2.19,-0.63698,141.259995,177.139999,113.730003,29.27,24.709999,-0.4977,2.3,83.629997,119.224998,1.62
2021-03-17,1.5,19.23,0.07,2.23,-0.63698,142.559998,179.350006,109.900002,27.98,23.879999,-0.4977,2.3,84.805,120.345001,1.63
2021-03-18,1.55,21.58,0.07,2.17,-0.63698,143.190002,174.360001,117.800003,30.610001,25.280001,-0.4977,2.27,82.730003,115.525002,1.71
2021-03-19,1.58,20.95,0.07,2.1,-0.64246,148.110001,175.979996,115.949997,29.65,24.99,-0.5438,2.31,83.224998,116.839996,1.74
2021-03-22,1.54,18.88,0.07,2.08,-0.64246,141.470001,180.100006,108.629997,26.700001,22.940001,-0.5438,2.33,83.639999,119.625,1.69
2021-03-23,1.48,20.3,0.07,2.11,-0.64246,146.139999,178.779999,111.690002,27.83,23.799999,-0.5438,2.29,82.855003,116.629997,1.63
2021-03-24,1.48,21.2,0.07,2.1,-0.64246,143.440002,178.899994,110.669998,28.969999,24.4,-0.5438,2.31,81.629997,114.629997,1.62
2021-03-25,1.49,19.81,0.07,2.11,-0.64246,143.699997,178.490005,104.75,27.629999,23.370001,-0.5438,2.32,82.345001,115.050003,1.63
2021-03-26,1.53,18.86,0.07,2.09,-0.64909,140.860001,188.199997,103.260002,25.639999,22.32,-0.6247,2.34,83.029999,120.82,1.67
2021-03-29,1.59,20.74,0.07,2.08,-0.64909,145.460007,186.179993,105.839996,26.940001,23.200001,-0.6247,2.36,82.574997,118.885002,1.73
2021-03-30,1.57,19.61,0.07,2.04,-0.64909,143.669998,185.940002,101.900002,26.389999,22.309999,-0.6247,2.35,83.385002,118.375,1.73
2021-03-31,1.58,19.4,0.07,2.03,-0.64909,142.199997,188.990005,100.040001,24.889999,22.15,-0.6247,2.37,84.035004,121.775002,1.74
2021-04-01,1.52,17.33,0.07,1.98,-0.64909,140.929993,192.059998,98.970001,23.209999,20.969999,-0.6247,2.35,84.709999,126.470001,1.69
2021-04-02,1.53,17.33,0.07,1.98,-0.65609,140.929993,192.059998,98.970001,23.209999,20.969999,-0.7157,2.36,84.709999,126.470001,1.72
2021-04-05,1.56,17.91,0.07,1.93,-0.65609,136.289993,196.929993,99.239998,23.93,20.959999,-0.7157,2.35,86.635002,128.574997,1.73
2021-04-06,1.51,18.12,0.07,1.95,-0.65609,139.630005,194.589996,99.059998,23.860001,21.16,-0.7157,2.32,87.010002,126.815002,1.67
2021-04-07,1.52,17.16,0.07,1.96,-0.65609,142.440002,193.089996,97.089996,23.43,20.66,-0.7157,2.34,86.75,126.525002,1.68
2021-04-08,1.5,16.95,0.07,1.98,-0.65609,140.600006,195.199997,100.720001,23.49,20.59,-0.7157,2.33,87.160004,128.339996,1.64
2021-04-09,1.51,16.69,0.07,1.96,-0.66438,139.039993,195.429993,102.059998,23.23,20.74,-0.8157,2.31,87.989998,128.039993,1.67
2021-04-12,1.51,16.91,0.07,1.95,-0.66438,132.880005,192.429993,102.080002,22.49,20.82,-0.8157,2.33,88.555,126.555,1.69
2021-04-13,1.48,16.65,0.07,1.97,-0.66438,134.289993,191.240005,100.440002,22.110001,20.780001,-0.8157,2.33,89.489998,126.305,1.64
2021-04-14,1.48,16.99,0.07,1.98,-0.66438,134.720001,190.330002,107.470001,22.639999,21.059999,-0.8157,2.33,88.610001,125.095001,1.64
2021-04-15,1.4,16.57,0.07,1.95,-0.66438,137.669998,193.169998,108.660004,21.68,20.76,-0.8157,2.33,89.245003,126.699997,1.56
2021-04-16,1.43,16.25,0.07,1.97,-0.67127,139.289993,191.929993,107.800003,20.51,20.530001,-0.7678,2.36,89.934998,126.205002,1.59
2021-04-19,1.45,17.29,0.07,1.99,-0.67127,138.330002,187.059998,111.900002,22.82,21.370001,-0.7678,2.34,88.925003,123.080002,1.61
2021-04-20,1.43,18.68,0.07,2.0,-0.67127,137.149994,185.270004,116.370003,24.370001,22.35,-0.7678,2.32,87.805,121.355003,1.58
2021-04-21,1.42,17.5,0.07,2.01,-0.67127,134.869995,188.899994,112.900002,22.82,21.49,-0.7678,2.33,88.974998,124.555,1.57
2021-04-22,1.41,18.71,0.07,1.99,-0.67127,139.429993,185.800003,116.050003,24.0,22.52,-0.7678,2.33,87.989998,121.800003,1.57
2021-04-23,1.42,17.33,0.07,1.99,-0.67759,138.089996,188.820007,108.360001,22.32,21.57,-0.7177,2.34,88.910004,124.599998,1.58
2021-04-26,1.4,17.64,0.07,1.98,-0.67759,140.089996,191.360001,104.010002,22.57,21.540001,-0.7177,2.36,89.300003,126.730003,1.58
2021-04-27,1.46,17.56,0.07,1.97,-0.67759,139.089996,190.210007,103.389999,22.709999,21.32,-0.7177,2.39,89.195,125.989998,1.63
2021-04-28,1.46,17.28,0.07,1.98,-0.67759,139.130005,181.820007,104.779999,22.360001,21.129999,-0.7177,2.41,89.089996,123.974998,1.63
2021-04-29,1.49,17.61,0.07,1.97,-0.67759,139.369995,185.820007,105.459999,22.42,21.309999,-0.7177,2.42,89.114998,125.120003,1.65
2021-04-30,1.49,18.61,0.07,1.96,-0.68292,139.300003,180.509995,109.220001,22.9,22.07,-0.8042,2.41,89.459999,121.5,1.65
2021-05-03,1.47,18.31,0.07,1.96,-0.68292,146.320007,178.800003,108.32,23.34,21.74,-0.8042,2.42,89.035004,120.089996,1.63
2021-05-04,1.45,19.48,0.07,1.97,-0.68292,143.75,179.029999,111.220001,25.700001,22.67,-0.8042,2.42,88.105003,118.599998,1.61
2021-05-05,1.43,19.15,0.07,1.98,-0.68292,139.229996,181.649994,86.81894621097781,25.66,22.26,-0.8042,2.47,87.830002,119.125,1.59
2021-05-06,1.42,18.39,0.07,1.96,-0.68292,142.119995,184.270004,108.389999,24.83,21.879999,-0.8042,2.45,88.019997,120.105003,1.58
2021-05-07,1.46,16.69,0.07,1.97,-0.68781,144.470001,187.759995,107.029999,22.790001,20.790001,-0.8055,2.49,88.809998,121.800003,1.6
2021-05-10,1.47,19.66,0.07,1.98,-0.68781,145.759995,182.050003,114.099998,26.59,22.4,-0.8055,2.54,87.230003,116.400002,1.63
2021-05-11,1.48,21.84,0.07,2.01,-0.68781,142.720001,183.199997,92.09852219616435,27.860001,24.23,-0.8055,2.53,86.245003,116.625,1.64
2021-05-12,1.53,27.59,0.07,2.02,-0.68781,140.119995,176.600006,146.279999,31.870001,28.18,-0.8055,2.54,83.324997,111.815002,1.69
2021-05-13,1.5,23.13,0.07,2.04,-0.68781,142.600006,178.990005,130.009995,29.02,25.26,-0.8055,2.51,83.915001,113.084999,1.66
2021-05-14,1.47,18.81,0.07,2.03,-0.6899,139.259995,183.270004,117.559998,24.99,22.26,-0.746,2.51,85.370003,116.669998,1.63
2021-05-17,1.48,19.72,0.07,2.02,-0.6899,139.050003,180.830002,120.699997,25.59,23.139999,-0.746,2.54,85.214996,115.370003,1.64
2021-05-18,1.48,21.34,0.07,2.03,-0.6899,138.350006,178.869995,123.93,26.139999,24.219999,-0.746,2.52,84.550003,114.735001,1.64
2021-05-19,1.52,22.18,0.07,2.02,-0.6899,139.460007,181.720001,130.169998,26.66,25.27,-0.746,2.48,83.839996,116.790001,1.68
2021-05-20,1.48,20.67,0.07,2.02,-0.6899,143.75,185.300003,100.81714008879928,24.24,23.809999,-0.746,2.41,84.699997,119.690002,1.63
2021-05-21,1.46,20.15,0.07,2.01,-0.69237,142.960007,185.009995,124.220001,24.299999,23.49,-0.7132,2.43,84.275002,119.084999,1.63
2021-05-24,1.46,18.4,0.07,2.0,-0.69237,144.509995,188.690002,116.120003,22.76,22.23,-0.7132,2.44,85.110001,121.699997,1.61
2021-05-25,1.41,18.84,0.07,2.01,-0.69237,144.639999,188.699997,101.0106733024079,23.4,22.4,-0.7132,2.42,85.379997,122.5,1.56
2021-05-26,1.44,17.36,0.07,1.98,-0.69237,144.600006,188.360001,106.290001,22.35,21.299999,-0.7132,2.4,86.195,122.625,1.58
2021-05-27,1.47,16.74,0.07,1.98,-0.69237,149.820007,189.130005,103.879997,22.120001,20.309999,-0.7132,2.42,86.540001,123.214996,1.61
2021-05-28,1.44,16.76,0.07,1.99,-0.69452,149.350006,189.820007,105.410004,21.440001,20.48,-0.8122,2.42,86.419998,124.595001,1.58
2021-05-31,1.44,16.76,0.07,1.99,-0.69452,149.350006,189.820007,105.410004,21.440001,20.48,-0.8122,2.42,86.419998,124.595001,1.58
2021-06-01,1.46,17.9,0.08,1.97,-0.69452,155.309998,189.0,113.040001,22.68,21.34,-0.8122,2.46,86.254997,124.410004,1.62
2021-06-02,1.46,17.48,0.08,1.98,-0.69452,149.039993,190.75,112.57,22.01,21.42,-0.8122,2.44,85.855003,125.139999,1.59
2021-06-03,1.47,18.04,0.08,1.96,-0.69452,148.589996,186.0,114.309998,23.25,21.82,-0.8122,2.42,84.834999,123.0,1.63
2021-06-04,1.42,16.42,0.08,1.98,-0.69543,145.210007,190.070007,108.160004,21.219999,20.620001,-0.8476,2.4,85.514999,125.739998,1.56
2021-06-07,1.41,16.42,0.08,1.98,-0.69543,147.759995,188.550003,108.029999,21.370001,20.549999,-0.8476,2.39,85.514999,125.099998,1.57
2021-06-08,1.39,17.07,0.08,1.98,-0.69543,151.289993,186.929993,109.620003,21.58,20.85,-0.8476,2.36,86.205002,124.07,1.53
2021-06-09,1.34,17.89,0.08,1.96,-0.69543,150.699997,186.449997,120.970001,22.01,21.280001,-0.8476,2.32,85.730003,123.684998,1.5
2021-06-10,1.31,16.1,0.08,2.0,-0.69543,150.710007,188.0,116.760002,19.98,20.08,-0.8476,2.35,86.135002,125.300003,1.45
2021-06-11,1.31,15.65,0.08,1.97,-0.69466,154.809998,188.669998,116.120003,19.16,19.639999,-0.7947,2.32,86.605003,125.739998,1.47
2021-06-14,1.35,16.39,0.08,1.96,-0.69466,159.279999,190.259995,119.800003,20.059999,20.139999,-0.7947,2.36,86.629997,127.440002,1.51
2021-06-15,1.35,17.02,0.08,1.96,-0.69466,160.639999,188.610001,122.900002,20.93,20.68,-0.7947,2.38,86.169998,126.339996,1.51
2021-06-16,1.36,18.15,0.08,1.91,-0.69466,161.350006,187.729996,121.57,21.459999,21.26,-0.7947,2.32,86.209999,125.275002,1.57
2021-06-17,1.29,17.75,0.08,1.84,-0.69466,155.970001,187.649994,120.629997,20.35,20.98,-0.7947,2.27,86.535004,126.690002,1.52
2021-06-18,1.19,20.7,0.08,1.85,-0.69155,161.009995,183.070007,128.830002,22.43,22.93,-0.7732,2.24,86.080002,123.464996,1.45
2021-06-21,1.23,17.89,0.08,1.88,-0.69155,158.360001,186.110001,121.25,20.780001,21.120001,-0.7732,2.25,86.614998,123.790001,1.5
2021-06-22,1.23,16.66,0.08,1.9,-0.69155,160.509995,187.039993,114.010002,20.0,20.07,-0.7732,2.31,87.43,124.599998,1.48
2021-06-23,1.24,16.32,0.08,1.89,-0.69155,154.850006,186.100006,110.480003,19.82,19.700001,-0.7732,2.34,88.105003,125.230003,1.5
2021-06-24,1.23,15.97,0.08,1.88,-0.69155,161.039993,188.610001,107.870003,19.6,19.26,-0.7732,2.3,88.404999,127.275002,1.49
2021-06-25,1.26,15.62,0.08,1.9,-0.68748,170.550003,188.169998,105.910004,19.309999,19.0,-0.8032,2.34,88.964996,126.775002,1.54
2021-06-28,1.24,15.76,0.08,1.88,-0.68748,162.089996,191.529999,106.32,19.58,19.02,-0.8032,2.33,88.985001,129.850006,1.49
2021-06-29,1.22,16.02,0.08,1.87,-0.68748,163.839996,192.880005,107.010002,20.09,19.49,-0.8032,2.32,89.205002,130.979996,1.49
2021-06-30,1.2,15.83,0.08,1.87,-0.68748,161.850006,192.300003,106.730003,20.139999,19.51,-0.8032,2.32,89.275002,131.119995,1.45
2021-07-01,1.23,15.48,0.1,1.86,-0.68748,155.649994,190.839996,108.720001,20.07,19.450001,-0.8032,2.35,89.779999,129.184998,1.48
2021-07-02,1.2,15.07,0.1,1.87,-0.68187,157.940002,192.210007,106.110001,19.280001,19.299999,-0.844,2.33,90.57,129.899994,1.44
2021-07-05,1.2,15.07,0.1,1.87,-0.68187,157.940002,192.210007,106.110001,19.280001,19.299999,-0.844,2.33,90.57,129.899994,1.44
2021-07-06,1.15,16.44,0.1,1.9,-0.68187,153.75,191.199997,112.239998,21.0,20.26,-0.844,2.31,90.675003,129.860001,1.37
2021-07-07,1.11,16.2,0.1,1.89,-0.68187,152.149994,189.779999,112.699997,21.110001,20.41,-0.844,2.28,90.625,128.059998,1.33
2021-07-08,1.11,19.0,0.1,1.91,-0.68187,152.820007,188.240005,120.029999,23.6,21.98,-0.844,2.22,90.400002,126.345001,1.3
2021-07-09,1.14,16.18,0.1,1.91,-0.67513,155.699997,190.270004,112.620003,21.23,20.440001,-0.7132,2.28,91.245003,128.5,1.37
2021-07-12,1.15,16.17,0.1,1.91,-0.67513,157.929993,191.919998,111.589996,19.68,20.459999,-0.7132,2.33,91.870003,130.184998,1.38
2021-07-13,1.16,17.12,0.1,1.91,-0.67513,154.399994,191.199997,116.400002,20.870001,21.129999,-0.7132,2.36,90.769997,129.904999,1.42
2021-07-14,1.14,16.33,0.1,1.91,-0.67513,154.309998,191.279999,117.660004,19.99,20.620001,-0.7132,2.34,90.605003,129.619995,1.37
2021-07-15,1.08,17.01,0.1,1.92,-0.67513,154.149994,188.259995,121.029999,20.110001,21.09,-0.7132,2.32,90.114998,126.065002,1.31
2021-07-16,1.06,18.45,0.1,1.93,-0.66836,151.940002,186.119995,128.889999,21.059999,22.07,-0.8011,2.33,89.004997,123.425003,1.31
2021-07-19,0.98,22.5,0.1,1.97,-0.66836,155.740005,186.240005,139.539993,23.440001,24.9,-0.8011,2.24,87.985001,123.400002,1.19
2021-07-20,1.03,19.73,0.1,1.98,-0.66836,154.5,187.770004,131.300003,21.68,23.200001,-0.8011,2.26,89.610001,124.910004,1.23
2021-07-21,1.08,17.91,0.1,1.96,-0.66836,155.339996,194.240005,122.529999,20.4,21.870001,-0.8011,2.28,90.434998,128.5,1.3
2021-07-22,1.07,17.69,0.1,1.95,-0.66836,152.630005,183.910004,118.82,19.780001,21.860001,-0.8011,2.28,90.824997,127.724998,1.27
2021-07-23,1.08,17.2,0.1,1.93,-0.66182,159.440002,186.850006,114.919998,19.059999,21.65,-0.5706,2.35,91.635002,128.654999,1.3
2021-07-26,1.07,17.58,0.1,1.94,-0.66182,153.199997,188.259995,114.860001,20.370001,21.74,-0.5706,2.4,92.315002,128.509995,1.29
2021-07-27,1.05,19.36,0.1,1.95,-0.66182,151.039993,185.130005,121.110001,22.84,23.0,-0.5706,2.38,91.379997,126.239998,1.25
2021-07-28,1.06,18.31,0.1,1.96,-0.66182,152.229996,186.850006,117.080002,20.959999,22.35,-0.5706,2.41,91.084999,128.494995,1.26
2021-07-29,1.08,17.7,0.1,1.94,-0.66182,149.960007,189.830002,114.040001,20.549999,21.879999,-0.5706,2.43,92.110001,130.904999,1.28
2021-07-30,1.05,18.24,0.1,1.95,-0.65649,153.710007,190.619995,116.18,20.809999,22.18,-0.7651,2.4,90.214996,131.570007,1.24
2021-08-02,1.03,19.46,0.1,1.95,-0.65649,153.300003,190.720001,122.849998,21.49,23.049999,-0.7651,2.37,90.474998,132.5,1.2
2021-08-03,1.02,18.04,0.1,1.97,-0.65649,152.559998,189.339996,117.550003,20.52,22.18,-0.7651,2.38,91.144997,133.699997,1.19
2021-08-04,1.02,17.97,0.1,1.96,-0.65649,151.399994,192.380005,116.209999,20.68,22.17,-0.7651,2.35,90.260002,135.160004,1.19
2021-08-05,1.02,17.28,0.1,1.95,-0.65649,148.270004,193.160004,113.349998,20.190001,21.52,-0.7651,2.33,91.125,135.009995,1.23
2021-08-06,1.1,16.15,0.1,1.94,-0.65185,148.270004,192.960007,112.0,19.610001,20.870001,-0.6772,2.37,90.504997,134.285004,1.31
2021-08-09,1.1,16.72,0.1,1.95,-0.65185,148.270004,190.449997,115.089996,19.690001,21.27,-0.6772,2.37,90.379997,133.880005,1.33
2021-08-10,1.12,16.79,0.1,1.95,-0.65185,148.270004,189.649994,114.150002,20.379999,21.209999,-0.6772,2.4,90.735001,132.164993,1.36
2021-08-11,1.12,16.06,0.1,1.99,-0.65185,154.320007,189.5,118.059998,20.129999,20.82,-0.6772,2.42,91.0,131.815002,1.35
2021-08-12,1.13,15.59,0.1,1.99,-0.65185,157.179993,187.869995,117.720001,19.4,20.25,-0.6772,2.41,91.040001,130.375,1.36
2021-08-13,1.06,15.45,0.1,1.98,-0.64912,159.660004,188.699997,117.809998,18.52,20.26,-0.8597,2.37,90.779999,131.225006,1.29
2021-08-16,1.05,16.12,0.1,1.97,-0.64912,152.539993,189.850006,117.690002,19.049999,20.639999,-0.8597,2.36,90.360001,130.660004,1.26
2021-08-17,1.03,17.91,0.1,1.98,-0.64912,149.050003,186.320007,120.529999,21.17,21.700001,-0.8597,2.33,88.214996,128.184998,1.26
2021-08-18,1.04,21.57,0.1,1.97,-0.64912,148.539993,183.800003,128.410004,24.35,23.799999,-0.8597,2.32,88.529999,126.529999,1.27
2021-08-19,1.02,21.67,0.1,1.98,-0.64912,151.190002,185.039993,130.410004,23.52,24.200001,-0.8597,2.28,87.964996,127.639999,1.24
2021-08-20,1.03,18.56,0.1,1.96,-0.64747,153.509995,184.970001,120.510002,20.969999,22.41,-0.621,2.27,88.809998,128.190002,1.26
2021-08-23,1.02,17.15,0.1,1.97,-0.64747,159.020004,187.850006,113.330002,19.799999,21.200001,-0.621,2.27,89.955002,131.875,1.25
2021-08-24,1.05,17.22,0.1,1.95,-0.64747,157.130005,187.820007,111.089996,19.860001,21.219999,-0.621,2.3,90.589996,131.964996,1.29
2021-08-25,1.12,16.79,0.1,1.93,-0.64747,159.509995,188.089996,108.839996,19.6,20.790001,-0.621,2.35,90.940002,133.399994,1.35
2021-08-26,1.09,18.84,0.1,1.92,-0.64747,157.25,187.970001,116.599998,21.370001,21.860001,-0.621,2.33,90.099998,133.604996,1.34
2021-08-27,1.09,16.39,0.1,1.92,-0.64817,162.429993,190.520004,109.620003,18.540001,20.610001,-0.7675,2.39,90.919998,136.020004,1.31
2021-08-30,1.09,16.19,0.1,1.92,-0.64817,157.990005,191.429993,107.900002,19.08,20.4,-0.7675,2.37,91.605003,136.449997,1.29
2021-08-31,1.1,16.48,0.1,1.94,-0.64817,155.910004,190.910004,105.809998,19.48,20.42,-0.7675,2.33,91.824997,135.414993,1.3
2021-09-01,1.11,16.11,0.08,1.92,-0.64817,154.75,188.350006,105.199997,19.84,20.08,-0.7675,2.34,91.82,135.205002,1.31
2021-09-02,1.09,16.41,0.08,1.92,-0.64817,156.979996,189.410004,105.699997,20.030001,20.129999,-0.7675,2.32,91.815002,135.535004,1.29
2021-09-03,1.12,16.41,0.08,1.91,-0.64935,162.270004,189.880005,105.480003,19.75,20.32,-0.7614,2.34,91.760002,136.645004,1.33
2021-09-06,1.12,16.41,0.08,1.91,-0.64935,162.270004,189.880005,105.480003,19.75,20.32,-0.7614,2.34,91.760002,136.645004,1.33
2021-09-07,1.16,18.14,0.08,1.91,-0.64935,162.270004,189.460007,111.010002,20.959999,21.530001,-0.7614,2.36,92.029999,136.365005,1.38
2021-09-08,1.13,17.96,0.08,1.91,-0.64935,153.389999,188.800003,115.059998,20.809999,21.59,-0.7614,2.38,92.135002,134.565002,1.35
2021-09-09,1.07,18.8,0.08,1.9,-0.64935,149.970001,188.470001,117.029999,21.450001,22.059999,-0.7614,2.38,92.014999,135.119995,1.3
2021-09-10,1.12,20.95,0.08,1.88,-0.65122,151.160004,190.649994,124.980003,22.75,23.309999,-0.7116,2.4,91.449997,136.139999,1.35
2021-09-13,1.12,19.37,0.08,1.87,-0.65122,148.5,193.979996,118.010002,21.6,22.469999,-0.7116,2.37,91.675003,137.160004,1.33
2021-09-14,1.07,19.46,0.08,1.87,-0.65122,146.729996,195.110001,120.370003,21.68,22.549999,-0.7116,2.33,91.370003,137.25,1.28
2021-09-15,1.1,18.18,0.08,1.85,-0.65122,154.330002,197.5,112.480003,20.120001,21.76,-0.7116,2.35,91.959999,137.729996,1.31
2021-09-16,1.11,18.69,0.08,1.84,-0.65122,152.880005,196.820007,112.110001,20.17,21.809999,-0.7116,2.35,92.379997,137.929993,1.34
2021-09-17,1.14,20.81,0.08,1.83,-0.65341,149.520004,196.25,118.900002,22.27,23.219999,-0.68,2.33,92.055,135.5,1.37
2021-09-20,1.08,25.71,0.08,1.84,-0.65341,141.570007,192.589996,138.929993,27.23,26.4,-0.68,2.29,89.82,132.199997,1.31
2021-09-21,1.11,24.36,0.08,1.83,-0.65341,139.979996,192.960007,130.759995,26.42,25.469999,-0.68,2.29,89.955002,132.479996,1.33
2021-09-22,1.07,20.87,0.08,1.83,-0.65341,144.119995,195.919998,117.620003,22.969999,23.049999,-0.68,2.28,91.18,134.869995,1.32
2021-09-23,1.14,18.63,0.08,1.81,-0.65341,146.869995,198.669998,108.309998,21.219999,21.370001,-0.68,2.31,92.105003,136.565002,1.41
2021-09-24,1.18,17.75,0.08,1.8,-0.65466,145.669998,200.649994,103.07,20.93,20.82,-0.5452,2.34,92.449997,136.195007,1.47
2021-09-27,1.17,18.76,0.08,1.78,-0.65466,144.660004,200.330002,107.730003,21.83,21.4,-0.5452,2.35,92.945,135.710007,1.48
2021-09-28,1.23,23.25,0.08,1.8,-0.65466,140.080002,194.889999,121.059998,27.35,24.030001,-0.5452,2.38,91.154999,130.244995,1.54
2021-09-29,1.25,22.56,0.08,1.81,-0.65466,137.990005,193.070007,119.040001,26.709999,23.719999,-0.5452,2.37,91.245003,128.279999,1.55
2021-09-30,1.24,23.14,0.08,1.85,-0.65466,135.550003,192.210007,118.010002,26.65,23.870001,-0.5452,2.37,89.724998,128.134995,1.52
2021-10-01,1.21,21.15,0.08,1.85,-0.65498,135.050003,193.789993,112.610001,24.870001,22.950001,-0.6299,2.38,90.400002,128.244995,1.48
2021-10-04,1.22,22.96,0.08,1.85,-0.65498,130.869995,190.399994,117.169998,27.719999,24.110001,-0.6299,2.38,89.684998,124.904999,1.49
2021-10-05,1.26,21.3,0.08,1.84,-0.65498,131.679993,193.880005,110.75,25.450001,23.110001,-0.6299,2.45,90.044998,126.660004,1.54
2021-10-06,1.23,21.0,0.08,1.84,-0.65498,131.509995,194.389999,110.919998,24.870001,22.84,-0.6299,2.43,90.330002,127.044998,1.53
2021-10-07,1.26,19.54,0.08,1.85,-0.65498,133.320007,195.309998,107.43,23.219999,22.120001,-0.6299,2.46,91.735001,128.625,1.58
2021-10-08,1.29,18.77,0.08,1.84,-0.65326,133.320007,195.240005,107.269997,23.16,21.879999,-0.6382,2.5,91.315002,127.375,1.61
2021-10-11,1.29,20.0,0.08,1.84,-0.65326,134.699997,193.369995,110.290001,23.49,22.389999,-0.6382,2.5,90.945,126.614998,1.61
2021-10-12,1.24,19.85,0.08,1.82,-0.65326,134.100006,188.479996,109.120003,23.41,22.33,-0.6382,2.49,91.665001,125.334999,1.59
2021-10-13,1.19,18.64,0.08,1.79,-0.65326,135.770004,187.100006,108.720001,21.23,21.540001,-0.6382,2.52,92.114998,126.404999,1.56
2021-10-14,1.16,16.86,0.08,1.81,-0.65326,143.779999,192.490005,107.970001,19.09,20.370001,-0.6382,2.52,93.080002,130.199997,1.52
2021-10-15,1.18,16.3,0.08,1.76,-0.6477,147.270004,194.449997,106.760002,18.51,20.299999,-0.7313,2.56,94.504997,131.289993,1.59
2021-10-18,1.15,16.31,0.08,1.72,-0.6477,143.770004,194.910004,104.370003,18.83,20.290001,-0.7313,2.54,95.660004,132.324997,1.59
2021-10-19,1.24,15.7,0.08,1.72,-0.6477,141.009995,198.229996,103.059998,18.309999,19.98,-0.7313,2.54,95.389999,133.839996,1.65
2021-10-20,1.25,15.49,0.08,1.75,-0.6477,141.229996,199.380005,101.839996,18.73,19.870001,-0.7313,2.57,95.32,133.25,1.65
2021-10-21,1.23,15.01,0.08,1.74,-0.6477,140.940002,201.289993,102.139999,18.629999,19.48,-0.7313,2.64,96.720001,134.770004,1.68
2021-10-22,1.18,15.43,0.08,1.72,-0.63786,139.339996,199.070007,106.080002,19.120001,20.01,-0.9043,2.64,96.375,133.580002,1.66
2021-10-25,1.17,15.24,0.08,1.73,-0.63786,140.940002,200.199997,102.360001,18.799999,19.559999,-0.9043,2.66,98.764999,134.255005,1.64
2021-10-26,1.16,15.98,0.08,1.71,-0.63786,141.300003,196.979996,103.25,19.379999,20.110001,-0.9043,2.69,98.779999,135.020004,1.63
2021-10-27,1.04,16.98,0.08,1.69,-0.63786,140.600006,187.100006,109.610001,20.120001,20.889999,-0.9043,2.65,99.0,133.880005,1.54
2021-10-28,1.07,16.53,0.08,1.69,-0.63786,144.729996,187.869995,106.279999,19.75,20.48,-0.9043,2.57,100.315002,136.429993,1.57
2021-10-29,1.07,16.26,0.08,1.69,-0.62338,148.089996,187.479996,105.169998,19.639999,20.370001,-0.8129,2.51,100.574997,136.820007,1.55
2021-11-01,1.08,16.41,0.08,1.69,-0.62338,145.809998,187.470001,106.660004,19.73,20.389999,-0.8129,2.5,102.419998,138.389999,1.58
2021-11-02,1.1,16.03,0.08,1.71,-0.62338,146.679993,189.339996,105.440002,19.73,20.1,-0.8129,2.51,101.730003,139.914993,1.56
2021-11-03,1.13,15.1,0.08,1.7,-0.62338,149.770004,189.190002,102.25,19.43,19.5,-0.8129,2.53,103.559998,141.300003,1.6
2021-11-04,1.12,15.44,0.08,1.73,-0.62338,151.669998,191.110001,104.459999,20.26,19.700001,-0.8129,2.56,104.955002,147.149994,1.53
2021-11-05,1.06,16.48,0.08,1.73,-0.6056,148.830002,193.399994,110.209999,21.57,20.49,-0.6841,2.54,105.629997,148.300003,1.45
2021-11-08,1.06,17.22,0.08,1.67,-0.6056,149.240005,192.360001,111.489998,21.879999,20.98,-0.6841,2.62,104.135002,150.970001,1.51
2021-11-09,1.05,17.78,0.08,1.67,-0.6056,144.089996,190.789993,110.550003,22.690001,21.41,-0.6841,2.63,102.209999,151.169998,1.46
2021-11-10,1.05,18.73,0.08,1.66,-0.6056,144.889999,187.020004,117.190002,23.27,22.0,-0.6841,2.7,101.830002,146.399994,1.56
2021-11-11,1.05,17.66,0.08,1.66,-0.6056,144.029999,188.600006,114.660004,22.370001,21.379999,-0.6841,2.7,101.555,149.035004,1.56
2021-11-12,1.05,16.29,0.08,1.69,-0.58615,144.369995,190.080002,112.110001,21.42,20.690001,-0.7896,2.73,101.894997,150.550003,1.58
2021-11-15,1.1,16.49,0.08,1.7,-0.58615,142.380005,189.229996,110.660004,21.709999,20.870001,-0.7896,2.76,101.809998,150.350006,1.63
2021-11-16,1.09,16.37,0.08,1.72,-0.58615,139.559998,188.520004,109.580002,21.280001,20.9,-0.7896,2.73,103.415001,152.300003,1.63
2021-11-17,1.08,17.11,0.08,1.74,-0.58615,141.960007,189.570007,111.529999,21.559999,21.58,-0.7896,2.7,104.074997,151.395004,1.6
2021-11-18,1.07,17.59,0.08,1.73,-0.58615,144.800003,193.470001,112.150002,21.389999,21.9,-0.7896,2.73,105.254997,155.119995,1.59
2021-11-19,1.02,17.91,0.08,1.73,-0.56792,148.440002,195.160004,113.739998,21.75,21.92,-0.6883,2.65,105.709999,156.100006,1.54
2021-11-22,1.0,19.17,0.08,1.71,-0.56792,147.440002,192.5,118.620003,23.5,22.629999,-0.6883,2.61,105.445,153.744995,1.63
2021-11-23,1.07,19.38,0.08,1.73,-0.56792,146.990005,192.639999,115.029999,24.43,22.450001,-0.6883,2.62,104.68,152.630005,1.67
2021-11-24,1.0,18.58,0.08,1.72,-0.56792,148.149994,193.600006,110.480003,23.82,21.9,-0.6883,2.61,104.894997,154.169998,1.64
2021-11-25,1.0,18.58,0.08,1.72,-0.56792,148.149994,193.600006,110.480003,23.82,21.9,-0.6883,2.61,104.894997,154.169998,1.64
2021-11-26,0.98,28.62,0.08,1.82,-0.55172,148.270004,188.259995,149.740005,28.450001,29.17,-0.4899,2.55,102.035004,149.699997,1.48
2021-11-29,1.01,22.96,0.08,1.81,-0.55172,149.929993,194.380005,131.240005,24.629999,25.040001,-0.4899,2.54,103.620003,155.710007,1.52
2021-11-30,0.91,27.19,0.08,1.81,-0.55172,150.550003,192.369995,142.550003,27.389999,28.129999,-0.4899,2.5,102.220001,152.449997,1.43
2021-12-01,0.87,31.12,0.08,1.81,-0.55172,155.210007,191.759995,155.020004,30.950001,30.790001,-0.4899,2.44,100.375,151.910004,1.43
2021-12-02,0.81,27.95,0.08,1.8,-0.55172,151.380005,193.580002,147.309998,29.780001,29.15,-0.4899,2.47,101.805,152.304993,1.44
2021-12-03,0.75,30.67,0.08,1.81,-0.54049,149.639999,193.380005,156.100006,33.41,31.780001,-0.1753,2.43,99.824997,150.574997,1.35
2021-12-06,0.78,27.18,0.08,1.79,-0.54049,151.639999,194.610001,138.880005,30.17,28.879999,-0.1753,2.44,100.964996,150.0,1.43
2021-12-07,0.78,21.89,0.08,1.75,-0.54049,151.660004,199.029999,117.919998,25.790001,24.959999,-0.1753,2.47,103.32,157.274994,1.48
2021-12-08,0.84,19.9,0.08,1.79,-0.54049,151.199997,196.389999,114.290001,24.82,23.629999,-0.1753,2.52,103.580002,156.595001,1.52
2021-12-09,0.79,21.58,0.08,1.81,-0.54049,149.660004,193.399994,121.790001,26.42,24.66,-0.1753,2.47,101.785004,152.804993,1.49
2021-12-10,0.81,18.69,0.08,1.83,-0.53829,147.339996,196.0,113.849998,23.950001,23.18,-0.7077,2.44,102.495003,153.774994,1.48
2021-12-13,0.76,20.31,0.08,1.82,-0.53829,146.070007,193.240005,121.07,24.040001,24.32,-0.7077,2.4,99.855003,149.785004,1.42
2021-12-14,0.77,21.89,0.08,1.82,-0.53829,137.759995,190.270004,126.57,25.309999,25.35,-0.7077,2.37,99.275002,148.919998,1.44
2021-12-15,0.78,19.29,0.08,1.83,-0.53829,141.75,193.440002,118.610001,23.42,23.299999,-0.7077,2.39,100.535004,155.080002,1.47
2021-12-16,0.8,20.57,0.08,1.87,-0.53829,140.289993,188.240005,128.970001,25.24,24.370001,-0.7077,2.42,98.315002,148.339996,1.44
2021-12-17,0.75,21.57,0.08,1.87,-0.54093,134.940002,186.300003,136.059998,26.549999,25.379999,-0.5022,2.38,97.644997,147.645004,1.41
2021-12-20,0.78,22.87,0.08,1.89,-0.54093,131.710007,184.240005,138.669998,27.879999,26.309999,-0.5022,2.39,95.925003,145.755005,1.43
2021-12-21,0.78,21.01,0.08,1.88,-0.54093,136.330002,186.369995,131.410004,24.959999,25.0,-0.5022,2.44,98.410004,151.020004,1.48
2021-12-22,0.78,18.63,0.08,1.86,-0.54093,136.330002,186.929993,122.699997,22.15,23.559999,-0.5022,2.47,100.205002,152.815002,1.46
2021-12-23,0.79,17.96,0.08,1.86,-0.54093,150.259995,187.399994,120.459999,21.32,23.24,-0.5022,2.47,101.595001,154.130005,1.5
2021-12-24,0.79,17.96,0.08,1.86,-0.54803,150.259995,187.399994,120.459999,21.32,23.24,-0.5833,2.47,101.595001,154.130005,1.5
2021-12-27,0.72,17.68,0.08,1.86,-0.54803,151.869995,191.839996,115.919998,21.719999,22.74,-0.5833,2.5,102.584999,158.279999,1.48
2021-12-28,0.75,17.54,0.08,1.86,-0.54803,153.210007,191.100006,114.830002,21.540001,22.33,-0.5833,2.5,102.629997,156.720001,1.49
2021-12-29,0.8,16.95,0.08,1.85,-0.54803,156.240005,190.809998,109.5,21.280001,21.83,-0.5833,2.53,102.834999,156.695007,1.55
2021-12-30,0.79,17.33,0.08,1.85,-0.54803,155.270004,189.410004,110.839996,21.379999,21.879999,-0.5833,2.58,102.464996,154.914993,1.52
2021-12-31,0.79,17.22,0.08,1.85,-0.5567,154.380005,188.470001,109.669998,21.200001,21.879999,-0.7716,2.56,102.220001,154.395004,1.52
2022-01-03,0.85,16.6,0.08,1.82,-0.5567,151.490005,190.600006,108.449997,21.17,21.530001,-0.7716,2.6,105.154999,157.800003,1.63
2022-01-04,0.89,16.91,0.08,1.84,-0.5567,150.360001,190.800003,109.309998,22.32,21.620001,-0.7716,2.57,104.514999,156.979996,1.66
2022-01-05,0.88,19.73,0.08,1.8,-0.5567,143.410004,186.820007,119.309998,25.98,23.469999,-0.7716,2.53,101.695,151.595001,1.71
2022-01-06,0.85,19.61,0.08,1.78,-0.5567,140.770004,186.759995,117.82,25.809999,23.5,-0.7716,2.46,101.43,153.100006,1.73
2022-01-07,0.89,18.76,0.08,1.78,-0.56268,139.139999,179.440002,113.860001,25.65,22.870001,-0.7011,2.48,99.739998,148.445007,1.76
2022-01-10,0.86,19.4,0.08,1.76,-0.56268,139.240005,182.960007,113.019997,25.83,22.68,-0.7011,2.48,99.129997,148.634995,1.78
2022-01-11,0.85,18.41,0.08,1.76,-0.56268,138.089996,184.639999,111.610001,24.280001,21.98,-0.7011,2.54,100.084999,151.634995,1.75
2022-01-12,0.82,17.62,0.08,1.77,-0.56268,135.729996,186.029999,113.940002,23.440001,21.58,-0.7011,2.48,100.745003,152.929993,1.74
2022-01-13,0.79,20.31,0.08,1.8,-0.56268,133.130005,184.149994,123.440002,27.049999,23.41,-0.7011,2.43,98.720001,150.270004,1.7
2022-01-14,0.79,19.19,0.08,1.79,-0.5629,133.850006,187.009995,117.57,25.719999,22.82,-0.6634,2.44,98.260002,153.455002,1.78
2022-01-17,0.79,19.19,0.08,1.79,-0.5629,133.850006,187.009995,117.57,25.719999,22.82,-0.6634,2.44,98.260002,153.455002,1.78
2022-01-18,0.81,22.79,0.08,1.78,-0.5629,129.720001,182.279999,127.949997,29.360001,25.120001,-0.6634,2.46,96.400002,146.589996,1.87
2022-01-19,0.79,23.85,0.08,1.77,-0.5629,134.729996,178.300003,129.850006,29.02,25.809999,-0.6634,2.4,94.660004,142.539993,1.83
2022-01-20,0.75,25.59,0.08,1.79,-0.5629,127.580002,173.449997,135.600006,30.610001,27.25,-0.6634,2.33,92.934998,138.175003,1.83
2022-01-21,0.74,28.85,0.08,1.84,-0.5564,136.179993,175.639999,149.5,34.060001,29.950001,-0.3867,2.34,90.209999,135.875,1.75
2022-01-24,0.76,29.9,0.08,1.89,-0.5564,136.059998,178.339996,154.380005,35.549999,30.82,-0.3867,2.38,91.294998,137.615005,1.75
2022-01-25,0.76,31.16,0.08,1.91,-0.5564,133.899994,173.960007,150.800003,38.200001,31.76,-0.3867,2.41,89.75,132.164993,1.78
2022-01-26,0.72,31.96,0.08,1.84,-0.5564,133.380005,178.330002,148.550003,38.099998,31.950001,-0.3867,2.38,89.315002,134.070007,1.85
2022-01-27,0.63,30.49,0.08,1.86,-0.5564,132.220001,174.809998,141.139999,36.639999,30.870001,-0.3867,2.4,87.150002,128.345001,1.81
2022-01-28,0.63,27.66,0.08,1.91,-0.54239,132.960007,177.289993,132.440002,33.310001,28.82,-0.2068,2.44,89.050003,130.845001,1.78
2022-01-31,0.61,24.83,0.08,1.93,-0.54239,131.440002,179.490005,125.059998,30.16,26.85,-0.2068,2.44,92.474998,137.699997,1.79
2022-02-01,0.63,21.96,0.08,1.92,-0.54239,133.0,181.289993,117.989998,28.0,24.76,-0.2068,2.43,93.035004,138.289993,1.81
2022-02-02,0.62,22.09,0.08,1.91,-0.54239,133.0,187.839996,119.610001,29.58,25.139999,-0.2068,2.41,92.480003,141.820007,1.78
2022-02-03,0.63,24.35,0.08,1.92,-0.54239,132.75,175.589996,125.110001,31.24,26.67,-0.2068,2.38,89.650002,135.529999,1.82
2022-02-04,0.62,23.22,0.08,1.92,-0.52344,132.75,171.419998,124.889999,30.32,26.25,-0.5168,2.41,92.199997,136.264999,1.93
2022-02-07,0.62,22.86,0.08,1.93,-0.52344,132.75,169.949997,124.129997,30.02,25.690001,-0.5168,2.4,92.010002,136.479996,1.92
2022-02-08,0.61,21.44,0.08,1.91,-0.52344,127.720001,172.630005,118.860001,28.33,24.540001,-0.5168,2.42,93.305,139.274994,1.96
2022-02-09,0.58,19.96,0.08,1.92,-0.52344,129.779999,176.710007,119.32,26.870001,23.49,-0.5168,2.42,94.540001,144.125,1.94
2022-02-10,0.42,23.91,0.08,1.91,-0.52344,128.110001,170.660004,129.100006,30.07,26.07,-0.5168,2.45,92.910004,139.809998,2.03
2022-02-11,0.42,27.36,0.08,2.0,-0.49796,126.809998,164.399994,141.169998,34.16,28.83,-0.5881,2.43,90.239998,132.625,1.92
2022-02-14,0.4,28.33,0.08,2.0,-0.49796,128.119995,162.470001,140.589996,34.07,29.440001,-0.5881,2.48,90.754997,132.535004,1.98
2022-02-15,0.47,25.7,0.08,1.99,-0.49796,129.759995,166.169998,129.050003,31.16,27.280001,-0.5881,2.48,92.785004,139.744995,2.05
2022-02-16,0.51,24.29,0.08,2.05,-0.49796,132.75,168.240005,122.580002,29.450001,26.26,-0.5881,2.46,93.050003,139.714996,2.03
2022-02-17,0.48,28.11,0.08,2.12,-0.49796,131.309998,164.649994,134.490005,33.209999,29.32,-0.5881,2.43,90.559998,134.115005,1.97
2022-02-18,0.45,27.75,0.08,2.13,-0.4682,128.360001,166.740005,133.639999,33.049999,29.219999,-0.1686,2.41,90.0,132.625,1.92
2022-02-21,0.45,27.75,0.08,2.13,-0.4682,128.360001,166.740005,133.639999,33.049999,29.219999,-0.1686,2.41,90.0,132.625,1.92
2022-02-22,0.38,28.81,0.08,2.13,-0.4682,128.330002,166.690002,130.690002,33.130001,29.110001,-0.1686,2.45,87.375,131.714996,1.94
2022-02-23,0.41,31.02,0.08,2.1,-0.4682,126.879997,165.639999,131.240005,35.27,30.879999,-0.1686,2.53,84.455002,128.955002,1.99
2022-02-24,0.42,30.32,0.08,2.24,-0.4682,130.479996,169.589996,128.5,34.02,30.049999,-0.1686,2.55,86.385002,133.380005,1.96
2022-02-25,0.42,27.59,0.08,2.2,-0.43844,132.509995,170.820007,117.760002,31.190001,28.040001,-0.012,2.54,88.095001,135.240005,1.97
2022-02-28,0.39,30.15,0.08,2.34,-0.43844,137.360001,169.990005,123.639999,32.720001,29.65,-0.012,2.62,88.714996,134.074997,1.83
2022-03-01,0.41,33.32,0.2,2.25,-0.43844,134.419998,167.289993,132.800003,35.220001,32.59,-0.012,2.62,87.370003,129.845001,1.72
2022-03-02,0.36,30.74,0.2,2.24,-0.43844,136.110001,170.100006,124.919998,33.049999,30.969999,-0.012,2.71,89.205002,134.095001,1.86
2022-03-03,0.33,30.48,0.2,2.24,-0.43844,133.279999,171.0,122.360001,33.34,30.799999,-0.012,2.69,87.184998,131.205002,1.86
2022-03-04,0.24,31.98,0.2,2.31,-0.41113,133.279999,169.979996,127.849998,34.889999,32.34,0.2854,2.67,85.800003,127.675003,1.74
2022-03-07,0.23,36.45,0.2,2.32,-0.41113,136.690002,164.889999,133.660004,38.73,35.740002,0.2854,2.77,81.595001,121.32,1.78
2022-03-08,0.23,35.13,0.2,2.35,-0.41113,135.25,167.339996,139.710007,38.02,35.0,0.2854,2.9,81.764999,123.150002,1.86
2022-03-09,0.26,32.45,0.2,2.32,-0.41113,134.119995,172.460007,130.860001,35.34,33.060001,0.2854,2.84,84.394997,128.5,1.94
2022-03-10,0.26,30.23,0.2,2.38,-0.41113,130.940002,172.75,125.470001,34.23,31.52,0.2854,2.86,84.995003,125.720001,1.98
2022-03-11,0.25,30.75,0.2,2.35,-0.38996,130.699997,170.360001,125.580002,34.849998,32.34,0.1459,2.94,83.360001,122.894997,2.0
2022-03-14,0.27,31.77,0.2,2.33,-0.38996,131.809998,166.720001,126.260002,36.549999,33.32,0.1459,2.93,81.970001,119.345001,2.14
2022-03-15,0.3,29.83,0.2,2.36,-0.38996,130.660004,172.320007,122.18,34.650002,31.959999,0.1459,2.84,84.714996,124.345001,2.15
2022-03-16,0.24,26.67,0.2,2.23,-0.38996,132.0,176.330002,115.099998,30.809999,28.959999,0.1459,2.8,87.605003,130.929993,2.19
2022-03-17,0.26,25.67,0.2,2.17,-0.38996,134.929993,178.470001,109.25,29.51,28.219999,0.1459,2.91,89.065002,131.75,2.2
2022-03-18,0.17,23.87,0.2,2.14,-0.378,136.639999,180.100006,106.739998,27.76,26.549999,-0.3106,2.86,90.940002,134.595001,2.14
2022-03-21,0.18,23.53,0.2,2.07,-0.378,135.729996,180.460007,108.959999,28.66,26.379999,-0.3106,2.9,90.040001,134.279999,2.32
2022-03-22,0.2,22.94,0.2,2.05,-0.378,139.720001,182.350006,108.220001,27.709999,25.85,-0.3106,2.91,92.275002,135.205002,2.38
2022-03-23,0.19,23.57,0.2,2.03,-0.378,136.710007,179.080002,108.769997,28.84,26.41,-0.3106,2.94,91.129997,131.824997,2.32
2022-03-24,0.21,21.67,0.2,2.01,-0.378,138.389999,184.210007,106.050003,27.889999,25.299999,-0.3106,2.92,91.839996,138.240005,2.34
2022-03-25,0.18,20.81,0.2,1.96,-0.37239,140.259995,184.899994,109.209999,27.34,24.719999,-0.6136,2.95,91.68,137.664993,2.48
2022-03-28,0.11,19.63,0.2,1.94,-0.37239,138.869995,185.679993,108.290001,26.530001,24.18,-0.6136,2.95,94.125,138.664993,2.46
2022-03-29,0.06,18.9,0.2,1.91,-0.37239,140.0,191.009995,104.349998,25.870001,23.190001,-0.6136,2.86,95.764999,141.800003,2.41
2022-03-30,0.04,19.33,0.2,1.93,-0.37239,139.279999,187.449997,107.410004,26.4,23.57,-0.6136,2.86,94.309998,137.684998,2.35
2022-03-31,0.04,20.56,0.2,1.93,-0.37239,140.729996,183.479996,111.449997,26.99,24.459999,-0.6136,2.84,92.5,134.895004,2.32
2022-04-01,-0.05,19.63,0.33,1.81,-0.37032,145.509995,182.080002,112.220001,25.91,24.209999,-0.4806,2.8,92.614998,132.710007,2.39
2022-04-04,-0.01,18.57,0.33,1.81,-0.37032,146.479996,182.710007,107.110001,24.93,23.030001,-0.4806,2.8,94.695,134.899994,2.42
2022-04-05,0.03,21.03,0.33,1.77,-0.37032,141.330002,177.179993,116.269997,27.4,24.9,-0.4806,2.84,92.474998,129.080002,2.54
2022-04-06,0.11,22.1,0.33,1.77,-0.37032,144.270004,177.25,114.839996,28.91,25.799999,-0.4806,2.83,90.114998,126.410004,2.61
2022-04-07,0.19,21.55,0.33,1.78,-0.37032,139.550003,177.600006,113.330002,28.48,25.23,-0.4806,2.82,90.574997,126.43,2.66
2022-04-08,0.19,21.16,0.33,1.78,-0.36809,141.509995,174.110001,112.139999,28.059999,25.17,-0.3732,2.87,89.739998,123.425003,2.72
2022-04-11,0.29,24.37,0.33,1.82,-0.36809,137.910004,171.940002,117.349998,30.75,27.0,-0.3732,2.91,88.074997,120.650002,2.79
2022-04-12,0.33,24.26,0.33,1.92,-0.36809,137.619995,173.0,117.260002,30.379999,27.17,-0.3732,2.86,88.269997,120.0,2.72
2022-04-13,0.33,21.82,0.33,1.94,-0.36809,139.860001,175.110001,113.760002,26.85,25.540001,-0.3732,2.8,90.464996,122.849998,2.7
2022-04-14,0.36,22.7,0.33,1.93,-0.36809,134.389999,173.660004,114.75,28.860001,26.030001,-0.3732,2.89,89.199997,119.110001,2.83
2022-04-15,0.36,22.7,0.33,1.93,-0.36144,134.389999,173.660004,114.75,28.860001,26.030001,-0.2834,2.89,89.199997,119.110001,2.83
2022-04-18,0.39,22.17,0.33,1.94,-0.36144,130.940002,176.559998,110.900002,29.530001,25.75,-0.2834,2.92,89.470001,121.150002,2.85
2022-04-19,0.32,21.37,0.33,1.91,-0.36144,130.940002,179.059998,106.059998,29.1,25.059999,-0.2834,2.93,92.065002,123.730003,2.93
2022-04-20,0.25,20.32,0.33,1.91,-0.36144,134.179993,179.419998,103.029999,28.469999,24.15,-0.2834,2.92,90.879997,123.504997,2.85
2022-04-21,0.22,22.68,0.33,1.93,-0.36144,132.720001,177.229996,110.93,31.370001,26.110001,-0.2834,3.02,90.0,120.120003,2.9
2022-04-22,0.18,28.21,0.33,1.96,-0.35118,136.220001,173.309998,122.370003,35.389999,29.870001,-0.3897,2.98,87.910004,117.364998,2.9
2022-04-25,0.18,27.02,0.33,2.03,-0.35118,133.419998,173.910004,116.980003,33.830002,29.07,-0.3897,2.91,88.544998,119.394997,2.81
2022-04-26,0.23,33.52,0.33,2.06,-0.35118,133.419998,168.440002,127.5,38.93,33.139999,-0.3897,2.85,84.065002,114.305,2.77
2022-04-27,0.24,31.6,0.33,2.05,-0.35118,138.089996,169.389999,123.709999,36.91,32.200001,-0.3897,2.88,84.074997,113.754997,2.82
2022-04-28,0.22,29.99,0.33,2.06,-0.35118,136.350006,175.850006,119.75,35.490002,31.15,-0.3897,2.97,85.800003,120.25,2.85
2022-04-29,0.19,33.4,0.33,2.05,-0.3362,136.690002,170.25,121.980003,38.25,33.18,0.1727,2.88,81.440002,114.925003,2.89
2022-05-02,0.26,32.34,0.33,2.08,-0.3362,131.399994,174.0,124.480003,37.810001,33.009998,0.1727,2.81,82.629997,118.269997,2.99
2022-05-03,0.19,29.25,0.33,2.05,-0.3362,129.0,172.539993,117.550003,36.0,30.809999,0.1727,2.83,82.425003,119.239998,2.97
2022-05-04,0.27,25.42,0.33,2.08,-0.3362,127.75,176.229996,106.620003,31.98,28.09,0.1727,2.86,84.845001,123.330002,2.93
2022-05-05,0.34,31.2,0.33,2.1,-0.3362,128.649994,170.279999,119.18,37.189999,32.68,0.1727,2.87,80.089996,117.540001,3.05
2022-05-06,0.4,30.19,0.33,2.09,-0.31867,126.209999,167.449997,116.779999,37.400002,32.310001,0.2038,2.86,79.074997,116.334999,3.12
2022-05-09,0.44,34.75,0.33,2.17,-0.31867,127.050003,164.940002,125.93,41.43,35.049999,0.2038,2.75,75.705002,110.445,3.05
2022-05-10,0.37,32.99,0.33,2.16,-0.31867,125.860001,168.240005,120.980003,40.080002,33.970001,0.2038,2.65,75.480003,113.300003,2.99
2022-05-11,0.25,32.56,0.33,2.17,-0.31867,124.510002,164.690002,125.889999,40.669998,33.630001,0.2038,2.7,72.775002,109.824997,2.91
2022-05-12,0.28,31.77,0.33,2.2,-0.31867,119.910004,165.899994,122.110001,41.360001,33.080002,0.2038,2.59,73.275002,110.345001,2.84
2022-05-13,0.32,28.87,0.33,2.24,-0.29996,122.089996,169.740005,113.889999,37.610001,30.700001,0.5488,2.69,76.160004,116.129997,2.93
2022-05-16,0.3,27.47,0.33,2.29,-0.29996,117.529999,168.5,108.260002,37.439999,29.51,0.5488,2.68,74.514999,114.254997,2.88
2022-05-17,0.27,26.1,0.33,2.27,-0.29996,117.68,174.979996,101.199997,33.880001,28.370001,0.5488,2.71,76.394997,119.720001,2.98
2022-05-18,0.21,30.96,0.33,2.31,-0.29996,123.459999,170.300003,114.959999,38.810001,32.799999,0.5488,2.72,71.400002,114.0,2.89
2022-05-19,0.21,29.35,0.33,2.37,-0.29996,122.660004,167.619995,104.889999,36.150002,30.790001,0.5488,2.59,71.449997,114.029999,2.84
2022-05-20,0.18,29.43,0.33,2.36,-0.28114,122.32,169.809998,107.800003,36.18,31.139999,0.2953,2.55,70.205002,114.084999,2.78
2022-05-23,0.21,28.48,0.33,2.33,-0.28114,120.550003,169.929993,102.68,35.18,30.290001,0.2953,2.6,70.730003,115.0,2.86
2022-05-24,0.26,29.45,0.33,2.34,-0.28114,122.959999,167.860001,104.290001,36.169998,30.74,0.2953,2.55,68.910004,111.964996,2.76
2022-05-25,0.27,28.37,0.33,2.29,-0.28114,118.849998,170.009995,98.790001,35.380001,29.73,0.2953,2.56,70.855003,114.294998,2.75
2022-05-26,0.29,27.5,0.33,2.25,-0.28114,122.279999,174.130005,96.25,33.630001,29.280001,0.2953,2.62,74.330002,118.114998,2.75
2022-05-27,0.27,25.72,0.33,2.26,-0.26001,121.25,177.970001,93.660004,32.0,28.02,0.2692,2.63,76.879997,122.800003,2.74
2022-05-30,0.27,26.54,0.33,2.26,-0.26001,121.25,177.970001,98.02766710404532,0.0,28.123467308204916,0.2692,2.63,76.879997,122.800003,2.74
2022-05-31,0.32,26.19,0.33,2.18,-0.26001,119.099998,176.759995,93.099998,33.009998,27.99,0.2692,2.64,77.269997,122.290001,2.85
2022-06-01,0.28,25.69,1.21,2.08,-0.26001,119.300003,174.419998,91.389999,32.599998,27.719999,0.2692,2.65,76.464996,120.279999,2.94
2022-06-02,0.27,24.72,1.21,2.1,-0.26001,121.400002,176.720001,91.080002,31.440001,27.059999,0.2692,2.66,78.805,124.529999,2.92
2022-06-03,0.3,24.79,1.21,2.09,-0.23701,122.25,172.330002,90.5,31.75,27.33,-0.1694,2.74,76.5,120.860001,2.96
2022-06-06,0.31,25.07,1.21,2.08,-0.23701,122.360001,167.759995,89.529999,32.16,27.219999,-0.1694,2.76,77.264999,120.959999,3.04
2022-06-07,0.23,24.02,1.21,2.07,-0.23701,120.660004,169.850006,87.82,31.030001,26.52,-0.1694,2.73,77.074997,121.925003,2.98
2022-06-08,0.25,23.96,1.21,2.07,-0.23701,119.129997,165.369995,92.68,30.690001,26.540001,-0.1694,2.75,76.620003,119.385002,3.03
2022-06-09,0.21,26.09,1.21,2.07,-0.23701,120.660004,161.580002,98.82,32.73,28.01,-0.1694,2.75,75.235001,116.209999,3.04
2022-06-10,0.09,27.75,1.21,2.04,-0.21251,121.639999,157.779999,99.75,33.970001,29.719999,-0.0544,2.76,72.235001,111.910004,3.15
2022-06-13,0.03,34.02,1.21,1.98,-0.21251,124.139999,153.529999,113.720001,40.360001,34.240002,-0.0544,2.74,68.900002,105.690002,3.43
2022-06-14,0.04,32.69,1.21,1.99,-0.21251,125.160004,154.080002,111.010002,38.509998,33.279999,-0.0544,2.6,68.845001,106.464996,3.49
2022-06-15,0.13,29.62,1.21,2.1,-0.21251,118.360001,155.919998,105.370003,35.349998,30.780001,-0.0544,2.7,70.779999,108.415001,3.33
2022-06-16,0.14,32.95,1.21,2.13,-0.21251,122.480003,151.369995,114.360001,38.669998,33.490002,-0.0544,2.62,67.315002,101.989998,3.28
2022-06-17,0.08,31.13,1.21,2.13,-0.18857,121.150002,150.199997,110.059998,36.66,32.360001,0.0264,2.58,68.050003,102.824997,3.25
2022-06-20,0.08,31.03,1.21,2.13,-0.18857,121.150002,150.199997,93.49292184560326,0.0,32.61346730820492,0.0264,2.58,68.050003,102.824997,3.25
2022-06-21,0.1,30.19,1.21,2.13,-0.18857,121.379997,153.460007,104.370003,36.060001,31.25,0.0264,2.61,69.834999,105.739998,3.31
2022-06-22,0.1,28.95,1.21,2.17,-0.18857,119.220001,152.600006,99.660004,35.939999,30.24,0.0264,2.54,69.699997,104.25,3.16
2022-06-23,0.08,29.05,1.21,2.2,-0.18857,121.110001,151.139999,98.309998,35.299999,30.190001,0.0264,2.5,70.794998,103.709999,3.09
2022-06-24,0.09,27.23,1.21,2.22,-0.17262,120.43,155.949997,91.339996,33.77,28.950001,0.362,2.56,73.495003,108.080002,3.13
2022-06-27,0.12,26.95,1.21,2.19,-0.17262,119.980003,155.619995,87.580002,33.560001,28.18,0.362,2.55,72.724998,107.720001,3.2
2022-06-28,0.1,28.36,1.21,2.22,-0.17262,120.459999,154.160004,90.620003,35.43,29.15,0.362,2.48,69.82,105.004997,3.2
2022-06-29,0.04,28.16,1.21,2.24,-0.17262,119.260002,152.779999,88.919998,35.330002,29.0,0.362,2.36,69.764999,103.154999,3.1
2022-06-30,0.06,28.71,1.21,2.31,-0.17262,119.940002,153.649994,89.389999,36.209999,29.709999,0.362,2.33,68.739998,101.864998,2.98
2022-07-01,0.04,26.7,1.68,2.42,-0.16626,118.589996,148.539993,85.510002,34.27,28.52,0.5978,2.34,70.004997,97.995003,2.88
2022-07-04,0.04,27.53,1.68,2.42,-0.16626,118.589996,148.539993,93.86052310817072,0.0,29.11346730820492,0.5978,2.34,70.004997,97.995003,2.88
2022-07-05,0.0,27.54,1.68,2.41,-0.16626,118.190002,149.100006,87.300003,34.860001,28.9,0.5978,2.3,71.57,98.510002,2.82
2022-07-06,-0.04,26.73,1.68,2.39,-0.16626,117.449997,150.809998,85.879997,33.75,28.389999,0.5978,2.29,71.334999,99.18,2.93
2022-07-07,-0.02,26.08,1.68,2.33,-0.16626,118.760002,154.690002,85.879997,32.810001,28.030001,0.5978,2.33,73.175003,103.760002,3.01
2022-07-08,-0.03,24.64,1.68,2.31,-0.16955,118.129997,155.529999,84.739998,31.18,27.299999,0.4128,2.37,73.184998,104.32,3.09
2022-07-11,-0.08,26.17,1.68,2.32,-0.16955,119.800003,153.559998,88.050003,32.93,28.25,0.4128,2.32,71.18,101.82,2.99
2022-07-12,-0.07,27.29,1.68,2.31,-0.16955,121.330002,154.460007,90.059998,33.970001,28.82,0.4128,2.32,70.75,101.779999,2.96
2022-07-13,-0.22,26.82,1.68,2.32,-0.16955,120.410004,154.289993,90.489998,33.669998,28.559999,0.4128,2.31,71.330002,102.584999,2.91
2022-07-14,-0.19,26.4,1.68,2.31,-0.16955,121.919998,157.850006,90.730003,32.639999,28.610001,0.4128,2.34,71.269997,104.75,2.96
2022-07-15,-0.2,24.23,1.68,2.3,-0.18293,122.480003,160.539993,89.370003,30.389999,27.08,0.0564,2.36,72.419998,107.394997,2.93
2022-07-18,-0.19,25.3,1.68,2.28,-0.18293,120.550003,159.669998,91.860001,31.58,27.82,0.0564,2.37,72.629997,106.599998,2.96
2022-07-19,-0.22,24.5,1.68,2.26,-0.18293,120.040001,164.639999,88.610001,30.66,27.309999,0.0564,2.39,74.855003,111.470001,3.01
2022-07-20,-0.21,23.88,1.68,2.2,-0.18293,117.239998,165.330002,86.75,30.58,26.700001,0.0564,2.38,76.084999,114.095001,3.04
2022-07-21,-0.19,23.11,1.68,2.23,-0.18293,118.709999,166.539993,85.040001,29.309999,26.219999,0.0564,2.33,77.824997,116.010002,2.91
2022-07-22,-0.21,23.03,1.68,2.28,-0.202,119.150002,163.899994,84.529999,29.190001,25.969999,-0.2807,2.34,77.375,113.385002,2.77
2022-07-25,-0.19,23.36,1.68,2.31,-0.202,119.459999,163.199997,83.82,29.42,25.799999,-0.2807,2.36,76.709999,112.684998,2.81
2022-07-26,-0.21,24.69,1.68,2.29,-0.202,121.290001,160.839996,84.830002,30.91,26.42,-0.2807,2.36,74.239998,110.985001,2.81
2022-07-27,-0.18,23.24,1.68,2.3,-0.202,121.919998,171.539993,81.769997,29.59,25.309999,-0.2807,2.42,77.050003,116.18,2.78
2022-07-28,-0.17,22.33,1.68,2.42,-0.202,122.669998,175.75,80.879997,28.48,24.33,-0.2807,2.48,78.375,117.599998,2.68
2022-07-29,-0.22,21.33,1.68,2.36,-0.22016,122.290001,178.889999,80.290001,27.25,23.790001,-0.2026,2.53,81.415001,118.580002,2.67
2022-08-01,-0.3,22.84,2.33,2.38,-0.22016,122.940002,178.800003,86.339996,28.75,24.860001,-0.2026,2.51,81.82,118.82,2.6
2022-08-02,-0.31,23.93,2.33,2.29,-0.22016,121.779999,177.220001,88.470001,30.0,25.66,-0.2026,2.48,81.260002,118.574997,2.75
2022-08-03,-0.37,21.95,2.33,2.29,-0.22016,121.160004,183.470001,84.599998,27.98,24.370001,-0.2026,2.5,83.239998,121.410004,2.73
2022-08-04,-0.35,21.44,2.33,2.32,-0.22016,122.809998,184.910004,83.690002,27.809999,24.32,-0.2026,2.46,83.580002,122.644997,2.68
2022-08-05,-0.41,21.15,2.33,2.29,-0.23337,122.809998,184.300003,84.129997,27.129999,24.18,-0.4894,2.46,82.154999,121.809998,2.83
2022-08-08,-0.44,21.29,2.33,2.26,-0.23337,123.690002,182.800003,86.949997,27.65,24.48,-0.4894,2.48,82.525002,119.705002,2.77
2022-08-09,-0.48,21.77,2.33,2.26,-0.23337,123.910004,177.710007,87.489998,28.41,24.690001,-0.4894,2.47,81.209999,114.695,2.8
2022-08-10,-0.45,19.74,2.33,2.29,-0.23337,125.040001,183.119995,90.040001,25.719999,23.459999,-0.4894,2.43,83.5,119.339996,2.78
2022-08-11,-0.36,20.2,2.33,2.29,-0.23337,126.839996,182.059998,90.839996,26.129999,23.709999,-0.4894,2.47,83.074997,119.315002,2.87
2022-08-12,-0.41,19.53,2.33,2.27,-0.24082,129.339996,185.380005,91.010002,25.18,23.309999,-0.4083,2.47,84.955002,122.684998,2.84
2022-08-15,-0.41,19.95,2.33,2.27,-0.24082,127.620003,185.399994,88.730003,25.4,23.32,-0.4083,2.44,85.540001,123.239998,2.79
2022-08-16,-0.43,19.69,2.33,2.27,-0.24082,126.089996,183.360001,88.050003,25.549999,23.32,-0.4083,2.44,86.485001,121.849998,2.82
2022-08-17,-0.39,19.9,2.33,2.24,-0.24082,122.059998,176.710007,87.470001,26.33,23.6,-0.4083,2.46,85.555,119.235001,2.89
2022-08-18,-0.34,19.56,2.33,2.24,-0.24082,124.220001,178.460007,86.459999,25.52,23.389999,-0.4083,2.52,85.529999,120.900002,2.88
2022-08-19,-0.27,20.6,2.33,2.25,-0.2385,123.68,176.449997,89.769997,26.74,24.32,-0.3735,2.55,83.764999,117.495003,2.98
2022-08-22,-0.29,23.8,2.33,2.24,-0.2385,123.93,171.440002,94.75,29.65,26.0,-0.3735,2.57,81.440002,113.400002,3.03
2022-08-23,-0.24,24.11,2.33,2.24,-0.2385,123.830002,172.520004,93.339996,29.690001,25.92,-0.3735,2.58,81.669998,114.135002,3.05
2022-08-24,-0.25,22.82,2.33,2.23,-0.2385,122.779999,172.190002,86.449997,28.959999,24.889999,-0.3735,2.62,82.019997,114.059998,3.11
2022-08-25,-0.32,21.78,2.33,2.21,-0.2385,123.099998,177.309998,83.32,28.08,24.129999,-0.3735,2.6,83.0,117.889999,3.03
2022-08-26,-0.33,25.56,2.33,2.19,-0.22599,124.57,169.490005,91.660004,31.719999,26.559999,-0.2088,2.57,79.839996,111.334999,3.04
2022-08-29,-0.3,26.21,2.33,2.19,-0.22599,121.970001,167.940002,91.57,32.299999,26.82,-0.2088,2.58,79.415001,109.269997,3.12
2022-08-30,-0.35,26.21,2.33,2.17,-0.22599,121.010002,166.740005,91.110001,32.119999,26.91,-0.2088,2.55,78.529999,108.019997,3.11
2022-08-31,-0.3,25.87,2.33,2.18,-0.22599,119.709999,165.210007,88.400002,32.189999,26.65,-0.2088,2.48,77.754997,107.285004,3.15
2022-09-01,-0.25,25.56,2.56,2.22,-0.22599,120.739998,166.160004,87.739998,32.259998,26.43,-0.2088,2.45,78.464996,104.940002,3.26
2022-09-02,-0.2,25.47,2.56,2.24,-0.20509,119.809998,163.0,89.190002,32.32,26.48,-0.141,2.47,77.745003,103.910004,3.2
2022-09-05,-0.2,25.99,2.56,2.24,-0.20509,119.809998,163.0,91.0514690703351,0.0,27.57346730820491,-0.141,2.47,77.745003,103.910004,3.2
2022-09-06,-0.17,26.91,2.56,2.27,-0.20509,119.839996,163.100006,94.080002,33.59,27.59,-0.141,2.48,77.584999,102.75,3.33
2022-09-07,-0.18,24.64,2.56,2.24,-0.20509,119.050003,165.820007,88.260002,31.559999,26.1,-0.141,2.45,79.964996,104.389999,3.27
2022-09-08,-0.19,23.61,2.56,2.25,-0.20509,119.080002,168.410004,85.57,30.48,25.52,-0.141,2.41,80.709999,105.805,3.29
2022-09-09,-0.23,22.79,2.56,2.2,-0.17922,119.660004,170.740005,84.089996,29.23,25.139999,-0.3147,2.42,82.239998,108.43,3.33
2022-09-12,-0.21,23.87,2.56,2.2,-0.17922,121.059998,170.580002,84.529999,29.809999,25.370001,-0.3147,2.42,83.300003,108.699997,3.37
2022-09-13,-0.33,27.27,2.56,2.18,-0.17922,125.459999,162.649994,93.889999,33.18,27.950001,-0.3147,2.44,79.004997,102.230003,3.42
2022-09-14,-0.37,26.16,2.56,2.15,-0.17922,120.190002,165.259995,93.580002,32.57,27.459999,-0.3147,2.46,80.019997,103.339996,3.41
2022-09-15,-0.42,26.27,2.56,2.12,-0.17922,119.970001,162.669998,92.610001,32.650002,27.6,-0.3147,2.43,79.610001,101.5,3.45
2022-09-16,-0.4,26.3,2.56,2.18,-0.15141,117.709999,165.259995,92.419998,32.830002,27.629999,-0.443,2.38,78.970001,101.955002,3.45
2022-09-19,-0.46,25.76,2.56,2.15,-0.15141,116.260002,166.25,88.989998,32.360001,27.01,-0.443,2.34,79.919998,102.625,3.49
2022-09-20,-0.39,27.16,2.56,2.13,-0.15141,116.690002,166.059998,91.120003,33.299999,27.879999,-0.443,2.4,78.565002,101.205002,3.57
2022-09-21,-0.51,27.99,2.56,2.12,-0.15141,116.209999,163.300003,92.050003,33.869999,28.76,-0.443,2.38,76.705002,100.360001,3.51
2022-09-22,-0.41,27.35,2.56,2.08,-0.15141,115.860001,162.619995,89.18,32.919998,28.219999,-0.443,2.41,74.934998,97.580002,3.7
2022-09-23,-0.51,29.92,2.56,2.09,-0.12618,118.989998,161.289993,101.550003,34.880001,30.32,0.1263,2.37,73.209999,96.184998,3.69
2022-09-26,-0.39,32.26,2.56,2.01,-0.12618,120.010002,160.460007,109.089996,36.93,31.77,0.1263,2.32,73.044998,95.065002,3.88
2022-09-27,-0.33,32.6,2.56,2.08,-0.12618,120.389999,160.710007,113.760002,37.150002,32.119999,0.1263,2.33,73.275002,95.785004,3.97
2022-09-28,-0.35,30.18,2.56,2.25,-0.12618,120.379997,162.800003,105.830002,35.509998,30.58,0.1263,2.33,75.254997,97.004997,3.72
2022-09-29,-0.4,31.84,2.56,2.27,-0.12618,121.540001,158.449997,108.309998,36.91,31.74,0.1263,2.19,72.654999,93.949997,3.76
2022-09-30,-0.39,31.62,2.56,2.24,-0.10737,121.540001,154.779999,106.190002,36.610001,31.860001,0.5142,2.15,71.224998,92.559998,3.83
2022-10-03,-0.45,30.1,2.56,2.29,-0.10737,121.379997,159.839996,103.029999,35.560001,30.690001,0.5142,2.24,71.294998,95.879997,3.67
2022-10-04,-0.48,29.07,2.56,2.27,-0.10737,122.459999,165.149994,96.830002,34.419998,29.67,0.5142,2.24,73.785004,99.980003,3.62
2022-10-05,-0.39,28.55,2.56,2.22,-0.10737,121.779999,167.800003,92.790001,34.330002,29.43,0.5142,2.22,73.349998,100.970001,3.76
2022-10-06,-0.4,30.52,2.56,2.16,-0.10737,122.440002,166.539993,97.730003,35.84,30.790001,0.5142,2.22,72.830002,100.279999,3.83
2022-10-07,-0.41,31.36,2.56,2.17,-0.10028,121.809998,159.279999,103.370003,36.860001,32.099998,0.1552,2.27,70.324997,94.300003,3.89
2022-10-10,-0.41,32.45,2.56,2.17,-0.10028,120.07,156.789993,107.110001,38.57,32.73,0.1552,2.27,69.889999,91.150002,3.89
2022-10-11,-0.37,33.63,2.56,2.23,-0.10028,120.120003,153.449997,105.260002,39.380001,33.360001,0.1552,2.31,69.32,88.275002,3.93
2022-10-12,-0.37,33.57,2.56,2.27,-0.10028,119.989998,151.550003,109.190002,39.509998,33.130001,0.1552,2.29,69.5,87.745003,3.91
2022-10-13,-0.5,31.94,2.56,2.28,-0.10028,117.82,154.339996,101.260002,38.27,31.799999,0.1552,2.34,70.260002,90.43,3.97
2022-10-14,-0.48,32.02,2.56,2.28,-0.10231,119.300003,148.339996,101.940002,37.75,32.450001,0.2823,2.41,67.635002,86.574997,4.0
2022-10-17,-0.43,31.37,2.56,2.28,-0.10231,116.970001,150.990005,97.32,37.07,31.74,0.2823,2.45,70.379997,88.625,4.02
2022-10-18,-0.42,30.5,2.56,2.28,-0.10231,116.879997,151.509995,92.300003,36.110001,30.98,0.2823,2.41,71.349998,88.644997,4.01
2022-10-19,-0.41,30.76,2.56,2.25,-0.10231,117.260002,152.649994,90.690002,36.369999,31.35,0.2823,2.42,70.550003,89.360001,4.14
2022-10-20,-0.38,29.98,2.56,2.24,-0.10231,117.410004,153.720001,88.349998,35.77,30.809999,0.2823,2.51,69.184998,90.07,4.24
2022-10-21,-0.28,29.69,2.56,2.36,-0.11295,116.190002,159.720001,87.32,35.25,30.469999,-0.1521,2.52,71.199997,93.175003,4.21
2022-10-24,-0.25,29.85,2.56,2.34,-0.11295,114.970001,161.649994,86.059998,35.5,30.33,-0.1521,2.59,71.495003,93.470001,4.25
2022-10-25,-0.32,28.46,2.56,2.37,-0.11295,114.639999,162.160004,82.209999,34.139999,29.290001,-0.1521,2.51,73.285004,94.949997,4.1
2022-10-26,-0.35,27.28,2.56,2.33,-0.11295,113.860001,157.869995,80.419998,33.279999,28.459999,-0.1521,2.44,72.695,94.019997,4.04
2022-10-27,-0.34,27.39,2.56,2.34,-0.11295,113.230003,156.759995,82.510002,33.82,28.280001,-0.1521,2.45,72.415001,92.845001,3.96
2022-10-28,-0.39,25.75,2.56,2.3,-0.12827,112.059998,161.360001,78.120003,31.860001,26.9,-0.2998,2.51,72.480003,96.389999,4.02
2022-10-31,-0.41,25.88,2.56,2.28,-0.12827,111.959999,160.630005,78.860001,31.16,26.92,-0.2998,2.52,72.014999,94.610001,4.1
2022-11-01,-0.47,25.81,3.78,2.22,-0.12827,111.440002,162.899994,80.239998,31.99,26.690001,-0.2998,2.51,71.285004,95.264999,4.07
2022-11-02,-0.51,25.86,3.78,2.18,-0.12827,111.989998,158.490005,80.93,32.099998,27.219999,-0.2998,2.53,68.589996,92.535004,4.1
2022-11-03,-0.57,25.3,3.78,2.19,-0.12827,110.339996,156.520004,79.169998,31.790001,26.700001,-0.2998,2.4,68.18,91.449997,4.14
2022-11-04,-0.49,24.55,3.78,2.22,-0.14626,111.620003,162.649994,79.239998,30.860001,26.389999,-0.3926,2.48,68.75,95.699997,4.17
2022-11-07,-0.5,24.35,3.78,2.22,-0.14626,111.669998,165.690002,79.949997,30.84,26.26,-0.3926,2.53,68.269997,97.589996,4.22
2022-11-08,-0.53,25.54,3.78,2.23,-0.14626,113.550003,168.110001,84.599998,31.530001,27.1,-0.3926,2.5,68.099998,99.695,4.14
2022-11-09,-0.49,26.09,3.78,2.33,-0.14626,114.360001,164.990005,90.110001,32.490002,27.91,-0.3926,2.42,66.019997,96.985001,4.12
2022-11-10,-0.52,23.53,3.78,2.36,-0.14626,111.419998,174.690002,85.779999,30.35,26.18,-0.3926,2.39,70.845001,106.894997,3.82
2022-11-11,-0.52,22.52,3.78,2.36,-0.16339,114.089996,179.490005,85.889999,28.969999,25.74,-0.3281,2.39,72.544998,110.400002,3.82
2022-11-14,-0.52,23.73,3.78,2.27,-0.16339,113.669998,177.440002,84.57,30.02,26.129999,-0.3281,2.37,71.394997,109.355003,3.88
2022-11-15,-0.57,24.54,3.78,2.23,-0.16339,115.940002,177.570007,88.309998,30.299999,26.59,-0.3281,2.35,72.370003,112.800003,3.8
2022-11-16,-0.68,24.11,3.78,2.24,-0.16339,115.559998,173.460007,81.379997,30.049999,26.030001,-0.3281,2.29,71.264999,108.739998,3.67
2022-11-17,-0.66,23.93,3.78,2.18,-0.16339,115.239998,175.360001,81.160004,30.02,25.83,-0.3281,2.28,70.400002,109.559998,3.77
2022-11-18,-0.69,23.12,3.78,2.13,-0.17626,114.970001,175.179993,77.68,29.25,25.33,-0.235,2.25,70.495003,109.760002,3.82
2022-11-21,-0.65,22.36,3.78,2.08,-0.17626,114.519997,172.399994,77.110001,29.0,24.719999,-0.235,2.31,69.474998,107.839996,3.83
2022-11-22,-0.71,21.29,3.78,2.07,-0.17626,116.239998,177.220001,77.809998,27.790001,23.83,-0.235,2.32,70.260002,110.974998,3.76
2022-11-23,-0.75,20.35,3.78,2.02,-0.17626,118.650002,178.979996,81.720001,26.66,23.379999,-0.235,2.32,71.275002,111.940002,3.71
2022-11-24,-0.75,20.42,3.78,2.02,-0.17626,118.650002,178.979996,85.56037001376936,0.0,22.00346730820492,-0.235,2.32,71.275002,111.940002,3.71
2022-11-25,-0.74,20.5,3.78,2.06,-0.18409,128.110001,177.070007,82.5,26.790001,23.59,-0.2347,2.32,71.315002,110.625,3.68
2022-11-28,-0.77,22.21,3.78,2.05,-0.18409,118.470001,173.0,87.330002,28.309999,24.9,-0.2347,2.26,70.875,108.014999,3.69
2022-11-29,-0.73,21.89,3.78,2.06,-0.18409,120.379997,172.979996,85.43,28.360001,24.65,-0.2347,2.25,70.650002,107.720001,3.75
2022-11-30,-0.7,20.58,3.78,2.15,-0.18409,118.470001,180.460007,81.790001,26.459999,23.530001,-0.2347,2.34,73.084999,113.864998,3.68
2022-12-01,-0.72,19.84,4.1,2.09,-0.18409,117.790001,177.5,82.190002,26.09,23.309999,-0.2347,2.36,73.074997,113.5,3.53
2022-12-02,-0.77,19.06,4.1,2.03,-0.18874,118.110001,177.660004,81.57,24.780001,22.959999,-0.1243,2.43,72.980003,111.940002,3.51
2022-12-05,-0.81,20.75,4.1,1.99,-0.18874,117.75,177.389999,84.709999,26.16,23.889999,-0.1243,2.39,70.875,110.605003,3.6
2022-12-06,-0.83,22.17,4.1,1.97,-0.18874,117.110001,174.339996,86.589996,27.530001,24.719999,-0.1243,2.31,69.769997,108.18,3.51
2022-12-07,-0.84,22.68,4.1,1.95,-0.18874,117.809998,173.75,87.18,28.110001,25.18,-0.1243,2.26,69.349998,108.154999,3.42
2022-12-08,-0.83,22.29,4.1,1.91,-0.18874,117.540001,176.360001,84.900002,27.59,24.73,-0.1243,2.28,70.019997,110.910004,3.48
2022-12-09,-0.76,22.83,4.1,1.9,-0.19174,119.239998,174.259995,87.260002,27.940001,25.209999,0.1134,2.26,69.714996,110.019997,3.57
2022-12-12,-0.78,25.0,4.1,1.88,-0.19174,121.860001,177.479996,91.730003,30.059999,25.67,0.1134,2.28,69.889999,111.980003,3.61
2022-12-13,-0.71,22.55,4.1,1.91,-0.19174,122.730003,177.5,88.739998,26.91,24.290001,0.1134,2.24,69.889999,113.845001,3.51
2022-12-14,-0.74,21.14,4.1,1.95,-0.19174,124.230003,175.820007,88.349998,25.75,23.459999,0.1134,2.19,69.370003,111.885002,3.49
2022-12-15,-0.79,22.83,4.1,1.97,-0.19174,124.489998,170.009995,92.260002,27.34,25.08,0.1134,2.16,68.230003,107.625,3.44
2022-12-16,-0.69,22.62,4.1,1.98,-0.19814,120.040001,169.550003,89.150002,27.33,25.15,0.0007,2.13,66.955002,106.790001,3.48
2022-12-19,-0.68,22.42,4.1,1.98,-0.19814,117.089996,167.610001,87.540001,27.41,25.08,0.0007,2.15,65.699997,104.339996,3.57
2022-12-20,-0.56,21.48,4.1,1.99,-0.19814,115.57,166.089996,83.0,26.65,24.4,0.0007,2.24,64.934998,103.830002,3.69
2022-12-21,-0.53,20.07,4.1,2.01,-0.19814,114.25,168.729996,77.639999,25.15,23.35,0.0007,2.27,65.970001,106.150002,3.68
2022-12-22,-0.57,21.97,4.1,1.99,-0.19814,114.419998,164.699997,81.940002,27.35,24.780001,0.0007,2.19,64.275002,101.75,3.67
2022-12-23,-0.56,20.87,4.1,2.0,-0.20819,114.57,164.380005,78.839996,26.33,24.129999,0.0217,2.2,64.714996,101.739998,3.75
2022-12-26,-0.56,20.87,4.1,2.0,-0.20819,114.57,164.380005,78.839996,26.33,24.129999,0.0217,2.2,64.714996,101.739998,3.75
2022-12-27,-0.48,21.65,4.1,2.02,-0.20819,113.440002,163.779999,78.650002,27.780001,24.43,0.0217,2.26,63.665001,99.919998,3.84
2022-12-28,-0.43,22.14,4.1,2.01,-0.20819,112.029999,161.190002,79.900002,28.379999,24.58,0.0217,2.28,63.130001,98.650002,3.88
2022-12-29,-0.51,21.44,4.1,2.01,-0.20819,113.269997,165.020004,77.279999,27.360001,23.950001,0.0217,2.27,64.754997,101.870003,3.83
2022-12-30,-0.53,21.67,4.1,1.99,-0.22551,113.57,165.220001,77.050003,27.6,24.290001,-0.0422,2.3,64.580002,101.470001,3.88
2023-01-02,-0.53,21.67,4.1,1.99,-0.22551,113.57,165.220001,77.050003,27.6,24.290001,-0.0422,2.3,64.580002,101.470001,3.88
2023-01-03,-0.61,22.9,4.1,2.03,-0.22551,112.739998,163.210007,80.339996,29.110001,24.58,-0.0422,2.26,64.195,100.690002,3.79
2023-01-04,-0.67,22.01,4.1,2.07,-0.22551,112.139999,169.169998,76.650002,28.360001,23.809999,-0.0422,2.22,65.125,103.25,3.69
2023-01-05,-0.74,22.46,4.1,2.03,-0.22551,112.669998,166.929993,75.959999,28.809999,24.07,-0.0422,2.22,64.519997,101.400002,3.71
2023-01-06,-0.69,21.13,4.1,2.07,-0.24824,113.860001,175.160004,73.879997,26.959999,23.18,-0.1718,2.21,66.035004,105.834999,3.55
2023-01-09,-0.66,21.97,4.1,2.02,-0.24824,114.419998,176.679993,77.269997,27.860001,23.74,-0.1718,2.22,66.434998,108.139999,3.53
2023-01-10,-0.63,20.58,4.1,2.02,-0.24824,114.650002,178.399994,76.019997,26.940001,22.74,-0.1718,2.24,67.269997,109.544998,3.61
2023-01-11,-0.66,21.09,4.1,1.99,-0.24824,115.099998,178.869995,78.940002,27.34,22.74,-0.1718,2.23,69.084999,110.830002,3.54
2023-01-12,-0.69,18.83,4.1,1.97,-0.24824,117.389999,178.130005,78.790001,24.76,21.58,-0.1718,2.21,69.199997,112.489998,3.43
2023-01-13,-0.73,18.35,4.1,1.95,-0.27273,121.699997,179.009995,80.889999,23.82,21.139999,-0.4289,2.18,69.849998,112.894997,3.49
2023-01-16,-0.73,19.49,4.1,1.95,-0.27273,121.699997,179.009995,88.77353047259551,0.0,21.07346730820491,-0.4289,2.18,69.849998,112.894997,3.49
2023-01-17,-0.65,19.36,4.1,1.91,-0.27273,120.010002,175.399994,83.440002,24.75,21.450001,-0.4289,2.17,69.900002,113.565002,3.53
2023-01-18,-0.69,20.34,4.1,1.96,-0.27273,119.910004,173.759995,85.330002,25.51,22.27,-0.4289,2.12,68.989998,112.855003,3.37
2023-01-19,-0.7,20.52,4.1,1.99,-0.27273,121.230003,170.929993,85.139999,25.280001,22.450001,-0.4289,2.2,67.845001,110.095001,3.39
2023-01-20,-0.66,19.85,4.1,1.98,-0.29366,120.190002,173.0,81.029999,24.540001,21.719999,-0.3947,2.23,69.489998,113.675003,3.48
2023-01-23,-0.69,19.81,4.1,1.96,-0.29366,120.910004,178.169998,78.339996,24.610001,21.6,-0.3947,2.28,70.574997,119.035004,3.52
2023-01-24,-0.66,19.2,4.1,1.94,-0.29366,121.339996,177.039993,79.370003,24.549999,20.91,-0.3947,2.27,70.495003,118.190002,3.46
2023-01-25,-0.65,19.08,4.1,1.96,-0.29366,121.040001,175.039993,80.739998,24.540001,20.940001,-0.3947,2.29,70.855003,118.309998,3.46
2023-01-26,-0.68,18.73,4.1,1.91,-0.29366,121.489998,174.100006,81.599998,25.01,20.700001,-0.3947,2.33,72.305,120.43,3.49
2023-01-27,-0.67,18.51,4.1,1.88,-0.31045,121.970001,175.240005,83.309998,24.57,20.469999,-0.5133,2.33,73.945,119.639999,3.52
2023-01-30,-0.7,19.94,4.1,1.87,-0.31045,120.690002,173.130005,86.129997,26.25,21.370001,-0.5133,2.29,72.684998,116.775002,3.55
2023-01-31,-0.69,19.4,4.1,1.9,-0.31045,123.290001,177.210007,83.900002,25.790001,20.809999,-0.5133,2.24,74.349998,118.550003,3.52
2023-02-01,-0.7,17.87,4.57,1.91,-0.31045,122.190002,182.100006,81.199997,24.040001,19.969999,-0.5133,2.25,75.760002,124.139999,3.39
2023-02-02,-0.69,18.73,4.57,1.88,-0.31045,123.879997,184.720001,84.970001,25.059999,20.84,-0.5133,2.22,78.080002,126.794998,3.4
2023-02-03,-0.77,18.33,4.57,1.83,-0.31784,123.080002,182.289993,83.489998,25.4,20.780001,-0.5547,2.22,75.675003,124.464996,3.53
2023-02-06,-0.81,19.43,4.57,1.77,-0.31784,123.010002,181.0,85.099998,25.889999,21.43,-0.5547,2.25,75.565002,122.394997,3.63
2023-02-07,-0.8,18.66,4.57,1.78,-0.31784,123.360001,183.490005,84.540001,25.459999,20.780001,-0.5547,2.31,75.739998,126.07,3.67
2023-02-08,-0.82,19.63,4.57,1.83,-0.31784,121.519997,176.5,94.830002,26.450001,21.82,-0.5547,2.34,75.095001,123.599998,3.63
2023-02-09,-0.81,20.71,4.57,1.84,-0.31784,120.580002,174.990005,97.959999,27.639999,22.5,-0.5547,2.33,74.955002,124.089996,3.67
2023-02-10,-0.76,20.53,4.57,1.85,-0.31403,120.879997,175.789993,95.629997,27.09,22.549999,-0.6117,2.33,74.074997,122.004997,3.74
2023-02-13,-0.8,20.34,4.57,1.84,-0.31403,122.480003,176.710007,93.949997,27.26,21.969999,-0.6117,2.31,75.160004,123.839996,3.72
2023-02-14,-0.83,18.91,4.57,1.81,-0.31403,122.480003,176.339996,89.199997,25.059999,21.139999,-0.6117,2.31,76.059998,126.504997,3.77
2023-02-15,-0.81,18.23,4.57,1.82,-0.31403,121.360001,178.5,84.809998,24.09,20.68,-0.6117,2.35,76.949997,126.5,3.81
2023-02-16,-0.76,20.17,4.57,1.84,-0.31403,123.089996,176.080002,88.25,26.059999,21.879999,-0.6117,2.37,75.269997,123.065002,3.86
2023-02-17,-0.78,20.02,4.57,1.89,-0.29955,122.889999,175.320007,87.970001,25.82,21.77,-0.4708,2.36,75.285004,121.385002,3.82
2023-02-20,-0.78,21.23,4.57,1.89,-0.29955,122.889999,175.320007,88.58447975647817,0.0,22.813467308204913,-0.4708,2.36,75.285004,121.385002,3.82
2023-02-21,-0.72,22.87,4.57,1.87,-0.29955,124.089996,170.759995,95.989998,28.57,23.379999,-0.4708,2.42,72.769997,117.695,3.95
2023-02-22,-0.73,22.29,4.57,1.85,-0.29955,122.809998,169.800003,91.239998,28.02,22.68,-0.4708,2.41,73.139999,117.120003,3.93
2023-02-23,-0.78,21.14,4.57,1.86,-0.29955,121.849998,171.820007,85.160004,26.83,21.74,-0.4708,2.39,73.080002,121.269997,3.88
2023-02-24,-0.83,21.67,4.57,1.86,-0.27414,121.220001,169.139999,85.260002,27.18,22.43,-0.2334,2.38,71.93,119.105003,3.95
2023-02-27,-0.86,20.95,4.57,1.87,-0.27414,120.540001,170.740005,83.209999,26.65,21.59,-0.2334,2.36,72.82,119.639999,3.92
2023-02-28,-0.89,20.7,4.57,1.9,-0.27414,120.010002,171.449997,80.760002,26.4,21.32,-0.2334,2.43,72.769997,119.699997,3.92
2023-03-01,-0.88,20.58,4.65,1.84,-0.27414,118.889999,172.169998,80.550003,26.48,21.360001,-0.2334,2.44,71.855003,119.779999,4.01
2023-03-02,-0.81,19.59,4.65,1.82,-0.27414,118.889999,174.080002,77.339996,25.700001,20.629999,-0.2334,2.48,71.614998,120.839996,4.08
2023-03-03,-0.89,18.49,4.65,1.79,-0.24317,118.139999,175.679993,75.93,24.360001,19.98,-0.4501,2.52,73.154999,122.480003,3.97
2023-03-06,-0.91,18.61,4.65,1.79,-0.24317,120.190002,173.050003,76.410004,24.25,19.99,-0.4501,2.49,72.620003,121.389999,3.98
2023-03-07,-1.03,19.59,4.65,1.79,-0.24317,120.559998,172.059998,78.540001,24.65,20.59,-0.4501,2.38,71.629997,120.035004,3.97
2023-03-08,-1.07,19.11,4.65,1.79,-0.24317,120.559998,176.220001,74.669998,24.08,20.190001,-0.4501,2.32,71.5,123.175003,3.98
2023-03-09,-0.97,22.61,4.65,1.85,-0.24317,122.220001,173.440002,92.040001,26.549999,22.870001,-0.4501,2.3,69.794998,120.815002,3.93
2023-03-10,-0.9,24.8,4.65,1.96,-0.21062,130.270004,171.639999,108.620003,27.940001,25.389999,-0.0939,2.26,69.099998,118.860001,3.7
2023-03-13,-0.48,26.52,4.65,2.14,-0.21062,132.139999,173.889999,114.540001,29.389999,26.639999,-0.0939,2.24,69.245003,118.779999,3.55
2023-03-14,-0.56,23.73,4.65,2.11,-0.21062,132.720001,175.729996,104.900002,26.719999,24.870001,-0.0939,2.31,70.419998,122.334999,3.64
2023-03-15,-0.42,26.14,4.65,2.22,-0.21062,136.619995,174.389999,122.75,28.690001,27.200001,-0.0939,2.29,70.315002,120.959999,3.51
2023-03-16,-0.58,22.99,4.65,2.16,-0.21062,134.529999,177.130005,110.769997,26.620001,24.559999,-0.0939,2.22,71.584999,125.800003,3.56
2023-03-17,-0.42,25.51,4.65,2.21,-0.17912,131.339996,175.710007,124.75,28.35,27.42,1.0886,2.1,70.669998,125.160004,3.39
2023-03-20,-0.45,24.15,4.65,2.19,-0.17912,129.910004,179.160004,110.160004,27.549999,25.85,1.0886,2.14,70.760002,126.419998,3.47
2023-03-21,-0.58,21.38,4.65,2.11,-0.17912,127.459999,178.410004,101.190002,25.68,23.57,1.0886,2.23,72.714996,126.82,3.59
2023-03-22,-0.48,22.26,4.65,2.16,-0.17912,123.160004,176.320007,102.639999,26.6,24.379999,1.0886,2.28,71.095001,126.004997,3.48
2023-03-23,-0.38,22.61,4.65,2.26,-0.17912,123.160004,180.279999,102.919998,26.559999,24.530001,1.0886,2.19,71.019997,129.354996,3.38
2023-03-24,-0.38,21.74,4.65,2.24,-0.1605,126.879997,179.509995,99.720001,25.780001,23.959999,0.26,2.22,70.790001,127.309998,3.38
2023-03-27,-0.41,20.6,4.65,2.19,-0.1605,126.0,177.050003,95.07,25.07,22.870001,0.26,2.24,70.934998,125.824997,3.53
2023-03-28,-0.47,19.97,4.65,2.19,-0.1605,122.900002,177.490005,91.410004,24.5,22.379999,0.26,2.31,70.849998,124.949997,3.55
2023-03-29,-0.51,19.12,4.65,2.15,-0.1605,123.760002,181.039993,87.779999,23.99,21.49,0.26,2.33,72.195,128.839996,3.57
2023-03-30,-0.55,19.02,4.65,2.11,-0.1605,126.309998,184.240005,85.339996,23.99,21.450001,0.26,2.34,72.824997,130.684998,3.55
2023-03-31,-0.58,18.7,4.65,2.11,-0.15684,125.849998,186.009995,87.529999,23.6,21.23,-0.2761,2.32,74.769997,131.595001,3.48
2023-04-03,-0.54,18.55,4.65,2.11,-0.15684,126.209999,184.160004,84.07,23.67,20.83,-0.2761,2.29,74.084999,130.845001,3.43
2023-04-04,-0.49,19.0,4.65,2.1,-0.15684,127.029999,180.399994,84.720001,24.280001,21.34,-0.2761,2.25,73.964996,128.835007,3.35
2023-04-05,-0.49,19.08,4.65,2.14,-0.15684,126.980003,177.199997,85.919998,24.620001,21.48,-0.2761,2.23,72.449997,126.580002,3.3
2023-04-06,-0.52,18.4,4.65,2.11,-0.15684,124.419998,178.119995,84.639999,23.860001,21.0,-0.2761,2.24,72.464996,126.199997,3.3
2023-04-07,-0.58,18.4,4.65,2.11,-0.16033,124.419998,178.119995,84.639999,23.860001,21.0,-0.1029,2.25,72.464996,126.199997,3.39
2023-04-10,-0.59,18.97,4.65,2.09,-0.16033,126.959999,179.419998,85.940002,24.559999,21.07,-0.1029,2.27,72.785004,128.110001,3.41
2023-04-11,-0.6,19.1,4.65,2.05,-0.16033,127.419998,179.869995,85.919998,24.709999,21.01,-0.1029,2.29,72.900002,127.43,3.43
2023-04-12,-0.54,19.09,4.65,2.08,-0.16033,130.0,177.550003,87.059998,24.49,21.049999,-0.1029,2.27,71.769997,125.165001,3.41
2023-04-13,-0.51,17.8,4.65,2.07,-0.16033,132.360001,179.110001,84.730003,23.280001,20.26,-0.1029,2.29,73.355003,126.175003,3.45
2023-04-14,-0.56,17.07,4.65,2.05,-0.17179,134.649994,178.979996,84.010002,22.219999,20.030001,-0.4862,2.3,73.449997,126.040001,3.52
2023-04-17,-0.58,16.95,4.65,2.02,-0.17179,135.039993,180.050003,83.150002,21.91,19.65,-0.4862,2.32,73.970001,125.949997,3.6
2023-04-18,-0.61,16.83,4.65,2.01,-0.17179,137.119995,180.320007,88.010002,21.41,19.82,-0.4862,2.28,74.089996,126.514999,3.58
2023-04-19,-0.64,16.46,4.65,2.01,-0.17179,137.119995,177.080002,95.040001,21.24,20.02,-0.4862,2.28,74.019997,125.315002,3.6
2023-04-20,-0.6,17.17,4.65,2.05,-0.17179,133.490005,176.619995,98.459999,21.77,20.549999,-0.4862,2.26,72.879997,125.455002,3.54
2023-04-21,-0.6,16.77,4.65,2.04,-0.18544,132.940002,177.020004,96.940002,21.290001,20.389999,-0.6586,2.28,73.684998,124.169998,3.57
2023-04-24,-0.6,16.89,4.65,2.04,-0.18544,132.399994,175.899994,93.959999,21.52,20.4,-0.6586,2.28,73.675003,123.504997,3.52
2023-04-25,-0.46,18.76,4.65,2.09,-0.18544,130.289993,169.389999,94.349998,22.969999,21.65,-0.6586,2.25,72.214996,119.589996,3.4
2023-04-26,-0.47,18.84,4.65,2.11,-0.18544,130.5,164.460007,90.650002,22.77,21.540001,-0.6586,2.25,71.845001,120.425003,3.43
2023-04-27,-0.54,17.03,4.65,2.07,-0.18544,136.600006,165.270004,85.790001,21.049999,20.370001,-0.6586,2.27,73.739998,121.589996,3.53
2023-04-28,-0.6,15.78,4.65,2.08,-0.19623,138.440002,167.199997,86.900002,20.120001,19.540001,-0.2965,2.18,73.93,123.625,3.44
2023-05-01,-0.55,16.08,5.06,2.06,-0.19623,135.660004,166.679993,88.209999,20.190001,19.67,-0.2965,2.23,73.199997,124.57,3.59
2023-05-02,-0.53,17.78,5.06,2.16,-0.19623,131.089996,163.940002,91.459999,21.629999,20.75,-0.2965,2.2,73.275002,123.489998,3.44
2023-05-03,-0.51,18.34,5.06,2.2,-0.19623,130.410004,163.350006,91.540001,22.030001,21.290001,-0.2965,2.2,72.695,122.214996,3.38
2023-05-04,-0.38,20.09,5.06,2.24,-0.19623,130.539993,162.300003,98.739998,23.139999,22.77,-0.2965,2.19,72.135002,121.805,3.37
2023-05-05,-0.48,17.19,5.06,2.2,-0.20452,134.320007,165.820007,91.800003,20.360001,20.780001,-0.3338,2.21,73.595001,124.379997,3.44
2023-05-08,-0.48,16.98,5.06,2.2,-0.20452,132.320007,164.220001,91.980003,20.309999,20.709999,-0.3338,2.23,73.845001,125.07,3.52
2023-05-09,-0.48,17.71,5.06,2.21,-0.20452,133.880005,163.0,92.449997,20.85,21.17,-0.3338,2.23,73.824997,123.139999,3.53
2023-05-10,-0.47,16.94,5.06,2.26,-0.20452,138.630005,163.050003,97.529999,19.76,20.690001,-0.3338,2.17,74.199997,124.139999,3.43
2023-05-11,-0.5,16.93,5.06,2.25,-0.20452,138.630005,161.169998,97.32,19.4,20.620001,-0.3338,2.16,74.544998,123.040001,3.39
2023-05-12,-0.52,17.03,5.06,2.21,-0.21104,140.259995,161.880005,100.540001,19.530001,20.66,-0.5128,2.18,73.915001,122.900002,3.46
2023-05-15,-0.49,17.12,5.06,2.27,-0.21104,138.570007,165.259995,94.650002,19.549999,20.309999,-0.5128,2.19,74.010002,126.120003,3.5
2023-05-16,-0.52,17.99,5.06,2.28,-0.21104,137.320007,163.380005,97.629997,19.84,20.9,-0.5128,2.19,73.709999,126.089996,3.54
2023-05-17,-0.55,16.87,5.06,2.26,-0.21104,137.529999,165.339996,92.760002,19.16,20.049999,-0.5128,2.22,75.245003,129.5,3.57
2023-05-18,-0.59,16.05,5.06,2.2,-0.21104,138.059998,169.809998,89.059998,19.32,19.33,-0.5128,2.23,76.415001,134.039993,3.65
2023-05-19,-0.58,16.81,5.06,2.18,-0.21502,135.520004,170.110001,94.769997,19.68,20.040001,-0.4458,2.24,75.775002,133.300003,3.7
2023-05-22,-0.57,17.21,5.06,2.19,-0.21502,136.240005,170.860001,97.639999,19.969999,20.360001,-0.4458,2.24,75.540001,133.190002,3.72
2023-05-23,-0.56,18.53,5.06,2.19,-0.21502,136.419998,169.740005,101.910004,20.99,21.059999,-0.4458,2.26,74.849998,131.270004,3.7
2023-05-24,-0.58,20.03,5.06,2.18,-0.21502,138.369995,167.070007,106.519997,22.4,22.02,-0.4458,2.25,74.574997,129.339996,3.73
2023-05-25,-0.67,19.14,5.06,2.1,-0.21502,140.729996,169.619995,103.879997,21.690001,21.379999,-0.4458,2.25,74.239998,140.460007,3.83
2023-05-26,-0.74,17.95,5.06,2.1,-0.21697,140.729996,176.289993,97.57,22.209999,20.440001,-0.3232,2.23,75.985001,147.360001,3.8
2023-05-29,-0.74,17.46,5.06,2.1,-0.21697,140.729996,176.289993,91.3593714302865,0.0,19.043467308204917,-0.3232,2.23,75.985001,147.360001,3.8
2023-05-30,-0.77,17.46,5.06,2.14,-0.21697,145.139999,176.550003,91.910004,22.42,20.129999,-0.3232,2.22,76.495003,148.070007,3.69
2023-05-31,-0.76,17.94,5.06,2.16,-0.21697,158.300003,173.880005,91.389999,22.120001,20.209999,-0.3232,2.18,75.805,144.330002,3.64
2023-06-01,-0.72,15.65,5.08,2.15,-0.21697,151.979996,175.809998,85.07,20.459999,18.75,-0.3232,2.16,76.699997,146.5,3.61
2023-06-02,-0.81,14.6,5.08,2.11,-0.21874,142.610001,175.229996,86.160004,19.290001,17.92,-0.4726,2.18,78.5,146.139999,3.69
2023-06-05,-0.77,14.73,5.08,2.1,-0.21874,143.179993,170.259995,85.769997,19.42,17.9,-0.4726,2.19,78.735001,144.309998,3.69
2023-06-06,-0.81,13.96,5.08,2.08,-0.21874,146.270004,170.360001,85.739998,18.540001,17.040001,-0.4726,2.2,79.555,145.330002,3.7
2023-06-07,-0.77,13.94,5.08,2.06,-0.21874,151.009995,172.0,84.0,19.209999,17.139999,-0.4726,2.21,79.014999,144.5,3.79
2023-06-08,-0.79,13.65,5.08,2.07,-0.21874,155.529999,172.229996,87.629997,18.66,16.860001,-0.4726,2.2,80.184998,146.169998,3.73
2023-06-09,-0.84,13.83,5.08,2.05,-0.21975,152.779999,170.589996,89.699997,18.889999,16.959999,-0.6975,2.2,80.599998,146.839996,3.75
2023-06-12,-0.82,15.01,5.08,2.1,-0.21975,157.710007,174.039993,92.830002,20.459999,17.280001,-0.6975,2.17,81.985001,151.179993,3.73
2023-06-13,-0.83,14.61,5.08,2.0,-0.21975,156.440002,177.410004,92.099998,20.059999,17.23,-0.6975,2.2,82.834999,153.270004,3.84
2023-06-14,-0.91,13.88,5.08,1.94,-0.21975,150.369995,177.119995,91.910004,19.719999,16.860001,-0.6975,2.21,82.775002,155.600006,3.83
2023-06-15,-0.9,14.5,5.08,2.02,-0.21975,147.860001,178.089996,93.949997,20.280001,17.18,-0.6975,2.21,83.315002,154.479996,3.72
2023-06-16,-0.93,13.54,5.08,1.96,-0.22174,143.070007,176.759995,90.690002,19.549999,16.75,-0.6125,2.22,83.190002,153.380005,3.77
2023-06-19,-0.93,14.19,5.08,1.96,-0.22174,143.070007,176.759995,89.98114158750833,0.0,15.773467308204914,-0.6125,2.22,83.190002,153.380005,3.77
2023-06-20,-0.94,13.88,5.08,1.95,-0.22174,138.75,174.360001,96.260002,19.950001,17.299999,-0.6125,2.22,83.644997,152.839996,3.74
2023-06-21,-0.96,13.2,5.08,1.96,-0.22174,133.720001,170.479996,92.730003,19.290001,16.889999,-0.6125,2.21,82.639999,149.339996,3.72
2023-06-22,-0.97,12.91,5.08,1.94,-0.22174,136.149994,172.630005,90.639999,18.82,16.559999,-0.6125,2.24,83.695,150.080002,3.8
2023-06-23,-0.97,13.44,5.08,1.96,-0.22577,137.850006,167.679993,92.339996,19.290001,16.870001,-0.5892,2.21,82.724998,147.529999,3.74
2023-06-26,-0.93,14.25,5.08,1.98,-0.22577,140.089996,168.75,95.419998,20.370001,17.049999,-0.5892,2.18,81.665001,146.850006,3.72
2023-06-27,-0.97,13.74,5.08,1.94,-0.22577,140.089996,176.309998,91.330002,20.08,16.440001,-0.5892,2.2,83.419998,151.509995,3.77
2023-06-28,-1.0,13.43,5.08,1.96,-0.22577,138.369995,174.960007,85.790001,20.02,15.9,-0.5892,2.18,83.75,150.139999,3.71
2023-06-29,-1.02,13.54,5.08,1.92,-0.22577,143.050003,176.789993,85.260002,19.98,16.1,-0.5892,2.2,83.839996,149.919998,3.85
2023-06-30,-1.06,13.59,5.08,1.88,-0.23184,149.960007,180.020004,83.110001,19.549999,16.02,-0.697,2.22,84.904999,152.25,3.81
2023-07-03,-1.08,13.57,5.08,1.85,-0.23184,149.960007,179.759995,84.169998,19.870001,16.07,-0.697,2.25,85.93,153.600006,3.86
2023-07-04,-1.08,13.7,5.08,1.85,-0.23184,149.960007,179.759995,86.17414132365468,0.0,15.283467308204914,-0.697,2.25,85.93,153.600006,3.86
2023-07-05,-0.99,14.18,5.08,1.83,-0.23184,144.080002,176.529999,87.760002,19.91,16.51,-0.697,2.26,85.964996,150.699997,3.95
2023-07-06,-0.94,15.44,5.08,1.8,-0.23184,148.449997,174.820007,95.300003,21.110001,17.52,-0.697,2.27,84.580002,148.910004,4.05
2023-07-07,-0.88,14.83,5.08,1.81,-0.24056,148.130005,173.699997,94.489998,20.6,17.24,-0.7488,2.27,84.684998,149.050003,4.06
2023-07-10,-0.84,15.07,5.08,1.86,-0.24056,142.490005,179.440002,95.330002,21.08,17.25,-0.7488,2.25,84.945,151.160004,4.01
2023-07-11,-0.89,14.84,5.08,1.84,-0.24056,142.490005,178.820007,95.209999,20.9,16.969999,-0.7488,2.24,85.654999,151.320007,3.99
2023-07-12,-0.86,13.54,5.08,1.88,-0.24056,148.320007,182.369995,95.849998,19.48,16.110001,-0.7488,2.26,86.425003,154.5,3.86
2023-07-13,-0.83,13.61,5.08,1.91,-0.24056,147.080002,183.119995,96.43,19.780001,16.120001,-0.7488,2.24,87.235001,158.210007,3.76
2023-07-14,-0.91,13.34,5.08,1.87,-0.25343,149.479996,180.850006,94.889999,19.65,16.040001,-0.6955,2.24,87.459999,156.899994,3.83
2023-07-17,-0.93,13.48,5.08,1.9,-0.25343,142.240005,183.399994,95.980003,19.43,16.27,-0.6955,2.25,87.815002,159.820007,3.81
2023-07-18,-0.94,13.3,5.08,1.89,-0.25343,141.860001,183.679993,92.989998,19.290001,16.129999,-0.6955,2.23,88.175003,160.259995,3.8
2023-07-19,-0.99,13.76,5.08,1.87,-0.25343,141.25,183.669998,93.57,19.68,16.559999,-0.6955,2.22,88.485001,158.580002,3.75
2023-07-20,-0.95,13.99,5.08,1.85,-0.25343,142.820007,179.919998,94.059998,20.200001,16.66,-0.6955,2.35,85.470001,152.970001,3.85
2023-07-21,-0.98,13.6,5.08,1.85,-0.26836,142.550003,184.320007,93.360001,19.610001,16.4,-0.7393,2.35,85.489998,153.789993,3.84
2023-07-24,-0.95,13.91,5.08,1.84,-0.26836,143.75,183.889999,91.739998,19.83,16.26,-0.7393,2.38,86.050003,153.919998,3.86
2023-07-25,-0.94,13.86,5.08,1.81,-0.26836,142.179993,186.080002,90.0,19.709999,16.219999,-0.7393,2.39,85.849998,156.389999,3.91
2023-07-26,-0.96,13.19,5.08,1.83,-0.26836,143.580002,176.0,85.379997,18.99,15.79,-0.7393,2.36,85.830002,154.679993,3.86
2023-07-27,-0.9,14.41,5.08,1.78,-0.26836,147.929993,177.720001,94.050003,19.83,16.629999,-0.7393,2.37,84.940002,157.460007,4.01
2023-07-28,-0.91,13.33,5.08,1.8,-0.28427,143.479996,178.369995,87.379997,18.92,15.92,-0.7592,2.38,86.379997,160.5,3.96
2023-07-31,-0.91,13.63,5.08,1.77,-0.28427,145.470001,180.0,86.68,19.32,16.01,-0.7592,2.37,86.870003,160.619995,3.97
2023-08-01,-0.87,13.93,5.33,1.77,-0.28427,142.570007,178.369995,87.489998,19.67,16.34,-0.7592,2.37,85.885002,160.529999,4.05
2023-08-02,-0.8,16.09,5.33,1.82,-0.28427,145.75,172.440002,96.199997,22.129999,17.959999,-0.7592,2.36,84.345001,154.639999,4.08
2023-08-03,-0.7,15.92,5.33,1.84,-0.28427,147.380005,171.800003,94.040001,22.08,17.719999,-0.7592,2.37,84.544998,154.190002,4.2
2023-08-04,-0.73,17.1,5.33,1.9,-0.30163,153.350006,168.440002,99.629997,22.02,18.610001,-0.7165,2.38,85.775002,154.25,4.05
2023-08-07,-0.67,15.77,5.33,1.9,-0.30163,148.539993,168.960007,92.989998,20.82,17.719999,-0.7165,2.41,86.654999,155.910004,4.09
2023-08-08,-0.72,15.99,5.33,1.93,-0.30163,142.300003,166.729996,94.910004,21.07,18.129999,-0.7165,2.36,85.964996,153.339996,4.02
2023-08-09,-0.79,15.96,5.33,1.92,-0.30163,137.119995,167.270004,97.43,21.5,18.049999,-0.7165,2.34,84.945,150.300003,4.0
2023-08-10,-0.73,15.85,5.33,1.89,-0.30163,136.580002,167.559998,99.779999,21.030001,18.16,-0.7165,2.33,85.150002,149.970001,4.09
2023-08-11,-0.73,14.84,5.33,1.87,-0.31747,135.160004,166.199997,96.68,20.450001,17.559999,-0.6599,2.36,84.860001,146.210007,4.16
2023-08-14,-0.77,14.82,5.33,1.84,-0.31747,136.899994,170.479996,95.330002,20.200001,17.41,-0.6599,2.36,85.120003,150.660004,4.19
2023-08-15,-0.71,16.46,5.33,1.86,-0.31747,136.690002,168.160004,103.279999,21.370001,18.59,-0.6599,2.32,83.959999,148.850006,4.21
2023-08-16,-0.69,16.78,5.33,1.84,-0.31747,132.089996,165.720001,104.540001,22.08,18.969999,-0.6599,2.32,82.919998,146.5,4.28
2023-08-17,-0.64,17.89,5.33,1.87,-0.31747,132.509995,165.759995,106.739998,22.709999,19.83,-0.6599,2.33,81.514999,145.509995,4.3
2023-08-18,-0.66,17.3,5.33,1.89,-0.32996,134.770004,166.490005,97.279999,22.01,19.24,-0.6201,2.32,81.330002,146.130005,4.26
2023-08-21,-0.63,17.13,5.33,1.88,-0.32996,133.589996,167.949997,95.239998,21.889999,18.77,-0.6201,2.34,82.264999,151.039993,4.34
2023-08-22,-0.68,16.97,5.33,1.82,-0.32996,134.059998,167.110001,92.620003,21.82,18.719999,-0.6201,2.35,82.385002,149.529999,4.34
2023-08-23,-0.76,15.98,5.33,1.83,-0.32996,131.820007,169.830002,88.989998,21.360001,17.940001,-0.6201,2.35,83.044998,152.770004,4.19
2023-08-24,-0.75,17.2,5.33,1.8,-0.32996,132.479996,165.589996,92.169998,22.58,18.75,-0.6201,2.32,81.419998,148.820007,4.23
2023-08-25,-0.78,15.68,5.33,1.76,-0.33877,132.270004,167.809998,84.32,20.879999,17.719999,-0.6809,2.33,82.330002,149.089996,4.25
2023-08-28,-0.78,15.08,5.33,1.82,-0.33877,130.190002,168.699997,82.230003,20.389999,17.120001,-0.6809,2.3,82.660004,150.929993,4.2
2023-08-29,-0.75,14.45,5.33,1.84,-0.33877,135.229996,170.690002,79.050003,19.33,16.559999,-0.6809,2.29,84.724998,154.800003,4.12
2023-08-30,-0.78,13.88,5.33,1.82,-0.33877,142.139999,169.229996,78.629997,19.07,16.18,-0.6809,2.26,85.089996,155.589996,4.12
2023-08-31,-0.76,13.57,5.33,1.83,-0.33877,144.699997,168.059998,80.800003,18.74,15.92,-0.6809,2.24,85.355003,156.220001,4.09
2023-09-01,-0.69,13.09,5.33,1.82,-0.34435,144.279999,169.830002,82.650002,18.41,15.74,-0.695,2.26,84.834999,156.210007,4.18
2023-09-04,-0.69,13.82,5.33,1.82,-0.34435,144.279999,169.830002,88.5402971511833,0.0,15.403467308204917,-0.695,2.26,84.834999,156.210007,4.18
2023-09-05,-0.67,14.01,5.33,1.84,-0.34435,139.619995,169.740005,86.43,19.4,16.24,-0.695,2.29,84.894997,156.580002,4.27
2023-09-06,-0.71,14.45,5.33,1.79,-0.34435,137.880005,168.050003,87.849998,19.790001,16.610001,-0.695,2.3,84.139999,154.759995,4.3
2023-09-07,-0.67,14.4,5.33,1.81,-0.34435,135.589996,164.710007,87.650002,19.950001,16.58,-0.695,2.32,84.375,151.330002,4.27
2023-09-08,-0.72,13.84,5.33,1.79,-0.34413,138.179993,164.660004,85.269997,19.15,16.139999,-0.7144,2.33,84.375,150.380005,4.26
2023-09-11,-0.68,13.8,5.33,1.8,-0.34413,138.210007,165.839996,85.190002,18.84,16.02,-0.7144,2.35,86.644997,150.490005,4.29
2023-09-12,-0.71,14.23,5.33,1.79,-0.34413,136.25,163.490005,85.629997,19.209999,16.25,-0.7144,2.34,85.860001,149.360001,4.27
2023-09-13,-0.71,13.48,5.33,1.81,-0.34413,137.419998,164.360001,84.970001,18.07,15.92,-0.7144,2.35,86.540001,150.570007,4.25
2023-09-14,-0.71,12.82,5.33,1.8,-0.34413,144.320007,166.050003,82.480003,17.25,15.34,-0.7144,2.34,87.389999,151.389999,4.29
2023-09-15,-0.69,13.79,5.33,1.78,-0.33937,142.919998,162.619995,84.839996,18.690001,16.02,-0.7132,2.35,85.894997,146.809998,4.33
2023-09-18,-0.73,14.0,5.33,1.77,-0.33937,137.649994,162.830002,84.769997,18.959999,16.129999,-0.7132,2.36,84.809998,147.300003,4.32
2023-09-19,-0.71,14.11,5.33,1.75,-0.33937,137.309998,163.139999,83.540001,19.209999,16.129999,-0.7132,2.37,84.385002,146.029999,4.37
2023-09-20,-0.77,15.14,5.33,1.73,-0.33937,135.740005,162.100006,88.050003,20.459999,16.809999,-0.7132,2.35,83.544998,143.630005,4.35
2023-09-21,-0.63,17.54,5.33,1.66,-0.33937,135.940002,160.399994,94.440002,22.48,18.24,-0.7132,2.38,81.264999,140.759995,4.49
2023-09-22,-0.66,17.2,5.33,1.73,-0.33033,137.740005,160.309998,90.540001,22.01,18.09,-0.7176,2.37,80.464996,141.960007,4.44
2023-09-25,-0.54,16.9,5.33,1.75,-0.33033,133.059998,160.899994,91.739998,21.65,18.02,-0.7176,2.37,80.959999,142.960007,4.55
2023-09-26,-0.48,18.94,5.33,1.77,-0.33033,136.300003,157.960007,103.040001,22.870001,19.719999,-0.7176,2.33,79.485001,140.699997,4.56
2023-09-27,-0.49,18.22,5.33,1.77,-0.33033,135.380005,158.139999,97.089996,22.34,19.110001,-0.7176,2.34,79.18,141.990005,4.61
2023-09-28,-0.45,17.34,5.33,1.8,-0.33033,133.479996,159.089996,93.720001,21.530001,18.379999,-0.7176,2.39,80.065002,144.289993,4.59
2023-09-29,-0.44,17.52,5.33,1.78,-0.31799,134.5,159.009995,94.099998,21.280001,18.51,-0.4973,2.35,80.489998,144.979996,4.59
2023-10-02,-0.43,17.61,5.33,1.78,-0.31799,134.5,159.949997,95.389999,21.51,18.620001,-0.4973,2.35,80.555,146.229996,4.69
2023-10-03,-0.34,19.78,5.33,1.82,-0.31799,129.779999,157.25,104.389999,23.77,20.41,-0.4973,2.36,78.595001,142.979996,4.81
2023-10-04,-0.32,18.58,5.33,1.83,-0.31799,130.679993,157.970001,95.580002,22.68,19.52,-0.4973,2.33,80.144997,145.210007,4.73
2023-10-05,-0.31,18.49,5.33,1.85,-0.31799,129.75,155.110001,95.589996,22.76,19.5,-0.4973,2.31,79.745003,145.210007,4.72
2023-10-06,-0.3,17.45,5.33,1.84,-0.30667,129.360001,157.0,91.160004,21.41,18.73,-0.4263,2.31,80.305,148.350006,4.78
2023-10-09,-0.3,17.7,5.33,1.84,-0.30667,133.639999,156.720001,92.029999,21.82,18.809999,-0.4263,2.31,80.389999,147.970001,4.78
2023-10-10,-0.3,17.03,5.33,1.83,-0.30667,135.169998,157.660004,90.099998,21.129999,18.27,-0.4263,2.32,81.269997,149.800003,4.66
2023-10-11,-0.41,16.09,5.33,1.82,-0.30667,137.610001,157.330002,90.57,20.16,17.629999,-0.4263,2.32,81.559998,151.419998,4.58
2023-10-12,-0.36,16.69,5.33,1.83,-0.30667,136.130005,155.0,91.870003,20.629999,18.09,-0.4263,2.34,80.669998,152.190002,4.7
2023-10-13,-0.41,19.32,5.33,1.82,-0.297,144.300003,152.75,108.099998,22.75,20.57,-0.5424,2.34,79.485001,148.380005,4.63
2023-10-16,-0.38,17.21,5.33,1.83,-0.297,137.949997,154.300003,95.690002,21.389999,18.790001,-0.5424,2.38,80.769997,150.089996,4.71
2023-10-17,-0.36,17.88,5.33,1.8,-0.297,138.720001,154.259995,95.800003,21.959999,19.26,-0.5424,2.41,80.959999,148.320007,4.83
2023-10-18,-0.28,19.22,5.33,1.78,-0.297,137.100006,151.820007,105.889999,23.440001,20.469999,-0.5424,2.44,79.059998,145.350006,4.91
2023-10-19,-0.16,21.4,5.33,1.82,-0.297,137.729996,150.940002,116.470001,24.74,22.190001,-0.5424,2.49,77.040001,144.360001,4.98
2023-10-20,-0.14,21.71,5.33,1.88,-0.29098,136.740005,147.809998,115.43,25.309999,22.440001,-0.3262,2.47,75.845001,142.100006,4.93
2023-10-23,-0.19,20.37,5.33,1.85,-0.29098,133.919998,146.320007,109.0,23.969999,21.33,-0.3262,2.41,75.934998,142.600006,4.86
2023-10-24,-0.19,18.97,5.33,1.84,-0.29098,132.440002,146.919998,98.540001,22.34,20.209999,-0.3262,2.4,76.745003,144.270004,4.83
2023-10-25,-0.13,20.19,5.33,1.83,-0.29098,132.289993,141.789993,102.919998,24.34,21.33,-0.3262,2.43,75.195,138.679993,4.95
2023-10-26,-0.16,20.68,5.33,1.82,-0.29098,133.380005,144.009995,101.970001,24.85,21.57,-0.3262,2.42,74.019997,137.460007,4.86
2023-10-27,-0.15,21.27,5.33,1.88,-0.29005,132.740005,143.119995,102.040001,24.440001,22.27,-0.3494,2.42,74.794998,138.309998,4.84
2023-10-30,-0.15,19.75,5.33,1.86,-0.29005,130.130005,140.5,95.230003,23.610001,20.799999,-0.3494,2.44,75.480003,137.960007,4.88
2023-10-31,-0.19,18.14,5.33,1.85,-0.29005,128.210007,142.009995,87.940002,22.459999,19.49,-0.3494,2.42,76.050003,138.949997,4.88
2023-11-01,-0.18,16.87,5.33,1.91,-0.29005,129.820007,143.169998,85.080002,20.68,18.549999,-0.3494,2.41,76.989998,142.410004,4.77
2023-11-02,-0.31,15.66,5.33,1.84,-0.29005,133.800003,147.309998,83.239998,19.540001,17.799999,-0.3494,2.4,79.0,146.100006,4.67
2023-11-03,-0.26,14.91,5.33,1.86,-0.29483,133.800003,150.229996,82.830002,18.620001,17.219999,-0.6092,2.39,80.110001,149.509995,4.57
2023-11-06,-0.26,14.89,5.33,1.84,-0.29483,137.889999,147.5,84.330002,18.65,17.030001,-0.6092,2.42,80.209999,149.949997,4.67
2023-11-07,-0.33,14.81,5.33,1.83,-0.29483,139.520004,146.589996,83.43,18.450001,16.92,-0.6092,2.39,81.105003,150.889999,4.58
2023-11-08,-0.44,14.45,5.33,1.84,-0.29483,139.410004,145.220001,85.040001,18.16,16.639999,-0.6092,2.34,80.889999,151.429993,4.49
2023-11-09,-0.41,15.29,5.33,1.83,-0.29483,139.279999,143.270004,88.739998,19.01,17.299999,-0.6092,2.33,79.379997,151.160004,4.62
2023-11-10,-0.43,14.17,5.33,1.8,-0.30341,139.279999,147.190002,85.660004,17.950001,16.52,-0.7341,2.32,80.699997,157.279999,4.61
2023-11-13,-0.39,14.76,5.33,1.79,-0.30341,135.270004,145.869995,85.510002,18.82,16.610001,-0.7341,2.31,81.044998,156.320007,4.63
2023-11-14,-0.36,14.16,5.33,1.83,-0.30341,138.380005,149.929993,83.769997,17.889999,16.290001,-0.7341,2.28,83.775002,161.089996,4.44
2023-11-15,-0.37,14.18,5.33,1.8,-0.30341,142.979996,151.869995,84.910004,18.09,16.280001,-0.7341,2.31,83.875,161.210007,4.53
2023-11-16,-0.38,14.32,5.33,1.81,-0.30341,154.449997,151.889999,83.230003,17.83,16.139999,-0.7341,2.27,83.014999,161.809998,4.45
2023-11-17,-0.44,13.8,5.33,1.78,-0.31396,146.880005,154.619995,81.830002,17.41,15.85,-0.6251,2.28,83.57,162.570007,4.44
2023-11-20,-0.47,13.41,5.33,1.76,-0.31396,146.880005,155.539993,81.809998,17.139999,15.69,-0.6251,2.3,84.0,164.899994,4.42
2023-11-21,-0.45,13.35,5.33,1.77,-0.31396,140.800003,153.429993,81.769997,17.549999,15.5,-0.6251,2.25,83.785004,162.470001,4.41
2023-11-22,-0.47,12.85,5.33,1.71,-0.31396,141.550003,153.929993,83.379997,16.66,15.48,-0.6251,2.26,84.040001,162.119995,4.42
2023-11-23,-0.47,12.8,5.33,1.71,-0.31396,141.550003,153.929993,86.2311147151454,0.0,14.383467308204915,-0.6251,2.26,84.040001,162.119995,4.42
2023-11-24,-0.45,12.46,5.33,1.72,-0.32515,141.550003,153.589996,83.0,16.120001,15.12,-0.7357,2.26,84.120003,161.759995,4.47
2023-11-27,-0.45,12.69,5.33,1.71,-0.32515,142.199997,152.600006,85.150002,16.440001,15.34,-0.7357,2.21,84.254997,161.660004,4.39
2023-11-28,-0.39,12.69,5.33,1.75,-0.32515,142.679993,152.899994,85.139999,16.15,15.24,-0.7357,2.22,84.739998,160.729996,4.34
2023-11-29,-0.37,12.98,5.33,1.72,-0.32515,139.820007,153.199997,87.790001,16.52,15.51,-0.7357,2.21,84.510002,162.210007,4.27
2023-11-30,-0.36,12.92,5.33,1.67,-0.32515,144.539993,152.710007,86.709999,16.719999,15.44,-0.7357,2.23,84.389999,160.479996,4.37
2023-12-01,-0.34,12.63,5.33,1.71,-0.33553,144.539993,155.210007,85.900002,16.209999,15.36,-0.5361,2.22,85.544998,161.130005,4.22
2023-12-04,-0.36,13.08,5.33,1.67,-0.33553,144.539993,157.419998,87.760002,17.209999,15.68,-0.5361,2.21,85.220001,158.779999,4.28
2023-12-05,-0.39,12.85,5.33,1.65,-0.33553,144.539993,157.25,85.760002,16.99,15.57,-0.5361,2.17,85.370003,158.779999,4.18
2023-12-06,-0.48,12.97,5.33,1.63,-0.33553,144.539993,156.050003,86.849998,17.030001,15.74,-0.5361,2.14,85.495003,157.5,4.12
2023-12-07,-0.44,13.06,5.33,1.63,-0.33553,130.839996,157.679993,86.0,17.08,15.65,-0.5361,2.17,86.199997,161.100006,4.14
2023-12-08,-0.48,12.35,5.33,1.61,-0.34433,134.100006,157.029999,81.110001,15.94,15.16,-0.5036,2.21,86.595001,162.479996,4.23
2023-12-11,-0.48,12.63,5.33,1.61,-0.34433,140.899994,159.970001,82.349998,16.27,15.19,-0.5036,2.19,86.824997,166.380005,4.23
2023-12-12,-0.53,12.07,5.33,1.6,-0.34433,148.830002,157.919998,83.540001,15.38,14.83,-0.5036,2.16,87.095001,168.139999,4.2
2023-12-13,-0.42,12.19,5.33,1.61,-0.34433,152.020004,161.809998,80.830002,15.35,14.66,-0.5036,2.16,88.235001,170.119995,4.04
2023-12-14,-0.45,12.48,5.33,1.57,-0.34433,162.509995,168.779999,80.830002,15.42,14.79,-0.5036,2.22,89.419998,173.259995,3.92
2023-12-15,-0.53,12.28,5.33,1.57,-0.35328,153.259995,168.639999,88.040001,15.47,15.13,-0.6117,2.22,89.605003,174.080002,3.91
2023-12-18,-0.48,12.56,5.33,1.58,-0.35328,139.360001,167.419998,88.669998,15.87,15.47,-0.6117,2.21,90.0,173.339996,3.95
2023-12-19,-0.48,12.53,5.33,1.57,-0.35328,133.179993,168.5,88.769997,15.8,15.64,-0.6117,2.19,90.705002,173.919998,3.93
2023-12-20,-0.48,13.67,5.33,1.63,-0.35328,136.860001,165.179993,92.18,16.98,16.58,-0.6117,2.19,89.050003,169.080002,3.86
2023-12-21,-0.44,13.65,5.33,1.64,-0.35328,138.179993,166.809998,89.849998,17.18,16.299999,-0.6117,2.19,90.404999,173.259995,3.89
2023-12-22,-0.41,13.03,5.33,1.65,-0.36242,134.460007,168.240005,88.620003,16.620001,15.99,-0.4394,2.19,89.739998,173.279999,3.9
2023-12-25,-0.41,13.03,5.33,1.65,-0.36242,134.460007,168.240005,88.620003,16.620001,15.99,-0.4394,2.19,89.739998,173.279999,3.9
2023-12-26,-0.37,12.99,5.33,1.64,-0.36242,134.460007,170.809998,88.870003,17.0,15.88,-0.4394,2.18,90.120003,175.669998,3.89
2023-12-27,-0.41,12.43,5.33,1.64,-0.36242,135.639999,171.229996,86.220001,16.219999,15.27,-0.4394,2.15,90.43,175.860001,3.79
2023-12-28,-0.42,12.47,5.33,1.62,-0.36242,136.899994,171.720001,86.690002,16.360001,15.23,-0.4394,2.16,89.959999,175.820007,3.84
2023-12-29,-0.35,12.45,5.33,1.61,-0.37089,138.050003,170.460007,86.959999,16.200001,15.26,-0.419,2.16,89.404999,174.869995,3.88
2024-01-01,-0.35,12.45,5.33,1.61,-0.37089,138.050003,170.460007,86.959999,16.200001,15.26,-0.419,2.16,89.404999,174.869995,3.88
2024-01-02,-0.38,13.2,5.33,1.62,-0.37089,134.800003,169.259995,88.089996,17.59,15.48,-0.419,2.21,88.574997,168.970001,3.95
2024-01-03,-0.42,14.04,5.33,1.66,-0.37089,134.229996,166.740005,89.650002,18.02,16.040001,-0.419,2.2,86.785004,165.970001,3.91
2024-01-04,-0.39,14.13,5.33,1.65,-0.37089,136.600006,164.470001,87.589996,17.889999,16.040001,-0.419,2.22,86.175003,164.990005,3.99
2024-01-05,-0.35,13.35,5.33,1.65,-0.37953,132.679993,165.100006,82.870003,17.129999,15.51,-0.5547,2.22,86.309998,166.080002,4.05
2024-01-08,-0.35,13.08,5.33,1.65,-0.37953,137.050003,168.539993,81.260002,16.860001,15.14,-0.5547,2.22,87.779999,171.960007,4.01
2024-01-09,-0.34,12.76,5.33,1.63,-0.37953,140.949997,168.630005,78.589996,16.549999,14.9,-0.5547,2.22,87.455002,172.419998,4.02
2024-01-10,-0.33,12.69,5.33,1.59,-0.37953,137.399994,167.25,77.089996,16.6,14.73,-0.5547,2.22,88.154999,172.580002,4.04
2024-01-11,-0.28,12.44,5.33,1.63,-0.37953,140.360001,165.600006,75.540001,16.4,14.56,-0.5547,2.22,88.040001,173.559998,3.98
2024-01-12,-0.18,12.7,5.33,1.64,-0.38768,143.809998,164.869995,86.07,16.540001,14.94,-0.7094,2.27,86.980003,172.949997,3.96
2024-01-15,-0.18,13.25,5.33,1.64,-0.38768,143.809998,164.869995,85.69463862175645,0.0,14.833467308204916,-0.7094,2.27,86.980003,172.949997,3.96
2024-01-16,-0.15,13.84,5.33,1.65,-0.38768,139.940002,163.880005,89.589996,17.870001,15.74,-0.7094,2.3,86.879997,175.699997,4.07
2024-01-17,-0.24,14.79,5.33,1.63,-0.38768,147.759995,162.419998,91.360001,18.700001,16.379999,-0.7094,2.3,86.120003,174.639999,4.1
2024-01-18,-0.2,14.13,5.33,1.62,-0.38768,148.149994,166.910004,86.339996,17.950001,15.84,-0.7094,2.34,86.610001,180.309998,4.14
2024-01-19,-0.24,13.3,5.33,1.59,-0.39489,148.149994,173.649994,81.949997,17.4,15.26,-0.8057,2.34,87.445,187.179993,4.15
2024-01-22,-0.26,13.19,5.33,1.59,-0.39489,146.009995,174.830002,79.169998,17.200001,14.97,-0.8057,2.31,87.059998,188.050003,4.11
2024-01-23,-0.17,12.55,5.33,1.62,-0.39489,148.119995,174.339996,76.669998,16.549999,14.52,-0.8057,2.29,86.849998,189.009995,4.14
2024-01-24,-0.16,13.14,5.33,1.61,-0.39489,150.25,170.070007,80.940002,16.959999,14.97,-0.8057,2.3,86.519997,192.369995,4.18
2024-01-25,-0.14,13.45,5.33,1.6,-0.39489,153.050003,167.419998,81.389999,17.26,15.1,-0.8057,2.29,85.449997,192.369995,4.14
2024-01-26,-0.19,13.26,5.33,1.58,-0.40114,151.360001,164.089996,82.199997,17.030001,15.03,-0.8321,2.3,85.839996,188.270004,4.15
2024-01-29,-0.21,13.6,5.33,1.6,-0.40114,149.029999,166.039993,83.400002,17.389999,15.22,-0.8321,2.3,87.095001,190.479996,4.08
2024-01-30,-0.3,13.31,5.33,1.58,-0.40114,148.729996,162.050003,82.239998,17.57,15.14,-0.8321,2.26,87.044998,188.589996,4.06
2024-01-31,-0.28,14.35,5.33,1.61,-0.40114,150.210007,160.119995,87.559998,18.25,15.96,-0.8321,2.26,85.459999,185.869995,3.99
2024-02-01,-0.33,13.88,5.33,1.63,-0.40114,160.080002,159.690002,84.830002,17.33,15.5,-0.8321,2.19,87.105003,187.570007,3.87
2024-02-02,-0.33,13.85,5.33,1.59,-0.40805,160.020004,159.199997,83.309998,17.219999,15.61,-0.7578,2.21,88.660004,191.220001,4.03
2024-02-05,-0.29,13.67,5.33,1.56,-0.40805,155.490005,158.899994,79.580002,17.57,15.33,-0.7578,2.27,87.410004,194.949997,4.17
2024-02-06,-0.3,13.06,5.33,1.58,-0.40805,152.820007,158.369995,76.970001,17.309999,14.99,-0.7578,2.24,87.940002,192.740005,4.09
2024-02-07,-0.32,12.83,5.33,1.6,-0.40805,151.410004,158.770004,80.540001,16.940001,14.85,-0.7578,2.23,88.925003,196.630005,4.09
2024-02-08,-0.31,12.79,5.33,1.6,-0.40805,150.360001,160.210007,83.07,16.959999,14.93,-0.7578,2.24,89.315002,199.429993,4.15
2024-02-09,-0.31,12.93,5.33,1.59,-0.41487,156.619995,162.399994,81.940002,16.860001,15.08,-0.5978,2.25,89.949997,203.850006,4.17
2024-02-12,-0.29,13.93,5.33,1.58,-0.41487,152.800003,161.080002,84.629997,18.09,15.67,-0.5978,2.24,89.875,203.059998,4.17
2024-02-13,-0.33,15.85,5.33,1.54,-0.41487,170.520004,156.850006,93.190002,19.49,16.82,-0.5978,2.29,88.084999,199.300003,4.31
2024-02-14,-0.29,14.38,5.33,1.56,-0.41487,160.399994,157.869995,83.169998,18.26,15.93,-0.5978,2.3,89.014999,203.300003,4.27
2024-02-15,-0.32,14.01,5.33,1.57,-0.41487,148.899994,160.710007,82.400002,17.85,15.76,-0.5978,2.3,90.044998,202.619995,4.24
2024-02-16,-0.34,14.24,5.33,1.53,-0.42271,142.619995,160.380005,82.629997,18.6,15.86,-0.6429,2.33,89.510002,201.75,4.3
2024-02-19,-0.34,14.71,5.33,1.53,-0.42271,142.619995,160.380005,88.79837618089073,0.0,16.293467308204917,-0.6429,2.33,89.510002,201.75,4.3
2024-02-20,-0.32,15.42,5.33,1.56,-0.42271,141.449997,162.740005,86.099998,19.780001,16.41,-0.6429,2.32,88.665001,197.779999,4.27
2024-02-21,-0.32,15.34,5.33,1.54,-0.42271,142.720001,164.080002,84.660004,19.6,16.23,-0.6429,2.34,89.32,196.509995,4.32
2024-02-22,-0.36,14.54,5.33,1.49,-0.42271,145.910004,165.429993,80.879997,18.389999,15.77,-0.6429,2.31,91.055,209.929993,4.33
2024-02-23,-0.41,13.75,5.33,1.49,-0.43077,144.0,163.690002,78.860001,17.700001,15.25,-0.6725,2.3,90.644997,208.619995,4.26
2024-02-26,-0.41,13.74,5.33,1.53,-0.43077,143.600006,164.300003,80.5,17.83,15.22,-0.6725,2.31,90.925003,210.350006,4.28
2024-02-27,-0.39,13.43,5.33,1.53,-0.43077,147.289993,164.940002,78.540001,17.58,14.89,-0.6725,2.32,91.224998,209.740005,4.31
2024-02-28,-0.37,13.84,5.33,1.55,-0.43077,149.089996,163.039993,80.360001,17.860001,15.22,-0.6725,2.33,91.584999,207.410004,4.27
2024-02-29,-0.39,13.4,5.33,1.55,-0.43077,149.830002,167.330002,77.449997,17.209999,14.93,-0.6725,2.33,92.205002,211.949997,4.25
2024-03-01,-0.35,13.11,5.33,1.57,-0.43703,150.419998,171.050003,77.68,17.200001,14.93,-0.7915,2.32,92.510002,220.539993,4.19
2024-03-04,-0.39,13.49,5.33,1.57,-0.43703,145.940002,172.440002,79.410004,17.6,15.23,-0.7915,2.34,91.260002,224.089996,4.22
2024-03-05,-0.41,14.46,5.33,1.59,-0.43703,144.899994,170.639999,83.910004,18.459999,15.91,-0.7915,2.32,90.125,220.660004,4.13
2024-03-06,-0.44,14.5,5.33,1.57,-0.43703,143.639999,171.869995,83.110001,18.540001,15.97,-0.7915,2.3,89.805,226.350006,4.11
2024-03-07,-0.41,14.44,5.33,1.59,-0.43703,142.940002,175.270004,82.129997,18.610001,15.91,-0.7915,2.28,90.489998,234.169998,4.09
2024-03-08,-0.39,14.74,5.33,1.59,-0.44057,141.179993,172.300003,86.559998,19.040001,16.299999,-0.7933,2.28,90.154999,224.990005,4.09
2024-03-11,-0.41,15.22,5.33,1.59,-0.44057,142.270004,174.190002,88.970001,19.370001,16.459999,-0.7933,2.27,89.910004,220.979996,4.1
2024-03-12,-0.42,13.84,5.33,1.55,-0.44057,142.229996,174.800003,83.760002,18.129999,15.66,-0.7933,2.3,90.684998,227.970001,4.16
2024-03-13,-0.42,13.75,5.33,1.55,-0.44057,144.169998,172.679993,86.269997,17.91,15.6,-0.7933,2.3,90.495003,223.460007,4.19
2024-03-14,-0.39,14.4,5.33,1.53,-0.44057,143.949997,171.139999,88.75,18.610001,16.120001,-0.7933,2.3,89.919998,219.460007,4.29
2024-03-15,-0.41,14.41,5.33,1.49,-0.4419,138.910004,172.520004,92.169998,19.25,16.41,-0.9223,2.32,89.025002,217.839996,4.31
2024-03-18,-0.39,14.33,5.33,1.49,-0.4419,139.970001,169.210007,86.779999,19.4,16.219999,-0.9223,2.31,89.510002,218.279999,4.34
2024-03-19,-0.38,13.82,5.33,1.5,-0.4419,141.610001,166.759995,83.900002,18.780001,15.77,-0.9223,2.3,90.285004,217.800003,4.3
2024-03-20,-0.32,13.04,5.33,1.56,-0.4419,141.190002,169.979996,78.870003,17.549999,15.28,-0.9223,2.31,91.629997,221.289993,4.27
2024-03-21,-0.35,12.92,5.33,1.53,-0.4419,154.0,172.589996,77.300003,17.379999,15.18,-0.9223,2.34,92.165001,226.309998,4.27
2024-03-22,-0.37,13.06,5.33,1.53,-0.43988,155.839996,172.479996,76.489998,17.040001,15.3,-0.9407,2.35,91.360001,227.639999,4.22
2024-03-25,-0.29,13.19,5.33,1.53,-0.43988,151.600006,170.850006,76.599998,17.23,15.38,-0.9407,2.33,91.059998,227.080002,4.25
2024-03-26,-0.32,13.24,5.33,1.53,-0.43988,157.600006,167.910004,76.769997,17.1,15.29,-0.9407,2.32,91.175003,224.970001,4.24
2024-03-27,-0.34,12.78,5.33,1.54,-0.43988,157.110001,172.869995,76.0,16.610001,15.01,-0.9407,2.32,92.230003,224.889999,4.2
2024-03-28,-0.39,13.01,5.33,1.5,-0.43988,155.440002,174.210007,76.57,16.66,15.19,-0.9407,2.32,91.945,224.990005,4.2
2024-03-29,-0.39,13.01,5.33,1.5,-0.4352,155.440002,174.210007,76.57,16.66,15.19,-0.934,2.32,91.945,224.990005,4.2
2024-04-01,-0.39,13.65,5.33,1.49,-0.4352,146.330002,173.169998,78.449997,17.559999,15.52,-0.934,2.35,91.260002,227.940002,4.33
2024-04-02,-0.34,14.61,5.33,1.51,-0.4352,142.139999,170.360001,82.760002,18.18,16.09,-0.934,2.36,89.915001,225.009995,4.36
2024-04-03,-0.32,14.33,5.33,1.49,-0.4352,138.520004,170.339996,81.080002,18.040001,15.91,-0.934,2.36,89.980003,225.910004,4.36
2024-04-04,-0.34,16.35,5.33,1.51,-0.4352,142.490005,168.529999,90.040001,19.950001,17.16,-0.934,2.34,88.925003,219.889999,4.31
2024-04-05,-0.34,16.03,5.33,1.49,-0.42962,142.639999,167.5,90.580002,19.23,17.18,-0.8425,2.37,89.419998,222.639999,4.39
2024-04-08,-0.36,15.19,5.33,1.46,-0.42962,140.630005,169.460007,86.260002,18.77,16.559999,-0.8425,2.38,90.269997,223.059998,4.42
2024-04-09,-0.38,14.98,5.33,1.44,-0.42962,139.279999,173.460007,84.449997,18.559999,16.42,-0.8425,2.36,90.695,224.100006,4.36
2024-04-10,-0.42,15.8,5.33,1.4,-0.42962,139.940002,168.919998,91.760002,18.99,17.040001,-0.8425,2.4,89.294998,222.149994,4.55
2024-04-11,-0.37,14.91,5.33,1.41,-0.42962,136.160004,171.199997,89.400002,18.4,16.49,-0.8425,2.4,90.014999,227.309998,4.56
2024-04-12,-0.38,17.31,5.33,1.45,-0.42365,142.309998,166.330002,102.720001,20.389999,18.200001,-0.7935,2.39,88.555,220.679993,4.5
2024-04-15,-0.3,19.23,5.33,1.46,-0.42365,137.720001,166.350006,109.639999,22.84,19.549999,-0.7935,2.43,87.080002,217.360001,4.63
2024-04-16,-0.3,18.4,5.33,1.46,-0.42365,135.600006,167.589996,99.25,22.01,18.84,-0.7935,2.43,86.584999,219.160004,4.67
2024-04-17,-0.34,18.21,5.33,1.48,-0.42365,134.380005,165.699997,98.760002,22.209999,18.77,-0.7935,2.39,86.165001,212.399994,4.59
2024-04-18,-0.34,18.0,5.33,1.47,-0.42365,131.800003,163.669998,95.989998,21.639999,18.66,-0.7935,2.4,85.629997,208.630005,4.64
2024-04-19,-0.35,18.71,5.33,1.46,-0.4185,133.399994,159.679993,99.089996,22.950001,19.25,-0.4153,2.41,84.879997,199.210007,4.62
2024-04-22,-0.35,16.94,5.33,1.46,-0.4185,131.679993,163.429993,89.540001,21.110001,17.629999,-0.4153,2.41,85.254997,203.020004,4.62
2024-04-23,-0.25,15.69,5.33,1.46,-0.4185,135.610001,165.470001,82.360001,19.84,16.68,-0.4153,2.41,86.269997,207.800003,4.61
2024-04-24,-0.24,15.97,5.33,1.48,-0.4185,135.059998,174.809998,83.610001,20.43,16.84,-0.4153,2.41,87.095001,208.039993,4.65
2024-04-25,-0.26,15.37,5.33,1.47,-0.4185,135.059998,175.25,82.540001,20.370001,16.370001,-0.4153,2.42,87.169998,212.199997,4.7
2024-04-26,-0.29,15.03,5.33,1.45,-0.41641,140.860001,177.479996,79.559998,19.33,16.27,-0.841,2.43,87.955002,217.639999,4.67
2024-04-29,-0.34,14.67,5.33,1.45,-0.41641,138.300003,179.289993,78.220001,19.219999,16.0,-0.841,2.41,90.0,218.380005,4.63
2024-04-30,-0.35,15.65,5.33,1.44,-0.41641,132.399994,176.419998,81.82,18.43,16.59,-0.841,2.41,87.809998,214.089996,4.69
2024-05-01,-0.33,15.39,5.33,1.43,-0.41641,133.350006,175.199997,81.93,19.43,16.57,-0.841,2.38,87.260002,207.850006,4.63
2024-05-02,-0.29,14.68,5.33,1.47,-0.41641,132.119995,175.800003,78.589996,18.73,16.049999,-0.841,2.37,88.360001,212.029999,4.58
2024-05-03,-0.31,13.49,5.33,1.49,-0.41642,135.179993,178.910004,74.57,17.4,15.27,-0.8306,2.35,88.955002,217.729996,4.5
2024-05-06,-0.33,13.49,5.33,1.47,-0.41642,130.080002,181.669998,73.459999,17.42,15.02,-0.8306,2.35,89.904999,222.669998,4.49
2024-05-07,-0.35,13.23,5.33,1.45,-0.41642,133.639999,182.669998,74.540001,16.91,14.95,-0.8306,2.32,89.260002,220.729996,4.47
2024-05-08,-0.36,13.0,5.33,1.47,-0.41642,133.240005,183.949997,74.5,16.799999,14.9,-0.8306,2.31,88.925003,221.399994,4.48
2024-05-09,-0.35,12.69,5.33,1.48,-0.41642,136.460007,185.320007,73.769997,16.67,14.71,-0.8306,2.32,89.529999,219.979996,4.45
2024-05-10,-0.37,12.55,5.33,1.48,-0.41736,137.300003,187.050003,73.260002,16.459999,14.66,-0.9237,2.34,89.050003,223.300003,4.5
2024-05-13,-0.37,13.6,5.33,1.48,-0.41736,139.649994,187.820007,77.550003,17.4,14.89,-0.9237,2.33,88.934998,223.259995,4.48
2024-05-14,-0.36,13.42,5.33,1.48,-0.41736,140.179993,191.130005,77.650002,17.290001,14.7,-0.9237,2.33,89.339996,227.080002,4.45
2024-05-15,-0.37,12.45,5.33,1.49,-0.41736,140.639999,195.529999,76.309998,16.34,14.08,-0.9237,2.31,89.474998,233.899994,4.36
2024-05-16,-0.4,12.42,5.33,1.47,-0.41736,147.850006,194.970001,77.739998,16.26,14.22,-0.9237,2.31,88.894997,232.199997,4.38
2024-05-17,-0.41,11.99,5.33,1.48,-0.41792,143.050003,195.020004,78.43,15.85,13.99,-0.9105,2.32,89.349998,230.25,4.42
2024-05-20,-0.38,12.15,5.33,1.47,-0.41792,144.539993,199.199997,79.449997,15.92,14.11,-0.9105,2.33,88.684998,235.0,4.44
2024-05-21,-0.41,11.86,5.33,1.48,-0.41792,149.520004,199.009995,77.620003,15.51,13.95,-0.9105,2.32,89.254997,234.669998,4.41
2024-05-22,-0.43,12.29,5.33,1.46,-0.41792,150.139999,202.539993,79.959999,16.4,14.31,-0.9105,2.33,88.324997,236.589996,4.43
2024-05-23,-0.44,12.77,5.33,1.45,-0.41792,153.330002,197.289993,84.620003,16.459999,14.67,-0.9105,2.3,86.894997,239.820007,4.47
2024-05-24,-0.47,11.93,5.33,1.46,-0.41746,155.860001,199.179993,79.089996,15.66,14.17,-0.9595,2.32,87.769997,244.259995,4.46
2024-05-27,-0.47,12.36,5.33,1.46,-0.41746,155.860001,199.179993,87.02078093957344,0.0,13.943467308204914,-0.9595,2.32,87.769997,244.259995,4.46
2024-05-28,-0.4,12.92,5.33,1.45,-0.41746,152.229996,199.600006,81.639999,16.57,14.72,-0.9595,2.34,87.555,249.830002,4.54
2024-05-29,-0.35,14.28,5.33,1.47,-0.41746,151.800003,194.910004,83.790001,17.49,15.45,-0.9595,2.36,86.980003,245.649994,4.61
2024-05-30,-0.37,14.47,5.33,1.46,-0.41746,151.800003,195.679993,83.440002,17.77,15.59,-0.9595,2.36,87.495003,242.270004,4.55
2024-05-31,-0.38,12.92,5.33,1.46,-0.41404,148.100006,195.009995,78.269997,16.700001,14.66,-0.8488,2.35,87.985001,240.479996,4.51
2024-06-03,-0.41,13.11,5.33,1.47,-0.41404,139.009995,193.720001,78.790001,16.889999,14.8,-0.8488,2.33,87.945,243.479996,4.41
2024-06-04,-0.44,13.16,5.33,1.49,-0.41404,138.179993,193.300003,77.650002,16.860001,14.88,-0.8488,2.31,88.035004,242.600006,4.33
2024-06-05,-0.43,12.63,5.33,1.53,-0.41404,141.399994,196.080002,75.239998,16.629999,14.54,-0.8488,2.3,88.550003,254.410004,4.29
2024-06-06,-0.44,12.58,5.33,1.5,-0.41404,140.179993,196.240005,77.910004,16.43,14.54,-0.8488,2.28,89.195,252.410004,4.28
2024-06-07,-0.44,12.22,5.33,1.46,-0.4084,139.610001,195.610001,76.650002,15.88,14.41,-0.8448,2.3,88.830002,252.210007,4.43
2024-06-10,-0.4,12.74,5.33,1.46,-0.4084,141.559998,197.619995,78.970001,16.0,14.6,-0.8448,2.31,89.114998,255.860001,4.47
2024-06-11,-0.42,12.85,5.33,1.48,-0.4084,144.699997,197.440002,79.949997,15.83,14.49,-0.8448,2.27,88.879997,255.479996,4.39
2024-06-12,-0.44,12.04,5.33,1.48,-0.4084,144.699997,198.979996,77.599998,13.59,14.12,-0.8448,2.22,89.805,263.089996,4.31
2024-06-13,-0.44,11.94,5.33,1.51,-0.4084,144.699997,196.279999,78.199997,15.1,14.17,-0.8448,2.21,89.875,267.209991,4.24
2024-06-14,-0.47,12.66,5.33,1.53,-0.40125,156.179993,193.899994,83.720001,16.049999,14.84,-0.8695,2.17,89.165001,267.890015,4.2
2024-06-17,-0.47,12.75,5.33,1.52,-0.40125,153.839996,194.899994,83.339996,16.83,14.79,-0.8695,2.22,90.730003,272.480011,4.28
2024-06-18,-0.47,12.3,5.33,1.52,-0.40125,142.899994,196.25,80.629997,16.700001,14.69,-0.8695,2.21,90.425003,276.76001,4.22
2024-06-19,-0.47,12.48,5.33,1.52,-0.40125,142.899994,196.25,88.18123894075215,0.0,14.063467308204917,-0.8695,2.21,90.425003,276.76001,4.22
2024-06-20,-0.45,13.28,5.33,1.54,-0.40125,148.600006,192.759995,85.720001,17.26,15.41,-0.8695,2.25,90.540001,268.920013,4.25
2024-06-21,-0.45,13.2,5.33,1.55,-0.39363,151.789993,195.529999,83.309998,16.950001,15.17,-0.8307,2.23,91.305,264.890015,4.25
2024-06-24,-0.46,13.33,5.33,1.53,-0.39363,147.130005,193.910004,84.800003,17.24,15.23,-0.8307,2.22,90.720001,255.779999,4.25
2024-06-25,-0.42,12.84,5.33,1.55,-0.39363,146.639999,194.470001,82.870003,16.700001,14.86,-0.8307,2.22,90.355003,261.769989,4.23
2024-06-26,-0.39,12.55,5.33,1.55,-0.39363,143.490005,193.100006,81.449997,16.5,14.71,-0.8307,2.26,91.665001,260.910004,4.32
2024-06-27,-0.41,12.24,5.33,1.55,-0.39363,143.059998,193.429993,79.5,16.290001,14.42,-0.8307,2.26,92.224998,258.859985,4.29
2024-06-28,-0.35,12.44,5.33,1.55,-0.38713,141.789993,194.529999,79.480003,16.24,14.52,-0.8344,2.28,91.199997,260.700012,4.36
2024-07-01,-0.29,12.22,5.33,1.55,-0.38713,145.820007,194.600006,76.050003,16.08,14.19,-0.8344,2.32,91.510002,261.01001,4.48
2024-07-02,-0.31,12.03,5.33,1.56,-0.38713,147.160004,198.419998,77.059998,16.07,14.01,-0.8344,2.3,93.290001,263.630005,4.43
2024-07-03,-0.35,12.09,5.33,1.53,-0.38713,148.830002,198.940002,78.07,16.280001,14.02,-0.8344,2.27,93.885002,269.619995,4.36
2024-07-04,-0.35,12.26,5.33,1.53,-0.38713,148.830002,198.940002,84.41846498790838,0.0,13.843467308204914,-0.8344,2.27,93.885002,269.619995,4.36
2024-07-05,-0.32,12.48,5.33,1.56,-0.38201,150.199997,198.789993,78.800003,16.76,14.35,-0.8259,2.28,94.650002,269.720001,4.28
2024-07-08,-0.34,12.37,5.33,1.54,-0.38201,148.529999,201.470001,78.589996,17.030001,14.29,-0.8259,2.27,94.695,274.209991,4.28
2024-07-09,-0.32,12.51,5.33,1.56,-0.38201,151.089996,200.160004,78.580002,17.02,14.39,-0.8259,2.26,95.010002,274.809998,4.3
2024-07-10,-0.34,12.85,5.33,1.56,-0.38201,156.960007,203.619995,83.410004,17.280001,14.5,-0.8259,2.27,95.724998,281.269989,4.28
2024-07-11,-0.3,12.92,5.33,1.58,-0.38201,152.229996,199.990005,84.470001,17.92,14.67,-0.8259,2.25,94.510002,271.019989,4.2
2024-07-12,-0.27,12.46,5.33,1.58,-0.37667,150.860001,201.869995,81.610001,17.26,14.37,-0.8326,2.24,95.745003,274.450012,4.18
2024-07-15,-0.21,13.12,5.33,1.58,-0.37667,147.399994,201.759995,83.860001,18.35,14.87,-0.8326,2.27,95.635002,273.829987,4.23
2024-07-16,-0.26,13.19,5.33,1.56,-0.37667,151.529999,206.619995,82.400002,18.35,14.91,-0.8326,2.26,97.349998,273.709991,4.17
2024-07-17,-0.26,14.48,5.33,1.56,-0.37667,146.389999,204.259995,88.279999,20.459999,15.79,-0.8326,2.26,95.724998,254.220001,4.16
2024-07-18,-0.26,15.93,5.33,1.57,-0.37667,151.119995,205.869995,94.709999,21.26,16.559999,-0.8326,2.31,94.75,255.539993,4.2
2024-07-19,-0.24,16.52,5.33,1.57,-0.37178,146.990005,199.100006,97.93,21.51,17.16,-0.6638,2.32,93.904999,248.139999,4.25
2024-07-22,-0.24,14.91,5.33,1.58,-0.37178,141.380005,205.880005,93.660004,19.969999,16.09,-0.6638,2.3,94.940002,257.720001,4.26
2024-07-23,-0.15,14.72,5.33,1.59,-0.37178,137.0,198.289993,88.510002,20.02,16.01,-0.6638,2.29,94.514999,254.860001,4.25
2024-07-24,-0.09,18.04,5.33,1.65,-0.37178,136.839996,198.279999,106.120003,23.059999,18.43,-0.6638,2.28,90.650002,240.979996,4.28
2024-07-25,-0.14,18.46,5.33,1.62,-0.37178,134.169998,197.149994,104.379997,24.110001,18.690001,-0.6638,2.28,90.294998,236.559998,4.27
2024-07-26,-0.16,16.39,5.33,1.65,-0.36805,131.729996,201.990005,94.610001,22.41,17.24,-0.6208,2.27,91.305,240.309998,4.2
2024-07-29,-0.19,16.6,5.33,1.66,-0.36805,128.929993,201.880005,93.510002,22.83,17.16,-0.6208,2.25,92.830002,238.600006,4.17
2024-07-30,-0.2,17.69,5.33,1.65,-0.36805,127.309998,200.990005,99.970001,23.940001,18.01,-0.6208,2.25,92.315002,229.470001,4.15
2024-07-31,-0.2,16.36,5.33,1.68,-0.36805,136.690002,203.809998,94.25,22.290001,16.969999,-0.6208,2.24,93.745003,246.990005,4.09
2024-08-01,-0.17,18.59,5.33,1.71,-0.36805,136.690002,193.330002,111.18,24.709999,19.139999,-0.6208,2.2,91.445,231.009995,3.99
2024-08-02,-0.08,23.39,5.33,1.8,-0.36598,139.649994,187.460007,136.809998,27.709999,23.34,-0.3422,2.04,88.080002,218.429993,3.8
2024-08-05,-0.11,38.57,5.33,1.85,-0.36598,145.300003,181.190002,173.320007,35.099998,33.709999,-0.3422,2.07,85.589996,213.309998,3.78
2024-08-06,-0.09,27.71,5.33,1.78,-0.36598,145.300003,186.949997,150.089996,29.200001,26.76,-0.3422,2.12,86.535004,217.460007,3.9
2024-08-07,-0.04,27.85,5.33,1.8,-0.36598,145.300003,184.070007,151.240005,29.02,27.01,-0.3422,2.11,85.025002,211.470001,3.96
2024-08-08,-0.05,23.79,5.33,1.78,-0.36598,145.300003,193.300003,134.339996,26.879999,24.129999,-0.3422,2.12,86.879997,224.910004,3.99
2024-08-09,-0.11,20.37,5.33,1.77,-0.36697,144.520004,192.210007,114.629997,24.940001,21.18,-0.1655,2.1,87.169998,224.850006,3.94
2024-08-12,-0.11,20.71,5.33,1.78,-0.36697,140.820007,192.059998,121.940002,24.93,21.629999,-0.1655,2.11,86.824997,226.960007,3.9
2024-08-13,-0.08,18.12,5.33,1.8,-0.36697,143.869995,197.25,113.889999,23.26,19.860001,-0.1655,2.09,89.0,236.190002,3.85
2024-08-14,-0.11,16.19,5.33,1.74,-0.36697,141.820007,195.610001,107.809998,21.190001,18.450001,-0.1655,2.06,88.525002,236.389999,3.83
2024-08-15,-0.16,15.23,5.33,1.68,-0.36697,143.559998,201.929993,105.419998,20.280001,17.879999,-0.1655,2.12,91.349998,246.369995,3.92
2024-08-16,-0.17,14.8,5.33,1.69,-0.3751,142.550003,200.529999,103.419998,19.940001,17.809999,-0.738,2.08,91.565002,246.710007,3.89
2024-08-19,-0.2,14.65,5.33,1.68,-0.3751,141.5,200.660004,98.82,19.93,17.59,-0.738,2.07,92.690002,251.339996,3.86
2024-08-20,-0.17,15.88,5.33,1.69,-0.3751,146.259995,202.539993,101.739998,21.110001,18.280001,-0.738,2.07,92.605003,248.059998,3.82
2024-08-21,-0.13,16.27,5.33,1.69,-0.3751,149.669998,208.369995,106.720001,21.219999,18.58,-0.738,2.07,93.775002,250.630005,3.79
2024-08-22,-0.13,17.55,5.33,1.7,-0.3751,154.160004,203.770004,112.529999,22.83,19.360001,-0.738,2.1,92.154999,242.419998,3.86
2024-08-23,-0.09,15.86,5.33,1.7,-0.38531,153.949997,209.880005,99.220001,21.110001,18.190001,-0.6482,2.13,93.934998,248.389999,3.81
2024-08-26,-0.09,16.15,5.33,1.7,-0.38531,151.5,208.25,100.68,21.57,18.25,-0.6482,2.15,93.205002,242.570007,3.82
2024-08-27,0.0,15.43,5.33,1.71,-0.38531,151.830002,210.690002,93.449997,20.91,17.73,-0.6482,2.15,92.959999,245.009995,3.83
2024-08-28,0.01,17.11,5.33,1.71,-0.38531,151.679993,207.740005,106.32,22.58,18.9,-0.6482,2.15,92.059998,240.889999,3.84
2024-08-29,0.0,15.65,5.33,1.69,-0.38531,153.009995,211.089996,97.080002,20.58,18.0,-0.6482,2.16,92.169998,237.910004,3.87
2024-08-30,0.0,15.0,5.33,1.69,-0.3968,159.0,214.339996,93.730003,19.290001,17.43,-0.649,2.15,93.559998,243.460007,3.91
2024-09-02,0.0,15.55,5.33,1.69,-0.3968,159.0,214.339996,98.29234031303383,0.0,17.133467308204914,-0.649,2.15,93.559998,243.460007,3.91
2024-09-03,-0.04,20.72,5.33,1.73,-0.3968,163.600006,201.830002,129.789993,23.59,21.700001,-0.649,2.11,92.275002,225.190002,3.84
2024-09-04,0.01,21.32,5.33,1.73,-0.3968,160.899994,204.0,123.470001,24.200001,22.07,-0.649,2.07,92.514999,224.649994,3.77
2024-09-05,-0.02,19.9,5.33,1.73,-0.3968,156.710007,201.550003,115.010002,23.540001,20.93,-0.649,2.03,93.565002,224.259995,3.73
2024-09-06,0.06,22.38,5.33,1.73,-0.40804,148.979996,197.449997,119.330002,25.639999,22.74,-0.3925,2.03,91.199997,215.0,3.72
2024-09-09,0.02,19.45,5.33,1.73,-0.40804,140.330002,201.169998,110.849998,23.92,20.879999,-0.3925,2.04,92.529999,219.860001,3.7
2024-09-10,0.06,19.08,5.33,1.74,-0.40804,139.75,199.800003,107.199997,23.620001,20.549999,-0.3925,2.02,93.589996,221.940002,3.65
2024-09-11,0.03,17.69,5.33,1.75,-0.40804,139.729996,202.410004,102.900002,22.16,19.59,-0.3925,2.04,94.525002,233.399994,3.65
2024-09-12,0.04,17.07,5.33,1.74,-0.40804,145.880005,195.979996,103.940002,21.73,19.48,-0.3925,2.05,95.589996,233.899994,3.68
2024-09-13,0.09,16.56,5.33,1.72,-0.4179,149.990005,199.929993,101.879997,21.280001,19.280001,-0.3179,2.08,96.239998,236.910004,3.66
2024-09-16,0.07,17.14,5.33,1.7,-0.4179,152.169998,198.470001,106.669998,22.51,19.809999,-0.3179,2.09,96.074997,233.800003,3.63
2024-09-17,0.06,17.61,5.33,1.68,-0.4179,157.539993,201.389999,107.190002,22.690001,20.129999,-0.3179,2.12,96.565002,233.720001,3.65
2024-09-18,0.09,18.23,5.33,1.67,-0.4179,167.419998,200.710007,105.43,22.709999,20.35,-0.3179,2.12,96.375,231.059998,3.7
2024-09-19,0.14,16.33,5.33,1.67,-0.4179,171.720001,207.600006,97.459999,21.09,19.07,-0.3179,2.17,98.57,241.089996,3.73
2024-09-20,0.18,16.15,5.33,1.67,-0.4258,165.75,203.300003,94.269997,20.35,18.940001,-0.4427,2.15,98.345001,237.899994,3.73
2024-09-23,0.18,15.89,5.33,1.65,-0.4258,165.600006,203.850006,94.410004,19.540001,18.700001,-0.4427,2.17,99.334999,238.949997,3.75
2024-09-24,0.25,15.39,5.33,1.66,-0.4258,165.600006,204.940002,90.93,19.25,18.469999,-0.4427,2.19,100.205002,243.399994,3.74
2024-09-25,0.26,15.41,5.33,1.65,-0.4258,160.479996,205.059998,90.480003,19.07,18.57,-0.4427,2.18,99.845001,245.539993,3.79
2024-09-26,0.19,15.37,5.33,1.65,-0.4258,158.669998,209.259995,89.860001,19.290001,18.450001,-0.4427,2.16,100.269997,252.619995,3.79
2024-09-27,0.2,16.96,5.33,1.66,-0.43188,160.990005,209.139999,101.339996,20.040001,19.540001,-0.2691,2.15,100.419998,247.740005,3.75
2024-09-30,0.15,16.73,5.33,1.63,-0.43188,154.300003,206.570007,99.339996,20.190001,19.219999,-0.2691,2.18,100.184998,245.449997,3.81
2024-10-01,0.13,19.26,4.83,1.65,-0.43188,154.300003,201.600006,110.139999,21.67,20.889999,-0.2691,2.19,99.779999,238.880005,3.74
2024-10-02,0.16,18.9,4.83,1.64,-0.43188,161.5,203.429993,107.970001,21.35,20.59,-0.2691,2.21,98.934998,242.320007,3.79
2024-10-03,0.15,20.49,4.83,1.62,-0.43188,162.779999,201.669998,115.639999,22.48,21.629999,-0.2691,2.21,97.790001,244.550003,3.85
2024-10-04,0.05,19.21,4.83,1.57,-0.43583,156.429993,202.710007,110.629997,21.639999,20.65,-0.6093,2.23,99.084999,247.820007,3.98
2024-10-07,0.04,22.64,4.83,1.54,-0.43583,155.570007,201.270004,122.580002,24.34,22.59,-0.6093,2.27,97.544998,248.220001,4.03
2024-10-08,0.06,21.42,4.83,1.55,-0.43583,156.279999,202.210007,114.82,23.620001,21.52,-0.6093,2.27,98.495003,252.520004,4.04
2024-10-09,0.07,20.86,4.83,1.54,-0.43583,156.929993,204.970001,119.360001,23.42,20.91,-0.6093,2.29,99.199997,255.149994,4.06
2024-10-10,0.11,20.93,4.83,1.54,-0.43583,154.089996,202.470001,117.43,23.6,21.02,-0.6093,2.33,98.709999,254.649994,4.09
2024-10-11,0.13,20.46,4.83,1.54,-0.43878,159.429993,205.110001,113.989998,23.290001,20.77,-0.5861,2.33,98.290001,256.690002,4.08
2024-10-14,0.13,19.7,4.83,1.54,-0.43878,153.080002,208.660004,107.220001,23.32,20.120001,-0.5861,2.33,98.720001,261.279999,4.08
2024-10-15,0.08,20.64,4.83,1.53,-0.43878,159.690002,199.839996,112.900002,24.540001,20.799999,-0.5861,2.28,98.934998,247.160004,4.03
2024-10-16,0.09,19.58,4.83,1.51,-0.43878,161.850006,200.690002,111.620003,23.639999,20.32,-0.5861,2.27,99.455002,247.320007,4.02
2024-10-17,0.13,19.11,4.83,1.53,-0.43878,165.820007,198.300003,105.889999,22.85,19.809999,-0.5861,2.3,99.364998,251.580002,4.09
2024-10-18,0.13,18.03,4.83,1.53,-0.44305,155.550003,198.470001,100.949997,21.76,19.190001,-0.5346,2.31,99.754997,251.509995,4.08
2024-10-21,0.17,18.37,4.83,1.54,-0.44305,150.970001,195.770004,102.959999,21.959999,19.24,-0.5346,2.31,98.980003,252.839996,4.19
2024-10-22,0.17,18.2,4.83,1.55,-0.44305,146.800003,193.970001,100.5,22.030001,19.17,-0.5346,2.33,98.580002,251.690002,4.2
2024-10-23,0.17,19.24,4.83,1.54,-0.44305,146.970001,201.740005,108.110001,22.92,20.040001,-0.5346,2.31,97.029999,249.009995,4.24
2024-10-24,0.14,19.08,4.83,1.52,-0.44305,144.710007,206.610001,109.839996,22.469999,19.85,-0.5346,2.3,100.089996,250.059998,4.21
2024-10-25,0.14,20.33,4.83,1.51,-0.44749,148.910004,206.929993,117.5,23.24,20.940001,-0.383,2.29,100.404999,252.960007,4.25
2024-10-28,0.16,19.8,4.83,1.51,-0.44749,148.460007,205.830002,112.230003,22.93,20.17,-0.383,2.29,100.639999,251.210007,4.28
2024-10-29,0.17,19.34,4.83,1.49,-0.44749,150.740005,211.350006,108.699997,22.440001,19.959999,-0.383,2.3,100.114998,256.920013,4.28
2024-10-30,0.14,20.35,4.83,1.44,-0.44749,153.449997,207.929993,112.769997,23.09,20.76,-0.383,2.34,99.974998,250.679993,4.29
2024-10-31,0.12,23.16,4.83,1.46,-0.44749,152.070007,203.160004,121.889999,24.860001,22.639999,-0.383,2.33,98.445,241.679993,4.28
2024-11-01,0.16,21.88,4.64,1.46,-0.45353,146.660004,204.919998,119.120003,23.74,21.91,-0.295,2.33,100.044998,244.75,4.37
2024-11-04,0.14,21.98,4.64,1.46,-0.45353,148.949997,203.660004,121.800003,23.879999,21.57,-0.295,2.28,99.699997,244.270004,4.31
2024-11-05,0.07,20.49,4.64,1.45,-0.45353,152.679993,202.460007,114.32,22.5,20.190001,-0.295,2.27,101.464996,248.309998,4.26
2024-11-06,0.15,16.27,4.64,1.4,-0.45353,148.110001,214.970001,97.239998,18.860001,17.67,-0.295,2.38,104.709999,254.809998,4.42
2024-11-07,0.1,15.2,4.64,1.44,-0.45353,152.119995,217.539993,88.599998,18.35,16.950001,-0.295,2.33,106.055,261.019989,4.31
2024-11-08,0.04,14.94,4.64,1.38,-0.46161,150.339996,220.289993,87.760002,17.879999,16.83,-0.5647,2.35,107.559998,259.339996,4.3
2024-11-11,0.04,14.97,4.64,1.38,-0.46161,140.320007,215.869995,90.730003,18.370001,16.799999,-0.5647,2.35,109.730003,253.529999,4.3
2024-11-12,0.09,14.71,4.64,1.36,-0.46161,141.5,212.779999,89.449997,18.120001,16.709999,-0.5647,2.35,108.264999,251.860001,4.43
2024-11-13,0.17,14.02,4.64,1.41,-0.46161,142.919998,205.720001,91.760002,17.5,16.51,-0.5647,2.35,109.190002,247.630005,4.44
2024-11-14,0.09,14.31,4.64,1.39,-0.46161,147.979996,206.0,90.43,17.700001,16.68,-0.5647,2.33,107.639999,248.179993,4.43
2024-11-15,0.12,16.14,4.64,1.41,-0.46925,149.550003,201.119995,98.93,19.83,17.809999,-0.7984,2.33,106.720001,239.949997,4.43
2024-11-18,0.13,15.58,4.64,1.42,-0.46925,147.330002,207.179993,93.809998,19.77,17.190001,-0.7984,2.34,107.705002,241.539993,4.42
2024-11-19,0.12,16.35,4.64,1.42,-0.46925,149.460007,201.070007,97.370003,19.99,17.690001,-0.7984,2.34,107.785004,244.179993,4.39
2024-11-20,0.1,17.16,4.64,1.43,-0.46925,153.0,198.190002,102.199997,20.85,18.26,-0.7984,2.35,107.309998,242.539993,4.41
2024-11-21,0.09,16.87,4.64,1.43,-0.46925,155.720001,198.199997,101.300003,20.209999,18.18,-0.7984,2.34,107.5,246.100006,4.43
2024-11-22,0.04,15.24,4.64,1.43,-0.47451,161.639999,198.0,95.129997,18.57,17.299999,-0.6123,2.34,109.050003,244.619995,4.41
2024-11-25,0.06,14.6,4.64,1.42,-0.47451,167.279999,202.929993,88.790001,17.59,16.870001,-0.6123,2.29,110.165001,243.660004,4.27
2024-11-26,0.09,14.1,4.64,1.43,-0.47451,166.229996,200.949997,87.709999,16.799999,16.530001,-0.6123,2.28,110.565002,241.419998,4.3
2024-11-27,0.06,14.1,4.64,1.43,-0.47451,167.940002,199.190002,88.360001,16.68,16.6,-0.6123,2.26,110.019997,238.25,4.25
2024-11-28,0.06,13.9,4.64,1.43,-0.47451,167.940002,199.190002,91.92960900417992,0.0,15.483467308204917,-0.6123,2.26,110.019997,238.25,4.25
2024-11-29,0.05,13.51,4.64,1.44,-0.47814,167.940002,201.029999,86.32,16.07,16.26,-0.6206,2.26,111.150002,242.130005,4.18
2024-12-02,0.02,13.34,4.64,1.41,-0.47814,170.649994,201.779999,87.110001,16.120001,16.34,-0.6206,2.26,112.120003,247.869995,4.19
2024-12-03,0.06,13.3,4.64,1.4,-0.47814,170.229996,197.229996,86.43,15.76,16.24,-0.6206,2.28,112.035004,248.419998,4.23
2024-12-04,0.06,13.45,4.64,1.39,-0.47814,172.449997,196.649994,86.480003,15.69,16.389999,-0.6206,2.29,113.074997,252.630005,4.19
2024-12-05,0.02,13.54,4.64,1.4,-0.47814,173.929993,192.990005,86.949997,15.69,16.58,-0.6206,2.25,114.0,248.300003,4.17
2024-12-06,0.05,12.77,4.64,1.42,-0.48067,168.050003,193.100006,87.379997,15.15,16.32,-0.5305,2.24,116.400002,248.610001,4.15
2024-12-09,0.07,14.19,4.64,1.42,-0.48067,163.139999,193.449997,93.839996,16.549999,17.09,-0.5305,2.27,116.029999,246.070007,4.2
2024-12-10,0.07,14.18,4.64,1.41,-0.48067,165.119995,190.179993,94.349998,16.540001,16.98,-0.5305,2.29,116.220001,239.880005,4.22
2024-12-11,0.11,13.58,4.64,1.42,-0.48067,169.059998,191.699997,98.120003,15.88,16.879999,-0.5305,2.3,118.260002,245.75,4.26
2024-12-12,0.14,13.92,4.64,1.44,-0.48067,167.429993,191.710007,99.43,16.360001,17.35,-0.5305,2.32,117.279999,243.369995,4.32
2024-12-13,0.15,13.81,4.64,1.42,-0.48243,169.910004,191.589996,96.5,16.610001,17.15,-0.5788,2.33,117.745003,249.490005,4.4
2024-12-16,0.14,14.69,4.64,1.42,-0.48243,166.789993,189.460007,98.349998,18.440001,17.57,-0.5788,2.32,119.339996,253.25,4.39
2024-12-17,0.15,15.87,4.64,1.39,-0.48243,173.039993,188.119995,100.730003,19.440001,18.129999,-0.5788,2.31,119.714996,249.960007,4.4
2024-12-18,0.15,27.62,4.64,1.37,-0.48243,168.919998,185.0,129.789993,27.629999,24.24,-0.5788,2.32,114.32,241.990005,4.5
2024-12-19,0.25,24.09,4.64,1.4,-0.48243,163.100006,184.470001,136.289993,26.33,24.139999,-0.5788,2.29,114.165001,238.869995,4.57
2024-12-20,0.22,18.36,4.64,1.43,-0.48379,161.210007,186.869995,114.010002,21.49,20.1,-0.4964,2.29,114.455002,242.710007,4.52
2024-12-23,0.29,16.78,4.64,1.42,-0.48379,170.649994,190.139999,102.339996,19.030001,18.65,-0.4964,2.32,114.584999,249.220001,4.59
2024-12-24,0.3,14.27,4.64,1.39,-0.48379,180.089996,192.440002,91.050003,17.030001,17.200001,-0.4964,2.35,117.235001,251.369995,4.59
2024-12-25,0.3,14.27,4.64,1.39,-0.48379,180.089996,192.440002,91.050003,17.030001,17.200001,-0.4964,2.35,117.235001,251.369995,4.59
2024-12-26,0.28,14.73,4.64,1.4,-0.48379,173.720001,191.729996,92.769997,17.530001,17.360001,-0.4964,2.35,116.800003,250.929993,4.58
2024-12-27,0.31,15.95,4.64,1.4,-0.4881,167.919998,191.179993,98.809998,18.540001,18.07,-0.6233,2.34,114.870003,248.399994,4.62
2024-12-30,0.31,17.4,4.64,1.43,-0.4881,161.080002,187.960007,103.050003,19.790001,18.940001,-0.6233,2.31,113.025002,244.660004,4.55
2024-12-31,0.33,17.35,4.64,1.42,-0.4881,169.160004,187.509995,104.330002,19.92,18.98,-0.6233,2.34,112.175003,242.169998,4.58
2025-01-01,0.33,17.35,4.33,1.42,-0.4881,169.160004,187.509995,104.330002,19.92,18.98,-0.6233,2.34,112.175003,242.169998,4.58
2025-01-02,0.32,17.93,4.33,1.45,-0.4881,157.199997,186.949997,106.589996,20.5,19.33,-0.6233,2.34,110.699997,244.789993,4.57
2025-01-03,0.32,16.13,4.33,1.44,-0.49313,157.320007,190.509995,94.360001,19.120001,18.139999,-0.6226,2.34,112.940002,251.880005,4.6
2025-01-06,0.34,16.04,4.33,1.44,-0.49313,152.639999,192.179993,95.889999,19.0,18.030001,-0.6226,2.34,113.385002,260.230011,4.62
2025-01-07,0.37,17.82,4.33,1.47,-0.49313,155.100006,192.210007,106.370003,20.73,19.190001,-0.6226,2.38,111.190002,254.039993,4.67
2025-01-08,0.39,17.7,4.33,1.48,-0.49313,154.339996,191.660004,103.93,20.690001,19.34,-0.6226,2.4,111.504997,252.229996,4.67
2025-01-09,0.41,18.07,4.33,1.46,-0.49313,154.339996,191.660004,119.81510358328528,0.0,19.653467308204917,-0.6226,2.39,111.504997,252.229996,4.68
2025-01-10,0.37,19.54,4.33,1.42,-0.49946,151.449997,190.149994,115.489998,21.73,20.969999,-0.8009,2.43,110.410004,247.179993,4.77
2025-01-13,0.39,19.19,4.33,1.44,-0.49946,170.550003,191.089996,110.940002,21.799999,20.43,-0.8009,2.45,111.035004,244.639999,4.79
2025-01-14,0.41,18.71,4.33,1.44,-0.49946,167.639999,193.5,107.93,21.450001,19.99,-0.8009,2.44,110.82,245.440002,4.78
2025-01-15,0.39,16.12,4.33,1.44,-0.49946,163.539993,197.509995,97.790001,19.290001,18.23,-0.8009,2.42,113.639999,251.210007,4.66
2025-01-16,0.38,16.6,4.33,1.46,-0.49946,167.410004,187.369995,99.839996,19.610001,18.35,-0.8009,2.42,113.025002,252.289993,4.61
2025-01-17,0.34,15.97,4.33,1.46,-0.50482,165.350006,192.419998,101.610001,18.959999,18.190001,-0.8277,2.41,114.610001,258.25,4.61
2025-01-20,0.34,15.81,4.33,1.46,-0.50482,165.350006,192.419998,97.08262493605775,0.0,17.393467308204915,-0.8277,2.41,114.610001,258.25,4.61
2025-01-21,0.28,15.06,4.33,1.46,-0.50482,173.0,195.229996,98.260002,18.639999,17.5,-0.8277,2.38,115.449997,262.390015,4.57
2025-01-22,0.31,15.1,4.33,1.43,-0.50482,179.979996,197.050003,100.559998,18.68,17.809999,-0.8277,2.4,115.014999,267.170013,4.6
2025-01-23,0.36,15.02,4.33,1.43,-0.50482,179.320007,200.610001,99.519997,18.379999,17.52,-0.8277,2.42,115.709999,266.850006,4.65
2025-01-24,0.36,14.85,4.33,1.43,-0.50977,173.160004,185.520004,100.410004,18.219999,17.549999,-0.9769,2.43,115.004997,261.529999,4.63
2025-01-27,0.36,17.9,4.33,1.45,-0.50977,168.550003,187.029999,110.309998,21.610001,18.969999,-0.9769,2.4,115.660004,235.809998,4.53
2025-01-28,0.36,16.41,4.33,1.45,-0.50977,163.639999,180.570007,103.739998,20.309999,18.129999,-0.9769,2.42,115.800003,240.449997,4.55
2025-01-29,0.34,16.56,4.33,1.45,-0.50977,157.429993,180.270004,101.68,20.6,18.15,-0.9769,2.4,115.470001,239.529999,4.55
2025-01-30,0.34,15.84,4.33,1.45,-0.50977,156.699997,185.270004,98.32,19.799999,17.91,-0.9769,2.38,116.599998,245.169998,4.52
2025-01-31,0.36,16.43,4.33,1.45,-0.51253,158.470001,184.610001,101.5,20.110001,18.43,-0.765,2.42,116.084999,243.619995,4.58
2025-02-03,0.28,18.62,4.33,1.46,-0.51253,155.449997,180.940002,109.010002,21.280001,19.549999,-0.765,2.45,114.550003,238.779999,4.54
2025-02-04,0.31,17.21,4.33,1.46,-0.51253,159.440002,180.559998,100.879997,20.030001,18.639999,-0.765,2.44,115.900002,241.470001,4.52
2025-02-05,0.26,15.77,4.33,1.45,-0.51253,162.639999,181.589996,97.290001,19.18,17.959999,-0.765,2.42,114.584999,247.139999,4.43
2025-02-06,0.24,15.5,4.33,1.44,-0.51253,163.570007,183.279999,96.769997,18.58,17.940001,-0.765,2.42,115.040001,248.350006,4.45
2025-02-07,0.2,16.54,4.33,1.45,-0.51122,166.529999,180.0,101.489998,19.18,18.629999,-0.7858,2.42,112.790001,245.0,4.49
2025-02-10,0.23,15.81,4.33,1.45,-0.51122,166.949997,180.309998,99.150002,18.84,18.23,-0.7858,2.44,113.175003,249.619995,4.51
2025-02-11,0.25,16.02,4.33,1.46,-0.51122,168.809998,179.25,99.82,18.77,18.280001,-0.7858,2.46,111.889999,249.869995,4.54
2025-02-12,0.26,15.89,4.33,1.45,-0.51122,166.100006,179.990005,98.739998,18.690001,18.309999,-0.7858,2.46,111.870003,248.509995,4.62
2025-02-13,0.21,15.1,4.33,1.44,-0.51122,163.360001,180.800003,95.480003,18.41,17.84,-0.7858,2.44,113.550003,251.919998,4.52
2025-02-14,0.21,14.77,4.33,1.46,-0.50644,167.970001,183.029999,96.900002,18.030001,17.809999,-0.8295,2.43,113.5,252.580002,4.47
2025-02-17,0.21,15.37,4.33,1.46,-0.50644,167.970001,183.029999,93.18997543566172,0.0,16.953467308204914,-0.8295,2.43,113.5,252.580002,4.47
2025-02-18,0.26,15.35,4.33,1.44,-0.50644,183.119995,186.460007,98.5,19.23,17.82,-0.8295,2.45,113.184998,256.220001,4.55
2025-02-19,0.25,15.27,4.33,1.46,-0.50644,175.759995,196.320007,95.550003,19.0,17.93,-0.8295,2.45,113.120003,257.339996,4.53
2025-02-20,0.22,15.66,4.33,1.47,-0.50644,178.570007,203.960007,94.989998,18.9,18.01,-0.8295,2.45,112.144997,257.799988,4.5
2025-02-21,0.23,18.21,4.33,1.49,-0.49676,165.0,202.0,105.709999,20.959999,19.48,-0.762,2.42,109.195,249.990005,4.42
2025-02-24,0.27,18.98,4.33,1.48,-0.49676,156.929993,200.740005,106.800003,21.459999,19.860001,-0.762,2.42,108.785004,243.419998,4.4
2025-02-25,0.23,19.43,4.33,1.5,-0.49676,157.600006,199.979996,108.470001,21.98,20.030001,-0.762,2.38,108.214996,238.25,4.3
2025-02-26,0.2,19.1,4.33,1.51,-0.49676,153.440002,198.240005,106.050003,21.940001,19.75,-0.762,2.36,107.769997,243.820007,4.25
2025-02-27,0.22,21.13,4.33,1.52,-0.49676,149.320007,191.300003,114.790001,24.09,21.219999,-0.762,2.37,106.214996,228.789993,4.29
2025-02-28,0.25,19.63,4.33,1.57,-0.48326,157.940002,195.990005,108.989998,22.66,20.18,-0.4593,2.38,107.980003,232.770004,4.24
2025-03-03,0.2,22.78,4.33,1.61,-0.48326,154.259995,194.389999,118.739998,24.959999,22.18,-0.4593,2.36,105.989998,223.009995,4.16
2025-03-04,0.26,23.51,4.33,1.61,-0.48326,151.380005,194.839996,118.559998,25.219999,22.780001,-0.4593,2.35,104.120003,225.229996,4.22
2025-03-05,0.29,21.93,4.33,1.57,-0.48326,138.880005,195.570007,109.629997,24.26,21.719999,-0.4593,2.34,105.705002,229.399994,4.28
2025-03-06,0.33,24.87,4.33,1.59,-0.48326,137.649994,189.339996,120.82,26.23,23.700001,-0.4593,2.34,103.025002,219.779999,4.29
2025-03-07,0.33,23.37,4.33,1.61,-0.46658,139.940002,190.520004,115.730003,25.549999,22.59,-0.3565,2.33,102.834999,225.089996,4.32
2025-03-10,0.33,27.86,4.33,1.64,-0.46658,146.039993,186.490005,128.460007,28.84,25.719999,-0.3565,2.31,99.165001,214.529999,4.22
2025-03-11,0.34,26.92,4.33,1.68,-0.46658,132.789993,177.339996,129.509995,28.700001,25.34,-0.3565,2.31,98.195,214.220001,4.28
2025-03-12,0.31,24.23,4.33,1.65,-0.46658,128.690002,175.699997,115.889999,26.82,23.67,-0.3565,2.33,98.764999,220.520004,4.32
2025-03-13,0.33,24.66,4.33,1.7,-0.46658,128.860001,173.600006,112.889999,27.58,24.059999,-0.3565,2.29,96.300003,219.550003,4.27
2025-03-14,0.29,21.77,4.33,1.65,-0.44832,130.300003,176.419998,98.230003,25.790001,22.17,-0.2153,2.3,98.349998,226.570007,4.31
2025-03-17,0.25,20.51,4.33,1.63,-0.44832,133.899994,179.990005,95.93,25.040001,21.299999,-0.2153,2.29,98.504997,228.960007,4.31
2025-03-18,0.25,21.7,4.33,1.63,-0.44832,136.75,179.449997,99.68,25.85,21.969999,-0.2153,2.3,96.75,225.419998,4.29
2025-03-19,0.26,19.9,4.33,1.64,-0.44832,136.449997,181.740005,93.230003,23.620001,20.83,-0.2153,2.31,98.605003,227.410004,4.25
2025-03-20,0.29,19.8,4.33,1.64,-0.44832,140.789993,180.679993,89.949997,23.379999,20.709999,-0.2153,2.31,98.370003,227.050003,4.24
2025-03-21,0.31,19.28,4.33,1.68,-0.43049,141.729996,179.0,87.989998,22.92,20.35,-0.6453,2.33,98.724998,224.770004,4.25
2025-03-24,0.3,17.48,4.33,1.64,-0.43049,144.009995,185.509995,81.889999,21.27,19.040001,-0.6453,2.36,102.144997,230.630005,4.34
2025-03-25,0.35,17.15,4.33,1.66,-0.43049,148.679993,183.970001,87.459999,20.57,19.049999,-0.6453,2.35,102.959999,229.649994,4.31
2025-03-26,0.37,18.33,4.33,1.66,-0.43049,144.75,184.490005,90.239998,22.040001,19.84,-0.6453,2.37,101.614998,222.009995,4.35
2025-03-27,0.41,18.69,4.33,1.68,-0.43049,140.850006,180.759995,89.510002,22.41,19.889999,-0.6453,2.39,101.68,217.75,4.38
2025-03-28,0.38,21.65,4.33,1.73,-0.41373,139.039993,176.330002,102.440002,25.059999,22.01,-0.6238,2.37,98.519997,212.169998,4.27
2025-03-31,0.34,22.28,4.33,1.76,-0.41373,148.580002,179.699997,99.120003,25.370001,21.969999,-0.6238,2.38,98.730003,211.470001,4.23
2025-04-01,0.3,21.77,4.33,1.73,-0.41373,143.009995,177.990005,97.550003,24.799999,21.82,-0.6238,2.33,99.760002,212.490005,4.17
2025-04-02,0.29,21.51,4.33,1.73,-0.41373,144.270004,178.190002,118.370003,23.65,21.450001,-0.6238,2.32,101.654999,214.089996,4.2
2025-04-03,0.35,30.02,4.33,1.89,-0.41373,139.199997,164.199997,119.480003,30.57,27.379999,-0.6238,2.28,95.514999,195.570007,4.06
2025-04-04,0.33,45.31,4.33,1.94,-0.39872,136.539993,151.389999,147.160004,37.650002,36.709999,0.0948,2.18,91.394997,180.800003,4.01
2025-04-07,0.42,46.98,4.33,2.02,-0.39872,133.820007,154.0,152.630005,38.639999,36.880001,0.0948,2.19,90.315002,184.899994,4.15
2025-04-08,0.55,52.33,4.33,2.0,-0.39872,135.679993,146.009995,170.919998,39.560001,41.5,0.0948,2.22,88.169998,179.949997,4.26
2025-04-09,0.43,33.62,4.33,2.02,-0.39872,142.229996,169.5,142.5,34.799999,29.92,0.0948,2.27,97.769997,210.830002,4.34
2025-04-10,0.56,40.72,4.33,1.97,-0.39872,127.540001,156.600006,157.240005,43.25,35.709999,0.0948,2.19,93.949997,196.210007,4.4
2025-04-11,0.52,37.56,4.33,1.9,-0.38787,128.639999,147.600006,147.350006,39.950001,33.91,0.583,2.2,94.860001,201.309998,4.48
2025-04-14,0.54,30.89,4.33,1.9,-0.38787,135.710007,150.979996,122.32,34.330002,29.629999,0.583,2.23,95.135002,201.610001,4.38
2025-04-15,0.51,30.12,4.33,1.9,-0.38787,135.759995,151.179993,115.889999,32.709999,29.0,0.583,2.19,94.449997,202.919998,4.35
2025-04-16,0.52,32.64,4.33,1.92,-0.38787,131.320007,146.550003,122.910004,35.380001,30.940001,0.583,2.17,92.120003,194.350006,4.29
2025-04-17,0.53,29.65,4.33,1.92,-0.38787,130.020004,148.440002,116.260002,32.830002,29.35,0.583,2.23,92.699997,192.529999,4.34
2025-04-18,0.53,29.65,4.33,1.92,-0.38823,130.020004,148.440002,116.260002,32.830002,29.35,-0.2047,2.23,92.699997,192.529999,4.34
2025-04-21,0.67,33.82,4.33,1.96,-0.38823,125.769997,145.610001,124.110001,36.869999,31.83,-0.2047,2.22,90.224998,187.830002,4.42
2025-04-22,0.65,30.57,4.33,1.93,-0.38823,125.93,146.759995,112.959999,33.98,29.450001,-0.2047,2.27,93.080002,191.899994,4.41
2025-04-23,0.59,28.45,4.33,1.86,-0.38823,126.669998,152.149994,109.019997,31.83,28.02,-0.2047,2.29,95.160004,198.910004,4.4
2025-04-24,0.55,26.47,4.33,1.86,-0.38823,129.020004,162.130005,102.980003,29.959999,26.440001,-0.2047,2.3,97.055,208.970001,4.32
2025-04-25,0.55,24.84,4.33,1.84,-0.39471,132.369995,162.860001,98.949997,28.370001,25.370001,-0.2698,2.27,98.800003,211.970001,4.29
2025-04-28,0.56,25.15,4.33,1.87,-0.39471,131.279999,162.440002,103.389999,28.540001,25.73,-0.2698,2.25,98.834999,210.649994,4.23
2025-04-29,0.54,24.17,4.33,1.88,-0.39471,134.289993,160.770004,101.309998,27.6,25.219999,-0.2698,2.23,99.535004,210.289993,4.19
2025-04-30,0.57,24.7,4.33,1.96,-0.39471,132.729996,160.050003,102.290001,27.799999,25.540001,-0.2698,2.23,98.629997,211.279999,4.17
2025-05-01,0.55,24.6,4.33,1.95,-0.39471,134.070007,158.259995,102.309998,27.690001,25.49,-0.2698,2.25,99.175003,212.300003,4.25
2025-05-02,0.5,22.68,4.33,1.9,-0.408,134.779999,164.509995,97.260002,25.73,24.0,-0.347,2.27,100.714996,219.029999,4.33
2025-05-05,0.53,23.64,4.33,1.91,-0.408,134.119995,162.419998,101.169998,26.540001,24.549999,-0.347,2.28,99.644997,217.610001,4.36
2025-05-06,0.52,24.76,4.33,1.95,-0.408,133.240005,161.089996,104.32,27.110001,25.41,-0.347,2.26,98.775002,215.589996,4.3
2025-05-07,0.48,23.55,4.33,1.95,-0.408,132.210007,164.789993,99.82,26.49,24.700001,-0.347,2.25,99.544998,220.020004,4.26
2025-05-08,0.47,22.48,4.33,1.89,-0.408,131.520004,165.639999,96.290001,25.969999,23.76,-0.347,2.29,100.720001,221.949997,4.37
2025-05-09,0.49,21.9,4.33,1.89,-0.42521,128.399994,172.270004,96.349998,25.5,23.379999,-0.4683,2.29,101.205002,223.399994,4.37
2025-05-12,0.47,18.39,4.33,1.82,-0.42521,137.669998,187.279999,87.93,22.280001,20.219999,-0.4683,2.29,106.235001,237.410004,4.45
2025-05-13,0.47,18.22,4.33,1.82,-0.42521,140.520004,188.199997,91.589996,22.280001,20.09,-0.4683,2.32,107.639999,245.559998,4.49
2025-05-14,0.48,18.62,4.33,1.8,-0.42521,138.940002,187.339996,97.160004,22.66,20.58,-0.4683,2.37,108.055,247.990005,4.53
2025-05-15,0.49,17.83,4.33,1.83,-0.42521,140.850006,187.830002,94.110001,21.889999,20.25,-0.4683,2.34,107.815002,247.130005,4.45
2025-05-16,0.45,17.24,4.33,1.82,-0.44261,136.009995,188.5,94.940002,21.200001,20.08,-0.8962,2.34,108.834999,246.419998,4.43
2025-05-19,0.49,18.14,4.33,1.84,-0.44261,135.940002,188.339996,96.889999,21.950001,20.690001,-0.8962,2.36,108.580002,246.009995,4.46
2025-05-20,0.51,18.09,4.33,1.82,-0.44261,137.270004,188.710007,96.620003,22.07,20.719999,-0.8962,2.35,108.014999,245.539993,4.48
2025-05-21,0.58,20.87,4.33,1.85,-0.44261,137.279999,185.419998,106.300003,24.200001,22.66,-0.8962,2.35,105.824997,241.470001,4.58
2025-05-22,0.54,20.28,4.33,1.87,-0.44261,139.039993,180.210007,104.099998,23.629999,22.32,-0.8962,2.34,106.279999,240.809998,4.54
2025-05-23,0.51,22.29,4.33,1.88,-0.45711,139.339996,176.300003,109.760002,25.290001,23.799999,-0.5013,2.33,105.324997,237.440002,4.51
2025-05-26,0.51,20.57,4.33,1.88,-0.45711,139.339996,176.300003,92.4459221515224,0.0,22.153467308204917,-0.5013,2.33,105.324997,237.440002,4.51
2025-05-27,0.51,18.96,4.33,1.84,-0.45711,140.889999,183.240005,96.489998,22.32,21.290001,-0.5013,2.32,108.434998,244.970001,4.43
2025-05-28,0.51,19.31,4.33,1.83,-0.45711,137.649994,184.149994,97.150002,22.76,21.67,-0.5013,2.32,107.440002,242.360001,4.47
2025-05-29,0.51,19.18,4.33,1.81,-0.45711,137.259995,184.990005,95.32,21.799999,21.620001,-0.5013,2.32,107.485001,244.080002,4.43
2025-05-30,0.52,18.57,4.33,1.84,-0.4688,138.25,182.850006,95.150002,20.870001,21.379999,-0.5401,2.34,106.900002,239.75,4.41
2025-06-02,0.52,18.36,4.33,1.84,-0.4688,141.039993,184.210007,91.839996,19.43,21.09,-0.5401,2.33,107.150002,243.300003,4.46
2025-06-03,0.5,17.69,4.33,1.81,-0.4688,141.600006,188.080002,90.889999,18.74,20.719999,-0.5401,2.32,107.720001,248.789993,4.46
2025-06-04,0.5,17.61,4.33,1.8,-0.4688,137.460007,190.720001,90.790001,19.01,20.66,-0.5401,2.31,107.434998,251.75,4.37
2025-06-05,0.48,18.48,4.33,1.77,-0.4688,140.089996,190.490005,93.199997,21.48,21.110001,-0.5401,2.29,104.724998,251.300003,4.4
2025-06-06,0.47,16.77,4.33,1.73,-0.47776,138.850006,192.419998,89.449997,19.809999,20.02,-0.8078,2.31,106.084999,252.729996,4.51
2025-06-09,0.48,17.16,4.33,1.72,-0.47776,139.179993,199.210007,88.970001,20.17,20.09,-0.8078,2.31,106.934998,256.959991,4.49
2025-06-10,0.46,16.95,4.33,1.71,-0.47776,141.220001,202.289993,92.059998,19.82,19.940001,-0.8078,2.29,108.214996,262.070007,4.47
2025-06-11,0.47,17.26,4.33,1.74,-0.47776,141.389999,199.690002,99.019997,20.379999,20.299999,-0.8078,2.27,107.360001,261.880005,4.41
2025-06-12,0.46,18.02,4.33,1.73,-0.47776,145.600006,199.660004,103.040001,20.690001,20.65,-0.8078,2.25,106.855003,263.149994,4.36
2025-06-13,0.45,20.82,4.33,1.75,-0.48507,149.649994,195.0,113.370003,22.41,22.620001,-0.7852,2.28,105.870003,256.98999,4.41
2025-06-16,0.49,19.11,4.33,1.74,-0.48507,156.600006,199.220001,106.190002,21.09,21.23,-0.7852,2.3,107.010002,263.380005,4.46
2025-06-17,0.45,21.6,4.33,1.74,-0.48507,154.360001,197.690002,115.5,23.309999,22.91,-0.7852,2.31,105.165001,261.589996,4.39
2025-06-18,0.44,20.14,4.33,1.77,-0.48507,148.410004,198.350006,106.199997,22.139999,21.969999,-0.7852,2.31,105.214996,262.589996,4.38
2025-06-19,0.44,22.17,4.33,1.77,-0.48507,148.410004,198.350006,93.46954422571612,0.0,23.75346730820492,-0.7852,2.31,105.214996,262.589996,4.38
2025-06-20,0.48,20.62,4.33,1.76,-0.49142,149.190002,198.199997,108.860001,22.23,22.48,-0.6542,2.33,105.339996,260.269989,4.38
2025-06-23,0.5,19.83,4.33,1.77,-0.49142,154.779999,201.389999,104.32,21.15,21.82,-0.6542,2.3,107.199997,261.920013,4.34
2025-06-24,0.55,17.48,4.33,1.78,-0.49142,154.970001,205.809998,92.290001,19.459999,20.049999,-0.6542,2.29,107.794998,271.540009,4.3
2025-06-25,0.55,16.76,4.33,1.79,-0.49142,152.240005,205.380005,89.650002,19.0,19.67,-0.6542,2.28,106.525002,275.200012,4.29
2025-06-26,0.56,16.59,4.33,1.8,-0.49142,147.460007,206.309998,89.599998,18.99,19.450001,-0.6542,2.28,107.504997,277.200012,4.26
2025-06-27,0.56,16.32,4.33,1.79,-0.49809,143.440002,207.080002,91.839996,18.889999,19.450001,-0.7074,2.29,109.294998,278.420013,4.29
2025-06-30,0.52,16.73,4.33,1.75,-0.49809,139.649994,207.619995,89.739998,19.559999,19.440001,-0.7074,2.29,108.665001,278.880005,4.24
2025-07-01,0.48,16.83,4.33,1.72,-0.49809,140.070007,210.449997,89.540001,19.879999,19.51,-0.7074,2.29,109.129997,275.839996,4.26
2025-07-02,0.52,16.64,4.33,1.7,-0.49809,139.279999,215.589996,89.800003,19.74,19.35,-0.7074,2.3,110.004997,281.25,4.3
2025-07-03,0.47,16.38,4.33,1.67,-0.49809,141.360001,216.020004,90.599998,19.469999,19.209999,-0.7074,2.33,110.605003,283.619995,4.35
2025-07-04,0.47,17.48,4.33,1.67,-0.50504,141.360001,216.020004,92.87709632254897,0.0,19.063467308204913,-0.8804,2.33,110.605003,283.619995,4.35
2025-07-07,0.5,17.79,4.33,1.71,-0.50504,137.960007,213.410004,96.300003,20.68,20.209999,-0.8804,2.35,109.199997,279.76001,4.4
2025-07-08,0.52,16.81,4.33,1.71,-0.50504,140.800003,216.630005,91.309998,19.530001,19.58,-0.8804,2.35,108.830002,283.480011,4.42
2025-07-09,0.48,15.94,4.33,1.73,-0.50504,141.75,216.389999,91.760002,18.709999,19.02,-0.8804,2.33,109.474998,285.420013,4.34
2025-07-10,0.49,15.78,4.33,1.7,-0.50504,143.320007,219.660004,90.940002,18.76,18.92,-0.8804,2.34,110.684998,287.519989,4.35
2025-07-11,0.53,16.4,4.33,1.72,-0.51158,144.960007,221.25,93.529999,19.040001,19.370001,-0.7505,2.37,110.714996,287.48999,4.43
2025-07-14,0.53,17.2,4.33,1.73,-0.51158,147.0,220.050003,95.75,19.780001,19.84,-0.7505,2.39,111.125,285.320007,4.43
2025-07-15,0.55,17.38,4.33,1.7,-0.51158,143.720001,218.360001,94.660004,19.74,20.059999,-0.7505,2.41,109.535004,290.799988,4.5
2025-07-16,0.58,17.16,4.33,1.73,-0.51158,146.710007,216.639999,95.559998,19.540001,20.09,-0.7505,2.41,109.735001,289.279999,4.46
2025-07-17,0.56,16.52,4.33,1.71,-0.51158,151.119995,216.589996,92.900002,18.67,19.690001,-0.7505,2.43,110.110001,291.709991,4.47
2025-07-18,0.56,16.41,4.33,1.73,-0.51675,150.449997,216.619995,93.150002,18.610001,19.58,-0.7163,2.41,111.084999,290.309998,4.44
2025-07-21,0.53,16.65,4.33,1.73,-0.51675,154.830002,214.570007,92.260002,18.709999,19.51,-0.7163,2.4,111.610001,290.51001,4.38
2025-07-22,0.52,16.5,4.33,1.73,-0.51675,153.440002,214.919998,90.580002,18.950001,19.530001,-0.7163,2.39,112.739998,285.369995,4.35
2025-07-23,0.52,15.37,4.33,1.71,-0.51675,159.289993,186.25,88.040001,17.940001,18.559999,-0.7163,2.37,113.275002,286.609985,4.4
2025-07-24,0.52,15.39,4.33,1.68,-0.51675,159.410004,185.690002,89.75,17.719999,18.559999,-0.7163,2.45,111.400002,287.799988,4.43
2025-07-25,0.49,14.93,4.33,1.69,-0.52108,145.570007,184.990005,90.589996,17.16,18.32,-0.8019,2.44,112.434998,287.48999,4.4
2025-07-28,0.51,15.03,4.33,1.69,-0.52108,147.649994,189.25,88.589996,17.27,18.16,-0.8019,2.44,113.089996,291.410004,4.42
2025-07-29,0.48,15.98,4.33,1.7,-0.52108,149.119995,191.380005,95.139999,18.209999,18.77,-0.8019,2.43,112.309998,292.899994,4.34
2025-07-30,0.44,15.48,4.33,1.69,-0.52108,154.080002,189.520004,94.330002,17.32,18.35,-0.8019,2.42,111.599998,296.26001,4.38
2025-07-31,0.43,16.72,4.33,1.67,-0.52108,152.289993,181.059998,98.370003,19.23,19.139999,-0.8019,2.39,110.714996,288.779999,4.37
2025-08-01,0.54,20.38,4.33,1.75,-0.52411,155.490005,180.860001,109.790001,21.540001,21.24,-0.6829,2.33,108.044998,283.950012,4.23
2025-08-04,0.53,17.52,4.33,1.74,-0.52411,159.309998,182.729996,95.849998,19.24,19.610001,-0.6829,2.37,109.315002,290.190002,4.22
2025-08-05,0.5,17.85,4.33,1.72,-0.52411,149.910004,185.399994,97.650002,19.870001,20.030001,-0.6829,2.36,109.455002,287.100006,4.22
2025-08-06,0.53,16.77,4.33,1.75,-0.52411,149.710007,185.910004,97.809998,18.77,19.469999,-0.6829,2.34,111.730003,286.619995,4.22
2025-08-07,0.51,16.57,4.33,1.74,-0.52411,147.029999,185.910004,97.370003,18.82,19.35,-0.6829,2.35,111.695,291.119995,4.23
2025-08-08,0.51,15.15,4.33,1.74,-0.52614,147.529999,187.220001,93.139999,17.290001,18.700001,-0.5739,2.39,111.889999,293.529999,4.27
2025-08-11,0.51,16.25,4.33,1.72,-0.52614,148.550003,183.710007,97.089996,18.17,19.25,-0.5739,2.4,112.18,293.399994,4.27
2025-08-12,0.57,14.73,4.33,1.73,-0.52614,151.449997,192.970001,92.860001,16.84,18.34,-0.5739,2.38,113.370003,300.100006,4.29
2025-08-13,0.57,14.49,4.33,1.71,-0.52614,153.130005,193.289993,98.169998,16.73,18.33,-0.5739,2.37,114.925003,301.279999,4.24
2025-08-14,0.55,14.83,4.33,1.71,-0.52614,150.619995,193.710007,98.040001,17.08,18.49,-0.5739,2.39,114.794998,301.920013,4.29
2025-08-15,0.58,15.09,4.33,1.69,-0.52893,153.789993,194.570007,97.849998,17.5,18.639999,-0.8198,2.38,114.519997,295.649994,4.33
2025-08-18,0.57,15.09,4.33,1.7,-0.52893,153.949997,194.330002,96.629997,17.75,18.450001,-0.8198,2.38,114.980003,296.859985,4.34
2025-08-19,0.55,15.09,4.33,1.71,-0.52893,153.169998,195.940002,102.089996,19.389999,18.9,-0.8198,2.35,114.925003,290.869995,4.3
2025-08-20,0.55,15.09,4.33,1.73,-0.52893,144.559998,200.770004,98.599998,20.0,19.1,-0.8198,2.35,113.790001,288.959991,4.29
2025-08-21,0.54,15.09,4.33,1.72,-0.52893,144.320007,200.710007,99.989998,20.549999,19.41,-0.8198,2.39,113.114998,287.459991,4.33
2025-08-22,0.58,15.09,4.33,1.73,-0.53029,146.389999,206.059998,89.779999,18.059999,17.76,-0.7544,2.41,116.550003,293.640015,4.26
2025-08-25,0.55,15.09,4.33,1.7,-0.53029,149.990005,205.970001,92.300003,18.42,18.02,-0.7544,2.41,116.315002,293.920013,4.28
2025-08-26,0.65,15.09,4.33,1.75,-0.53029,156.529999,205.979996,91.650002,18.190001,17.9,-0.7544,2.42,116.849998,296.75,4.26
2025-08-27,0.65,15.09,4.33,1.77,-0.53029,150.880005,205.470001,94.93,18.690001,17.940001,-0.7544,2.43,116.875,297.660004,4.24
2025-08-28,0.6,15.09,4.33,1.75,-0.53029,152.5,204.089996,92.029999,17.620001,17.719999,-0.7544,2.41,117.074997,298.880005,4.22
2025-08-29,0.64,15.09,4.33,1.8,-0.53154,152.100006,202.479996,97.169998,19.110001,18.35,-0.6095,2.41,115.870003,290.290009,4.23
2025-09-01,0.64,15.09,4.22,1.8,-0.53154,152.100006,202.479996,97.169998,19.110001,18.35,-0.6095,2.41,115.870003,290.290009,4.23
2025-09-02,0.62,15.09,4.22,1.81,-0.53154,151.479996,199.809998,103.879997,20.360001,19.379999,-0.6095,2.41,115.004997,286.480011,4.28
2025-09-03,0.61,15.09,4.22,1.78,-0.53154,150.220001,195.740005,99.620003,19.690001,18.93,-0.6095,2.4,115.470001,286.429993,4.22
2025-09-04,0.58,15.09,4.22,1.8,-0.53154,153.960007,187.289993,95.279999,18.790001,18.389999,-0.6095,2.38,117.580002,289.859985,4.17
2025-09-05,0.59,15.09,4.22,1.78,-0.53185,148.160004,187.929993,93.059998,18.440001,18.42,-0.4259,2.37,117.555,293.279999,4.1
2025-09-08,0.56,15.09,4.22,1.76,-0.53185,148.820007,185.820007,92.290001,18.35,18.290001,-0.4259,2.35,118.010002,296.519989,4.05
2025-09-09,0.54,15.09,4.22,1.75,-0.53185,150.929993,185.029999,93.160004,18.219999,18.27,-0.4259,2.36,117.845001,297.809998,4.08
2025-09-10,0.5,15.09,4.22,1.75,-0.53185,151.919998,184.009995,100.529999,18.620001,18.440001,-0.4259,2.35,116.434998,300.829987,4.04
2025-09-11,0.49,15.09,4.22,1.74,-0.53185,147.630005,184.350006,96.32,18.23,18.030001,-0.4259,2.34,118.699997,303.929993,4.01
2025-09-12,0.5,15.09,4.22,1.7,-0.53225,149.490005,182.600006,96.779999,18.18,18.059999,-0.5706,2.36,119.315002,304.320007,4.06
2025-09-15,0.51,15.09,4.22,1.68,-0.53225,152.110001,178.199997,99.550003,19.120001,18.530001,-0.5706,2.37,120.349998,307.170013,4.05
2025-09-16,0.53,15.09,4.22,1.69,-0.53225,148.210007,177.630005,104.099998,19.57,18.91,-0.5706,2.37,121.089996,307.209991,4.04
2025-09-17,0.54,15.09,4.22,1.7,-0.53225,146.369995,180.300003,96.169998,19.02,18.440001,-0.5706,2.38,120.785004,305.25,4.06
2025-09-18,0.54,15.09,4.22,1.68,-0.53225,148.190002,181.619995,97.279999,18.860001,18.52,-0.5706,2.38,120.239998,316.970001,4.11
2025-09-19,0.57,15.09,4.22,1.68,-0.53131,146.970001,179.369995,96.900002,18.74,18.48,-0.5952,2.39,120.695,315.709991,4.14
2025-09-22,0.54,15.09,4.22,1.67,-0.53131,145.460007,179.619995,99.75,19.42,18.950001,-0.5952,2.37,120.089996,322.170013,4.15
2025-09-23,0.59,15.09,4.22,1.69,-0.53131,146.529999,182.039993,101.230003,20.129999,19.440001,-0.5952,2.37,118.959999,321.700012,4.12
2025-09-24,0.59,15.09,4.22,1.68,-0.53131,145.869995,184.440002,99.989998,19.93,19.139999,-0.5952,2.38,119.800003,321.109985,4.16
2025-09-25,0.54,15.09,4.22,1.67,-0.53131,145.889999,182.039993,100.339996,20.540001,19.459999,-0.5952,2.38,118.110001,321.059998,4.18
2025-09-26,0.57,15.09,4.22,1.65,-0.5305,141.509995,184.550003,93.400002,19.33,18.41,-0.5384,2.38,119.855003,321.820007,4.2
2025-09-29,0.52,15.09,4.22,1.64,-0.5305,143.029999,183.229996,96.739998,19.870001,18.76,-0.5384,2.35,120.379997,322.660004,4.15
2025-09-30,0.56,15.09,4.22,1.67,-0.5305,143.440002,183.729996,95.889999,20.0,18.77,-0.5384,2.36,119.82,326.359985,4.16
2025-10-01,0.57,15.09,4.09,1.69,-0.5305,143.679993,180.389999,93.220001,19.870001,18.76,-0.5384,2.35,120.57,333.690002,4.12
2025-10-02,0.55,15.09,4.09,1.68,-0.5305,145.929993,182.320007,94.099998,20.01,18.889999,-0.5384,2.34,119.699997,338.23999,4.1
2025-10-03,0.55,15.09,4.09,1.66,-0.5296,144.649994,180.320007,94.790001,20.08,19.08,-0.4986,2.33,118.93,336.679993,4.13
2025-10-06,0.58,15.09,4.09,1.65,-0.5296,142.5,181.809998,95.379997,20.4,19.120001,-0.4986,2.34,119.949997,343.380005,4.18
2025-10-07,0.57,15.09,4.09,1.67,-0.5296,145.220001,177.050003,98.699997,20.82,19.709999,-0.4986,2.35,117.849998,337.049988,4.14
2025-10-08,0.55,15.09,4.09,1.68,-0.5296,145.759995,181.600006,96.220001,20.02,19.26,-0.4986,2.35,118.199997,346.070007,4.13
2025-10-09,0.54,15.09,4.09,1.69,-0.5296,145.339996,178.960007,97.25,20.040001,19.379999,-0.4986,2.34,117.610001,345.209991,4.14
2025-10-10,0.53,15.09,4.09,1.72,-0.52798,138.860001,171.699997,116.25,25.23,22.809999,-0.4873,2.3,114.375,325.339996,4.05
2025-10-13,0.53,15.09,4.09,1.72,-0.52798,142.809998,175.110001,106.449997,22.799999,20.93,-0.4873,2.3,116.93,339.75,4.05
2025-10-14,0.55,15.09,4.09,1.71,-0.52798,146.479996,173.940002,113.190002,24.280001,22.030001,-0.4873,2.3,117.175003,333.5,4.03
2025-10-15,0.55,15.09,4.09,1.68,-0.52798,144.979996,175.270004,117.300003,24.42,21.940001,-0.4873,2.29,117.345001,341.779999,4.05
2025-10-16,0.58,15.09,4.09,1.71,-0.52798,147.139999,175.479996,134.25,28.26,24.870001,-0.4873,2.28,116.209999,343.299988,3.99
2025-10-17,0.56,15.09,4.09,1.7,-0.52521,147.630005,176.580002,115.629997,24.969999,22.09,-0.3719,2.27,117.209999,342.829987,4.02
2025-10-20,0.54,15.09,4.09,1.68,-0.52521,151.309998,179.589996,103.18,22.639999,20.309999,-0.3719,2.26,118.139999,347.220001,4.0
2025-10-21,0.53,15.09,4.09,1.67,-0.52521,149.949997,180.839996,103.360001,22.59,19.99,-0.3719,2.28,119.584999,345.299988,3.98
2025-10-22,0.52,15.09,4.09,1.69,-0.52521,152.850006,170.710007,104.870003,23.299999,20.309999,-0.3719,2.29,118.650002,338.600006,3.97
2025-10-23,0.53,15.09,4.09,1.66,-0.52521,154.339996,172.190002,98.599998,21.719999,19.65,-0.3719,2.3,119.184998,344.799988,4.01
2025-10-24,0.54,15.09,4.09,1.65,-0.52338,153.490005,169.130005,98.029999,20.610001,19.200001,-0.5119,2.29,118.830002,351.140015,4.02
2025-10-27,0.53,15.09,4.09,1.63,-0.52338,148.5,169.410004,97.400002,20.5,18.99,-0.5119,2.28,120.540001,359.940002,4.01
2025-10-28,0.52,15.09,4.09,1.65,-0.52338,140.369995,166.910004,101.510002,21.309999,19.549999,-0.5119,2.28,120.57,363.109985,3.99
2025-10-29,0.49,15.09,4.09,1.61,-0.52338,139.449997,160.259995,103.57,21.76,19.83,-0.5119,2.3,119.574997,368.609985,4.08
2025-10-30,0.5,15.09,4.09,1.64,-0.52338,141.149994,160.509995,102.839996,21.66,19.98,-0.5119,2.29,116.875,363.730011,4.11
2025-10-31,0.51,15.09,4.09,1.69,-0.52175,142.779999,161.460007,104.459999,21.99,20.49,-0.4607,2.3,119.964996,363.019989,4.11
2025-11-03,0.53,15.09,4.09,1.71,-0.52175,141.990005,161.460007,101.43,21.73,20.379999,-0.4607,2.31,121.089996,366.100006,4.13
2025-11-04,0.52,15.09,4.09,1.72,-0.52175,144.009995,159.360001,104.440002,23.299999,21.290001,-0.4607,2.29,119.080002,352.76001,4.1
2025-11-05,0.54,15.09,4.09,1.7,-0.52175,143.639999,163.570007,100.769997,22.6,20.6,-0.4607,2.3,120.529999,359.5,4.17
2025-11-06,0.54,15.09,4.09,1.72,-0.52175,143.539993,161.380005,105.709999,24.639999,21.35,-0.4607,2.28,117.745003,351.089996,4.11
2025-11-07,0.56,15.09,4.09,1.75,-0.52047,141.270004,160.550003,103.599998,24.58,21.190001,-0.311,2.28,117.93,348.119995,4.11
2025-11-10,0.55,15.09,4.09,1.73,-0.52047,142.940002,160.580002,98.910004,22.620001,20.24,-0.311,2.29,119.480003,358.790009,4.13
2025-11-11,0.55,15.09,4.09,1.73,-0.52047,143.449997,159.729996,99.599998,22.67,20.190001,-0.311,2.29,119.775002,351.049988,4.13
2025-11-12,0.52,15.09,4.09,1.75,-0.52047,138.570007,163.089996,103.470001,23.059999,20.34,-0.311,2.27,118.970001,355.529999,4.08
2025-11-13,0.53,15.09,4.09,1.77,-0.52047,142.490005,162.229996,111.25,25.879999,21.85,-0.311,2.28,116.0,344.820007,4.11
2025-11-14,0.52,15.09,4.09,1.77,-0.52059,137.929993,159.330002,107.949997,26.15,21.58,-0.5083,2.28,115.445,344.980011,4.14
2025-11-17,0.53,15.09,4.09,1.77,-0.52059,140.899994,154.990005,117.860001,28.16,23.18,-0.5083,2.28,114.360001,340.299988,4.13
2025-11-18,0.54,15.09,4.09,1.79,-0.52059,142.979996,157.320007,124.32,30.51,24.540001,-0.5083,2.27,112.25,333.290009,4.12
2025-11-19,0.55,15.09,4.09,1.79,-0.52059,143.050003,157.089996,119.57,29.299999,23.99,-0.5083,2.27,112.254997,339.440002,4.13
2025-11-20,0.55,15.09,4.09,1.8,-0.52059,144.960007,153.330002,128.649994,32.720001,25.76,-0.5083,2.24,110.580002,325.100006,4.1
2025-11-21,0.55,15.09,4.09,1.82,-0.52182,148.339996,159.399994,118.339996,28.950001,23.959999,-0.1341,2.24,112.75,326.130005,4.06
2025-11-24,0.58,15.09,4.09,1.8,-0.52182,148.600006,161.259995,103.959999,25.57,21.85,-0.1341,2.23,114.254997,339.119995,4.04
2025-11-25,0.58,15.09,4.09,1.79,-0.52182,151.679993,161.770004,96.849998,23.67,20.73,-0.1341,2.22,116.699997,340.01001,4.01
2025-11-26,0.55,15.09,4.09,1.78,-0.52182,145.039993,165.350006,92.169998,22.26,20.02,-0.1341,2.23,117.5,347.709991,4.0
2025-11-27,0.55,15.09,4.09,1.78,-0.52182,145.039993,165.350006,92.169998,22.26,20.02,-0.1341,2.23,117.5,347.709991,4.0
2025-11-28,0.55,15.09,4.09,1.78,-0.52426,143.0,168.270004,90.339996,21.17,19.639999,-0.3964,2.23,118.230003,352.279999,4.02
2025-12-01,0.55,15.09,4.09,1.78,-0.52426,144.860001,168.160004,93.760002,22.059999,20.219999,-0.3964,2.24,118.300003,352.959991,4.09
2025-12-02,0.58,15.09,4.09,1.76,-0.52426,144.940002,175.259995,91.709999,21.280001,19.84,-0.3964,2.24,118.220001,359.429993,4.09
2025-12-03,0.57,15.09,4.09,1.77,-0.52426,149.229996,182.600006,92.389999,20.65,19.709999,-0.3964,2.24,119.495003,364.369995,4.06
2025-12-04,0.59,15.09,4.09,1.76,-0.52426,148.910004,180.119995,91.279999,20.190001,19.49,-0.3964,2.26,119.07,361.600006,4.11
2025-12-05,0.58,15.09,4.09,1.74,-0.52426,148.830002,182.539993,90.650002,19.620001,19.27,-0.3964,2.26,119.730003,364.420013,4.14
2025-12-08,0.6,15.09,4.09,1.74,-0.52426,150.630005,180.940002,97.349998,20.75,19.91,-0.3964,2.26,117.989998,368.549988,4.17
