Date,Open,High,Low,Close,Adj Close,Volume
2002-07-30,81.750000,81.900002,81.519997,81.519997,36.790905,6100
2002-07-31,81.949997,82.800003,81.900002,82.529999,37.246738,29400
2002-08-01,82.540001,83.019997,82.540001,83.000000,37.458874,25000
2002-08-02,83.160004,84.099998,82.879997,83.849998,37.842480,52800
2002-08-05,84.040001,84.440002,83.849998,84.220001,38.009464,61100
2002-08-06,83.870003,83.900002,83.220001,83.500000,37.684494,64900
2002-08-07,83.599998,84.139999,83.360001,83.699997,37.774761,40300
2002-08-08,83.580002,83.769997,83.360001,83.699997,37.774761,40900
2002-08-09,84.000000,84.879997,84.000000,84.879997,38.307327,35900
2002-08-12,85.300003,86.699997,85.139999,85.400002,38.542015,32100
2002-08-13,85.779999,86.470001,85.370003,86.449997,39.015862,75400
2002-08-14,87.459999,87.900002,86.750000,86.779999,39.164818,130000
2002-08-15,86.379997,86.500000,85.849998,86.019997,38.821835,87100
2002-08-16,86.440002,86.519997,84.820000,85.059998,38.388603,85000
2002-08-19,85.050003,85.339996,84.709999,85.320000,38.505920,47300
2002-08-20,85.620003,86.290001,85.599998,86.269997,38.934673,40800
2002-08-21,85.680000,86.099998,85.629997,85.809998,38.727051,40000
2002-08-22,85.550003,85.550003,85.059998,85.059998,38.388603,34400
2002-08-23,85.199997,85.949997,85.199997,85.900002,38.767681,20100
2002-08-26,85.699997,86.209999,85.669998,85.980003,38.803776,23900
2002-08-27,85.400002,85.680000,85.199997,85.440002,38.560089,301800
2002-08-28,86.040001,86.180000,85.839996,85.870003,38.754128,18100
2002-08-29,86.760002,86.860001,86.349998,86.559998,39.065521,135700
2002-08-30,86.750000,87.129997,86.449997,87.080002,39.300205,78100
2002-09-03,87.080002,88.040001,87.000000,88.040001,39.904408,102100
2002-09-04,88.029999,88.300003,87.839996,88.019997,39.895306,66300
2002-09-05,88.570000,88.650002,87.379997,88.500000,40.112896,648400
2002-09-06,87.970001,88.190002,87.199997,87.459999,39.641533,140000
2002-09-09,87.500000,87.830002,87.260002,87.330002,39.582596,83800
2002-09-10,87.169998,88.000000,87.000000,87.750000,39.772949,336000
2002-09-11,87.000000,87.300003,86.750000,87.290001,39.564461,177700
2002-09-12,87.480003,88.139999,87.470001,87.970001,39.872650,43400
2002-09-13,88.330002,88.940002,88.180000,88.779999,40.239811,155100
2002-09-16,89.199997,89.220001,88.900002,88.930000,40.307774,73000
2002-09-17,88.639999,89.320000,88.360001,89.099998,40.384842,75400
2002-09-18,89.160004,89.559998,89.019997,89.120003,40.393917,196600
2002-09-19,89.699997,89.769997,89.260002,89.720001,40.665867,109900
2002-09-20,89.449997,89.519997,89.059998,89.300003,40.475502,113500
2002-09-23,90.000000,90.239998,89.769997,90.099998,40.838100,163200
2002-09-24,90.300003,90.940002,90.209999,90.680000,41.100994,251900
2002-09-25,90.099998,90.360001,89.260002,89.580002,40.602413,127200
2002-09-26,89.050003,89.529999,88.610001,89.370003,40.507206,429000
2002-09-27,89.529999,90.040001,89.480003,90.040001,40.810925,298200
2002-09-30,90.660004,90.900002,90.080002,90.400002,40.974083,297800
2002-10-01,89.160004,89.300003,88.800003,88.940002,40.465828,257500
2002-10-02,89.239998,89.480003,88.839996,89.449997,40.697899,91000
2002-10-03,89.300003,89.510002,88.800003,89.230003,40.597813,29900
2002-10-04,88.400002,89.720001,88.400002,89.510002,40.725208,131000
2002-10-07,89.900002,89.959999,89.459999,89.660004,40.793476,433800
2002-10-08,89.500000,90.519997,89.360001,89.690002,40.807060,530900
2002-10-09,90.300003,90.379997,89.949997,90.150002,41.016373,402900
2002-10-10,90.169998,90.169998,89.279999,89.440002,40.693359,97100
2002-10-11,89.099998,89.220001,88.059998,88.379997,40.211090,421800
2002-10-14,88.500000,88.550003,88.070000,88.250000,40.151917,18300
2002-10-15,87.000000,87.300003,86.150002,86.160004,39.201019,297100
2002-10-16,86.599998,86.599998,85.889999,86.199997,39.219227,125200
2002-10-17,85.139999,85.559998,85.070000,85.150002,38.741512,233400
2002-10-18,85.019997,85.389999,84.279999,85.370003,38.841591,459100
2002-10-21,85.500000,85.599998,84.500000,84.540001,38.463959,134900
2002-10-22,84.849998,84.849998,84.220001,84.300003,38.354763,205000
2002-10-23,84.750000,85.199997,84.180000,84.330002,38.368416,127800
2002-10-24,84.160004,85.250000,84.080002,85.070000,38.705101,339600
2002-10-25,85.349998,85.559998,85.150002,85.379997,38.846123,146100
2002-10-28,85.559998,85.639999,85.199997,85.260002,38.791542,97800
2002-10-29,85.820000,86.889999,85.769997,86.370003,39.296593,125000
2002-10-30,86.370003,86.680000,86.070000,86.339996,39.282906,31900
2002-10-31,86.050003,86.860001,86.019997,86.730003,39.460392,512700
2002-11-01,86.300003,86.930000,85.250000,85.980003,39.295349,125100
2002-11-04,85.480003,85.750000,85.250000,85.599998,39.121696,342500
2002-11-05,85.599998,85.599998,85.089996,85.269997,38.970917,73800
2002-11-06,85.050003,86.129997,84.910004,85.610001,39.126270,118500
2002-11-07,87.050003,87.730003,86.849998,87.730003,40.095169,147900
2002-11-08,88.400002,88.650002,87.949997,88.440002,40.419674,294700
2002-11-11,88.550003,88.919998,88.400002,88.919998,40.639038,70000
2002-11-12,89.150002,89.150002,88.370003,88.410004,40.405952,494300
2002-11-13,88.449997,88.690002,87.959999,88.599998,40.492805,104700
2002-11-14,87.650002,87.650002,86.760002,86.760002,39.651859,118000
2002-11-15,86.540001,87.230003,86.260002,87.110001,39.811825,110700
2002-11-18,87.019997,87.629997,86.959999,87.500000,39.990036,32200
2002-11-19,87.949997,88.230003,87.510002,87.820000,40.136307,51800
2002-11-20,88.199997,88.220001,86.809998,86.959999,39.743252,307400
2002-11-21,86.500000,86.500000,85.860001,86.120003,39.359367,323200
2002-11-22,86.330002,86.389999,85.879997,86.040001,39.322807,184800
2002-11-25,86.000000,86.379997,85.800003,85.879997,39.249664,288200
2002-11-26,86.199997,87.019997,86.150002,86.959999,39.743252,377800
2002-11-27,86.250000,86.330002,84.959999,85.000000,38.847481,325600
2002-11-29,85.160004,85.629997,85.139999,85.550003,39.098831,31700
2002-12-02,84.360001,85.400002,84.150002,85.239998,39.135132,284900
2002-12-03,85.699997,85.699997,85.120003,85.360001,39.190205,113800
2002-12-04,85.900002,86.000000,85.550003,85.800003,39.392216,129000
2002-12-05,85.279999,86.279999,85.260002,86.019997,39.493240,206400
2002-12-06,87.000000,87.089996,85.760002,86.169998,39.562088,440500
2002-12-09,86.199997,86.849998,86.169998,86.650002,39.782440,400300
2002-12-10,86.610001,86.930000,86.500000,86.879997,39.888062,151600
2002-12-11,87.150002,87.650002,86.959999,87.459999,40.154358,163800
2002-12-12,87.059998,87.599998,87.059998,87.379997,40.117615,135800
2002-12-13,87.139999,87.160004,86.529999,86.529999,39.727375,425800
2002-12-16,86.900002,86.900002,85.839996,85.879997,39.428959,115700
2002-12-17,86.300003,86.349998,85.680000,85.879997,39.428959,290600
2002-12-18,86.480003,86.690002,86.250000,86.550003,39.736580,191000
2002-12-19,86.800003,87.489998,86.650002,87.320000,40.090115,134400
2002-12-20,87.230003,87.559998,87.150002,87.379997,40.117615,41900
2002-12-23,87.360001,87.400002,86.250000,87.400002,40.126820,74200
2002-12-24,88.000000,88.080002,87.839996,87.889999,40.351776,46600
2002-12-26,87.900002,88.059998,87.730003,88.059998,40.429832,13500
2002-12-27,88.550003,89.029999,88.279999,89.029999,40.875153,140200
2002-12-30,88.900002,89.239998,88.629997,89.239998,40.971603,274900
2002-12-31,88.949997,89.330002,88.320000,88.570000,40.868225,109400
2003-01-02,87.699997,87.900002,86.209999,86.279999,39.811562,192100
2003-01-03,86.150002,86.540001,85.830002,86.480003,39.903839,311200
2003-01-06,86.169998,86.290001,85.809998,86.250000,39.797722,35600
2003-01-07,86.190002,86.750000,86.169998,86.559998,39.940792,69800
2003-01-08,86.879997,87.139999,86.779999,86.989998,40.139187,160100
2003-01-09,86.169998,86.169998,85.019997,85.320000,39.368610,237500
2003-01-10,85.919998,85.919998,85.120003,85.540001,39.470139,145200
2003-01-13,85.540001,85.870003,85.400002,85.680000,39.534733,53300
2003-01-14,86.000000,86.279999,85.959999,85.980003,39.673141,98900
2003-01-15,86.279999,86.699997,86.199997,86.400002,39.866951,129600
2003-01-16,86.379997,86.599998,85.620003,86.519997,39.922321,57900
2003-01-17,87.099998,87.239998,86.930000,86.949997,40.120693,97700
2003-01-21,86.879997,87.449997,86.800003,87.449997,40.351425,107500
2003-01-22,87.680000,87.900002,87.519997,87.879997,40.549854,107100
2003-01-23,87.320000,87.699997,87.300003,87.449997,40.351425,110700
2003-01-24,87.739998,88.440002,87.739998,87.970001,40.591370,285300
2003-01-27,87.900002,88.040001,87.500000,87.650002,40.443733,150500
2003-01-28,87.650002,87.779999,87.099998,87.650002,40.443733,454700
2003-01-29,87.830002,87.879997,86.980003,87.169998,40.222214,221400
2003-01-30,87.199997,87.900002,87.099998,87.820000,40.522133,108600
2003-01-31,87.900002,88.209999,87.540001,88.059998,40.632908,182300
2003-02-03,87.669998,87.910004,87.309998,87.879997,40.692184,55200
2003-02-04,88.370003,88.400002,88.110001,88.269997,40.872791,56900
2003-02-05,88.230003,88.699997,87.430000,87.510002,40.520840,223300
2003-02-06,87.839996,88.260002,87.790001,88.220001,40.849613,120900
2003-02-07,87.769997,88.519997,87.629997,88.419998,40.942207,247200
2003-02-10,88.120003,88.400002,87.690002,87.800003,40.655128,76600
2003-02-11,87.599998,87.910004,87.430000,87.779999,40.645863,259100
2003-02-12,87.800003,88.129997,87.669998,88.089996,40.789421,121300
2003-02-13,88.269997,89.180000,88.169998,88.570000,41.011692,440200
2003-02-14,88.300003,88.370003,87.610001,87.809998,40.659760,829700
2003-02-18,87.559998,87.980003,87.339996,87.919998,40.710674,213200
2003-02-19,88.389999,88.699997,88.250000,88.519997,40.988514,62100
2003-02-20,88.339996,88.900002,88.339996,88.820000,41.127449,486700
2003-02-21,88.559998,88.720001,88.209999,88.300003,40.886662,250400
2003-02-24,88.879997,88.900002,88.620003,88.720001,41.081123,168200
2003-02-25,89.400002,89.650002,89.000000,89.129997,41.270977,358500
2003-02-26,89.379997,89.750000,89.150002,89.750000,41.558079,334000
2003-02-27,89.459999,89.989998,89.309998,89.900002,41.627506,695700
2003-02-28,89.680000,90.540001,89.580002,90.470001,41.891457,213100
2003-03-03,90.000000,90.449997,89.910004,90.239998,41.942619,204100
2003-03-04,90.129997,90.449997,90.019997,90.300003,41.970474,83100
2003-03-05,90.620003,90.629997,90.040001,90.599998,42.109894,126000
2003-03-06,90.550003,90.680000,90.059998,90.250000,41.947220,166000
2003-03-07,90.720001,90.790001,90.050003,90.559998,42.091286,263800
2003-03-10,90.809998,91.029999,90.680000,91.029999,42.309769,147200
2003-03-11,90.989998,91.160004,90.730003,90.870003,42.235424,82800
2003-03-12,90.919998,91.360001,90.879997,91.199997,42.388771,454800
2003-03-13,90.150002,90.389999,89.519997,89.519997,41.607918,830200
2003-03-14,89.900002,90.120003,89.620003,89.959999,41.812489,590900
2003-03-17,90.519997,90.519997,88.860001,88.879997,41.310455,724400
2003-03-18,88.959999,89.199997,88.010002,88.040001,40.920052,415200
2003-03-19,88.040001,88.070000,87.330002,87.389999,40.617905,398400
2003-03-20,87.820000,87.949997,86.760002,87.250000,40.552834,206700
2003-03-21,86.919998,87.050003,86.050003,86.050003,39.995102,843400
2003-03-24,87.099998,87.599998,86.849998,87.410004,40.627243,373800
2003-03-25,87.650002,87.820000,86.900002,87.309998,40.580750,606400
2003-03-26,87.250000,87.650002,87.250000,87.489998,40.664413,309500
2003-03-27,87.750000,87.870003,87.330002,87.550003,40.692272,191600
2003-03-28,87.919998,88.080002,87.720001,87.750000,40.785244,253400
2003-03-31,88.300003,88.930000,88.300003,88.900002,41.319748,643800
2003-04-01,88.400002,88.790001,87.900002,88.269997,41.202137,289800
2003-04-02,87.650002,87.699997,87.279999,87.349998,40.772690,312200
2003-04-03,87.250000,87.580002,87.139999,87.300003,40.749374,245600
2003-04-04,87.059998,87.300003,86.879997,87.050003,40.632648,184900
2003-04-07,86.220001,86.860001,85.919998,86.849998,40.539330,485400
2003-04-08,87.050003,87.589996,86.989998,87.550003,40.866055,194700
2003-04-09,87.400002,87.860001,87.169998,87.809998,40.987423,102400
2003-04-10,87.750000,87.849998,87.349998,87.400002,40.796051,53300
2003-04-11,86.820000,87.320000,86.589996,87.260002,40.730694,450000
2003-04-14,87.099998,87.110001,86.709999,87.019997,40.618698,207100
2003-04-15,87.330002,87.529999,87.040001,87.489998,40.838043,128500
2003-04-16,87.529999,87.900002,87.470001,87.849998,41.006096,97700
2003-04-17,88.239998,88.400002,87.800003,87.989998,41.071453,106200
2003-04-21,87.480003,87.830002,87.260002,87.800003,40.982758,148000
2003-04-22,88.150002,88.260002,87.620003,87.750000,40.959419,299900
2003-04-23,87.779999,88.010002,87.599998,87.930000,41.043427,42700
2003-04-24,88.400002,88.989998,88.400002,88.720001,41.412216,199000
2003-04-25,88.750000,89.099998,88.680000,88.919998,41.505512,529700
2003-04-28,89.089996,89.089996,88.779999,88.779999,41.440193,80500
2003-04-29,88.529999,88.769997,88.320000,88.629997,41.370159,177500
2003-04-30,88.790001,89.519997,88.730003,89.449997,41.752941,293400
2003-05-01,89.199997,89.599998,88.800003,89.019997,41.773094,231200
2003-05-02,89.059998,89.070000,88.269997,88.320000,41.444630,231500
2003-05-05,88.309998,88.870003,88.199997,88.790001,41.665195,77700
2003-05-06,88.839996,89.400002,88.519997,89.230003,41.871674,260600
2003-05-07,90.000000,90.330002,89.820000,90.269997,42.359669,306900
2003-05-08,90.599998,90.900002,90.279999,90.489998,42.462933,437400
2003-05-09,90.300003,90.620003,90.199997,90.580002,42.505142,110000
2003-05-12,91.139999,91.190002,90.730003,91.150002,42.772682,364700
2003-05-13,90.900002,91.370003,90.830002,91.349998,42.866478,227800
2003-05-14,91.830002,92.980003,91.620003,92.750000,43.523411,1426500
2003-05-15,92.599998,93.570000,92.599998,93.040001,43.659515,810300
2003-05-16,93.480003,93.760002,92.949997,93.720001,43.978611,703900
2003-05-19,94.110001,94.239998,93.129997,93.400002,43.828442,817800
2003-05-20,93.150002,94.779999,93.120003,94.779999,44.476013,606600
2003-05-21,94.250000,95.660004,94.120003,94.769997,44.471348,1799600
2003-05-22,95.099998,95.699997,94.900002,95.610001,44.865501,576200
2003-05-23,95.769997,96.209999,95.639999,95.849998,44.978142,690600
2003-05-27,95.620003,95.709999,94.120003,94.120003,44.166328,846400
2003-05-28,93.900002,94.139999,93.309998,93.959999,44.091228,730500
2003-05-29,94.300003,94.800003,94.070000,94.779999,44.476013,508300
2003-05-30,94.449997,94.739998,93.970001,94.599998,44.391541,722200
2003-06-02,93.879997,93.879997,93.089996,93.510002,44.065456,478600
2003-06-03,93.760002,94.580002,93.709999,94.260002,44.418865,389400
2003-06-04,94.459999,94.709999,94.050003,94.540001,44.550831,394100
2003-06-05,95.199997,95.379997,93.800003,93.800003,44.202106,820900
2003-06-06,93.699997,94.150002,93.379997,94.139999,44.362343,276800
2003-06-09,94.699997,94.879997,94.269997,94.769997,44.659245,282200
2003-06-10,95.080002,95.930000,95.070000,95.900002,45.191692,534800
2003-06-11,96.250000,96.599998,95.699997,95.779999,45.135170,633600
2003-06-12,96.110001,96.730003,96.010002,96.529999,45.488575,315400
2003-06-13,96.930000,97.279999,96.760002,97.180000,45.794899,478400
2003-06-16,97.500000,97.660004,96.260002,96.260002,45.361347,789300
2003-06-17,95.970001,96.029999,95.400002,95.500000,45.003201,691600
2003-06-18,95.059998,95.059998,94.199997,94.279999,44.428360,657600
2003-06-19,93.959999,94.480003,93.500000,94.099998,44.343491,817700
2003-06-20,93.900002,94.050003,93.029999,93.750000,44.178532,561700
2003-06-23,93.820000,94.430000,93.529999,94.309998,44.442436,819900
2003-06-24,94.150002,95.180000,94.010002,95.180000,44.852417,292900
2003-06-25,95.419998,95.489998,93.449997,93.660004,44.136135,1002800
2003-06-26,93.250000,93.250000,92.120003,92.400002,43.542362,1423800
2003-06-27,92.550003,92.550003,91.550003,92.070000,43.386860,735900
2003-06-30,91.919998,92.519997,91.680000,92.500000,43.589470,541900
2003-07-01,92.150002,92.489998,91.510002,91.690002,43.373314,449000
2003-07-02,91.199997,92.070000,91.110001,91.919998,43.482140,338800
2003-07-03,91.699997,91.709999,90.599998,90.599998,42.857723,559100
2003-07-07,90.279999,90.589996,90.019997,90.019997,42.583317,465400
2003-07-08,90.430000,90.480003,89.629997,90.099998,42.621197,389600
2003-07-09,90.529999,90.690002,90.110001,90.389999,42.758362,270400
2003-07-10,90.690002,90.750000,90.120003,90.360001,42.744217,718000
2003-07-11,90.300003,90.790001,90.209999,90.790001,42.947605,389500
2003-07-14,90.680000,90.870003,89.629997,89.750000,42.455589,465900
2003-07-15,89.540001,89.860001,87.400002,87.650002,41.462223,3171100
2003-07-16,87.410004,88.720001,87.150002,88.150002,41.698753,1205400
2003-07-17,87.330002,88.040001,87.180000,87.879997,41.571030,1030600
2003-07-18,87.650002,87.959999,87.440002,87.699997,41.485863,550800
2003-07-21,87.500000,87.599998,85.650002,85.839996,40.606030,1267600
2003-07-22,85.970001,86.360001,85.440002,86.260002,40.804680,1576900
2003-07-23,86.800003,87.050003,86.400002,86.550003,40.941891,1374700
2003-07-24,85.900002,86.080002,85.550003,85.790001,40.582344,701100
2003-07-25,85.980003,86.620003,85.400002,85.559998,40.473579,1273500
2003-07-28,85.239998,85.290001,84.400002,84.410004,39.929546,1268500
2003-07-29,84.180000,85.349998,83.260002,83.260002,39.385586,2139300
2003-07-30,83.739998,84.720001,83.570000,84.199997,39.830212,1963400
2003-07-31,83.690002,83.709999,82.230003,82.949997,39.238907,4706400
2003-08-01,82.099998,82.790001,81.980003,82.510002,39.209492,3061200
2003-08-04,82.480003,83.220001,82.349998,83.220001,39.546844,1858700
2003-08-05,83.209999,83.290001,81.800003,82.029999,38.981350,2413000
2003-08-06,82.500000,83.769997,82.370003,83.650002,39.751198,2549700
2003-08-07,83.800003,84.050003,83.139999,84.000000,39.917503,1796400
2003-08-08,84.339996,84.790001,83.650002,83.660004,39.755947,2399100
2003-08-11,83.550003,83.570000,82.910004,83.239998,39.556362,1355000
2003-08-12,83.419998,83.650002,82.800003,82.849998,39.371025,1534200
2003-08-13,82.199997,82.349998,81.190002,81.250000,38.610703,2258100
2003-08-14,81.440002,82.099998,80.910004,82.050003,38.990829,1612300
2003-08-15,82.199997,82.500000,81.900002,82.000000,38.967098,515100
2003-08-18,82.300003,82.599998,82.010002,82.379997,39.147697,655300
2003-08-19,82.550003,83.650002,82.500000,83.650002,39.751198,1086500
2003-08-20,83.830002,83.870003,82.739998,83.199997,39.537365,503600
2003-08-21,83.059998,83.449997,82.419998,83.000000,39.442333,783600
2003-08-22,82.949997,83.849998,82.900002,83.370003,39.618156,413200
2003-08-25,83.320000,83.540001,82.250000,82.720001,39.309246,648200
2003-08-26,82.449997,83.370003,82.320000,83.370003,39.618156,837200
2003-08-27,83.269997,83.269997,82.610001,82.989998,39.437519,409100
2003-08-28,83.230003,83.980003,83.230003,83.849998,39.846264,557200
2003-08-29,83.940002,83.989998,83.379997,83.650002,39.751198,651100
2003-09-02,83.629997,83.650002,82.040001,82.059998,39.169804,868700
2003-09-03,82.480003,82.480003,81.879997,82.190002,39.231865,639900
2003-09-04,82.489998,82.709999,82.160004,82.650002,39.451458,562900
2003-09-05,83.400002,84.089996,83.169998,84.070000,40.129288,838000
2003-09-08,83.629997,84.449997,83.199997,83.199997,39.713974,621100
2003-09-09,83.519997,83.940002,82.919998,83.800003,40.000378,599900
2003-09-10,83.900002,84.699997,83.820000,84.650002,40.406105,1285900
2003-09-11,84.260002,84.379997,83.800003,84.099998,40.143566,859500
2003-09-12,85.019997,85.379997,84.449997,84.680000,40.420418,1375300
2003-09-15,84.500000,84.889999,84.110001,84.550003,40.358349,367100
2003-09-16,84.370003,84.500000,83.900002,84.419998,40.296310,655200
2003-09-17,84.720001,85.559998,84.480003,85.470001,40.797516,1223900
2003-09-18,85.650002,85.650002,84.830002,85.529999,40.826164,615000
2003-09-19,85.650002,86.029999,85.489998,85.629997,40.873886,869300
2003-09-22,85.000000,85.180000,84.230003,84.949997,40.549274,1126400
2003-09-23,84.879997,85.540001,84.639999,85.529999,40.826164,632100
2003-09-24,85.540001,86.489998,85.339996,86.269997,41.179394,1005300
2003-09-25,86.300003,86.720001,86.150002,86.699997,41.384640,846800
2003-09-26,86.940002,87.489998,86.820000,87.480003,41.756931,1869700
2003-09-29,87.019997,87.449997,86.660004,86.779999,41.422821,743000
2003-09-30,87.000000,88.250000,86.959999,88.220001,42.110195,1623900
2003-10-01,87.500000,87.930000,87.349998,87.519997,41.950558,931900
2003-10-02,86.839996,87.449997,86.400002,87.120003,41.758801,1194100
2003-10-03,86.050003,86.199997,85.099998,85.290001,40.881657,1451200
2003-10-06,85.120003,85.790001,85.080002,85.660004,41.059032,507200
2003-10-07,85.449997,85.570000,84.629997,84.669998,40.584492,594200
2003-10-08,84.449997,84.980003,84.349998,84.650002,40.574871,811800
2003-10-09,83.919998,84.129997,83.650002,84.050003,40.287300,1385600
2003-10-10,84.500000,84.730003,84.300003,84.550003,40.526947,256600
2003-10-13,84.349998,84.500000,84.220001,84.220001,40.368771,116300
2003-10-14,83.750000,84.099998,83.550003,83.639999,40.090790,337100
2003-10-15,83.160004,83.300003,82.849998,83.230003,39.894257,465600
2003-10-16,83.480003,83.769997,82.750000,82.900002,39.736088,564900
2003-10-17,83.080002,83.690002,83.010002,83.540001,40.042812,354500
2003-10-20,83.449997,84.150002,83.419998,83.820000,40.177017,281600
2003-10-21,84.029999,84.379997,83.849998,84.129997,40.325665,429700
2003-10-22,84.599998,85.000000,84.400002,84.949997,40.718681,798000
2003-10-23,85.000000,85.000000,84.019997,84.330002,40.421482,1055600
2003-10-24,85.000000,85.599998,84.660004,85.269997,40.872078,1412200
2003-10-27,85.150002,85.330002,84.800003,85.099998,40.790604,346900
2003-10-28,84.849998,85.690002,84.570000,85.550003,41.006290,2200300
2003-10-29,85.279999,85.349998,84.610001,84.779999,40.637218,926600
2003-10-30,84.000000,84.550003,83.800003,84.400002,40.455048,936300
2003-10-31,84.730003,85.220001,83.739998,85.190002,40.833721,887400
2003-11-03,84.559998,84.580002,84.040001,84.440002,40.640240,957700
2003-11-04,84.650002,84.970001,84.589996,84.919998,40.871273,246500
2003-11-05,84.820000,84.820000,84.260002,84.339996,40.592102,275100
2003-11-06,83.769997,83.919998,83.500000,83.550003,40.211895,861600
2003-11-07,83.120003,83.589996,83.050003,83.500000,40.187866,725700
2003-11-10,83.599998,83.839996,83.199997,83.430000,40.154160,553900
2003-11-11,83.449997,83.500000,83.360001,83.440002,40.158970,99900
2003-11-12,83.860001,84.150002,83.790001,84.050003,40.452545,321400
2003-11-13,84.599998,85.370003,84.540001,85.349998,41.078213,920400
2003-11-14,85.300003,85.959999,85.199997,85.919998,41.352566,484800
2003-11-17,86.139999,86.589996,85.949997,86.050003,41.415146,695000
2003-11-18,85.970001,86.610001,85.779999,86.580002,41.670197,632200
2003-11-19,86.419998,86.620003,85.559998,85.620003,41.208183,553900
2003-11-20,86.250000,86.489998,85.800003,86.449997,41.607635,373300
2003-11-21,86.580002,86.930000,86.500000,86.500000,41.631721,516900
2003-11-24,86.180000,86.309998,85.750000,85.790001,41.290001,573800
2003-11-25,85.949997,86.519997,85.949997,86.260002,41.516212,298700
2003-11-26,86.099998,86.400002,85.330002,85.910004,41.347778,613800
2003-11-28,85.349998,85.400002,85.129997,85.129997,40.972328,311300
2003-12-01,84.400002,84.570000,83.800003,84.239998,40.744045,1106600
2003-12-02,84.400002,84.599998,84.000000,84.599998,40.918156,589100
2003-12-03,84.510002,84.779999,83.949997,84.260002,40.753712,1446100
2003-12-04,84.260002,84.669998,84.190002,84.449997,40.845596,561500
2003-12-05,85.300003,86.230003,85.120003,85.800003,41.498543,1163800
2003-12-08,85.779999,85.779999,85.089996,85.199997,41.208351,436200
2003-12-09,85.449997,85.699997,84.360001,84.599998,40.918156,939200
2003-12-10,85.070000,85.099998,84.550003,84.739998,40.985874,555700
2003-12-11,84.510002,85.379997,84.370003,85.349998,41.280918,510500
2003-12-12,85.419998,85.879997,85.419998,85.510002,41.358326,553100
2003-12-15,85.500000,85.879997,85.180000,85.459999,41.334129,690000
2003-12-16,85.400002,85.860001,85.269997,85.739998,41.469551,462800
2003-12-17,86.230003,86.650002,86.199997,86.320000,41.750072,533100
2003-12-18,86.300003,87.099998,86.300003,87.099998,42.127331,708100
2003-12-19,86.970001,87.070000,86.610001,87.070000,42.112793,477600
2003-12-22,87.120003,87.339996,86.650002,86.830002,41.996780,483700
2003-12-23,86.529999,86.699997,85.849998,85.849998,41.522739,446600
2003-12-24,86.370003,86.660004,86.169998,86.660004,41.914536,138900
2003-12-26,86.900002,87.040001,86.900002,86.980003,42.069298,80500
2003-12-29,86.699997,86.769997,86.169998,86.199997,41.692039,187800
2003-12-30,85.800003,86.139999,85.599998,85.849998,41.522739,393900
2003-12-31,85.370003,85.570000,85.300003,85.449997,41.522770,171400
2004-01-02,85.089996,85.089996,84.080002,84.440002,41.031963,867100
2004-01-05,84.010002,84.379997,83.900002,84.220001,40.925037,626400
2004-01-06,84.540001,85.389999,84.500000,85.150002,41.376965,690500
2004-01-07,85.099998,85.699997,84.889999,85.489998,41.542210,252000
2004-01-08,85.300003,85.639999,85.180000,85.459999,41.527649,513300
2004-01-09,86.879997,87.070000,86.010002,86.949997,42.251675,1623000
2004-01-12,86.599998,87.379997,86.599998,86.879997,42.217625,863200
2004-01-13,86.680000,87.470001,86.559998,87.470001,42.504326,465700
2004-01-14,87.489998,87.919998,87.150002,87.900002,42.713291,1180300
2004-01-15,87.949997,88.309998,87.599998,88.230003,42.873638,1537200
2004-01-16,88.680000,88.800003,87.610001,87.610001,42.572369,751800
2004-01-20,87.500000,87.930000,87.500000,87.589996,42.562645,629600
2004-01-21,87.750000,87.809998,87.440002,87.800003,42.664673,570500
2004-01-22,87.949997,88.480003,87.709999,88.440002,42.975704,443600
2004-01-23,88.559998,88.900002,87.260002,87.379997,42.460609,1021300
2004-01-26,87.300003,87.360001,86.669998,86.849998,42.203064,639500
2004-01-27,86.730003,87.400002,86.730003,87.389999,42.465473,576100
2004-01-28,87.250000,87.849998,85.860001,86.620003,42.091316,1823800
2004-01-29,86.220001,86.580002,86.019997,86.440002,42.003819,814500
2004-01-30,86.900002,87.220001,86.599998,87.040001,42.295372,526200
2004-02-02,86.449997,86.879997,86.379997,86.500000,42.206585,335600
2004-02-03,86.919998,86.989998,86.599998,86.940002,42.421257,350900
2004-02-04,86.790001,86.860001,86.480003,86.769997,42.338299,645700
2004-02-05,86.839996,87.080002,86.239998,86.430000,42.172417,971400
2004-02-06,87.139999,87.449997,87.029999,87.379997,42.635990,798200
2004-02-09,87.559998,87.639999,87.389999,87.639999,42.762840,272400
2004-02-10,87.480003,87.550003,87.040001,87.150002,42.523731,203200
2004-02-11,87.019997,88.199997,86.910004,87.800003,42.840878,1335100
2004-02-12,87.849998,88.000000,87.260002,87.430000,42.660355,256700
2004-02-13,87.800003,88.099998,87.570000,87.800003,42.840878,513600
2004-02-17,87.860001,87.889999,87.529999,87.739998,42.811619,644100
2004-02-18,88.099998,88.180000,87.690002,87.860001,42.870182,990900
2004-02-19,87.529999,87.949997,87.470001,87.949997,42.914082,668900
2004-02-20,87.750000,87.830002,87.199997,87.339996,42.616447,1009800
2004-02-23,87.389999,87.879997,87.320000,87.879997,42.879913,504000
2004-02-24,88.050003,88.389999,87.860001,88.040001,42.957977,940900
2004-02-25,88.220001,88.360001,88.029999,88.180000,43.026329,572300
2004-02-26,87.849998,87.959999,87.540001,87.900002,42.889698,399100
2004-02-27,88.220001,88.779999,87.959999,88.660004,43.260529,836000
2004-03-01,88.459999,88.639999,88.040001,88.269997,43.243862,771900
2004-03-02,88.120003,88.199997,87.400002,87.709999,42.969501,676000
2004-03-03,87.389999,87.639999,87.110001,87.550003,42.891113,718000
2004-03-04,87.400002,87.949997,87.339996,87.940002,43.082188,421600
2004-03-05,89.769997,90.000000,89.519997,89.639999,43.915020,2789800
2004-03-08,90.059998,90.320000,90.000000,90.169998,44.174686,1309400
2004-03-09,90.250000,90.849998,90.190002,90.769997,44.468651,829000
2004-03-10,90.519997,90.930000,90.480003,90.709999,44.439217,878900
2004-03-11,91.050003,91.050003,90.150002,90.839996,44.502926,1337100
2004-03-12,90.610001,90.809998,90.220001,90.279999,44.228580,442100
2004-03-15,90.419998,90.639999,90.230003,90.430000,44.302059,756200
2004-03-16,90.290001,91.180000,90.050003,91.180000,44.669491,1374200
2004-03-17,91.470001,91.480003,90.900002,91.029999,44.596050,1936500
2004-03-18,90.709999,91.059998,90.400002,90.550003,44.360832,1842100
2004-03-19,90.470001,90.599998,90.209999,90.430000,44.302059,366700
2004-03-22,90.589996,90.980003,90.589996,90.980003,44.571514,947200
2004-03-23,90.889999,91.139999,90.750000,91.139999,44.649891,562200
2004-03-24,91.160004,91.230003,90.919998,91.089996,44.625355,327400
2004-03-25,90.720001,90.940002,90.650002,90.739998,44.453899,514000
2004-03-26,90.480003,90.599998,89.599998,89.779999,43.983612,1378600
2004-03-29,89.050003,89.230003,88.900002,89.180000,43.689678,2454000
2004-03-30,89.300003,89.430000,89.070000,89.120003,43.660263,1021000
2004-03-31,89.250000,89.629997,89.209999,89.550003,43.870926,1647300
2004-04-01,88.980003,89.059998,88.550003,88.910004,43.727322,1309200
2004-04-02,87.129997,87.129997,86.410004,86.709999,42.645313,2603700
2004-04-05,86.320000,86.389999,85.910004,86.029999,42.310905,1422700
2004-04-06,86.400002,86.500000,86.199997,86.500000,42.542080,1695400
2004-04-07,86.300003,86.800003,86.250000,86.300003,42.443707,659600
2004-04-08,86.169998,86.419998,85.980003,86.050003,42.320747,893700
2004-04-12,85.809998,85.870003,85.599998,85.739998,42.168282,311700
2004-04-13,84.930000,85.110001,84.769997,84.809998,41.710884,1449500
2004-04-14,83.980003,84.760002,83.980003,84.739998,41.676449,2529200
2004-04-15,84.669998,84.800003,84.180000,84.239998,41.430573,1184800
2004-04-16,84.680000,84.870003,84.410004,84.559998,41.587936,986900
2004-04-19,84.849998,84.910004,84.300003,84.379997,41.499371,682100
2004-04-20,84.269997,84.430000,83.610001,83.610001,41.120708,1618700
2004-04-21,83.720001,84.320000,83.720001,84.019997,41.322353,763600
2004-04-22,84.250000,84.589996,84.139999,84.519997,41.568260,1024300
2004-04-23,84.110001,84.339996,83.750000,84.040001,41.332180,963200
2004-04-26,84.089996,84.290001,84.059998,84.180000,41.401035,515800
2004-04-27,84.400002,84.550003,84.080002,84.500000,41.558422,1033400
2004-04-28,84.300003,84.430000,83.610001,83.709999,41.169872,1215700
2004-04-29,83.750000,84.180000,83.010002,83.300003,40.968277,2504900
2004-04-30,83.430000,83.800003,83.269997,83.639999,41.135452,831500
2004-05-03,83.099998,83.570000,83.099998,83.419998,41.187309,668800
2004-05-04,83.629997,83.900002,82.690002,82.849998,40.905872,3950900
2004-05-05,83.260002,83.260002,82.500000,82.620003,40.792301,2236600
2004-05-06,82.559998,82.650002,82.370003,82.400002,40.683701,3163200
2004-05-07,81.449997,81.500000,81.099998,81.320000,40.150471,1756400
2004-05-10,81.480003,81.610001,81.110001,81.129997,40.056671,958700
2004-05-11,81.110001,81.519997,81.110001,81.500000,40.239376,766000
2004-05-12,81.400002,81.440002,80.940002,80.959999,39.972752,1945700
2004-05-13,80.889999,80.919998,80.510002,80.650002,39.819660,1187000
2004-05-14,81.040001,81.389999,80.730003,81.309998,40.145531,4086400
2004-05-17,81.870003,82.070000,81.680000,82.029999,40.501003,1735600
2004-05-18,81.699997,81.910004,81.570000,81.709999,40.343021,674200
2004-05-19,81.400002,81.449997,81.150002,81.440002,40.209675,319200
2004-05-20,81.739998,82.099998,81.620003,82.070000,40.520767,1745900
2004-05-21,82.370003,82.379997,81.589996,81.739998,40.357815,1461900
2004-05-24,81.930000,82.080002,81.680000,82.000000,40.486198,314800
2004-05-25,82.029999,82.320000,82.010002,82.239998,40.604679,645300
2004-05-26,82.400002,82.730003,82.320000,82.680000,40.821964,505500
2004-05-27,83.029999,83.400002,82.830002,83.330002,41.142860,1122800
2004-05-28,83.019997,83.500000,82.750000,83.099998,41.029308,612700
2004-06-01,82.370003,82.400002,81.699997,82.019997,40.653587,662000
2004-06-02,82.019997,82.129997,81.760002,81.809998,40.549526,906600
2004-06-03,81.800003,82.050003,81.589996,81.980003,40.633766,1173600
2004-06-04,82.040001,82.129997,81.440002,81.500000,40.395905,568200
2004-06-07,81.419998,81.589996,81.220001,81.519997,40.405788,377200
2004-06-08,81.199997,81.680000,81.080002,81.669998,40.480137,1294200
2004-06-09,81.449997,81.519997,81.000000,81.320000,40.306648,589400
2004-06-10,81.360001,81.599998,81.150002,81.480003,40.385956,336200
2004-06-14,81.199997,81.260002,80.760002,80.830002,40.063755,892200
2004-06-15,81.809998,82.620003,81.809998,82.540001,40.911339,1567400
2004-06-16,82.050003,82.339996,81.989998,82.220001,40.752750,494700
2004-06-17,82.089996,82.769997,81.970001,82.760002,41.020409,552800
2004-06-18,82.760002,82.849998,82.370003,82.580002,40.931202,394500
2004-06-21,82.629997,82.750000,82.489998,82.639999,40.960930,731900
2004-06-22,82.430000,82.589996,82.360001,82.389999,40.836987,362700
2004-06-23,82.290001,82.680000,82.180000,82.550003,40.916359,302900
2004-06-24,83.260002,83.339996,82.900002,83.050003,41.164146,1087900
2004-06-25,82.919998,83.150002,82.870003,83.129997,41.203735,253200
2004-06-28,82.779999,82.870003,82.180000,82.279999,40.782471,573100
2004-06-29,82.400002,82.839996,82.169998,82.800003,41.040215,401500
2004-06-30,83.029999,83.750000,82.910004,83.650002,41.461529,1730800
2004-07-01,83.349998,83.559998,82.930000,83.470001,41.539169,1099300
2004-07-02,84.660004,84.690002,84.260002,84.349998,41.977085,1293300
2004-07-06,84.570000,84.589996,84.139999,84.209999,41.907406,351600
2004-07-07,84.199997,84.419998,84.129997,84.239998,41.922359,303500
2004-07-08,84.300003,84.540001,84.230003,84.290001,41.947262,715200
2004-07-09,84.250000,84.419998,84.089996,84.379997,41.992008,2152900
2004-07-12,84.610001,84.660004,84.440002,84.500000,42.051750,1297800
2004-07-13,84.199997,84.269997,83.949997,84.250000,41.927349,307100
2004-07-14,84.320000,84.370003,84.150002,84.279999,41.942257,241400
2004-07-15,84.290001,84.379997,84.169998,84.370003,41.987061,562700
2004-07-16,84.849998,85.500000,84.849998,85.489998,42.544411,2970600
2004-07-19,85.410004,85.570000,85.360001,85.550003,42.574291,978300
2004-07-20,85.309998,85.379997,84.599998,84.779999,42.191105,1091500
2004-07-21,84.410004,84.559998,84.190002,84.550003,42.076641,662800
2004-07-22,84.580002,84.849998,84.580002,84.669998,42.136368,154700
2004-07-23,84.779999,84.970001,84.779999,84.949997,42.275665,209200
2004-07-26,84.839996,84.839996,84.459999,84.550003,42.076641,712000
2004-07-27,84.400002,84.470001,83.410004,83.410004,41.509296,961200
2004-07-28,83.220001,83.529999,83.040001,83.419998,41.514275,495200
2004-07-29,83.269997,83.650002,83.269997,83.610001,41.608841,519600
2004-07-30,84.070000,84.629997,84.000000,84.589996,42.096531,578400
2004-08-02,84.500000,84.610001,84.320000,84.370003,42.151485,714800
2004-08-03,84.489998,84.830002,84.400002,84.709999,42.321342,509500
2004-08-04,84.680000,85.120003,84.500000,84.750000,42.341328,481300
2004-08-05,84.879997,85.089996,84.860001,84.989998,42.461216,623100
2004-08-06,86.410004,86.860001,86.120003,86.419998,43.175632,1240900
2004-08-09,86.150002,86.339996,86.070000,86.120003,43.025799,322100
2004-08-10,86.260002,86.440002,85.809998,85.809998,42.870918,860100
2004-08-11,85.820000,86.269997,85.730003,86.180000,43.055767,898400
2004-08-12,86.000000,86.360001,85.889999,86.360001,43.145683,697500
2004-08-13,86.669998,86.900002,86.519997,86.639999,43.285633,637500
2004-08-16,86.470001,86.529999,86.019997,86.339996,43.135662,729400
2004-08-17,86.400002,86.849998,86.360001,86.830002,43.380554,182000
2004-08-18,87.029999,87.059998,86.400002,86.410004,43.170700,365300
2004-08-19,86.500000,86.750000,86.339996,86.620003,43.275585,372900
2004-08-20,86.580002,86.750000,86.400002,86.540001,43.235634,875400
2004-08-23,86.110001,86.169998,85.970001,86.040001,42.985825,1007200
2004-08-24,85.949997,86.139999,85.769997,86.089996,43.010818,1044200
2004-08-25,86.320000,86.639999,86.250000,86.389999,43.160702,588200
2004-08-26,86.559998,86.879997,86.440002,86.879997,43.405479,478000
2004-08-27,86.830002,87.029999,86.639999,86.820000,43.375511,304400
2004-08-30,87.000000,87.230003,86.919998,87.230003,43.580326,259100
2004-08-31,87.300003,88.000000,87.239998,87.769997,43.850132,1721100
2004-09-01,87.699997,87.699997,87.150002,87.510002,43.895283,1388900
2004-09-02,87.370003,87.370003,86.650002,86.650002,43.463947,867000
2004-09-03,86.470001,86.660004,86.000000,86.660004,43.468910,958100
2004-09-07,86.239998,86.580002,86.190002,86.570000,43.423786,475500
2004-09-08,86.260002,87.320000,86.180000,87.300003,43.789932,584800
2004-09-09,87.220001,87.580002,86.860001,86.970001,43.624435,284800
2004-09-10,87.379997,87.529999,87.059998,87.099998,43.689617,711700
2004-09-13,87.199997,87.529999,87.120003,87.480003,43.880234,152900
2004-09-14,87.360001,87.680000,87.180000,87.570000,43.925350,695700
2004-09-15,87.500000,87.500000,87.180000,87.370003,43.825073,642500
2004-09-16,87.559998,88.480003,87.500000,88.360001,44.321629,1103400
2004-09-17,88.129997,88.389999,87.889999,87.919998,44.100929,765400
2004-09-20,88.260002,88.570000,88.190002,88.500000,44.391853,727200
2004-09-21,88.360001,88.919998,88.099998,88.760002,44.522293,1018500
2004-09-22,88.800003,89.809998,88.650002,89.680000,44.983749,2541200
2004-09-23,89.669998,89.879997,89.320000,89.320000,44.803158,2391000
2004-09-24,89.349998,89.489998,89.099998,89.430000,44.858334,1984300
2004-09-27,89.599998,89.889999,89.570000,89.820000,45.053978,1420800
2004-09-28,89.680000,89.949997,89.220001,89.459999,44.873394,1161100
2004-09-29,88.699997,88.870003,88.559998,88.589996,44.436996,1970700
2004-09-30,88.139999,88.370003,87.959999,88.250000,44.266441,1945700
2004-10-01,87.500000,87.629997,87.290001,87.449997,44.045372,1999300
2004-10-04,87.000000,87.599998,87.000000,87.580002,44.110840,1106200
2004-10-05,87.529999,87.699997,87.419998,87.580002,44.110840,501700
2004-10-06,87.449997,87.470001,87.019997,87.180000,43.909374,531300
2004-10-07,87.000000,87.180000,86.739998,86.800003,43.717987,2128600
2004-10-08,87.970001,88.209999,87.750000,87.949997,44.297157,1534500
2004-10-11,87.949997,88.099998,87.730003,88.040001,44.342506,60800
2004-10-12,88.339996,88.389999,88.160004,88.239998,44.443245,757900
2004-10-13,88.000000,88.559998,87.949997,88.559998,44.604424,648000
2004-10-14,88.500000,89.010002,88.410004,88.980003,44.815941,717100
2004-10-15,88.809998,88.989998,88.180000,88.669998,44.659859,746400
2004-10-18,88.650002,88.790001,88.370003,88.709999,44.679958,613600
2004-10-19,88.330002,88.989998,88.269997,88.940002,44.795803,505400
2004-10-20,89.260002,89.610001,89.199997,89.550003,45.103065,1127100
2004-10-21,89.440002,89.900002,89.440002,89.610001,45.133305,1649200
2004-10-22,89.500000,89.820000,89.370003,89.820000,45.239037,491500
2004-10-25,90.070000,90.089996,89.800003,89.889999,45.274300,246800
2004-10-26,89.949997,90.010002,89.620003,89.620003,45.138317,503700
2004-10-27,89.870003,90.050003,88.720001,88.739998,44.695072,2351800
2004-10-28,88.739998,89.160004,88.519997,89.029999,44.841122,839200
2004-10-29,89.110001,89.489998,88.919998,89.440002,45.047672,1169300
2004-11-01,88.750000,89.000000,88.400002,88.519997,44.767448,923500
2004-11-02,88.480003,88.730003,88.309998,88.650002,44.833252,709300
2004-11-03,88.029999,88.750000,88.000000,88.690002,44.853455,1066600
2004-11-04,88.860001,89.099998,88.750000,88.779999,44.898956,2285100
2004-11-05,87.739998,87.930000,87.519997,87.809998,44.408390,1838000
2004-11-08,87.500000,87.599998,87.400002,87.500000,44.251625,454100
2004-11-09,87.400002,87.730003,87.400002,87.449997,44.226345,373000
2004-11-10,87.309998,87.470001,86.910004,87.120003,44.059452,1303400
2004-11-11,87.449997,87.449997,86.930000,86.930000,43.963360,309700
2004-11-12,87.339996,88.110001,87.330002,87.870003,44.438732,1125900
2004-11-15,87.949997,88.000000,87.739998,87.949997,44.479176,763200
2004-11-16,87.809998,87.949997,87.699997,87.949997,44.479176,520900
2004-11-17,87.889999,88.760002,87.889999,88.699997,44.858513,1249400
2004-11-18,88.550003,89.059998,88.410004,88.970001,44.995079,891500
2004-11-19,88.900002,89.029999,88.089996,88.260002,44.635956,1244500
2004-11-22,88.349998,88.870003,88.300003,88.720001,44.868641,511500
2004-11-23,88.500000,89.199997,88.480003,88.830002,44.924271,746300
2004-11-24,88.910004,88.910004,88.730003,88.830002,44.924271,309700
2004-11-26,88.290001,88.339996,88.230003,88.250000,44.630909,697100
2004-11-29,87.470001,87.599998,87.169998,87.309998,44.155540,1546400
2004-11-30,86.940002,87.160004,86.629997,86.940002,43.968407,1754500
2004-12-01,86.699997,86.750000,86.180000,86.449997,43.899853,2489800
2004-12-02,86.169998,86.300003,86.010002,86.099998,43.722118,2881500
2004-12-03,87.150002,87.660004,86.930000,87.440002,44.402599,2233700
2004-12-06,87.489998,87.849998,87.449997,87.739998,44.554955,1314100
2004-12-07,87.739998,87.889999,87.500000,87.849998,44.610798,784300
2004-12-08,88.410004,89.220001,88.360001,89.220001,45.306442,2639700
2004-12-09,88.989998,89.269997,88.570000,88.629997,45.006859,1428900
2004-12-10,88.949997,89.050003,88.669998,88.849998,45.118584,1445000
2004-12-13,88.820000,89.290001,88.800003,89.040001,45.215084,677400
2004-12-14,88.739998,89.440002,88.699997,89.389999,45.392822,1568200
2004-12-15,89.949997,90.250000,89.839996,90.199997,45.804161,2511500
2004-12-16,89.889999,89.889999,88.849998,88.870003,45.128742,1998200
2004-12-17,88.480003,88.879997,88.430000,88.750000,45.067814,1319800
2004-12-20,88.870003,89.099998,88.820000,88.910004,45.149094,230500
2004-12-21,89.059998,89.239998,88.900002,89.180000,45.286171,245200
2004-12-22,89.209999,89.209999,88.699997,88.879997,45.133839,511600
2004-12-23,88.739998,88.790001,88.570000,88.589996,44.986572,738600
2004-12-27,88.330002,88.370003,87.699997,87.900002,44.636169,1322600
2004-12-28,87.860001,87.910004,87.400002,87.830002,44.600639,1253500
2004-12-29,87.870003,88.000000,87.570000,87.739998,44.554955,567500
2004-12-30,87.800003,88.449997,87.739998,88.330002,44.854546,626400
2004-12-31,88.370003,88.650002,88.300003,88.550003,45.137417,1056400
2005-01-03,88.180000,88.839996,88.160004,88.739998,45.234318,1168000
2005-01-04,88.720001,88.750000,87.809998,87.809998,44.760242,1935400
2005-01-05,87.989998,88.550003,87.940002,88.279999,44.999805,1094100
2005-01-06,88.290001,88.540001,88.220001,88.339996,45.030392,1057400
2005-01-07,88.760002,88.870003,88.349998,88.540001,45.132324,738700
2005-01-10,88.639999,88.720001,88.470001,88.680000,45.203720,379400
2005-01-11,88.900002,89.279999,88.739998,89.199997,45.468746,844100
2005-01-12,88.870003,89.440002,88.800003,89.320000,45.529919,722000
2005-01-13,89.750000,90.180000,89.730003,90.180000,45.968300,1876700
2005-01-14,89.900002,90.400002,89.809998,90.169998,45.963207,1043800
2005-01-18,89.800003,90.489998,89.730003,90.470001,46.116150,1251600
2005-01-19,90.800003,90.839996,90.269997,90.730003,46.248669,655800
2005-01-20,90.419998,91.019997,90.349998,90.910004,46.340412,1064200
2005-01-21,90.599998,91.050003,90.519997,91.010002,46.391384,606300
2005-01-24,91.089996,91.500000,91.000000,91.400002,46.590237,561400
2005-01-25,91.360001,91.400002,90.510002,90.540001,46.151802,1942200
2005-01-26,90.849998,90.919998,90.629997,90.709999,46.238487,709800
2005-01-27,90.519997,90.699997,90.339996,90.540001,46.151802,463900
2005-01-28,91.220001,91.599998,91.169998,91.449997,46.615704,1128000
2005-01-31,91.330002,91.750000,91.290001,91.709999,46.748222,1313900
2005-02-01,91.440002,91.500000,91.050003,91.220001,46.674038,948200
2005-02-02,91.199997,91.459999,91.089996,91.430000,46.781471,760300
2005-02-03,91.059998,91.440002,91.059998,91.379997,46.755917,505800
2005-02-04,92.470001,92.940002,92.459999,92.650002,47.405724,3483900
2005-02-07,92.739998,93.419998,92.699997,93.339996,47.758736,1064600
2005-02-08,93.370003,94.120003,93.330002,93.870003,48.029922,1383800
2005-02-09,93.440002,94.239998,93.379997,94.120003,48.157890,2125800
2005-02-10,93.489998,93.680000,92.750000,92.849998,47.508041,1240000
2005-02-11,92.459999,92.980003,92.400002,92.790001,47.477322,1275200
2005-02-14,92.900002,93.209999,92.730003,93.080002,47.625763,295000
2005-02-15,92.599998,92.860001,92.570000,92.610001,47.385220,900200
2005-02-16,92.510002,92.570000,91.800003,92.260002,47.206173,1189700
2005-02-17,91.760002,92.139999,91.599998,91.680000,46.909389,1146400
2005-02-18,90.550003,90.949997,90.459999,90.860001,46.489815,2655800
2005-02-22,90.629997,90.750000,90.400002,90.459999,46.285175,914600
2005-02-23,91.139999,91.169998,90.430000,90.760002,46.438667,1115000
2005-02-24,91.160004,91.330002,90.559998,90.559998,46.336323,798500
2005-02-25,90.889999,91.139999,90.620003,91.000000,46.561443,588800
2005-02-28,91.099998,91.099998,89.889999,90.019997,46.060051,2797300
2005-03-01,89.540001,89.860001,89.449997,89.709999,46.045650,1648500
2005-03-02,89.449997,89.720001,89.419998,89.589996,45.984093,1139300
2005-03-03,89.620003,89.800003,89.449997,89.540001,45.958393,1600600
2005-03-04,89.989998,90.669998,89.870003,90.510002,46.456284,1567000
2005-03-07,90.849998,90.989998,90.750000,90.870003,46.641083,889800
2005-03-08,90.129997,90.269997,89.940002,90.010002,46.199654,680400
2005-03-09,89.180000,89.400002,88.440002,88.540001,45.445133,2549600
2005-03-10,88.739998,89.330002,88.389999,89.080002,45.722267,1357700
2005-03-11,88.650002,88.870003,88.400002,88.430000,45.388657,1017900
2005-03-14,88.370003,89.000000,88.300003,88.959999,45.660683,805000
2005-03-15,89.290001,89.300003,88.400002,88.400002,45.373280,963900
2005-03-16,88.540001,89.360001,88.540001,88.940002,45.650452,2097800
2005-03-17,89.349998,89.580002,89.120003,89.230003,45.799305,1025300
2005-03-18,88.900002,88.980003,88.669998,88.669998,45.511856,722700
2005-03-21,88.669998,88.669998,88.379997,88.419998,45.383526,893100
2005-03-22,88.940002,89.050003,87.540001,87.669998,44.998592,2544900
2005-03-23,87.529999,88.160004,87.529999,88.089996,45.214184,1951700
2005-03-24,88.320000,88.459999,88.180000,88.269997,45.306519,746800
2005-03-28,87.989998,88.000000,87.720001,87.730003,45.029369,382200
2005-03-29,88.080002,88.279999,87.989998,88.250000,45.296318,1135000
2005-03-30,88.199997,88.750000,88.160004,88.690002,45.522106,1095600
2005-03-31,89.199997,89.389999,88.860001,89.330002,45.850624,2410900
2005-04-01,89.529999,89.660004,88.500000,89.300003,46.005142,2805300
2005-04-04,89.279999,89.660004,89.169998,89.279999,45.994854,754800
2005-04-05,89.239998,89.360001,88.930000,89.050003,45.876373,733300
2005-04-06,89.410004,89.440002,89.199997,89.360001,46.036064,402800
2005-04-07,89.300003,89.580002,88.610001,88.639999,45.665157,973000
2005-04-08,88.559998,89.000000,88.339996,88.949997,45.824825,438600
2005-04-11,88.970001,89.620003,88.940002,89.430000,46.072163,1460200
2005-04-12,89.230003,90.400002,89.120003,90.260002,46.499756,1931500
2005-04-13,90.349998,90.440002,89.800003,90.040001,46.386436,1001700
2005-04-14,90.080002,90.120003,89.660004,89.900002,46.314289,1461800
2005-04-15,90.540001,91.120003,90.220001,91.089996,46.927338,2807300
2005-04-18,91.370003,91.389999,90.940002,91.019997,46.891277,3510800
2005-04-19,91.339996,92.040001,91.320000,91.900002,47.344627,1733600
2005-04-20,91.220001,91.769997,91.180000,91.669998,47.226166,1617900
2005-04-21,91.300003,91.419998,90.699997,90.709999,46.731606,1288500
2005-04-22,91.269997,91.580002,91.089996,91.470001,47.123146,876300
2005-04-25,91.660004,91.820000,91.510002,91.739998,47.262203,818300
2005-04-26,91.989998,92.050003,91.339996,91.599998,47.190067,549300
2005-04-27,92.050003,92.199997,91.800003,91.919998,47.354923,684900
2005-04-28,92.050003,92.650002,91.949997,92.599998,47.705219,1062000
2005-04-29,92.570000,92.940002,92.220001,92.440002,47.622833,1445100
2005-05-02,92.150002,92.260002,91.709999,92.089996,47.612480,1358200
2005-05-03,92.070000,92.540001,91.919998,92.339996,47.741703,1884900
2005-05-04,91.449997,91.720001,91.050003,91.529999,47.322983,2211500
2005-05-05,91.300003,91.839996,91.209999,91.739998,47.431530,1757900
2005-05-06,90.930000,91.199997,90.809998,91.059998,47.079929,850600
2005-05-09,91.010002,91.239998,91.000000,91.150002,47.126503,327800
2005-05-10,91.360001,91.800003,91.339996,91.800003,47.462551,495500
2005-05-11,92.139999,92.519997,91.989998,92.080002,47.607307,1058700
2005-05-12,92.000000,92.470001,91.720001,92.440002,47.793446,657000
2005-05-13,92.709999,93.019997,92.570000,92.800003,47.979584,1698100
2005-05-16,93.040001,93.070000,92.680000,92.690002,47.922676,824800
2005-05-17,92.959999,93.190002,92.900002,92.949997,48.057079,856300
2005-05-18,93.699997,93.800003,93.339996,93.570000,48.377670,1092300
2005-05-19,93.699997,93.699997,93.279999,93.330002,48.253590,948800
2005-05-20,93.250000,93.510002,93.209999,93.440002,48.310455,806800
2005-05-23,93.599998,94.230003,93.570000,94.169998,48.687904,905600
2005-05-24,94.529999,94.650002,94.180000,94.430000,48.822289,1695400
2005-05-25,94.589996,94.650002,93.730003,93.769997,48.481041,1923300
2005-05-26,93.589996,94.070000,93.589996,93.739998,48.465572,978300
2005-05-27,93.739998,93.980003,93.540001,93.839996,48.517277,650600
2005-05-31,94.220001,95.050003,94.220001,95.000000,49.117039,1979000
2005-06-01,95.199997,95.839996,95.190002,95.809998,49.718456,3823200
2005-06-02,95.730003,96.190002,95.730003,96.040001,49.837818,1703400
2005-06-03,96.900002,97.000000,95.199997,95.250000,49.427883,5558100
2005-06-06,95.500000,95.879997,95.349998,95.750000,49.687305,1088700
2005-06-07,96.470001,96.580002,96.050003,96.510002,50.081707,1503100
2005-06-08,96.309998,96.449997,96.050003,96.050003,49.842995,1272400
2005-06-09,95.669998,96.010002,95.430000,95.970001,49.801456,612700
2005-06-10,95.550003,95.550003,94.860001,94.889999,49.241024,1464800
2005-06-13,94.480003,94.529999,94.169998,94.320000,48.945255,1616700
2005-06-14,94.050003,94.160004,93.570000,93.699997,48.623520,1984500
2005-06-15,93.389999,93.870003,93.330002,93.870003,48.711731,1996800
2005-06-16,93.800003,94.419998,93.570000,94.339996,48.955616,1370300
2005-06-17,94.110001,94.470001,94.019997,94.330002,48.950420,555900
2005-06-20,93.820000,94.199997,93.599998,94.169998,48.867447,453000
2005-06-21,94.379997,94.860001,94.320000,94.860001,49.225456,503100
2005-06-22,95.489998,96.089996,95.260002,96.010002,49.822254,952200
2005-06-23,95.800003,95.980003,95.540001,95.910004,49.770363,996300
2005-06-24,96.239998,96.449997,96.019997,96.389999,50.019413,928000
2005-06-27,96.489998,96.809998,96.349998,96.650002,50.154366,1203600
2005-06-28,96.320000,96.370003,95.910004,95.989998,49.811802,982400
2005-06-29,96.470001,96.480003,95.599998,95.839996,49.733974,1682400
2005-06-30,95.860001,96.720001,95.809998,96.699997,50.180328,2159400
2005-07-01,96.040001,96.260002,94.989998,95.199997,49.572102,2222700
2005-07-05,94.349998,94.739998,94.269997,94.300003,49.103470,1076100
2005-07-06,94.629997,94.830002,94.430000,94.820000,49.374203,854100
2005-07-07,95.430000,95.550003,94.959999,95.019997,49.478336,1678000
2005-07-08,95.250000,95.250000,94.320000,94.629997,49.275280,1259300
2005-07-11,94.110001,94.650002,93.949997,94.629997,49.275280,982000
2005-07-12,94.349998,94.529999,94.059998,94.099998,48.999283,743700
2005-07-13,94.050003,94.099998,93.860001,93.959999,48.926426,886600
2005-07-14,94.099998,94.139999,93.599998,93.720001,48.801434,874300
2005-07-15,93.500000,94.029999,93.500000,93.970001,48.931641,1064700
2005-07-18,93.849998,93.970001,93.099998,93.269997,48.567112,1204500
2005-07-19,93.230003,93.720001,93.120003,93.599998,48.738934,1226900
2005-07-20,93.510002,94.239998,93.180000,94.110001,49.004509,1884500
2005-07-21,93.480003,93.540001,92.680000,92.830002,48.337975,3824200
2005-07-22,93.099998,93.620003,93.029999,93.550003,48.712921,1614900
2005-07-25,93.400002,93.709999,93.139999,93.209999,48.535889,305100
2005-07-26,93.269997,93.410004,93.169998,93.360001,48.613960,340500
2005-07-27,93.070000,93.269997,93.010002,93.209999,48.535889,593300
2005-07-28,93.379997,94.169998,93.379997,94.040001,48.968044,578900
2005-07-29,93.800003,93.800003,92.849998,93.110001,48.483852,1699500
2005-08-01,92.500000,92.599998,92.019997,92.419998,48.303501,1760300
2005-08-02,92.269997,92.459999,91.959999,92.120003,48.146709,1071400
2005-08-03,92.250000,92.660004,92.250000,92.570000,48.381878,591100
2005-08-04,92.589996,92.790001,92.199997,92.379997,48.282616,1046800
2005-08-05,91.699997,91.870003,91.550003,91.660004,47.906261,1041600
2005-08-08,91.680000,91.849998,91.440002,91.489998,47.817383,836600
2005-08-09,91.699997,91.849998,91.279999,91.830002,47.995155,1474800
2005-08-10,92.010002,92.099998,91.540001,91.730003,47.942875,909300
2005-08-11,92.029999,92.449997,91.699997,92.370003,48.277374,881600
2005-08-12,92.620003,93.440002,92.570000,93.309998,48.768646,1765100
2005-08-15,93.260002,93.300003,93.050003,93.070000,48.643188,954300
2005-08-16,93.680000,93.900002,93.500000,93.720001,48.982903,1311000
2005-08-17,93.510002,93.730003,92.980003,93.099998,48.658852,1278200
2005-08-18,93.449997,93.809998,93.269997,93.790001,49.019531,833900
2005-08-19,93.360001,93.839996,93.339996,93.779999,49.014324,439200
2005-08-22,93.540001,93.800003,93.199997,93.680000,48.962063,599300
2005-08-23,93.730003,94.230003,93.650002,94.110001,49.186745,491800
2005-08-24,94.269997,94.330002,93.849998,94.199997,49.233814,998200
2005-08-25,94.279999,94.610001,94.059998,94.500000,49.390644,812400
2005-08-26,94.650002,94.879997,94.199997,94.470001,49.374920,874600
2005-08-29,94.830002,94.879997,94.500000,94.589996,49.437660,550100
2005-08-30,94.830002,95.349998,94.720001,95.190002,49.751240,1392700
2005-08-31,95.309998,96.000000,95.300003,95.989998,50.169346,1310800
2005-09-01,95.309998,95.739998,94.930000,95.080002,49.867271,1899000
2005-09-02,94.879997,95.290001,94.800003,95.160004,49.909229,621400
2005-09-06,95.010002,95.169998,94.480003,94.489998,49.557835,965300
2005-09-07,94.180000,94.180000,93.360001,93.599998,49.091049,1090200
2005-09-08,93.889999,93.980003,93.599998,93.699997,49.143478,373100
2005-09-09,93.959999,94.320000,93.879997,94.000000,49.300804,426300
2005-09-12,93.660004,93.709999,93.190002,93.349998,48.959892,917300
2005-09-13,93.760002,94.120003,93.639999,93.839996,49.216900,450400
2005-09-14,93.820000,93.879997,93.379997,93.480003,49.028091,346400
2005-09-15,93.349998,93.349998,92.400002,92.709999,48.624245,2225800
2005-09-16,92.300003,92.480003,91.879997,92.099998,48.304344,2145500
2005-09-19,92.180000,92.440002,92.099998,92.300003,48.409172,886100
2005-09-20,92.290001,92.800003,91.879997,92.540001,48.535069,1848800
2005-09-21,93.279999,93.410004,93.129997,93.400002,48.986145,993000
2005-09-22,93.370003,93.449997,93.129997,93.309998,48.938919,761700
2005-09-23,93.050003,93.099998,92.610001,92.610001,48.571827,656800
2005-09-26,92.110001,92.379997,92.099998,92.190002,48.351536,680900
2005-09-27,92.269997,92.559998,91.940002,92.320000,48.419708,827800
2005-09-28,92.389999,93.019997,92.260002,92.940002,48.744881,712800
2005-09-29,92.599998,92.610001,92.360001,92.519997,48.524578,657100
2005-09-30,92.580002,92.690002,92.000000,92.199997,48.356754,1391800
2005-10-03,91.790001,92.199997,91.099998,91.120003,47.978710,1370900
2005-10-04,91.370003,91.540001,91.209999,91.419998,48.136654,783200
2005-10-05,91.680000,91.980003,91.570000,91.820000,48.347298,1215800
2005-10-06,91.699997,91.739998,91.440002,91.470001,48.163036,340000
2005-10-07,91.089996,91.949997,90.959999,91.839996,48.357826,1337800
2005-10-10,91.849998,91.970001,91.620003,91.779999,48.326221,159700
2005-10-11,91.839996,91.919998,91.449997,91.589996,48.226162,679100
2005-10-12,91.440002,91.440002,90.650002,90.699997,47.757553,1105700
2005-10-13,90.250000,90.500000,90.080002,90.370003,47.583790,1376600
2005-10-14,90.599998,90.699997,89.820000,90.230003,47.510075,1042600
2005-10-17,90.419998,90.610001,90.120003,90.209999,47.499569,1058200
2005-10-18,90.459999,90.480003,90.230003,90.309998,47.552174,878200
2005-10-19,90.660004,90.870003,90.349998,90.349998,47.573219,904800
2005-10-20,90.279999,90.599998,90.129997,90.589996,47.699612,810300
2005-10-21,90.830002,91.470001,90.750000,91.430000,48.141960,1252800
2005-10-24,91.320000,91.410004,90.489998,90.720001,47.768085,939100
2005-10-25,90.820000,91.050003,89.930000,89.940002,47.357391,632900
2005-10-26,89.449997,89.699997,89.160004,89.279999,47.009853,2895800
2005-10-27,89.599998,89.790001,89.300003,89.599998,47.178352,1197400
2005-10-28,89.720001,89.879997,89.120003,89.610001,47.183647,750400
2005-10-31,89.769997,90.040001,89.580002,89.779999,47.273121,547700
2005-11-01,89.430000,89.650002,89.089996,89.279999,47.218643,647100
2005-11-02,89.080002,89.389999,88.830002,88.860001,46.996555,781100
2005-11-03,88.889999,88.970001,88.239998,88.260002,46.679176,962900
2005-11-04,88.419998,88.639999,87.860001,88.120003,46.605186,1888700
2005-11-07,88.500000,88.570000,88.349998,88.419998,46.763832,1121600
2005-11-08,88.889999,89.320000,88.889999,89.279999,47.218643,1396800
2005-11-09,88.779999,88.930000,88.360001,88.360001,46.732090,1140300
2005-11-10,88.720001,89.480003,88.629997,89.440002,47.303280,1695200
2005-11-11,89.599998,89.699997,89.440002,89.489998,47.329708,193700
2005-11-14,89.379997,89.449997,88.620003,88.820000,46.975380,1230100
2005-11-15,88.750000,89.650002,88.750000,89.400002,47.282116,839800
2005-11-16,89.800003,90.440002,89.750000,90.339996,47.779278,1822300
2005-11-17,90.169998,90.900002,90.050003,90.559998,47.895611,1003100
2005-11-18,90.370003,90.449997,90.059998,90.139999,47.673527,734200
2005-11-21,90.339996,90.660004,90.330002,90.410004,47.816303,503300
2005-11-22,90.370003,90.669998,90.349998,90.529999,47.879768,1026900
2005-11-23,90.589996,90.690002,89.860001,90.180000,47.694691,768300
2005-11-25,90.410004,90.540001,90.339996,90.510002,47.869194,421500
2005-11-28,90.519997,91.139999,90.519997,90.959999,48.107174,883400
2005-11-29,91.080002,91.110001,90.029999,90.099998,47.652370,889200
2005-11-30,90.300003,90.300003,89.820000,90.000000,47.599464,1642800
2005-12-01,90.000000,90.010002,89.180000,89.470001,47.525089,1214800
2005-12-02,89.269997,89.550003,89.150002,89.500000,47.541061,746200
2005-12-05,89.349998,89.349998,88.849998,89.099998,47.328545,431100
2005-12-06,89.410004,90.120003,89.320000,90.010002,47.811954,968800
2005-12-07,89.800003,89.910004,89.519997,89.669998,47.631344,386600
2005-12-08,89.980003,90.360001,89.800003,90.250000,47.939400,976200
2005-12-09,89.980003,90.010002,89.470001,89.540001,47.562279,817400
2005-12-12,89.750000,89.750000,89.139999,89.370003,47.471962,440500
2005-12-13,89.720001,89.820000,89.379997,89.699997,47.647251,598700
2005-12-14,90.199997,90.820000,90.139999,90.620003,48.135956,635000
2005-12-15,90.440002,90.440002,89.989998,90.400002,48.019115,724300
2005-12-16,90.830002,90.930000,90.559998,90.699997,48.178455,684500
2005-12-19,90.599998,91.099998,90.559998,90.790001,48.226280,469800
2005-12-20,90.580002,90.800003,90.400002,90.680000,48.167805,236000
2005-12-21,90.529999,90.580002,90.290001,90.519997,48.082832,193100
2005-12-22,90.919998,91.309998,90.910004,91.239998,48.465309,692700
2005-12-23,91.190002,92.040001,91.099998,91.800003,48.762787,2295800
2005-12-27,91.970001,92.589996,91.800003,92.550003,49.161140,519500
2005-12-28,92.029999,92.250000,91.750000,91.910004,49.024067,1295700
2005-12-29,92.029999,92.129997,91.690002,92.110001,49.130726,740600
2005-12-30,92.540001,92.589996,91.699997,91.900002,49.018730,1099500
2006-01-03,91.589996,92.250000,91.480003,91.779999,48.954704,1392700
2006-01-04,91.540001,92.070000,91.419998,92.000000,49.072090,387600
2006-01-05,91.879997,92.139999,91.699997,91.889999,49.013359,453400
2006-01-06,91.769997,91.900002,91.489998,91.720001,48.922688,1193700
2006-01-09,91.699997,91.779999,91.540001,91.779999,48.954704,413600
2006-01-10,91.629997,91.680000,91.029999,91.040001,48.559971,698900
2006-01-11,91.250000,91.290001,90.750000,90.889999,48.480000,394600
2006-01-12,91.129997,91.519997,91.000000,91.500000,48.805355,626600
2006-01-13,91.589996,92.300003,91.580002,92.029999,49.088081,491000
2006-01-17,92.000000,92.500000,91.930000,92.440002,49.306767,454300
2006-01-18,92.760002,92.769997,92.120003,92.410004,49.290798,622100
2006-01-19,92.070000,92.440002,91.959999,92.139999,49.146729,490600
2006-01-20,92.320000,92.480003,92.050003,92.379997,49.274750,842600
2006-01-23,91.800003,92.500000,91.730003,92.349998,49.258755,720400
2006-01-24,92.000000,92.190002,91.760002,91.900002,49.018730,300500
2006-01-25,91.510002,91.570000,90.790001,90.900002,48.485348,1204500
2006-01-26,90.550003,90.599998,90.050003,90.510002,48.277290,764100
2006-01-27,90.800003,90.800003,90.160004,90.510002,48.277290,1091400
2006-01-30,90.300003,90.500000,90.239998,90.419998,48.229309,308500
2006-01-31,90.349998,90.730003,90.199997,90.669998,48.362633,676100
2006-02-01,90.150002,90.459999,89.849998,90.040001,48.197273,622300
2006-02-02,90.040001,90.410004,89.860001,90.209999,48.288273,658500
2006-02-03,90.000000,91.000000,89.820000,90.849998,48.630821,1524600
2006-02-06,90.980003,91.209999,90.889999,91.029999,48.727154,755100
2006-02-07,91.120003,91.120003,90.500000,90.599998,48.497005,280500
2006-02-08,90.879997,90.879997,90.290001,90.389999,48.384617,261700
2006-02-09,90.139999,90.900002,90.059998,90.800003,48.604095,1119200
2006-02-10,91.199997,91.379997,90.239998,90.300003,48.336433,938000
2006-02-13,90.239998,90.360001,90.160004,90.309998,48.341740,218700
2006-02-14,89.900002,90.199997,89.720001,89.989998,48.170502,836100
2006-02-15,90.139999,90.470001,89.879997,90.209999,48.288273,720300
2006-02-16,90.199997,90.300003,90.000000,90.230003,48.298988,427800
2006-02-17,90.800003,91.070000,90.800003,90.949997,48.684368,731400
2006-02-21,90.900002,91.000000,90.779999,90.800003,48.604095,433300
2006-02-22,91.120003,91.449997,91.089996,91.419998,48.935955,559000
2006-02-23,91.309998,91.309998,90.930000,91.190002,48.812840,288300
2006-02-24,91.440002,91.440002,90.949997,91.050003,48.737873,485700
2006-02-27,91.349998,91.349998,90.730003,90.900002,48.657608,446200
2006-02-28,91.000000,91.440002,90.919998,91.349998,48.898499,744200
2006-03-01,90.769997,90.870003,90.379997,90.480003,48.603031,713600
2006-03-02,90.059998,90.099998,89.400002,89.849998,48.264633,1640000
2006-03-03,89.480003,89.550003,89.230003,89.330002,47.985298,1253300
2006-03-06,88.980003,88.989998,88.500000,88.550003,47.566303,872700
2006-03-07,88.400002,88.750000,88.309998,88.610001,47.598534,1692900
2006-03-08,88.570000,88.879997,88.449997,88.580002,47.582409,1184700
2006-03-09,88.559998,88.669998,88.269997,88.610001,47.598534,282100
2006-03-10,88.320000,88.470001,88.010002,88.279999,47.421257,1086900
2006-03-13,88.139999,88.269997,88.010002,88.209999,47.383629,1740100
2006-03-14,88.449997,88.989998,88.449997,88.800003,47.700626,904400
2006-03-15,88.440002,88.540001,88.150002,88.320000,47.442745,971000
2006-03-16,88.510002,89.330002,88.430000,89.120003,47.872444,1048000
2006-03-17,88.849998,89.000000,88.750000,88.849998,47.727455,703500
2006-03-20,89.230003,89.239998,88.980003,88.989998,47.802673,576000
2006-03-21,89.150002,89.150002,88.360001,88.529999,47.555550,817200
2006-03-22,88.750000,88.980003,88.629997,88.720001,47.657608,205500
2006-03-23,88.820000,88.870003,88.339996,88.440002,47.507198,613400
2006-03-24,88.529999,89.290001,88.500000,89.089996,47.856361,954800
2006-03-27,89.050003,89.050003,88.599998,88.760002,47.679127,467100
2006-03-28,88.400002,88.430000,87.839996,87.930000,47.233265,1094900
2006-03-29,87.830002,88.019997,87.370003,87.510002,47.007652,1071700
2006-03-30,87.139999,87.290001,86.589996,86.900002,46.679974,1152000
2006-03-31,86.980003,87.139999,86.800003,86.870003,46.663826,1167700
2006-04-03,86.180000,86.690002,86.080002,86.570000,46.678959,1549700
2006-04-04,86.699997,86.900002,86.360001,86.480003,46.630432,749100
2006-04-05,86.699997,86.779999,86.500000,86.599998,46.695114,638600
2006-04-06,86.290001,86.290001,85.760002,85.940002,46.339256,2022100
2006-04-07,85.430000,85.629997,84.900002,85.099998,45.886360,1956500
2006-04-10,85.150002,85.300003,84.959999,85.260002,45.972610,1527100
2006-04-11,85.580002,85.699997,85.330002,85.559998,46.134357,1237300
2006-04-12,85.599998,85.730003,85.000000,85.040001,45.853977,1902000
2006-04-13,84.500000,84.639999,84.269997,84.440002,45.530449,3219400
2006-04-17,84.540001,84.970001,84.349998,84.750000,45.697594,1465400
2006-04-18,84.949997,85.269997,84.739998,84.900002,45.778454,2680300
2006-04-19,84.449997,84.589996,84.059998,84.379997,45.498100,1830300
2006-04-20,84.419998,84.510002,84.120003,84.309998,45.460316,1378200
2006-04-21,84.529999,84.860001,84.250000,84.800003,45.724533,1303000
2006-04-24,84.940002,85.389999,84.849998,85.139999,45.907906,991500
2006-04-25,85.040001,85.099998,84.059998,84.129997,45.363297,2067400
2006-04-26,83.849998,84.080002,83.730003,83.989998,45.287800,1544900
2006-04-27,83.750000,84.300003,83.650002,84.099998,45.347107,1864200
2006-04-28,83.970001,84.209999,83.760002,84.160004,45.379456,809400
2006-05-01,83.669998,83.680000,83.120003,83.199997,45.038414,1795500
2006-05-02,83.260002,83.540001,83.260002,83.419998,45.157539,1097900
2006-05-03,83.419998,83.430000,82.940002,83.239998,45.060074,1114000
2006-05-04,83.379997,83.400002,83.099998,83.099998,44.984329,977800
2006-05-05,84.000000,84.080002,83.489998,83.599998,45.254955,1685900
2006-05-08,83.739998,83.769997,83.529999,83.650002,45.282047,666400
2006-05-09,83.550003,83.680000,83.330002,83.599998,45.254955,341300
2006-05-10,83.800003,84.019997,83.349998,83.750000,45.336151,1320200
2006-05-11,83.459999,83.459999,83.089996,83.339996,45.114220,1189800
2006-05-12,82.809998,83.010002,82.559998,82.650002,44.740707,1804700
2006-05-15,82.650002,83.230003,82.650002,82.980003,44.919312,1433500
2006-05-16,83.080002,83.639999,83.080002,83.599998,45.254955,1677600
2006-05-17,82.910004,83.080002,82.720001,83.080002,44.973495,1440800
2006-05-18,83.550003,84.230003,83.529999,84.209999,45.585186,2177700
2006-05-19,84.120003,84.860001,84.080002,84.430000,45.704254,2619500
2006-05-22,84.839996,85.150002,84.480003,84.610001,45.801697,2652000
2006-05-23,84.050003,84.559998,84.029999,84.559998,45.774647,1394900
2006-05-24,84.809998,85.000000,84.529999,84.599998,45.796280,1226300
2006-05-25,84.720001,84.730003,84.190002,84.269997,45.617622,678000
2006-05-26,84.239998,84.500000,84.209999,84.209999,45.585186,398400
2006-05-30,84.190002,84.300003,84.010002,84.169998,45.563522,482200
2006-05-31,84.339996,84.430000,83.580002,83.669998,45.292870,880700
2006-06-01,83.400002,83.839996,83.349998,83.709999,45.495029,1561100
2006-06-02,84.720001,84.889999,84.500000,84.790001,46.081993,2041900
2006-06-05,84.809998,84.820000,84.510002,84.680000,46.022240,1102900
2006-06-06,84.660004,85.180000,84.589996,85.080002,46.239616,2188000
2006-06-07,84.730003,85.099998,84.650002,85.099998,46.250507,1324100
2006-06-08,85.239998,85.779999,85.110001,85.269997,46.342850,3496700
2006-06-09,85.349998,85.820000,85.349998,85.720001,46.587463,657200
2006-06-12,85.680000,85.790001,85.529999,85.790001,46.625492,528700
2006-06-13,85.849998,85.940002,85.550003,85.849998,46.658092,1448300
2006-06-14,85.500000,85.559998,84.910004,84.989998,46.190681,1439100
2006-06-15,84.690002,84.839996,84.410004,84.500000,45.924400,1734600
2006-06-16,84.699997,84.760002,84.180000,84.309998,45.821121,1184600
2006-06-19,84.209999,84.290001,83.980003,84.190002,45.755920,1233700
2006-06-20,84.129997,84.190002,83.879997,84.050003,45.679821,611400
2006-06-21,84.250000,84.250000,84.070000,84.070000,45.690697,476000
2006-06-22,83.839996,83.900002,83.559998,83.589996,45.429832,745500
2006-06-23,83.620003,83.730003,83.349998,83.419998,45.337440,675500
2006-06-26,83.419998,83.470001,83.120003,83.260002,45.250450,526100
2006-06-27,83.379997,83.739998,83.379997,83.669998,45.473293,429100
2006-06-28,83.629997,83.629997,83.190002,83.230003,45.234165,381300
2006-06-29,83.580002,83.820000,83.360001,83.510002,45.386322,1609300
2006-06-30,83.500000,84.400002,83.500000,84.320000,45.826542,1219000
2006-07-03,83.900002,83.959999,83.730003,83.910004,45.781273,716800
2006-07-05,83.400002,83.419998,82.949997,83.239998,45.415718,1289200
2006-07-06,83.330002,83.790001,83.330002,83.750000,45.693962,451400
2006-07-07,84.199997,84.459999,84.080002,84.290001,45.988594,1356900
2006-07-10,84.180000,84.400002,84.050003,84.370003,46.032249,480400
2006-07-11,84.589996,84.860001,84.580002,84.639999,46.179607,423800
2006-07-12,84.330002,84.820000,84.269997,84.660004,46.190487,641000
2006-07-13,84.699997,85.050003,84.680000,84.989998,46.370506,1347400
2006-07-14,84.820000,85.160004,84.820000,85.040001,46.397804,1343900
2006-07-17,84.970001,85.190002,84.849998,85.169998,46.468704,514100
2006-07-18,84.699997,84.750000,84.400002,84.440002,46.070450,621000
2006-07-19,84.330002,85.300003,84.239998,85.239998,46.506950,1267400
2006-07-20,84.970001,85.629997,84.970001,85.489998,46.643349,1320200
2006-07-21,85.599998,85.669998,85.199997,85.330002,46.556019,652100
2006-07-24,85.410004,85.510002,85.209999,85.279999,46.528790,393900
2006-07-25,85.230003,85.379997,84.900002,85.029999,46.392315,948200
2006-07-26,84.910004,85.370003,84.870003,85.339996,46.561466,717100
2006-07-27,85.480003,85.480003,85.120003,85.209999,46.490555,295500
2006-07-28,85.650002,85.889999,85.599998,85.699997,46.757881,769800
2006-07-31,85.620003,85.809998,85.550003,85.809998,46.817890,375100
2006-08-01,85.320000,85.500000,85.040001,85.459999,46.813538,577800
2006-08-02,85.370003,85.779999,85.199997,85.779999,46.988834,477400
2006-08-03,85.629997,86.040001,85.519997,85.800003,46.999783,500500
2006-08-04,86.400002,86.480003,86.290001,86.320000,47.284603,1246000
2006-08-07,86.330002,86.389999,86.180000,86.370003,47.312023,1127600
2006-08-08,86.379997,86.570000,86.089996,86.180000,47.207939,844400
2006-08-09,85.750000,86.019997,85.709999,85.900002,47.054573,372400
2006-08-10,85.849998,85.849998,85.449997,85.769997,46.983341,539000
2006-08-11,85.470001,85.529999,85.360001,85.400002,46.780701,450800
2006-08-14,85.349998,85.370003,85.190002,85.250000,46.698509,662300
2006-08-15,85.779999,86.089996,85.779999,85.970001,47.092907,1093800
2006-08-16,86.570000,86.639999,86.459999,86.550003,47.410622,838900
2006-08-17,86.769997,86.769997,86.419998,86.519997,47.394173,922300
2006-08-18,86.720001,86.910004,86.650002,86.769997,47.531101,1050700
2006-08-21,86.889999,87.080002,86.870003,87.080002,47.700939,676400
2006-08-22,87.000000,87.230003,86.970001,87.110001,47.717354,749300
2006-08-23,87.059998,87.239998,86.860001,87.150002,47.739265,801700
2006-08-24,87.410004,87.440002,87.239998,87.309998,47.826942,1206700
2006-08-25,87.239998,87.589996,87.199997,87.440002,47.898159,569000
2006-08-28,87.410004,87.519997,87.239998,87.519997,47.941933,582300
2006-08-29,87.250000,87.639999,86.980003,87.639999,48.007710,1345600
2006-08-30,87.830002,87.870003,87.660004,87.870003,48.133656,1180500
2006-08-31,87.739998,88.199997,87.739998,88.080002,48.248734,1272400
2006-09-01,87.620003,87.900002,87.470001,87.760002,48.265228,893400
2006-09-05,87.510002,87.639999,87.160004,87.209999,47.962753,2271300
2006-09-06,86.889999,87.089996,86.720001,87.089996,47.896774,1853400
2006-09-07,86.930000,87.320000,86.739998,87.260002,47.990250,1716100
2006-09-08,87.489998,87.599998,87.330002,87.330002,48.028767,540300
2006-09-11,87.489998,87.489998,86.949997,87.250000,47.984756,557600
2006-09-12,87.150002,87.709999,87.000000,87.690002,48.226738,820800
2006-09-13,88.029999,88.029999,87.660004,87.730003,48.248718,797000
2006-09-14,87.650002,87.870003,87.419998,87.529999,48.138706,672800
2006-09-15,87.760002,87.949997,87.449997,87.459999,48.100216,1047200
2006-09-18,86.970001,87.379997,86.970001,87.320000,48.023224,871400
2006-09-19,87.860001,88.300003,87.839996,88.300003,48.562206,1229600
2006-09-20,88.379997,88.480003,88.139999,88.430000,48.633724,827400
2006-09-21,88.349998,89.279999,88.349998,89.239998,49.079197,1698600
2006-09-22,89.320000,89.699997,89.320000,89.680000,49.321163,1428600
2006-09-25,89.839996,90.309998,89.809998,90.309998,49.667618,2607600
2006-09-26,90.000000,90.099998,89.820000,89.930000,49.458622,2200000
2006-09-27,90.250000,90.279999,89.629997,89.669998,49.315639,1165400
2006-09-28,89.430000,89.589996,89.269997,89.519997,49.233162,1796800
2006-09-29,89.690002,89.730003,89.089996,89.410004,49.172668,1398000
2006-10-02,89.099998,89.449997,88.970001,89.300003,49.307381,1211900
2006-10-03,89.400002,89.440002,89.150002,89.180000,49.241150,854900
2006-10-04,89.330002,89.849998,89.330002,89.830002,49.600052,1155500
2006-10-05,89.540001,89.540001,88.949997,89.199997,49.252159,1241600
2006-10-06,89.089996,89.099998,88.220001,88.269997,48.738659,2472400
2006-10-09,88.099998,88.599998,88.010002,88.510002,48.871201,834900
2006-10-10,87.949997,88.110001,87.629997,87.809998,48.484684,1398700
2006-10-11,87.949997,88.029999,87.419998,87.550003,48.341125,1521600
2006-10-12,87.629997,87.769997,87.480003,87.599998,48.368748,586400
2006-10-13,87.290001,87.360001,87.110001,87.160004,48.125809,1414100
2006-10-16,87.400002,87.559998,87.370003,87.550003,48.341125,897600
2006-10-17,87.879997,88.050003,87.510002,87.620003,48.379765,730800
2006-10-18,87.690002,87.879997,87.550003,87.800003,48.479134,499600
2006-10-19,87.589996,87.760002,87.360001,87.639999,48.390820,797300
2006-10-20,87.610001,87.699997,87.550003,87.550003,48.341125,280700
2006-10-23,87.150002,87.209999,86.879997,87.199997,48.147896,1200600
2006-10-24,87.169998,87.250000,87.150002,87.199997,48.147896,243400
2006-10-25,87.269997,87.970001,87.230003,87.889999,48.528847,558400
2006-10-26,88.150002,88.519997,88.150002,88.459999,48.843601,1558300
2006-10-27,89.019997,89.050003,88.699997,88.870003,49.069965,1601500
2006-10-30,88.889999,89.120003,88.839996,89.120003,49.208004,901200
2006-10-31,89.250000,89.870003,89.139999,89.809998,49.588997,964600
2006-11-01,89.610001,90.120003,89.449997,89.959999,49.863388,1440100
2006-11-02,89.629997,89.769997,89.480003,89.589996,49.658264,853300
2006-11-03,88.669998,88.839996,88.300003,88.529999,49.070740,1534100
2006-11-06,88.349998,88.790001,88.349998,88.790001,49.214886,528000
2006-11-07,89.279999,89.510002,89.120003,89.199997,49.442093,525900
2006-11-08,89.239998,89.519997,89.089996,89.519997,49.619480,706300
2006-11-09,89.470001,89.589996,89.379997,89.470001,49.591751,729600
2006-11-10,89.650002,90.040001,89.650002,89.860001,49.807961,738100
2006-11-13,89.839996,89.839996,89.470001,89.839996,49.796844,462400
2006-11-14,90.339996,90.389999,90.120003,90.190002,49.990852,916400
2006-11-15,90.050003,90.050003,89.739998,89.849998,49.802349,1803200
2006-11-16,90.000000,90.050003,89.279999,89.440002,49.575119,1494400
2006-11-17,89.559998,90.220001,89.510002,89.949997,49.857826,1752000
2006-11-20,90.000000,90.120003,89.860001,90.089996,49.935413,857200
2006-11-21,90.139999,90.389999,89.959999,90.309998,50.057346,605100
2006-11-22,90.360001,90.510002,90.269997,90.459999,50.140495,770300
2006-11-24,90.750000,90.900002,90.620003,90.620003,50.229187,533400
2006-11-27,90.230003,90.949997,90.120003,90.949997,50.412132,784500
2006-11-28,91.239998,91.250000,90.760002,91.139999,50.517433,1466300
2006-11-29,91.300003,91.360001,90.910004,90.930000,50.401035,1206400
2006-11-30,91.269997,91.629997,91.139999,91.529999,50.733589,1428600
2006-12-01,91.279999,91.800003,91.150002,91.419998,50.862633,1156000
2006-12-04,91.300003,91.620003,91.220001,91.580002,50.951660,460700
2006-12-05,91.360001,91.519997,91.000000,91.150002,50.712425,1833700
2006-12-06,91.029999,91.180000,90.889999,90.970001,50.612301,936100
2006-12-07,90.989998,91.089996,90.750000,90.900002,50.573357,739200
2006-12-08,90.849998,90.970001,90.190002,90.239998,50.206184,2090300
2006-12-11,90.629997,90.739998,90.510002,90.629997,50.423183,727700
2006-12-12,90.730003,90.970001,90.449997,90.820000,50.528820,802800
2006-12-13,90.309998,90.349998,89.820000,90.010002,50.078209,1217900
2006-12-14,89.820000,89.900002,89.599998,89.680000,49.894581,687600
2006-12-15,90.580002,90.660004,89.599998,89.730003,49.922428,1162100
2006-12-18,89.720001,89.839996,89.589996,89.760002,49.939129,441400
2006-12-19,89.510002,89.809998,89.510002,89.639999,49.872341,930700
2006-12-20,89.650002,89.680000,89.550003,89.629997,49.866764,336800
2006-12-21,89.709999,90.190002,89.599998,90.080002,50.117142,770700
2006-12-22,89.830002,89.849998,89.209999,89.389999,49.733276,1433200
2006-12-26,89.449997,89.690002,89.360001,89.660004,49.883503,496200
2006-12-27,89.279999,89.330002,88.699997,88.699997,49.516682,840700
2006-12-28,88.900002,88.959999,88.059998,88.500000,49.405041,1080200
2006-12-29,88.349998,88.550003,88.209999,88.430000,49.365974,775500
2007-01-03,89.220001,89.459999,88.660004,89.059998,49.717670,1870400
2007-01-04,89.220001,89.650002,89.220001,89.599998,50.019100,1697000
2007-01-05,88.800003,89.400002,88.750000,89.209999,49.801434,1298400
2007-01-08,89.120003,89.370003,89.050003,89.370003,49.890724,414200
2007-01-09,89.480003,89.480003,89.220001,89.370003,49.890724,481500
2007-01-10,89.070000,89.129997,88.879997,88.970001,49.667400,519600
2007-01-11,88.790001,88.800003,88.260002,88.449997,49.377140,1293500
2007-01-12,88.150002,88.839996,87.900002,88.040001,49.148243,846300
2007-01-16,88.230003,88.239998,88.029999,88.230003,49.254311,702800
2007-01-17,88.209999,88.269997,87.820000,87.959999,49.103573,724200
2007-01-18,87.940002,88.279999,87.779999,88.230003,49.254311,918300
2007-01-19,88.150002,88.150002,87.870003,87.989998,49.120342,882500
2007-01-22,88.150002,88.330002,88.120003,88.199997,49.237595,432000
2007-01-23,88.019997,88.050003,87.570000,87.620003,48.913754,1096800
2007-01-24,87.660004,87.699997,87.500000,87.610001,48.908195,463700
2007-01-25,87.449997,87.470001,86.879997,86.980003,48.556477,1397000
2007-01-26,86.779999,87.080002,86.650002,86.910004,48.517403,1576800
2007-01-29,87.059998,87.099998,86.599998,86.720001,48.411316,1015300
2007-01-30,86.889999,86.910004,86.760002,86.820000,48.467159,1295100
2007-01-31,86.699997,87.610001,86.699997,87.550003,48.874691,2078000
2007-02-01,87.650002,87.760002,87.000000,87.089996,48.815868,986200
2007-02-02,87.080002,87.389999,87.080002,87.199997,48.877514,814700
2007-02-05,87.400002,87.459999,87.160004,87.320000,48.944756,395500
2007-02-06,87.199997,87.830002,87.160004,87.800003,49.213844,770500
2007-02-07,87.900002,88.120003,87.839996,88.059998,49.359535,836200
2007-02-08,87.989998,88.309998,87.910004,88.129997,49.398777,980200
2007-02-09,87.889999,87.919998,87.550003,87.629997,49.118530,878300
2007-02-12,87.489998,87.650002,87.330002,87.430000,49.006432,467600
2007-02-13,87.489998,87.489998,87.199997,87.239998,48.899979,1310600
2007-02-14,87.519997,88.190002,87.519997,88.070000,49.365166,2262500
2007-02-15,88.529999,88.580002,88.330002,88.330002,49.510880,893800
2007-02-16,88.589996,88.720001,88.480003,88.639999,49.684681,1476700
2007-02-20,88.500000,88.849998,88.500000,88.839996,49.796783,847400
2007-02-21,88.529999,88.699997,88.480003,88.690002,49.712681,379800
2007-02-22,88.410004,88.449997,88.089996,88.209999,49.443596,485200
2007-02-23,88.529999,88.940002,88.489998,88.839996,49.796783,735700
2007-02-26,89.150002,89.440002,89.110001,89.430000,50.127491,763400
2007-02-27,89.739998,91.260002,89.599998,90.559998,50.760811,3243200
2007-02-28,90.160004,90.470001,89.889999,90.150002,50.531082,1701900
2007-03-01,90.279999,90.430000,89.650002,89.750000,50.498981,2423900
2007-03-02,89.959999,90.480003,89.669998,90.199997,50.752178,1619800
2007-03-05,90.480003,90.500000,90.059998,90.349998,50.836571,1505200
2007-03-06,90.059998,90.360001,89.989998,90.080002,50.684620,837400
2007-03-07,90.080002,90.500000,89.980003,90.430000,50.881622,915400
2007-03-08,90.290001,90.419998,90.110001,90.349998,50.836571,574700
2007-03-09,89.379997,89.900002,89.190002,89.400002,50.302040,1534700
2007-03-12,89.730003,89.980003,89.680000,89.750000,50.498981,594400
2007-03-13,90.230003,90.339996,89.980003,90.290001,50.802807,553800
2007-03-14,90.150002,90.540001,89.839996,89.879997,50.572140,1698100
2007-03-15,89.760002,89.959999,89.669998,89.870003,50.566494,394900
2007-03-16,89.669998,89.919998,89.650002,89.849998,50.555233,623800
2007-03-19,89.580002,89.699997,89.519997,89.660004,50.448353,693900
2007-03-20,89.910004,89.949997,89.690002,89.709999,50.476479,768400
2007-03-21,89.379997,90.089996,88.690002,89.750000,50.498981,1513400
2007-03-22,89.480003,89.480003,88.830002,89.040001,50.099518,1484300
2007-03-23,89.190002,89.199997,88.779999,88.790001,49.958858,1679700
2007-03-26,88.620003,89.269997,88.500000,88.900002,50.020721,763600
2007-03-27,88.639999,88.809998,88.559998,88.750000,49.936298,619800
2007-03-28,88.910004,89.110001,88.410004,88.570000,49.835026,816900
2007-03-29,88.540001,88.669998,88.320000,88.449997,49.767506,823000
2007-03-30,88.650002,88.919998,88.220001,88.279999,49.671841,2015100
2007-04-02,88.110001,88.220001,88.010002,88.099998,49.754322,579600
2007-04-03,88.019997,88.169998,87.980003,87.989998,49.692211,617000
2007-04-04,88.169998,88.339996,87.900002,88.080002,49.743015,576900
2007-04-05,88.099998,88.120003,87.709999,87.750000,49.556652,436400
2007-04-09,87.279999,87.309998,87.129997,87.169998,49.229088,1283900
2007-04-10,87.389999,87.550003,87.309998,87.430000,49.375938,674400
2007-04-11,87.470001,87.580002,87.279999,87.370003,49.342037,476200
2007-04-12,87.500000,87.570000,87.279999,87.389999,49.353359,495100
2007-04-13,87.410004,87.470001,87.010002,87.120003,49.200867,557800
2007-04-16,87.400002,87.680000,87.400002,87.599998,49.471954,833600
2007-04-17,87.889999,88.160004,87.839996,88.089996,49.748688,1254200
2007-04-18,88.370003,88.559998,88.360001,88.529999,49.997158,450800
2007-04-19,88.660004,88.709999,88.199997,88.379997,49.912441,1305900
2007-04-20,88.449997,88.449997,88.059998,88.150002,49.782570,664500
2007-04-23,88.139999,88.589996,88.040001,88.470001,49.963329,419000
2007-04-24,88.449997,88.820000,88.449997,88.800003,50.149635,881300
2007-04-25,88.570000,88.790001,88.110001,88.489998,49.974583,569000
2007-04-26,88.430000,88.430000,87.849998,87.849998,49.613171,2048400
2007-04-27,88.010002,88.050003,87.779999,87.830002,49.601822,428700
2007-04-30,88.330002,88.750000,88.250000,88.750000,50.121418,485700
2007-05-01,88.580002,88.639999,88.110001,88.489998,50.157692,487200
2007-05-02,88.440002,88.480003,88.290001,88.440002,50.129341,443900
2007-05-03,88.370003,88.370003,88.010002,88.239998,50.015991,427000
2007-05-04,88.519997,88.639999,88.500000,88.599998,50.220043,262000
2007-05-07,88.699997,88.849998,88.669998,88.839996,50.356045,210200
2007-05-08,89.010002,89.010002,88.639999,88.639999,50.242737,488400
2007-05-09,88.650002,88.660004,88.260002,88.290001,50.044319,634900
2007-05-10,88.400002,88.589996,88.309998,88.500000,50.163345,519500
2007-05-11,88.639999,88.699997,88.129997,88.190002,49.987640,1238400
2007-05-14,88.230003,88.279999,87.959999,87.959999,49.857258,315200
2007-05-15,88.190002,88.209999,87.660004,87.930000,49.840279,382400
2007-05-16,87.860001,88.000000,87.830002,87.870003,49.806248,599500
2007-05-17,87.599998,87.720001,87.410004,87.510002,49.602184,397000
2007-05-18,87.349998,87.500000,86.879997,86.930000,49.273464,856500
2007-05-21,86.930000,87.239998,86.830002,87.190002,49.420837,821100
2007-05-22,87.180000,87.199997,86.680000,86.739998,49.165745,920200
2007-05-23,86.839996,86.839996,86.309998,86.489998,49.024044,914500
2007-05-24,86.459999,86.589996,85.959999,86.570000,49.069389,1598200
2007-05-25,86.400002,86.610001,86.330002,86.370003,48.956032,754900
2007-05-29,86.510002,86.570000,85.830002,86.360001,48.950375,1055700
2007-05-30,86.790001,86.790001,86.389999,86.540001,49.052402,612000
2007-05-31,86.559998,86.580002,86.040001,86.379997,48.961681,1725900
2007-06-01,85.900002,86.839996,85.540001,85.589996,48.704475,1694300
2007-06-04,85.830002,86.019997,85.669998,85.980003,48.926422,877700
2007-06-05,85.889999,85.940002,85.379997,85.440002,48.619137,1145400
2007-06-06,85.360001,85.540001,85.260002,85.400002,48.596394,1129200
2007-06-07,84.629997,84.709999,83.730003,83.870003,47.725739,5010400
2007-06-08,83.610001,84.120003,83.360001,83.800003,47.685944,5307600
2007-06-11,83.489998,83.889999,83.260002,83.559998,47.549286,2043800
2007-06-12,82.910004,83.419998,82.199997,82.349998,46.860790,9043900
2007-06-13,82.699997,83.760002,82.650002,83.330002,47.418415,8751200
2007-06-14,83.139999,83.709999,83.050003,83.120003,47.298923,3384700
2007-06-15,83.419998,83.730003,83.199997,83.690002,47.623344,5827200
2007-06-18,83.629997,83.650002,82.239998,83.519997,47.526569,17704600
2007-06-19,83.820000,84.449997,83.720001,84.300003,47.970413,4620100
2007-06-20,84.019997,84.080002,83.589996,83.620003,47.583477,3031700
2007-06-21,83.540001,83.699997,83.209999,83.220001,47.355854,850400
2007-06-22,83.050003,83.769997,82.949997,83.760002,47.663147,2118900
2007-06-25,84.150002,84.349998,83.959999,84.220001,47.924881,1323500
2007-06-26,84.290001,84.320000,83.970001,84.239998,47.936264,2187800
2007-06-27,84.610001,84.739998,84.199997,84.320000,47.981773,6109300
2007-06-28,84.320000,84.580002,84.180000,84.300003,47.970413,3612500
2007-06-29,84.849998,85.300003,84.639999,85.169998,48.465462,1962200
2007-07-02,84.809998,85.370003,84.809998,85.290001,48.720280,2811700
2007-07-03,85.250000,85.339996,84.709999,84.769997,48.423206,1387500
2007-07-05,84.309998,84.419998,83.720001,83.820000,47.880558,4586800
2007-07-06,83.540001,83.550003,83.279999,83.480003,47.686352,1437800
2007-07-09,83.870003,83.930000,83.680000,83.779999,47.857697,795400
2007-07-10,84.480003,85.199997,84.430000,85.199997,48.668865,2258000
2007-07-11,84.949997,85.089996,84.320000,84.320000,48.166130,1191300
2007-07-12,84.550003,84.580002,83.870003,84.029999,48.000515,1941200
2007-07-13,84.449997,84.550003,83.940002,84.260002,48.131897,725900
2007-07-16,84.519997,85.110001,84.519997,85.070000,48.594566,952000
2007-07-17,84.860001,85.089996,84.500000,84.889999,48.491787,734200
2007-07-18,84.930000,85.540001,84.809998,85.209999,48.674568,1836800
2007-07-19,84.900002,85.260002,84.800003,85.190002,48.663132,1021000
2007-07-20,85.379997,86.080002,85.320000,85.959999,49.103008,1459900
2007-07-23,85.690002,85.970001,85.690002,85.820000,49.023026,777900
2007-07-24,86.010002,86.160004,85.720001,86.139999,49.205769,1351600
2007-07-25,86.070000,86.389999,86.000000,86.309998,49.302910,881100
2007-07-26,86.739998,87.459999,86.650002,87.029999,49.714214,2866400
2007-07-27,87.050003,87.559998,86.849998,87.279999,49.857048,5367800
2007-07-30,87.190002,87.360001,86.910004,87.029999,49.714214,1803900
2007-07-31,87.129997,87.750000,86.949997,87.660004,50.074078,2467600
2007-08-01,87.260002,87.540001,87.089996,87.129997,49.965698,2154700
2007-08-02,87.209999,87.449997,86.989998,87.349998,50.091854,2079400
2007-08-03,87.279999,87.930000,87.279999,87.930000,50.424484,1577600
2007-08-06,87.699997,87.720001,87.169998,87.290001,50.057442,1298400
2007-08-07,87.430000,87.709999,86.919998,87.220001,50.017323,1890800
2007-08-08,86.889999,86.889999,85.860001,86.160004,49.409443,6453000
2007-08-09,86.750000,86.860001,85.720001,86.279999,49.478271,2637500
2007-08-10,86.489998,86.699997,85.980003,86.080002,49.363560,1496400
2007-08-13,85.919998,86.400002,85.900002,86.330002,49.506947,1312600
2007-08-14,86.019997,86.779999,86.010002,86.559998,49.638836,1314700
2007-08-15,86.650002,86.750000,86.250000,86.250000,49.461033,1101700
2007-08-16,86.870003,87.599998,86.760002,87.139999,49.971466,2410200
2007-08-17,86.400002,86.910004,86.050003,86.790001,49.770737,2114400
2007-08-20,86.959999,87.269997,86.830002,86.839996,49.799370,1048700
2007-08-21,87.099998,87.410004,87.050003,87.260002,50.040272,1517200
2007-08-22,87.050003,87.309998,86.809998,87.120003,49.959965,1137800
2007-08-23,87.089996,87.680000,87.029999,87.419998,50.132008,1618800
2007-08-24,87.769997,88.080002,87.559998,87.849998,50.378613,1614600
2007-08-27,88.279999,88.480003,88.150002,88.309998,50.642345,1585400
2007-08-28,88.430000,88.739998,88.279999,88.459999,50.728409,1298900
2007-08-29,88.489998,88.769997,88.160004,88.220001,50.590767,2686700
2007-08-30,88.610001,88.959999,88.470001,88.809998,50.929089,1806800
2007-08-31,88.589996,89.199997,88.540001,88.879997,50.969250,2763200
2007-09-04,88.830002,89.129997,88.199997,88.559998,50.993443,931000
2007-09-05,88.760002,89.349998,88.720001,89.269997,51.402271,1271500
2007-09-06,89.309998,89.489998,88.949997,89.040001,51.269833,1768400
2007-09-07,89.750000,90.500000,89.690002,90.300003,51.995365,2852200
2007-09-10,90.500000,91.269997,90.500000,91.000000,52.398407,2495200
2007-09-11,90.879997,91.269997,90.699997,90.930000,52.358082,3925400
2007-09-12,90.900002,90.940002,90.419998,90.589996,52.162300,4458300
2007-09-13,90.300003,90.330002,89.580002,89.779999,51.695934,2020600
2007-09-14,90.580002,90.589996,89.620003,89.910004,51.770771,1357200
2007-09-17,89.820000,90.389999,89.760002,90.339996,52.018375,1285400
2007-09-18,89.800003,90.239998,89.000000,89.660004,51.626850,3132800
2007-09-19,88.709999,89.010002,88.370003,88.830002,51.148888,3854700
2007-09-20,88.180000,88.290001,87.099998,87.150002,50.181557,5903200
2007-09-21,87.580002,88.129997,87.580002,87.889999,50.607624,2217600
2007-09-24,88.029999,88.279999,87.910004,88.139999,50.751575,1943600
2007-09-25,88.500000,88.620003,87.830002,87.830002,50.573097,2513500
2007-09-26,87.620003,88.129997,87.430000,87.910004,50.619160,2646400
2007-09-27,88.239998,88.779999,88.150002,88.519997,50.970383,1802900
2007-09-28,89.160004,89.330002,88.220001,88.720001,51.085579,1254700
2007-10-01,88.690002,88.980003,88.430000,88.879997,51.377476,1399400
2007-10-02,88.750000,89.370003,88.680000,89.160004,51.539352,887800
2007-10-03,89.330002,89.430000,88.730003,88.900002,51.389038,1164600
2007-10-04,89.010002,89.320000,88.910004,89.239998,51.585587,1128700
2007-10-05,88.309998,88.440002,87.709999,88.279999,51.030659,2184700
2007-10-08,87.769997,88.500000,87.769997,88.209999,50.990211,280100
2007-10-09,88.160004,88.360001,87.779999,88.099998,50.926640,901000
2007-10-10,87.980003,88.430000,87.790001,88.150002,50.955524,855500
2007-10-11,87.519997,88.089996,87.449997,88.059998,50.903454,1533400
2007-10-12,87.519997,88.180000,87.480003,87.629997,50.654903,1133900
2007-10-15,87.480003,87.720001,87.400002,87.650002,50.666462,553300
2007-10-16,87.650002,87.980003,87.540001,87.680000,50.683834,855500
2007-10-17,87.769997,88.949997,87.769997,88.639999,51.238731,2377000
2007-10-18,89.110001,89.339996,89.019997,89.129997,51.521942,1374100
2007-10-19,89.629997,90.599998,89.610001,90.459999,52.290802,2561800
2007-10-22,90.580002,90.650002,90.070000,90.470001,52.296581,1866500
2007-10-23,90.260002,90.519997,90.099998,90.349998,52.227207,1046600
2007-10-24,90.709999,91.389999,90.559998,91.019997,52.614510,2829300
2007-10-25,91.059998,91.180000,90.699997,90.709999,52.435333,3062200
2007-10-26,90.370003,91.000000,90.339996,90.500000,52.313923,1366500
2007-10-29,90.500000,90.989998,90.480003,90.849998,52.516247,881000
2007-10-30,90.730003,91.010002,90.419998,90.800003,52.487316,1439600
2007-10-31,90.500000,90.699997,89.750000,89.980003,52.013371,2498500
2007-11-01,89.959999,91.010002,89.959999,90.750000,52.689178,2563400
2007-11-02,90.449997,91.540001,90.209999,91.040001,52.857540,1927700
2007-11-05,91.160004,91.389999,90.800003,91.000000,52.834324,1021500
2007-11-06,90.599998,91.150002,90.480003,90.559998,52.578831,575800
2007-11-07,90.540001,90.760002,90.320000,90.720001,52.671719,1456100
2007-11-08,90.650002,90.940002,90.430000,90.559998,52.578831,2179600
2007-11-09,91.040001,91.589996,90.930000,91.330002,53.025890,887200
2007-11-12,91.989998,91.989998,91.349998,91.660004,53.217499,460600
2007-11-13,91.419998,91.489998,91.169998,91.320000,53.020100,1116600
2007-11-14,90.949997,91.510002,90.919998,91.419998,53.078190,684400
2007-11-15,91.610001,92.559998,91.489998,92.279999,53.577488,1312900
2007-11-16,92.269997,92.699997,92.209999,92.410004,53.652901,1333800
2007-11-19,92.540001,93.419998,92.410004,93.010002,54.001286,1343900
2007-11-20,93.089996,93.290001,92.800003,92.910004,53.943237,1367800
2007-11-21,93.400002,93.580002,93.239998,93.449997,54.256767,1297800
2007-11-23,93.440002,93.800003,93.309998,93.730003,54.419319,437400
2007-11-26,94.220001,96.360001,94.120003,95.580002,55.493458,4427000
2007-11-27,94.959999,95.250000,93.989998,94.669998,54.965054,3100300
2007-11-28,94.559998,94.690002,93.839996,94.029999,54.593544,2088100
2007-11-29,94.820000,95.419998,94.660004,94.839996,55.063797,1594500
2007-11-30,93.879997,94.389999,93.739998,94.379997,54.796734,1952100
2007-12-03,94.760002,95.099998,94.279999,94.750000,55.231598,1272700
2007-12-04,94.900002,95.059998,94.150002,94.739998,55.225712,1721200
2007-12-05,94.220001,94.470001,93.559998,93.610001,54.567051,1866000
2007-12-06,93.320000,93.339996,92.540001,92.790001,54.089069,2270200
2007-12-07,92.180000,92.349998,91.379997,91.750000,53.482807,2171000
2007-12-10,91.639999,91.690002,90.750000,91.199997,53.162212,2242500
2007-12-11,91.730003,93.230003,91.580002,92.989998,54.205643,2892400
2007-12-12,91.449997,92.650002,91.269997,92.029999,53.646034,2225400
2007-12-13,91.610001,91.820000,90.900002,91.029999,53.063126,1222100
2007-12-14,90.790001,90.919998,90.500000,90.610001,52.818287,1354900
2007-12-17,91.070000,91.540001,90.930000,91.419998,53.290440,2046200
2007-12-18,91.589996,92.300003,91.550003,92.010002,53.634377,1417100
2007-12-19,92.400002,93.559998,91.879997,93.230003,54.345558,2252400
2007-12-20,93.260002,93.870003,93.019997,93.029999,54.228928,1659400
2007-12-21,92.900002,92.919998,91.660004,91.669998,53.436211,1767600
2007-12-24,91.220001,91.470001,91.080002,91.239998,53.185520,550300
2007-12-26,91.019997,91.629997,90.279999,90.440002,52.719227,674700
2007-12-27,90.879997,91.160004,90.510002,91.059998,53.293915,468600
2007-12-28,91.650002,92.580002,91.500000,92.480003,54.124992,1967800
2007-12-31,92.779999,93.279999,92.599998,93.040001,54.452724,1647600
2008-01-02,93.250000,94.730003,93.199997,94.379997,55.236950,2959600
2008-01-03,94.000000,94.379997,93.669998,94.250000,55.160904,1256700
2008-01-04,94.500000,94.790001,94.199997,94.269997,55.172626,2420200
2008-01-07,94.180000,94.779999,94.029999,94.680000,55.412560,1315500
2008-01-08,94.440002,94.709999,93.930000,94.570000,55.348194,1604800
2008-01-09,94.790001,95.300003,94.620003,94.750000,55.453514,2203500
2008-01-10,94.870003,94.949997,93.309998,93.470001,54.704433,2681800
2008-01-11,93.519997,94.279999,93.400002,94.199997,55.131626,1872900
2008-01-14,94.199997,94.550003,94.000000,94.550003,55.336510,906100
2008-01-15,95.160004,95.629997,95.070000,95.610001,55.956879,1435300
2008-01-16,95.680000,95.889999,94.730003,94.919998,55.553055,3505100
2008-01-17,94.959999,96.290001,94.930000,96.150002,56.272915,2940500
2008-01-18,95.550003,95.769997,95.220001,95.489998,55.886604,2676800
2008-01-22,96.410004,96.620003,95.300003,96.510002,56.483593,5423500
2008-01-23,97.980003,98.160004,95.879997,96.290001,56.354847,7636600
2008-01-24,95.550003,95.750000,94.339996,94.360001,55.225258,5676700
2008-01-25,94.190002,96.000000,94.129997,95.949997,56.155834,4371100
2008-01-28,95.680000,96.000000,95.360001,95.589996,55.945133,1633500
2008-01-29,95.279999,95.320000,94.580002,94.940002,55.564739,3100200
2008-01-30,94.690002,94.769997,93.589996,94.320000,55.201916,3468000
2008-01-31,95.300003,95.430000,94.629997,94.989998,55.593998,11441000
2008-02-01,95.000000,95.400002,94.559998,95.230003,55.928173,4163700
2008-02-04,94.389999,94.660004,94.129997,94.250000,55.352623,1729600
2008-02-05,95.410004,95.610001,94.769997,94.970001,55.775463,2594600
2008-02-06,94.629997,94.849998,94.360001,94.680000,55.605152,1339800
2008-02-07,94.529999,94.529999,92.050003,92.639999,54.407085,5419700
2008-02-08,93.250000,93.730003,93.089996,93.699997,55.029583,2832800
2008-02-11,94.279999,94.699997,93.730003,94.089996,55.258648,2960200
2008-02-12,93.320000,93.650002,92.959999,93.529999,54.929764,2897700
2008-02-13,92.930000,93.419998,92.400002,92.540001,54.348351,3697500
2008-02-14,91.800003,92.099998,90.660004,91.180000,53.549580,7505000
2008-02-15,91.610001,92.070000,91.459999,91.879997,53.960739,3687800
2008-02-19,91.139999,91.699997,90.639999,90.949997,53.414577,2911600
2008-02-20,90.620003,91.580002,90.559998,91.580002,53.784557,2550100
2008-02-21,92.080002,92.849998,92.050003,92.550003,54.354183,4197200
2008-02-22,92.489998,92.849998,91.870003,92.019997,54.042938,1959700
2008-02-25,91.949997,92.139999,90.650002,91.080002,53.490891,3460900
2008-02-26,90.959999,91.339996,90.730003,91.110001,53.508492,2618900
2008-02-27,91.430000,91.570000,90.610001,91.190002,53.555462,2494400
2008-02-28,92.339996,92.839996,92.190002,92.809998,54.506889,3410900
2008-02-29,93.650002,94.459999,93.519997,94.230003,55.340870,3822000
2008-03-03,93.669998,94.199997,93.250000,93.639999,55.198223,2036900
2008-03-04,93.940002,94.120003,92.529999,92.730003,54.661785,3401100
2008-03-05,93.059998,93.059998,91.500000,91.620003,54.007484,3871200
2008-03-06,91.820000,92.440002,91.669998,92.110001,54.296299,1342600
2008-03-07,93.290001,93.349998,91.739998,92.230003,54.367073,3601300
2008-03-10,92.709999,94.129997,92.610001,93.589996,55.168774,3579000
2008-03-11,93.000000,93.029999,92.209999,92.790001,54.697193,3309200
2008-03-12,93.129997,94.680000,92.970001,94.580002,55.752316,4752900
2008-03-13,95.029999,95.190002,93.260002,93.839996,55.316086,5763500
2008-03-14,94.620003,95.809998,94.620003,95.000000,55.999901,6174800
2008-03-17,95.589996,96.309998,95.309998,95.730003,56.430206,3329300
2008-03-18,95.300003,96.160004,94.949997,95.360001,56.212128,4022300
2008-03-19,95.120003,97.470001,95.120003,96.940002,57.143494,5206400
2008-03-20,97.000000,97.750000,96.870003,97.180000,57.284946,3905900
2008-03-24,96.480003,96.480003,95.199997,95.300003,56.176769,5596200
2008-03-25,95.379997,95.820000,95.279999,95.699997,56.412521,2038200
2008-03-26,95.779999,96.199997,95.230003,95.300003,56.176769,1652000
2008-03-27,94.639999,95.360001,94.540001,94.629997,55.781811,2405700
2008-03-28,95.089996,95.559998,94.750000,95.550003,56.324142,1745500
2008-03-31,96.110001,96.320000,95.669998,95.889999,56.524574,2546300
2008-04-01,94.809998,94.849998,93.779999,93.930000,55.604622,3821800
2008-04-02,93.989998,94.860001,93.989998,94.129997,55.723000,3794200
2008-04-03,94.500000,94.669998,94.120003,94.339996,55.847328,2839100
2008-04-04,95.169998,95.559998,94.989998,95.199997,56.356403,1745200
2008-04-07,94.620003,94.779999,93.900002,94.699997,56.060440,2231800
2008-04-08,95.180000,95.239998,94.260002,94.370003,55.865078,1305200
2008-04-09,94.559998,95.639999,94.550003,95.349998,56.445183,2883600
2008-04-10,95.309998,95.500000,94.570000,95.029999,56.255802,1846500
2008-04-11,95.599998,95.919998,95.470001,95.669998,56.634640,1987700
2008-04-14,95.339996,95.699997,94.989998,95.110001,56.303135,3195300
2008-04-15,94.419998,94.580002,93.900002,93.930000,55.604622,2821600
2008-04-16,93.800003,94.059998,92.430000,93.010002,55.060017,4691100
2008-04-17,92.980003,93.180000,92.239998,92.849998,54.965256,2020000
2008-04-18,92.000000,92.879997,91.820000,92.769997,54.917892,2199700
2008-04-21,92.410004,93.279999,92.300003,93.139999,55.136982,2805800
2008-04-22,92.910004,93.669998,92.910004,93.459999,55.326351,1799700
2008-04-23,93.089996,93.629997,92.529999,93.150002,55.142887,1221100
2008-04-24,92.260002,92.459999,91.809998,92.360001,54.675224,3213600
2008-04-25,92.139999,92.250000,91.500000,91.820000,54.355560,1742000
2008-04-28,91.529999,92.349998,91.410004,92.099998,54.521267,1883900
2008-04-29,92.379997,92.860001,92.150002,92.449997,54.728466,1269100
2008-04-30,92.419998,93.199997,91.849998,93.110001,55.119221,2827500
2008-05-01,93.440002,93.650002,92.379997,92.779999,55.122738,3226500
2008-05-02,91.779999,92.410004,91.540001,91.610001,54.427635,2730800
2008-05-05,91.860001,91.870003,91.139999,91.610001,54.427635,1309300
2008-05-06,92.010002,92.080002,90.790001,90.949997,54.035522,4037500
2008-05-07,90.730003,91.430000,90.620003,91.339996,54.267231,3876200
2008-05-08,91.440002,92.199997,91.419998,92.160004,54.754398,2829500
2008-05-09,92.730003,92.870003,92.209999,92.500000,54.956367,2064300
2008-05-12,92.760002,93.160004,92.349998,92.360001,54.873241,1947400
2008-05-13,91.830002,92.050003,91.309998,91.349998,54.273144,2123300
2008-05-14,92.000000,92.010002,90.720001,91.389999,54.296890,2600900
2008-05-15,91.169998,92.330002,91.089996,92.220001,54.790020,2164300
2008-05-16,91.879997,92.889999,91.779999,91.839996,54.564255,1902600
2008-05-19,92.260002,92.260002,91.300003,91.959999,54.635571,1348200
2008-05-20,92.440002,92.500000,91.900002,92.440002,54.920784,1466000
2008-05-21,92.050003,92.669998,91.860001,92.459999,54.932625,1762100
2008-05-22,91.930000,91.930000,90.839996,91.370003,54.285053,2855900
2008-05-23,91.830002,92.300003,91.699997,91.769997,54.522690,1802000
2008-05-27,91.379997,91.559998,90.980003,91.150002,54.154373,1985800
2008-05-28,90.540001,90.660004,90.139999,90.339996,53.673088,3250700
2008-05-29,90.010002,90.099998,89.139999,89.690002,53.286911,3302400
2008-05-30,90.129997,90.440002,90.059998,90.279999,53.637440,2514600
2008-06-02,89.980003,90.639999,89.620003,90.300003,53.844353,3076400
2008-06-03,90.059998,91.410004,89.809998,90.949997,54.231945,2447700
2008-06-04,91.389999,91.389999,89.900002,90.139999,53.748966,2813000
2008-06-05,89.820000,90.029999,89.449997,89.599998,53.426941,2632200
2008-06-06,90.440002,91.089996,90.209999,90.760002,54.118656,3864800
2008-06-09,90.480003,91.389999,90.190002,90.760002,54.118656,1812000
2008-06-10,90.650002,90.709999,89.699997,90.169998,53.766869,1935300
2008-06-11,90.050003,90.720001,89.709999,89.959999,53.641640,2265400
2008-06-12,89.559998,89.639999,88.820000,89.059998,53.104965,4413100
2008-06-13,88.970001,89.540001,88.680000,88.870003,52.991661,1983600
2008-06-16,89.110001,89.180000,88.620003,88.889999,53.003559,1756800
2008-06-17,89.150002,89.269997,88.589996,89.070000,53.110909,1712200
2008-06-18,89.290001,89.970001,89.089996,89.820000,53.558102,2590000
2008-06-19,89.519997,89.750000,89.029999,89.290001,53.242085,1700500
2008-06-20,89.940002,90.070000,89.690002,89.809998,53.552181,4580900
2008-06-23,90.080002,90.430000,89.830002,90.000000,53.665508,1594100
2008-06-24,90.379997,90.809998,90.139999,90.599998,54.023232,3118400
2008-06-25,90.650002,90.760002,89.809998,90.639999,54.047058,3251600
2008-06-26,91.000000,91.440002,90.790001,91.250000,54.410809,4052300
2008-06-27,91.730003,92.440002,91.449997,92.320000,55.048855,4144800
2008-06-30,92.410004,92.820000,92.080002,92.339996,55.060760,3743000
2008-07-01,92.690002,92.769997,91.680000,91.790001,54.930286,3805100
2008-07-02,91.959999,92.379997,91.870003,92.269997,55.217545,2413700
2008-07-03,91.709999,92.300003,91.540001,92.070000,55.097870,1405100
2008-07-07,92.070000,93.150002,91.580002,92.489998,55.349209,3528400
2008-07-08,92.500000,93.139999,92.419998,93.089996,55.708286,2176600
2008-07-09,92.940002,93.639999,92.919998,93.500000,55.953598,1582000
2008-07-10,93.330002,93.760002,92.940002,93.489998,55.947659,2723600
2008-07-11,93.519997,93.739998,91.860001,92.160004,55.151733,5466000
2008-07-14,92.379997,93.260002,92.290001,92.970001,55.636436,4135400
2008-07-15,93.070000,93.430000,92.699997,92.940002,55.618481,4541400
2008-07-16,92.080002,92.239998,91.209999,91.260002,54.613129,3435900
2008-07-17,91.260002,91.610001,90.559998,90.790001,54.331890,5899900
2008-07-18,90.760002,91.199997,90.300003,90.449997,54.128368,3475200
2008-07-21,90.449997,90.900002,90.250000,90.800003,54.337879,3657200
2008-07-22,90.639999,90.760002,90.029999,90.349998,54.068535,2675200
2008-07-23,90.220001,90.370003,89.750000,90.169998,53.960865,2871900
2008-07-24,90.349998,91.250000,90.349998,91.050003,54.487442,2613300
2008-07-25,90.550003,90.839996,90.000000,90.139999,53.942886,3765300
2008-07-28,90.949997,91.470001,90.699997,91.050003,54.487442,1275900
2008-07-29,90.660004,90.989998,90.309998,90.680000,54.266048,1349100
2008-07-30,90.089996,91.290001,90.029999,90.769997,54.319935,1667500
2008-07-31,91.720001,92.050003,91.269997,91.669998,54.858494,3898700
2008-08-01,90.970001,91.559998,90.830002,91.540001,54.979824,1804800
2008-08-04,91.089996,91.639999,91.010002,91.330002,54.853722,2029900
2008-08-05,91.349998,91.599998,90.620003,90.650002,54.445278,2191200
2008-08-06,90.410004,90.410004,89.820000,90.279999,54.223034,3139500
2008-08-07,90.629997,91.900002,90.430000,91.750000,55.105968,2765600
2008-08-08,91.889999,92.080002,91.540001,92.000000,55.256096,1035400
2008-08-11,91.779999,91.779999,90.599998,91.120003,54.727577,3939400
2008-08-12,91.809998,92.029999,91.699997,91.970001,55.238075,1315000
2008-08-13,92.300003,92.349998,91.459999,91.650002,55.045918,1940300
2008-08-14,92.260002,92.599998,92.070000,92.239998,55.400280,2605300
2008-08-15,92.669998,93.199997,92.570000,93.040001,55.880749,1964900
2008-08-18,93.080002,93.540001,92.959999,93.410004,56.102955,1262200
2008-08-19,93.440002,93.529999,92.889999,93.050003,55.886761,1944700
2008-08-20,93.379997,93.709999,93.150002,93.309998,56.042931,2500000
2008-08-21,93.629997,93.629997,92.750000,93.139999,55.940807,2267000
2008-08-22,93.110001,93.169998,92.639999,93.080002,55.904770,1990000
2008-08-25,94.120003,94.330002,93.849998,94.010002,56.463360,2028300
2008-08-26,93.959999,94.199997,93.709999,94.089996,56.511383,1270900
2008-08-27,93.489998,94.290001,93.440002,94.250000,56.607452,1555300
2008-08-28,93.910004,94.410004,93.690002,94.260002,56.613449,1886500
2008-08-29,94.019997,94.160004,93.510002,93.839996,56.361237,1739100
2008-09-02,92.980003,94.410004,92.839996,94.370003,56.885632,2916000
2008-09-03,94.269997,94.889999,94.260002,94.769997,57.126755,2105000
2008-09-04,95.000000,95.559998,94.809998,95.529999,57.584877,3049800
2008-09-05,96.019997,96.309998,95.410004,95.480003,57.554794,4167800
2008-09-08,94.900002,95.879997,94.559998,95.879997,57.795864,5426200
2008-09-09,95.830002,96.879997,95.540001,96.830002,58.368576,3890200
2008-09-10,95.980003,96.660004,95.820000,96.230003,58.006863,2407900
2008-09-11,96.790001,96.860001,96.000000,96.180000,57.976719,3592000
2008-09-12,96.209999,96.330002,94.750000,94.940002,57.229229,4138200
2008-09-15,96.279999,98.169998,96.070000,98.019997,59.085838,5889900
2008-09-16,100.709999,100.860001,97.910004,98.000000,59.073799,6684400
2008-09-17,98.919998,99.379997,97.730003,98.489998,59.369152,4371300
2008-09-18,97.949997,98.489998,96.919998,97.050003,58.501125,4188300
2008-09-19,93.860001,95.019997,93.699997,93.970001,56.644585,7169200
2008-09-22,92.930000,93.959999,92.599998,93.959999,56.638485,4726300
2008-09-23,93.610001,94.099998,93.129997,93.599998,56.421509,2236000
2008-09-24,93.970001,94.750000,93.599998,94.010002,56.668655,1014900
2008-09-25,94.589996,94.589996,93.150002,93.820000,56.554100,1881200
2008-09-26,94.070000,94.790001,94.070000,94.500000,56.964016,1992800
2008-09-29,95.169998,97.930000,95.160004,97.250000,58.621716,4799800
2008-09-30,97.040001,97.290001,94.599998,94.879997,57.193054,1358100
2008-10-01,96.040001,96.900002,94.949997,95.779999,57.912598,1767800
2008-10-02,96.570000,96.849998,96.070000,96.550003,58.378197,931900
2008-10-03,97.379997,97.790001,95.489998,97.400002,58.892090,1903100
2008-10-06,98.739998,99.860001,98.620003,99.169998,59.962357,2906200
2008-10-07,98.320000,99.669998,97.980003,98.870003,59.780956,1972000
2008-10-08,99.680000,99.940002,96.680000,97.449997,58.922352,3386300
2008-10-09,97.370003,97.699997,96.220001,96.629997,58.426548,1785400
2008-10-10,96.610001,96.910004,95.510002,95.949997,58.015385,2200000
2008-10-13,95.110001,95.949997,94.260002,94.720001,57.271675,1532100
2008-10-14,94.250000,95.260002,93.900002,94.110001,56.902859,2100000
2008-10-15,94.120003,95.040001,93.419998,95.010002,57.447044,1449500
2008-10-16,94.989998,95.269997,94.180000,94.519997,57.150753,1063200
2008-10-17,94.690002,94.900002,93.019997,93.870003,56.757732,1691800
2008-10-20,93.440002,94.940002,93.360001,94.620003,57.211205,1146800
2008-10-21,95.089996,95.989998,94.739998,95.120003,57.513523,1243700
2008-10-22,96.120003,97.489998,95.849998,97.050003,58.680489,1069800
2008-10-23,97.949997,98.889999,96.820000,97.769997,59.115833,1802000
2008-10-24,98.820000,99.050003,96.449997,96.730003,58.487053,1495400
2008-10-27,97.769997,98.209999,96.290001,96.800003,58.529343,1534100
2008-10-28,96.180000,96.900002,95.150002,95.389999,57.676781,1505500
2008-10-29,95.769997,96.010002,94.430000,94.910004,57.386524,1745800
2008-10-30,94.500000,94.800003,93.800003,94.050003,56.866566,1326000
2008-10-31,94.639999,94.919998,92.650002,92.830002,56.128937,2282500
2008-11-03,92.720001,93.110001,92.349998,92.709999,56.280651,1111600
2008-11-04,92.959999,94.709999,92.589996,94.449997,57.336933,1608800
2008-11-05,94.889999,95.669998,94.400002,95.570000,58.016872,1931700
2008-11-06,94.599998,95.050003,93.809998,94.879997,57.597969,919700
2008-11-07,94.519997,94.519997,93.550003,94.260002,57.221630,1277100
2008-11-10,93.800003,95.099998,93.680000,94.720001,57.500847,1352100
2008-11-11,95.209999,95.809998,94.959999,95.000000,57.670841,696000
2008-11-12,95.580002,96.070000,95.160004,95.610001,58.041142,1199400
2008-11-13,94.910004,95.250000,93.250000,93.320000,56.650986,1631900
2008-11-14,95.110001,95.459999,94.790001,95.169998,57.774036,1059300
2008-11-17,95.680000,96.029999,95.290001,95.589996,58.028965,490300
2008-11-18,96.379997,97.000000,95.959999,96.820000,58.775692,924800
2008-11-19,97.470001,99.370003,97.209999,99.300003,60.281269,2090400
2008-11-20,101.820000,104.440002,101.099998,104.430000,63.395420,5459800
2008-11-21,103.250000,103.980003,101.449997,102.919998,62.478767,3249300
2008-11-24,102.150002,102.290001,101.000000,101.309998,61.501419,1587300
2008-11-25,103.949997,104.470001,102.680000,104.290001,63.310417,2632700
2008-11-26,104.720001,105.620003,104.089996,104.430000,63.395420,2577600
2008-11-28,105.250000,105.970001,104.940002,105.720001,64.178528,986400
2008-12-01,107.750000,110.410004,107.129997,109.400002,66.636276,4031600
2008-12-02,108.559998,110.370003,108.190002,109.820000,66.892097,3289300
2008-12-03,110.269997,110.809998,108.559998,110.129997,67.080917,2951000
2008-12-04,111.129997,112.489998,110.370003,112.300003,68.402756,2825400
2008-12-05,111.949997,113.000000,110.419998,110.480003,67.294098,4557600
2008-12-08,110.480003,111.250000,109.690002,110.239998,67.147942,2119500
2008-12-09,110.580002,112.529999,110.250000,112.419998,68.475807,2055500
2008-12-10,111.370003,112.150002,111.120003,112.150002,68.311310,2414900
2008-12-11,112.180000,112.430000,110.870003,112.370003,68.445343,2416900
2008-12-12,112.540001,112.559998,110.339996,112.370003,68.445343,2547100
2008-12-15,112.349998,113.940002,112.050003,113.650002,69.225029,1707700
2008-12-16,116.459999,116.900002,113.970001,116.459999,70.936600,4015100
2008-12-17,120.769997,121.129997,119.260002,119.620003,72.861305,6407500
2008-12-18,120.739998,123.150002,120.449997,122.129997,74.390221,4442000
2008-12-19,121.440002,122.989998,121.279999,122.260002,74.469414,2668500
2008-12-22,122.389999,122.389999,120.730003,121.320000,73.896820,2221400
2008-12-23,120.139999,121.500000,119.900002,121.160004,73.799370,1746400
2008-12-24,120.730003,121.320000,120.620003,120.900002,73.640984,717200
2008-12-26,121.589996,121.970001,121.199997,121.300003,73.884666,454400
2008-12-29,121.430000,122.010002,120.610001,120.750000,73.796013,1416000
2008-12-30,120.489998,121.919998,120.070000,121.900002,74.498878,2590500
2008-12-31,121.410004,122.000000,118.849998,119.349998,72.940422,2738000
2009-01-02,120.050003,120.449997,116.349998,116.349998,71.106987,3464200
2009-01-05,115.599998,116.160004,112.599998,113.349998,69.273521,5395200
2009-01-06,111.620003,113.260002,111.000000,112.209999,68.576843,4109300
2009-01-07,111.959999,112.680000,111.400002,112.650002,68.845795,2565600
2009-01-08,112.639999,112.919998,111.989998,112.559998,68.790733,2603600
2009-01-09,111.459999,113.349998,111.269997,112.730003,68.894630,2727900
2009-01-12,111.570000,114.050003,111.570000,113.900002,69.609680,2462800
2009-01-13,113.500000,114.080002,112.959999,114.019997,69.683029,1767400
2009-01-14,114.650002,116.040001,114.650002,115.900002,70.832016,2494800
2009-01-15,116.199997,116.919998,115.580002,116.089996,70.948059,2827200
2009-01-16,113.419998,116.089996,113.360001,114.300003,69.854172,2994800
2009-01-20,112.290001,114.629997,112.230003,114.279999,69.841942,3268300
2009-01-21,111.930000,113.040001,110.400002,110.669998,67.635674,2838100
2009-01-22,110.599998,110.769997,107.879997,108.540001,66.333931,4016600
2009-01-23,107.919998,108.320000,106.690002,107.690002,65.814461,2676200
2009-01-26,107.430000,107.820000,106.300003,106.750000,65.240005,2240900
2009-01-27,107.800003,109.589996,107.629997,109.260002,66.773987,3420800
2009-01-28,109.309998,109.809998,105.720001,106.529999,65.105568,4348100
2009-01-29,105.559998,106.309998,103.660004,104.080002,63.608204,3724400
2009-01-30,104.550003,104.870003,103.440002,103.750000,63.406570,2630000
2009-02-02,104.019997,105.680000,103.389999,105.389999,64.586227,2700200
2009-02-03,104.300003,104.830002,102.750000,102.879997,63.048050,2846400
2009-02-04,102.750000,102.870003,101.620003,102.519997,62.827374,2305400
2009-02-05,103.239998,103.879997,102.209999,102.610001,62.882511,2279500
2009-02-06,102.250000,102.860001,101.900002,102.290001,62.686493,1667500
2009-02-09,101.690002,102.669998,101.059998,102.620003,62.888676,2257300
2009-02-10,104.110001,104.959999,103.449997,104.849998,64.255333,3782800
2009-02-11,105.709999,106.500000,105.529999,106.209999,65.088753,2774200
2009-02-12,105.980003,106.180000,104.739998,105.209999,64.475929,1818400
2009-02-13,103.949997,103.949997,102.230003,102.410004,62.759991,2466800
2009-02-17,104.550003,105.660004,104.349998,105.599998,64.714912,2813900
2009-02-18,106.059998,106.559998,104.300003,104.699997,64.163383,2768600
2009-02-19,102.690002,104.059998,102.230003,102.919998,63.072548,3219400
2009-02-20,104.269997,105.160004,103.300003,103.919998,63.685368,4272000
2009-02-23,103.599998,104.879997,103.169998,104.879997,64.273666,2688700
2009-02-24,105.699997,106.680000,104.769997,104.769997,64.206291,4197100
2009-02-25,105.239998,105.489998,103.029999,103.559998,63.464802,3908100
2009-02-26,102.870003,103.260002,101.980003,102.470001,62.796799,2611100
2009-02-27,102.570000,103.010002,101.209999,101.879997,62.435257,3267700
2009-03-02,102.220001,103.279999,102.089996,103.279999,63.468864,3302000
2009-03-03,102.230003,103.570000,101.809998,102.589996,63.044849,3084900
2009-03-04,101.489998,102.250000,101.160004,102.120003,62.755947,3178400
2009-03-05,104.019997,105.440002,103.440002,104.959999,64.501259,4562400
2009-03-06,104.260002,105.970001,104.089996,104.260002,64.071121,3125900
2009-03-09,104.510002,104.550003,103.120003,103.650002,63.696217,2070500
2009-03-10,102.430000,102.750000,101.510002,101.660004,62.473305,2602600
2009-03-11,101.290001,102.760002,100.930000,102.760002,63.149246,3101500
2009-03-12,102.660004,103.970001,102.309998,103.250000,63.450397,3558900
2009-03-13,102.750000,103.879997,102.330002,102.730003,63.130836,2504000
2009-03-16,100.820000,101.449997,100.500000,101.110001,62.135311,3265600
2009-03-17,101.720001,102.330002,100.389999,100.559998,61.797325,3076200
2009-03-18,101.120003,108.070000,100.900002,104.370003,64.138695,8578800
2009-03-19,105.620003,105.660004,104.220001,104.500000,64.218567,3650900
2009-03-20,104.620003,105.000000,103.779999,103.919998,63.862164,3479700
2009-03-23,104.290001,104.419998,102.970001,103.019997,63.309067,2097000
2009-03-24,102.190002,105.160004,101.930000,104.000000,63.911312,5477100
2009-03-25,103.290001,103.720001,102.309998,102.599998,63.051014,2549600
2009-03-26,102.440002,104.059998,102.160004,103.790001,63.782288,2385300
2009-03-27,104.150002,104.930000,103.559998,104.559998,64.255424,1853900
2009-03-30,105.440002,105.870003,103.940002,104.959999,64.501259,2300100
2009-03-31,105.040001,105.800003,105.000000,105.709999,64.962135,1094600
2009-04-01,106.120003,106.559998,105.529999,106.370003,65.555046,2383400
2009-04-02,105.889999,106.070000,104.839996,105.070000,64.753883,1766300
2009-04-03,104.910004,105.160004,102.660004,102.919998,63.428799,3316800
2009-04-06,103.540001,103.589996,102.220001,102.480003,63.157619,1418100
2009-04-07,102.540001,103.309998,102.480003,102.739998,63.317860,1312600
2009-04-08,103.070000,103.860001,102.949997,103.650002,63.878700,1007800
2009-04-09,102.470001,103.180000,101.980003,102.349998,63.077488,1088800
2009-04-13,102.959999,103.510002,102.930000,103.290001,63.656857,946600
2009-04-14,103.250000,104.209999,102.930000,103.830002,63.989651,1336000
2009-04-15,104.129997,104.300003,102.879997,103.650002,63.878700,1152500
2009-04-16,102.849998,103.449997,102.779999,102.830002,63.373413,1055600
2009-04-17,102.470001,102.709999,101.370003,101.699997,62.676914,2582800
2009-04-20,102.629997,103.400002,102.449997,103.239998,63.626022,1714400
2009-04-21,104.040001,104.209999,102.220001,102.220001,62.997444,909100
2009-04-22,102.449997,102.559998,101.110001,101.599998,62.615318,2278100
2009-04-23,101.349998,101.750000,100.940002,101.589996,62.609158,1688300
2009-04-24,100.790001,100.980003,100.099998,100.570000,61.980511,2830000
2009-04-27,101.070000,101.190002,100.059998,101.000000,62.245548,2294600
2009-04-28,101.500000,101.580002,99.089996,99.349998,61.228638,2332500
2009-04-29,99.669998,100.080002,98.150002,98.470001,60.686295,3752600
2009-04-30,97.980003,98.360001,97.389999,98.080002,60.445950,2778100
2009-05-01,97.120003,97.290001,96.570000,97.110001,60.029938,2772200
2009-05-04,97.360001,97.820000,96.790001,97.430000,60.227764,2246700
2009-05-05,97.459999,97.830002,96.760002,97.309998,60.153587,1369000
2009-05-06,97.120003,98.000000,97.000000,97.080002,60.011429,2045900
2009-05-07,95.940002,96.699997,94.330002,94.709999,58.546352,5755200
2009-05-08,95.019997,95.389999,94.639999,94.940002,58.688549,2193400
2009-05-11,96.050003,96.449997,95.790001,96.290001,59.523045,2167400
2009-05-12,96.180000,97.019997,95.800003,96.639999,59.739399,2304800
2009-05-13,97.360001,97.930000,97.239998,97.690002,60.388515,1917500
2009-05-14,97.599998,98.250000,97.300003,98.070000,60.623421,1704600
2009-05-15,98.000000,98.050003,97.459999,98.040001,60.604820,2306600
2009-05-18,98.010002,98.110001,96.370003,96.519997,59.665230,2234700
2009-05-19,96.190002,96.470001,95.709999,96.010002,59.349957,1624300
2009-05-20,95.930000,97.160004,95.830002,97.019997,59.974346,2825700
2009-05-21,97.550003,97.639999,94.349998,94.580002,58.465977,4771700
2009-05-22,93.820000,94.489998,93.349998,93.529999,57.816936,4483400
2009-05-26,94.050003,94.099998,92.120003,92.120003,56.945278,3633100
2009-05-27,92.239998,92.580002,90.379997,90.489998,55.937702,7490200
2009-05-28,91.769997,91.980003,90.230003,91.800003,56.747524,9824300
2009-05-29,91.699997,94.230003,91.639999,94.169998,58.212505,4746700
2009-06-01,92.339996,92.379997,90.570000,91.089996,56.491528,6987000
2009-06-02,91.610001,91.769997,90.779999,91.580002,56.795460,5063600
2009-06-03,91.959999,92.610001,91.330002,92.440002,57.328835,6727200
2009-06-04,91.430000,91.720001,90.239998,90.529999,56.144222,5438600
2009-06-05,89.910004,90.900002,89.550003,89.839996,55.716389,8439600
2009-06-08,90.410004,90.730003,89.480003,89.610001,55.573708,4084000
2009-06-09,90.190002,90.309998,89.250000,89.599998,55.567497,6046300
2009-06-10,88.870003,89.430000,87.559998,88.190002,54.693047,12142000
2009-06-11,87.760002,89.519997,87.690002,89.169998,55.300827,10692800
2009-06-12,89.419998,90.650002,89.419998,89.970001,55.796940,6606800
2009-06-15,90.540001,91.150002,90.480003,90.779999,56.299278,4518700
2009-06-16,90.959999,92.430000,90.800003,92.360001,57.279182,5376000
2009-06-17,92.449997,93.330002,91.839996,91.839996,56.956684,7197200
2009-06-18,91.250000,91.580002,90.110001,90.449997,56.094643,6794000
2009-06-19,90.330002,91.699997,90.209999,91.690002,56.863663,4750700
2009-06-22,92.440002,92.910004,92.059998,92.580002,57.415634,3952300
2009-06-23,92.769997,93.809998,92.580002,93.669998,58.091579,5356900
2009-06-24,93.650002,94.070000,92.660004,92.730003,57.508644,6550400
2009-06-25,93.220001,94.500000,92.669998,94.430000,58.562958,7140000
2009-06-26,94.620003,94.900002,94.209999,94.589996,58.662167,4050400
2009-06-29,95.070000,95.370003,94.580002,94.730003,58.749016,4334900
2009-06-30,94.190002,95.110001,93.809998,94.570000,58.649784,3743700
2009-07-01,93.419998,94.089996,93.239998,94.080002,58.533417,3379900
2009-07-02,94.330002,94.610001,94.000000,94.300003,58.670296,2645100
2009-07-06,94.050003,94.290001,93.389999,94.120003,58.558285,1886700
2009-07-07,93.620003,94.879997,93.610001,94.750000,58.950237,2592400
2009-07-08,95.120003,96.809998,94.889999,96.500000,60.039055,7912900
2009-07-09,95.349998,95.730003,94.449997,95.349998,59.323566,5241400
2009-07-10,95.620003,96.330002,95.430000,96.230003,59.871078,3981900
2009-07-13,96.320000,96.599998,95.559998,95.690002,59.535114,2604300
2009-07-14,94.760002,95.129997,93.699997,94.099998,58.545868,3629100
2009-07-15,92.660004,93.000000,91.669998,91.680000,57.040207,4664200
2009-07-16,92.809998,93.180000,92.500000,92.669998,57.656170,4225200
2009-07-17,91.900002,92.360001,91.239998,91.239998,56.766453,3845700
2009-07-20,90.849998,92.489998,90.800003,91.720001,57.065121,4436500
2009-07-21,91.449997,93.699997,91.290001,93.550003,58.203663,3895300
2009-07-22,93.400002,93.529999,92.360001,92.709999,57.681023,1986700
2009-07-23,92.760002,92.800003,90.570000,91.010002,56.623360,3818800
2009-07-24,91.000000,91.449997,90.769997,91.449997,56.897125,1765300
2009-07-27,90.230003,90.660004,89.940002,90.400002,56.243851,2755900
2009-07-28,90.720001,91.820000,90.430000,91.199997,56.741562,3324800
2009-07-29,92.169998,92.290001,90.940002,91.699997,57.052647,2910200
2009-07-30,91.540001,93.150002,91.230003,93.000000,57.861458,4040700
2009-07-31,93.849998,94.860001,93.279999,94.809998,58.987579,5697000
2009-08-03,93.809998,93.870003,92.610001,93.059998,58.093636,4029300
2009-08-04,93.629997,93.720001,91.669998,92.320000,57.631683,3832200
2009-08-05,91.309998,92.750000,90.870003,90.940002,56.770229,4458300
2009-08-06,90.900002,91.889999,90.419998,91.250000,56.963768,3228500
2009-08-07,90.419998,90.930000,90.220001,90.489998,56.489311,3543200
2009-08-10,90.510002,91.639999,90.410004,91.620003,57.194714,3150100
2009-08-11,92.389999,92.870003,91.989998,92.680000,57.856476,3677800
2009-08-12,92.949997,93.070000,91.089996,91.690002,57.238449,4729200
2009-08-13,91.800003,93.150002,91.500000,92.989998,58.049946,3922300
2009-08-14,93.300003,94.199997,93.209999,93.349998,58.274632,4410400
2009-08-17,93.949997,94.750000,93.870003,94.730003,59.136143,3569700
2009-08-18,94.660004,94.769997,94.010002,94.180000,58.792839,2557900
2009-08-19,95.169998,95.370003,94.410004,94.959999,59.279732,3518200
2009-08-20,95.379997,95.870003,94.779999,95.739998,59.766663,3282700
2009-08-21,95.639999,95.730003,93.750000,93.769997,58.536888,6258300
2009-08-24,93.489998,95.470001,93.459999,95.470001,59.598118,4460200
2009-08-25,95.370003,96.089996,94.910004,96.010002,59.935211,3359700
2009-08-26,96.180000,96.550003,95.910004,96.449997,60.209904,3225800
2009-08-27,96.180000,96.620003,95.730003,96.070000,59.972729,2514000
2009-08-28,95.440002,96.510002,95.309998,96.510002,60.247349,2072500
2009-08-31,96.360001,96.860001,95.760002,96.599998,60.303535,2899800
2009-09-01,95.820000,96.580002,95.139999,96.059998,60.157619,3304200
2009-09-02,96.480003,97.660004,96.239998,97.459999,61.034351,4345000
2009-09-03,96.839996,97.120003,96.550003,96.860001,60.658619,2703800
2009-09-04,96.440002,96.599998,95.059998,95.209999,59.625313,3643000
2009-09-08,94.480003,95.370003,94.360001,94.540001,59.205757,2468900
2009-09-09,93.889999,94.430000,93.519997,94.430000,59.136864,3182400
2009-09-10,94.930000,96.709999,94.910004,96.169998,60.226509,4417300
2009-09-11,96.820000,97.680000,96.599998,96.699997,60.558407,4826200
2009-09-14,96.019997,96.669998,95.650002,95.739998,59.957253,2119500
2009-09-15,95.190002,95.769997,95.070000,95.250000,59.650341,2187900
2009-09-16,95.339996,95.949997,94.599998,95.419998,59.756844,3732300
2009-09-17,95.690002,96.730003,95.169998,96.620003,60.508282,2832000
2009-09-18,96.199997,96.529999,95.669998,95.760002,59.969757,2813300
2009-09-21,96.099998,96.489998,95.360001,95.980003,60.107517,3050200
2009-09-22,95.650002,96.370003,95.510002,96.180000,60.232788,2068000
2009-09-23,95.940002,96.580002,95.199997,96.470001,60.414379,5712000
2009-09-24,96.500000,97.089996,96.169998,96.750000,60.589745,4658400
2009-09-25,97.360001,98.059998,96.769997,97.980003,61.359974,3854500
2009-09-28,98.320000,98.930000,98.110001,98.839996,61.898560,4263300
2009-09-29,98.320000,99.169998,98.150002,98.750000,61.842209,3123200
2009-09-30,98.559998,99.129997,98.360001,98.660004,61.785873,2744800
2009-10-01,98.959999,100.059998,98.800003,99.699997,62.632076,5754400
2009-10-02,100.279999,100.309998,98.879997,99.010002,62.198601,4827700
2009-10-05,99.470001,99.660004,98.769997,99.019997,62.204895,2910100
2009-10-06,98.760002,98.800003,97.980003,98.040001,61.589233,3936200
2009-10-07,98.669998,99.330002,98.599998,99.190002,62.311661,3591000
2009-10-08,99.709999,99.760002,97.680000,98.150002,61.658337,5871600
2009-10-09,97.620003,97.709999,95.500000,95.900002,60.244850,8135900
2009-10-12,96.029999,96.330002,95.599998,96.050003,60.339161,1939700
2009-10-13,96.620003,96.849998,96.260002,96.550003,60.653187,2886500
2009-10-14,95.510002,96.099998,94.900002,95.120003,59.754910,5421000
2009-10-15,94.570000,95.419998,94.370003,94.680000,59.478466,3736900
2009-10-16,95.190002,95.529999,94.730003,95.449997,59.962158,3716800
2009-10-19,95.589996,96.209999,95.379997,96.199997,60.433342,3163800
2009-10-20,97.019997,97.250000,96.540001,96.720001,60.760006,2912400
2009-10-21,96.160004,96.209999,95.510002,96.139999,60.395687,3355200
2009-10-22,95.379997,95.830002,95.330002,95.669998,60.100391,2572200
2009-10-23,94.879997,95.419998,94.870003,94.949997,59.648098,2996200
2009-10-26,94.440002,94.510002,93.550003,93.720001,58.875431,4127400
2009-10-27,93.970001,95.110001,93.919998,95.000000,59.679485,4476300
2009-10-28,95.139999,95.800003,94.959999,95.449997,59.962158,4585400
2009-10-29,94.820000,95.059998,93.949997,94.410004,59.308861,4645300
2009-10-30,95.099998,96.010002,94.870003,95.779999,60.169510,5118000
2009-11-02,95.510002,95.580002,94.800003,95.050003,59.903538,3463800
2009-11-03,95.279999,95.360001,94.000000,94.099998,59.304817,4470700
2009-11-04,93.610001,94.070000,92.800003,93.239998,58.762829,5349500
2009-11-05,92.870003,93.239998,92.800003,93.239998,58.762829,2852000
2009-11-06,93.379997,93.449997,92.459999,93.330002,58.819485,3381100
2009-11-09,93.279999,93.699997,93.129997,93.440002,58.888847,1697800
2009-11-10,94.050003,94.099998,92.910004,93.269997,58.781757,2549900
2009-11-11,93.629997,94.160004,93.480003,93.660004,59.027527,1771100
2009-11-12,93.239998,93.589996,92.449997,93.489998,58.920403,3431300
2009-11-13,93.830002,94.059998,93.449997,93.919998,59.191322,1594200
2009-11-16,94.650002,95.449997,94.519997,95.019997,59.884624,5175700
2009-11-17,94.989998,95.800003,94.809998,95.529999,60.206039,3174400
2009-11-18,95.440002,95.529999,94.739998,94.970001,59.853104,2413600
2009-11-19,95.239998,95.820000,94.910004,95.139999,59.960270,2969800
2009-11-20,95.000000,95.370003,94.589996,95.120003,59.947662,4136300
2009-11-23,94.540001,95.099998,94.339996,95.000000,59.872021,3219300
2009-11-24,95.110001,95.699997,94.989998,95.599998,60.250164,2895200
2009-11-25,95.489998,96.230003,94.970001,96.040001,60.527477,2789300
2009-11-27,96.400002,96.559998,96.089996,96.400002,60.754360,2249100
2009-11-30,96.199997,96.730003,96.000000,96.629997,60.899315,3115800
2009-12-01,95.760002,95.930000,95.190002,95.250000,60.220928,3979100
2009-12-02,95.290001,95.959999,94.989998,95.330002,60.271473,2193900
2009-12-03,94.430000,94.839996,94.239998,94.339996,59.645592,3947300
2009-12-04,93.290001,93.650002,92.910004,93.339996,59.013329,6108100
2009-12-07,93.269997,93.739998,93.089996,93.459999,59.089214,2774200
2009-12-08,94.050003,94.370003,93.370003,93.599998,59.177711,2378600
2009-12-09,93.690002,94.050003,92.680000,93.169998,58.905872,3494300
2009-12-10,92.690002,92.800003,91.949997,92.099998,58.229347,4446300
2009-12-11,91.839996,92.260002,91.309998,92.089996,58.223022,3053400
2009-12-14,92.349998,92.500000,92.050003,92.199997,58.292576,2380400
2009-12-15,91.570000,92.000000,91.489998,91.790001,58.033325,2993900
2009-12-16,91.930000,92.250000,91.360001,91.680000,57.963833,3301600
2009-12-17,92.500000,93.230003,92.190002,93.190002,58.918476,4428900
2009-12-18,93.199997,93.500000,92.650002,92.790001,58.665623,3789500
2009-12-21,92.059998,92.199997,91.139999,91.139999,57.622368,3524000
2009-12-22,90.800003,90.870003,90.419998,90.629997,57.299938,3078800
2009-12-23,90.959999,91.389999,90.500000,90.650002,57.312611,2336000
2009-12-24,90.330002,90.360001,89.669998,89.709999,56.718307,1698900
2009-12-28,89.459999,89.629997,89.300003,89.459999,56.560219,3170900
2009-12-29,89.260002,89.889999,89.199997,89.730003,56.933319,2617000
2009-12-30,89.919998,90.480003,89.860001,90.320000,57.307693,1919100
2009-12-31,89.760002,90.110001,89.050003,89.889999,57.034836,3242400
2010-01-04,89.839996,90.099998,89.580002,89.809998,56.984085,2829100
2010-01-05,90.050003,90.629997,90.000000,90.389999,57.352089,2841600
2010-01-06,90.169998,90.260002,89.120003,89.180000,56.584354,4099600
2010-01-07,89.220001,89.639999,89.120003,89.330002,56.679504,2793200
2010-01-08,89.510002,89.559998,88.760002,89.290001,56.654125,2910700
2010-01-11,88.989998,89.360001,88.769997,88.800003,56.343208,2181300
2010-01-12,90.160004,90.389999,89.839996,90.320000,57.307693,4321200
2010-01-13,89.930000,90.279999,89.220001,89.269997,56.641453,4755000
2010-01-14,89.690002,90.519997,89.540001,90.519997,57.434578,4188800
2010-01-15,91.029999,91.330002,90.980003,91.080002,57.789913,4142800
2010-01-19,90.720001,91.120003,90.419998,90.820000,57.624889,2496000
2010-01-20,91.320000,91.769997,91.269997,91.739998,58.208710,2800500
2010-01-21,91.550003,92.389999,91.459999,92.160004,58.475147,4363100
2010-01-22,92.089996,92.309998,91.769997,92.000000,58.373600,3666900
2010-01-25,91.540001,91.919998,91.489998,91.580002,58.107159,2419500
2010-01-26,92.019997,92.110001,91.309998,91.610001,58.126179,3138100
2010-01-27,91.750000,92.089996,91.370003,91.559998,58.094463,3325700
2010-01-28,91.129997,91.699997,91.059998,91.510002,58.062759,3058200
2010-01-29,91.410004,92.360001,91.250000,92.309998,58.570332,4930600
2010-02-01,91.709999,91.730003,91.050003,91.150002,58.038651,3598500
2010-02-02,91.180000,91.449997,91.040001,91.410004,58.204182,3047500
2010-02-03,90.809998,90.970001,90.269997,90.349998,57.529259,5343700
2010-02-04,90.989998,91.820000,90.900002,91.779999,58.439770,6095000
2010-02-05,91.370003,92.419998,91.209999,91.980003,58.567173,6875800
2010-02-08,91.870003,92.150002,91.650002,92.099998,58.643509,3386000
2010-02-09,91.739998,92.220001,91.139999,91.180000,58.057755,4790000
2010-02-10,91.320000,91.599998,90.199997,90.309998,57.503757,5068000
2010-02-11,90.199997,90.279999,89.379997,89.820000,57.191795,5087500
2010-02-12,90.309998,90.419998,89.949997,90.190002,57.427383,2833800
2010-02-16,89.730003,90.440002,89.730003,90.360001,57.535629,2440900
2010-02-17,89.919998,90.089996,89.080002,89.330002,56.879757,4368200
2010-02-18,89.459999,89.500000,88.510002,88.970001,56.650536,5121800
2010-02-19,89.239998,89.510002,88.900002,89.449997,56.956165,3502500
2010-02-22,89.120003,89.320000,88.919998,89.080002,56.720592,3382600
2010-02-23,89.339996,90.540001,89.300003,90.470001,57.605656,5474500
2010-02-24,90.550003,90.879997,90.180000,90.690002,57.745747,4423200
2010-02-25,91.180000,91.290001,90.900002,91.199997,58.070480,3707700
2010-02-26,91.459999,92.059998,91.410004,91.669998,58.369747,4349100
2010-03-01,91.330002,91.529999,90.959999,91.339996,58.344189,2415200
2010-03-02,90.879997,91.279999,90.699997,91.220001,58.267567,2260600
2010-03-03,91.010002,91.080002,90.699997,90.989998,58.120640,2156100
2010-03-04,90.959999,91.680000,90.830002,91.470001,58.427258,2374700
2010-03-05,90.830002,90.870003,90.120003,90.269997,57.660728,3823200
2010-03-08,89.900002,89.970001,89.699997,89.800003,57.360500,2850400
2010-03-09,89.980003,90.000000,89.400002,89.820000,57.373291,2573700
2010-03-10,89.489998,89.699997,89.190002,89.589996,57.226330,3216200
2010-03-11,89.389999,90.139999,89.370003,89.919998,57.437157,2621000
2010-03-12,89.769997,90.650002,89.730003,90.480003,57.794853,3099100
2010-03-15,90.349998,90.470001,90.050003,90.360001,57.718227,1936800
2010-03-16,90.559998,91.089996,90.540001,91.080002,58.178120,3932600
2010-03-17,91.309998,91.470001,91.070000,91.470001,58.427258,3481200
2010-03-18,91.419998,91.480003,91.010002,91.169998,58.235588,2750300
2010-03-19,91.260002,91.580002,90.870003,91.260002,58.293053,2976300
2010-03-22,91.349998,91.489998,91.220001,91.360001,58.356979,2452300
2010-03-23,91.070000,91.320000,90.910004,90.930000,58.082325,2910000
2010-03-24,89.839996,90.250000,89.059998,89.269997,57.021950,8049300
2010-03-25,89.129997,89.239998,88.370003,88.699997,56.657890,8268400
2010-03-26,88.540001,89.120003,88.489998,88.949997,56.817566,4110700
2010-03-29,88.779999,88.849998,88.309998,88.610001,56.600384,3245100
2010-03-30,88.519997,88.949997,88.269997,88.889999,56.779274,3254600
2010-03-31,89.220001,89.519997,88.949997,89.500000,57.168892,4263900
2010-04-01,88.769997,89.029999,88.430000,88.949997,57.029133,2912400
2010-04-05,87.980003,88.139999,87.410004,87.470001,56.080181,5652000
2010-04-06,87.800003,87.849998,87.349998,87.610001,56.170013,3584600
2010-04-07,87.449997,88.919998,87.300003,88.730003,56.888084,6389900
2010-04-08,88.889999,89.129997,88.480003,88.769997,56.913700,3797600
2010-04-09,88.610001,89.059998,88.410004,88.980003,57.048378,2311300
2010-04-12,89.169998,89.559998,89.089996,89.449997,57.349651,2939600
2010-04-13,89.889999,89.949997,89.519997,89.739998,57.535603,3090900
2010-04-14,89.760002,89.870003,89.110001,89.110001,57.131676,3570100
2010-04-15,88.849998,89.500000,88.680000,89.209999,57.195820,3698000
2010-04-16,89.400002,89.989998,89.239998,89.860001,57.612556,8303900
2010-04-19,89.870003,90.029999,89.519997,89.639999,57.471489,3211500
2010-04-20,89.849998,89.989998,89.639999,89.959999,57.676697,2285000
2010-04-21,90.269997,90.830002,90.260002,90.699997,58.151115,4162200
2010-04-22,90.900002,91.089996,90.330002,90.430000,57.977993,2841400
2010-04-23,90.209999,90.360001,89.870003,90.110001,57.772839,4776000
2010-04-26,90.510002,90.650002,89.940002,90.209999,57.836906,4753900
2010-04-27,90.849998,91.919998,90.699997,91.480003,58.651176,13199200
2010-04-28,91.129997,91.349998,90.480003,90.699997,58.151115,8379500
2010-04-29,90.860001,91.220001,90.519997,91.080002,58.394733,4067200
2010-04-30,91.279999,92.169998,91.110001,92.129997,59.067932,6924800
2010-05-03,91.419998,92.019997,91.279999,91.690002,58.990700,4211800
2010-05-04,92.809998,93.470001,92.559998,93.339996,60.052311,11054800
2010-05-05,94.059998,94.849998,93.349998,93.889999,60.406147,12219100
2010-05-06,94.160004,100.000000,93.779999,96.790001,62.271904,19578200
2010-05-07,95.879997,98.089996,95.269997,95.580002,61.493439,18740600
2010-05-10,93.160004,93.940002,93.089996,93.599998,60.219570,10240100
2010-05-11,93.980003,94.019997,92.989998,93.360001,60.065174,7729100
2010-05-12,93.139999,93.260002,92.610001,92.650002,59.608364,5530800
2010-05-13,93.260002,93.550003,92.199997,93.260002,60.000847,6849700
2010-05-14,94.120003,95.500000,94.089996,94.879997,61.043068,9796500
2010-05-17,94.720001,95.709999,94.470001,94.529999,60.817917,6302200
2010-05-18,94.900002,96.169998,94.769997,95.980003,61.750786,9904100
2010-05-19,95.940002,96.949997,95.930000,96.300003,61.956680,14121200
2010-05-20,97.910004,98.570000,97.529999,98.330002,63.262707,17666900
2010-05-21,99.610001,99.750000,97.860001,98.430000,63.327045,18670600
2010-05-24,98.739998,98.870003,97.900002,98.089996,63.108261,7721100
2010-05-25,99.650002,99.889999,98.400002,98.570000,63.417122,12952700
2010-05-26,98.220001,98.400002,97.400002,98.290001,63.237007,12644800
2010-05-27,96.830002,96.989998,95.879997,96.059998,61.802258,7653200
2010-05-28,96.489998,96.779999,96.019997,96.500000,62.085323,5805500
2010-06-01,97.230003,97.290001,96.250000,96.849998,62.521770,5536200
2010-06-02,96.989998,97.190002,95.820000,95.930000,61.927856,5656400
2010-06-03,95.209999,95.910004,95.099998,95.230003,61.475929,8499500
2010-06-04,96.940002,97.949997,96.699997,97.790001,63.128574,7479600
2010-06-07,97.519997,98.589996,97.330002,98.540001,63.612720,5288200
2010-06-08,97.930000,98.510002,97.760002,98.050003,63.296394,5510800
2010-06-09,97.599998,98.120003,97.209999,97.940002,63.225338,5598000
2010-06-10,97.199997,97.290001,96.089996,96.190002,62.095669,6075100
2010-06-11,97.089996,97.809998,96.610001,97.410004,62.883209,6266700
2010-06-14,96.320000,97.040001,96.220001,96.910004,62.560482,5310400
2010-06-15,97.110001,97.250000,96.050003,96.510002,62.302242,4920100
2010-06-16,97.190002,97.220001,96.389999,97.059998,62.657272,4011100
2010-06-17,97.150002,98.230003,97.070000,97.849998,63.167320,5650900
2010-06-18,97.889999,98.110001,97.570000,97.690002,63.063999,4171700
2010-06-21,96.459999,97.550003,96.410004,97.410004,62.883209,5740900
2010-06-22,97.680000,98.599998,97.419998,98.570000,63.632088,5658900
2010-06-23,98.610001,99.570000,98.570000,99.239998,64.064590,9137800
2010-06-24,99.349998,99.589996,98.349998,98.650002,63.683735,6184600
2010-06-25,98.320000,99.330002,98.160004,99.050003,63.941986,5148300
2010-06-28,99.599998,100.000000,99.419998,99.980003,64.542320,5436000
2010-06-29,100.320000,101.129997,100.160004,101.070000,65.245972,7334200
2010-06-30,101.410004,101.790001,100.800003,101.750000,65.684990,7205700
2010-07-01,101.570000,102.660004,101.379997,101.599998,65.788521,12893400
2010-07-02,101.110001,101.440002,100.160004,100.790001,65.264030,6297600
2010-07-06,100.830002,101.750000,100.739998,101.620003,65.801476,6620400
2010-07-07,101.459999,101.510002,100.339996,100.430000,65.030945,5727800
2010-07-08,99.820000,100.160004,99.550003,99.790001,64.616524,6260600
2010-07-09,99.400002,99.639999,99.180000,99.220001,64.247452,4286000
2010-07-12,99.330002,99.839996,99.040001,99.180000,64.221512,4062100
2010-07-13,98.849998,98.889999,98.180000,98.330002,63.671078,5842500
2010-07-14,98.720001,99.489998,98.389999,99.320000,64.312157,5417300
2010-07-15,99.739998,100.589996,99.699997,100.309998,64.953209,6996100
2010-07-16,100.309998,101.129997,100.269997,100.800003,65.270554,7512400
2010-07-19,100.559998,100.750000,99.980003,100.180000,64.869072,4305800
2010-07-20,100.669998,100.900002,100.180000,100.330002,64.966194,5076600
2010-07-21,100.449997,102.279999,100.410004,102.029999,66.067009,7894200
2010-07-22,101.510002,101.519997,100.820000,100.849998,65.302887,5759700
2010-07-23,100.800003,100.970001,99.690002,99.779999,64.610008,6259100
2010-07-26,99.629997,99.809998,99.000000,99.610001,64.499992,4856400
2010-07-27,98.779999,99.180000,98.570000,98.650002,63.878349,5328000
2010-07-28,98.489998,99.190002,98.269997,98.970001,64.085526,5507200
2010-07-29,98.099998,99.019997,97.919998,98.940002,64.066132,6305500
2010-07-30,100.199997,100.610001,99.849998,100.480003,65.063347,7683200
2010-08-02,99.239998,99.330002,98.750000,98.750000,64.149933,5769200
2010-08-03,99.199997,99.660004,98.930000,99.320000,64.520256,4363500
2010-08-04,99.500000,99.510002,98.559998,98.559998,64.026550,3820400
2010-08-05,99.339996,99.489998,98.839996,99.019997,64.325317,3704200
2010-08-06,99.790001,100.209999,99.489998,100.099998,65.026947,6042400
2010-08-09,99.739998,99.980003,99.610001,99.730003,64.786621,2578500
2010-08-10,100.059998,101.010002,99.470001,99.940002,64.923012,11251000
2010-08-11,100.309998,101.389999,100.309998,101.279999,65.793488,6778300
2010-08-12,101.580002,101.940002,100.870003,101.029999,65.631081,7590100
2010-08-13,101.620003,102.449997,101.480003,102.290001,66.449638,7843600
2010-08-16,104.209999,104.889999,104.070000,104.849998,68.112656,7976200
2010-08-17,104.849998,104.860001,104.000000,104.250000,67.722832,6756800
2010-08-18,105.000000,105.650002,104.489998,104.529999,67.904732,7721600
2010-08-19,104.790001,106.610001,104.639999,106.160004,68.963676,13128500
2010-08-20,106.410004,106.830002,105.839996,106.040001,68.885681,7040300
2010-08-23,105.650002,106.190002,105.250000,106.059998,68.898666,6360100
2010-08-24,107.040001,108.129997,106.669998,107.760002,70.003059,9812100
2010-08-25,108.800003,109.339996,107.070000,107.410004,69.775665,13299800
2010-08-26,107.559998,108.489998,107.290001,108.419998,70.431786,7039900
2010-08-27,107.769997,108.330002,105.199997,105.349998,68.437416,13514000
2010-08-30,106.209999,107.400002,105.820000,107.370003,69.749672,5535300
2010-08-31,108.220001,108.650002,107.620003,108.559998,70.522766,8397000
2010-09-01,107.019997,107.050003,105.089996,106.000000,69.064583,12480700
2010-09-02,105.199997,105.300003,104.400002,104.879997,68.334824,8167600
2010-09-03,102.720001,103.940002,102.699997,103.580002,67.487785,9210700
2010-09-07,105.089996,105.779999,104.809998,105.699997,68.869072,6018400
2010-09-08,105.089996,105.209999,104.360001,104.860001,68.321793,6698400
2010-09-09,103.699997,103.839996,102.639999,102.790001,66.973099,8588900
2010-09-10,102.250000,102.699997,101.849998,102.320000,66.666801,6910300
2010-09-13,101.800003,103.050003,101.769997,102.820000,66.992599,7054800
2010-09-14,103.029999,103.820000,102.970001,103.809998,67.637642,5978100
2010-09-15,102.750000,103.260002,102.139999,102.269997,66.634232,7919100
2010-09-16,101.529999,101.820000,100.849998,101.260002,65.976234,17116200
2010-09-17,101.830002,102.160004,101.320000,101.669998,66.243340,9203600
2010-09-20,102.150002,102.449997,101.690002,102.260002,66.627724,5277800
2010-09-21,102.669998,104.019997,102.260002,103.680000,67.552940,12664000
2010-09-22,104.550003,105.070000,103.849998,104.610001,68.158905,8229400
2010-09-23,105.410004,105.459999,104.239998,104.910004,68.354385,7412200
2010-09-24,103.959999,104.110001,103.500000,103.500000,67.435669,8942500
2010-09-27,104.529999,105.449997,104.480003,105.300003,68.608490,7061600
2010-09-28,105.379997,106.320000,105.339996,106.019997,69.077591,8262900
2010-09-29,106.169998,106.269997,105.349998,105.580002,68.790878,5507100
2010-09-30,105.400002,105.589996,104.029999,105.510002,68.745255,10618400
2010-10-01,104.230003,105.139999,103.980003,104.610001,68.413055,9368400
2010-10-04,104.620003,104.930000,104.410004,104.879997,68.589661,4422700
2010-10-05,104.730003,104.809998,103.930000,104.250000,68.177605,8491800
2010-10-06,104.900002,106.099998,104.860001,105.559998,69.034340,6476100
2010-10-07,105.169998,105.379997,104.669998,104.680000,68.458817,5780700
2010-10-08,104.870003,105.459999,104.220001,104.220001,68.158066,6128700
2010-10-11,104.110001,104.430000,103.940002,104.239998,68.171089,1474200
2010-10-12,104.410004,104.760002,103.180000,103.209999,67.497482,6122400
2010-10-13,102.349998,103.120003,102.040001,103.050003,67.392868,8168400
2010-10-14,103.290001,103.650002,101.470001,101.510002,66.385742,10945000
2010-10-15,100.599998,101.050003,99.889999,100.269997,65.574776,12694700
2010-10-18,101.199997,101.449997,100.779999,101.080002,66.104477,5592200
2010-10-19,100.580002,102.089996,100.550003,101.690002,66.503418,8017500
2010-10-20,101.370003,102.279999,101.209999,101.910004,66.647308,5515800
2010-10-21,101.690002,101.910004,100.690002,100.699997,65.855965,6836100
2010-10-22,100.440002,101.470001,100.410004,101.379997,66.300705,4770700
2010-10-25,102.120003,102.290001,101.550003,101.669998,66.490356,5632300
2010-10-26,100.860001,101.059998,100.050003,100.099998,65.463585,8432000
2010-10-27,99.680000,100.169998,99.220001,99.220001,64.888100,9245200
2010-10-28,99.580002,99.830002,99.160004,99.489998,65.064667,8052600
2010-10-29,99.820000,100.459999,99.620003,100.419998,65.672882,6753800
2010-11-01,100.800003,100.809998,99.489998,99.669998,65.390106,5921000
2010-11-02,100.459999,101.089996,100.419998,100.980003,66.249550,6537400
2010-11-03,101.730003,102.269997,98.430000,98.919998,64.898071,25541800
2010-11-04,99.169998,99.870003,99.080002,99.690002,65.403244,13246500
2010-11-05,98.349998,98.800003,97.980003,97.980003,64.281349,12435000
2010-11-08,98.589996,98.919998,97.820000,98.419998,64.569984,6795200
2010-11-09,98.489998,98.519997,96.190002,96.250000,63.146362,15061700
2010-11-10,96.349998,96.739998,95.000000,96.379997,63.231621,18540400
2010-11-11,96.449997,96.629997,96.139999,96.330002,63.198818,3368100
2010-11-12,96.209999,96.739998,95.809998,95.809998,62.857716,11739500
2010-11-15,95.330002,95.720001,93.809998,93.809998,61.545616,14978700
2010-11-16,94.910004,96.250000,93.989998,96.139999,63.074211,19901300
2010-11-17,95.800003,96.760002,95.339996,95.610001,62.726471,9915600
2010-11-18,95.680000,96.000000,94.800003,96.000000,62.982368,12424800
2010-11-19,96.089996,96.589996,95.790001,96.589996,63.369427,8359500
2010-11-22,97.370003,97.620003,96.239998,97.000000,63.638420,10413500
2010-11-23,97.669998,97.949997,97.239998,97.480003,63.953339,9566900
2010-11-24,96.809998,96.989998,95.580002,95.739998,62.811787,11467600
2010-11-26,96.720001,97.120003,96.550003,97.070000,63.684402,4848900
2010-11-29,97.559998,97.949997,97.089996,97.900002,64.228920,8950000
2010-11-30,99.209999,99.269997,98.110001,98.410004,64.563469,11947600
2010-12-01,96.650002,97.110001,95.889999,95.889999,63.128246,15441200
2010-12-02,95.959999,96.540001,95.529999,95.639999,62.963715,9318700
2010-12-03,96.279999,96.330002,94.849998,94.889999,62.469925,10194800
2010-12-06,95.519997,96.250000,95.309998,96.230003,63.352112,7001800
2010-12-07,94.720001,94.919998,93.160004,94.169998,61.995914,18533100
2010-12-08,93.720001,93.800003,92.110001,93.260002,61.396866,19275900
2010-12-09,93.599998,94.269997,92.730003,93.720001,61.699680,17477100
2010-12-10,93.290001,93.860001,93.139999,93.150002,61.324425,7078500
2010-12-13,93.050003,94.029999,92.559998,93.500000,61.554829,12399900
2010-12-14,92.400002,93.019997,91.440002,92.139999,60.659500,23516400
2010-12-15,92.080002,92.239998,90.470001,90.940002,59.869503,26084000
2010-12-16,91.029999,91.580002,90.570000,91.570000,60.284210,17939000
2010-12-17,91.879997,93.769997,91.860001,93.239998,61.383678,16849700
2010-12-20,93.750000,94.230003,92.639999,93.139999,61.317852,13703500
2010-12-21,93.129997,93.790001,92.489998,93.790001,61.745762,8985100
2010-12-22,93.470001,93.550003,92.930000,93.120003,61.304703,6440900
2010-12-23,93.180000,93.230003,92.529999,92.930000,61.179585,7091800
2010-12-27,92.760002,93.879997,92.300003,93.760002,61.726025,5285900
2010-12-28,92.930000,93.070000,91.309998,91.610001,60.517132,13972100
2010-12-29,91.760002,93.519997,91.470001,93.160004,61.541042,13115400
2010-12-30,92.879997,93.279999,92.410004,93.089996,61.494820,7029900
2010-12-31,93.510002,94.699997,93.440002,94.120003,62.175255,8516000
2011-01-03,93.199997,94.309998,92.949997,93.410004,61.706203,13799400
2011-01-04,93.410004,93.769997,92.910004,93.519997,61.778854,10466900
2011-01-05,92.489998,92.690002,91.190002,91.459999,60.418034,17568000
2011-01-06,91.540001,92.120003,91.160004,91.860001,60.682243,9317500
2011-01-07,91.510002,92.629997,91.029999,92.349998,61.006001,12694600
2011-01-10,92.580002,92.989998,92.180000,92.849998,61.336300,8295200
2011-01-11,92.489998,92.599998,91.690002,92.330002,60.992710,9495400
2011-01-12,91.739998,92.169998,91.449997,91.610001,60.517132,9522900
2011-01-13,91.620003,92.769997,91.449997,92.430000,61.058804,14502400
2011-01-14,92.779999,92.900002,91.760002,91.839996,60.669048,8960700
2011-01-18,91.290001,91.709999,90.730003,91.410004,60.385010,10663600
2011-01-19,91.410004,92.070000,91.360001,92.070000,60.820984,8886900
2011-01-20,91.500000,91.610001,90.389999,90.800003,59.982018,14203400
2011-01-21,90.690002,91.519997,90.510002,91.519997,60.457664,9085600
2011-01-24,91.870003,91.900002,91.379997,91.559998,60.484146,7700200
2011-01-25,91.940002,92.900002,91.320000,92.430000,61.058804,13438100
2011-01-26,92.220001,92.260002,90.889999,91.029999,60.133984,13322900
2011-01-27,91.070000,91.650002,90.669998,91.440002,60.404865,10868700
2011-01-28,90.809998,92.279999,90.769997,91.919998,60.721947,11993200
2011-01-31,91.660004,91.980003,91.050003,91.220001,60.259529,8647600
2011-02-01,90.550003,90.839996,90.139999,90.449997,59.961151,11508400
2011-02-02,90.900002,91.000000,89.900002,90.470001,59.974430,13624600
2011-02-03,89.959999,90.570000,89.709999,89.720001,59.477238,12785800
2011-02-04,89.500000,89.650002,88.769997,88.809998,58.873966,17172200
2011-02-07,88.699997,89.300003,88.570000,89.269997,59.178898,8554800
2011-02-08,89.309998,89.540001,88.360001,88.449997,58.635372,10454200
2011-02-09,88.690002,89.660004,88.139999,89.220001,59.145752,13078600
2011-02-10,88.900002,89.139999,88.180000,88.190002,58.462967,10486800
2011-02-11,89.029999,89.529999,88.739998,89.459999,59.304897,11333400
2011-02-14,89.309998,89.930000,89.309998,89.519997,59.344639,8033500
2011-02-15,89.559998,89.970001,89.370003,89.919998,59.609859,7298000
2011-02-16,89.870003,90.320000,89.339996,89.629997,59.417576,8446300
2011-02-17,90.019997,90.180000,89.660004,89.769997,59.510357,6732500
2011-02-18,89.419998,89.550003,89.080002,89.489998,59.324806,6080700
2011-02-22,89.910004,90.940002,89.709999,90.830002,60.213112,11905700
2011-02-23,91.099998,91.550003,90.739998,91.160004,60.431881,14522600
2011-02-24,91.629997,92.040001,91.440002,91.739998,60.816345,12110900
2011-02-25,91.739998,92.279999,91.639999,92.279999,61.174370,6841700
2011-02-28,92.300003,92.519997,92.080002,92.400002,61.253906,9682500
2011-03-01,91.519997,92.400002,91.470001,92.370003,61.431465,8048700
2011-03-02,91.839996,91.989998,90.940002,90.949997,60.487072,8526400
2011-03-03,90.529999,90.779999,89.980003,90.059998,59.895123,10607600
2011-03-04,90.099998,90.849998,90.000000,90.809998,60.393944,9316200
2011-03-07,90.019997,90.860001,89.849998,90.230003,60.008213,7522300
2011-03-08,90.110001,90.339996,89.650002,89.680000,59.642467,8498700
2011-03-09,90.089996,90.820000,89.849998,90.550003,60.221100,8904800
2011-03-10,90.870003,92.099998,90.639999,92.070000,61.231895,13385800
2011-03-11,92.040001,92.080002,91.330002,91.550003,60.886105,8407600
2011-03-14,91.480003,91.919998,91.320000,91.510002,60.859505,6765200
2011-03-15,92.800003,93.050003,92.360001,92.879997,61.770626,14893800
2011-03-16,93.370003,94.940002,93.080002,93.930000,62.468945,24294200
2011-03-17,93.239998,93.610001,92.760002,93.209999,61.990097,10528500
2011-03-18,92.750000,93.480003,92.690002,93.459999,62.156361,7260900
2011-03-21,93.129997,93.180000,92.570000,92.910004,61.790604,10542900
2011-03-22,92.809998,93.290001,92.739998,93.220001,61.996719,6904700
2011-03-23,93.849998,93.879997,92.930000,93.099998,61.916954,8358000
2011-03-24,92.760002,92.879997,92.389999,92.400002,61.451405,9477600
2011-03-25,92.860001,92.959999,92.019997,92.169998,61.298412,6447200
2011-03-28,92.120003,92.669998,92.000000,92.300003,61.384895,3996800
2011-03-29,91.980003,92.500000,91.570000,91.589996,60.912689,6487200
2011-03-30,91.720001,92.320000,91.559998,92.320000,61.398193,5048300
2011-03-31,92.669998,92.720001,91.610001,92.129997,61.271847,9654300
2011-04-01,91.500000,92.269997,91.419998,92.190002,61.569649,7860400
2011-04-04,92.199997,92.580002,92.129997,92.290001,61.636471,4469100
2011-04-05,92.160004,92.379997,91.669998,91.919998,61.389374,9951600
2011-04-06,91.769997,91.790001,90.540001,90.540001,60.467720,9090900
2011-04-07,90.529999,90.760002,90.129997,90.360001,60.347488,9265100
2011-04-08,89.930000,90.320000,89.849998,89.879997,60.026970,7605700
2011-04-11,89.830002,90.220001,89.650002,89.959999,60.080391,5734000
2011-04-12,90.610001,91.239998,90.559998,90.930000,60.728188,7686500
2011-04-13,90.540001,91.500000,90.440002,91.500000,61.108894,7959300
2011-04-14,91.540001,91.769997,91.220001,91.430000,61.062111,7609600
2011-04-15,92.260002,92.709999,92.070000,92.669998,61.890236,10222900
2011-04-18,91.989998,93.099998,91.449997,92.879997,62.030506,12036700
2011-04-19,92.860001,93.279999,92.760002,93.279999,62.297630,5295100
2011-04-20,93.070000,93.260002,92.610001,92.680000,61.896969,6754100
2011-04-21,92.889999,93.230003,92.559998,92.599998,61.843548,3365600
2011-04-25,92.629997,92.970001,92.500000,92.949997,62.077255,3626900
2011-04-26,93.269997,93.870003,93.180000,93.849998,62.678379,7506300
2011-04-27,93.440002,93.570000,92.750000,92.889999,62.037167,8869300
2011-04-28,93.220001,93.599998,92.970001,93.599998,62.511402,8110200
2011-04-29,93.470001,93.919998,93.349998,93.889999,62.705128,5900000
2011-05-02,93.320000,93.680000,93.169998,93.639999,62.805626,5285100
2011-05-03,93.959999,94.169998,93.580002,94.169998,63.161171,6486600
2011-05-04,94.309998,94.720001,94.269997,94.589996,63.442867,7406300
2011-05-05,94.919998,95.629997,94.809998,95.489998,64.046463,9600000
2011-05-06,94.510002,95.489998,94.349998,95.070000,63.764778,9451500
2011-05-09,94.900002,95.199997,94.839996,94.970001,63.697708,3731200
2011-05-10,94.699997,94.889999,94.290001,94.290001,63.241615,5458300
2011-05-11,94.320000,95.089996,94.180000,94.830002,63.603832,6078700
2011-05-12,94.949997,95.110001,93.910004,94.230003,63.201359,8015800
2011-05-13,94.650002,95.489998,94.529999,95.080002,63.771503,8380000
2011-05-16,95.029999,95.790001,94.760002,95.610001,64.126953,6053600
2011-05-17,96.029999,96.599998,95.980003,96.589996,64.784302,9826900
2011-05-18,96.269997,96.389999,95.279999,95.309998,63.925724,7707600
2011-05-19,94.459999,95.320000,94.459999,95.269997,63.898907,8052400
2011-05-20,95.019997,95.410004,94.720001,95.320000,63.932438,5602300
2011-05-23,95.730003,96.190002,95.589996,95.779999,64.240959,6300000
2011-05-24,95.639999,96.139999,95.459999,96.139999,64.482445,5549100
2011-05-25,96.150002,96.279999,95.540001,95.690002,64.180626,5664500
2011-05-26,95.970001,96.550003,95.889999,96.510002,64.730637,8307900
2011-05-27,96.129997,96.510002,95.879997,96.470001,64.703773,5390600
2011-05-31,96.180000,96.760002,96.089996,96.690002,64.851349,7003900
2011-06-01,96.919998,97.720001,96.889999,97.639999,65.727783,12746400
2011-06-02,96.489998,96.910004,95.779999,95.779999,64.475716,15738700
2011-06-03,96.580002,96.599998,95.570000,96.330002,64.845932,10644100
2011-06-06,95.470001,95.989998,95.209999,95.599998,64.354530,8776900
2011-06-07,95.230003,96.059998,95.120003,96.040001,64.650764,7399200
2011-06-08,96.260002,96.839996,96.169998,96.790001,65.155663,7401800
2011-06-09,97.099998,97.330002,95.930000,96.400002,64.893089,9963000
2011-06-10,96.910004,97.389999,96.800003,97.139999,65.391212,7710800
2011-06-13,96.739998,97.290001,96.639999,96.650002,65.061371,5540000
2011-06-14,95.739998,95.900002,95.129997,95.190002,64.078568,8672400
2011-06-15,95.379997,96.940002,95.370003,96.919998,65.243126,12979100
2011-06-16,97.099998,97.529999,96.800003,97.360001,65.539307,10961200
2011-06-17,96.860001,97.150002,96.639999,96.900002,65.229683,9622900
2011-06-20,97.330002,97.360001,96.589996,97.019997,65.310432,6613800
2011-06-21,96.699997,97.029999,96.269997,96.589996,65.021034,7894900
2011-06-22,96.959999,97.059998,96.410004,96.650002,65.061371,5503700
2011-06-23,97.239998,97.739998,97.150002,97.389999,65.559525,8586800
2011-06-24,97.360001,97.690002,96.980003,96.980003,65.283447,7960900
2011-06-27,96.849998,96.870003,95.550003,95.650002,64.388176,9331300
2011-06-28,95.480003,95.680000,94.720001,94.879997,63.869846,12634300
2011-06-29,94.949997,95.199997,94.019997,94.250000,63.445789,11084900
2011-06-30,94.230003,94.309998,93.139999,94.099998,63.344822,11555600
2011-07-01,94.129997,94.230003,93.360001,93.629997,63.243492,6637200
2011-07-05,94.040001,94.169998,93.690002,93.839996,63.385315,4615600
2011-07-06,94.190002,94.449997,93.839996,94.320000,63.709545,5652700
2011-07-07,93.830002,94.139999,93.550003,94.040001,63.520393,6823700
2011-07-08,94.839996,95.610001,94.830002,95.370003,64.418747,12129300
2011-07-11,96.040001,96.800003,95.750000,96.800003,65.384735,9760800
2011-07-12,97.300003,97.309998,96.559998,97.129997,65.607613,9083900
2011-07-13,96.709999,97.430000,96.110001,97.400002,65.789963,13112200
2011-07-14,96.620003,97.900002,96.010002,96.010002,64.851082,11471500
2011-07-15,95.290001,96.199997,95.239998,96.169998,64.959152,7086200
2011-07-18,96.059998,96.169998,95.199997,95.239998,64.330986,8206500
2011-07-19,95.320000,97.269997,95.169998,97.220001,65.668358,15249400
2011-07-20,96.720001,96.839996,95.870003,96.070000,64.891602,9673300
2011-07-21,95.239998,95.860001,94.900002,95.330002,64.391747,11099200
2011-07-22,95.690002,96.089996,95.529999,96.050003,64.878120,4974500
2011-07-25,94.970001,96.050003,94.830002,95.000000,64.168846,10869400
2011-07-26,95.300003,95.870003,95.239998,95.650002,64.607864,7682800
2011-07-27,95.339996,95.839996,95.099998,95.660004,64.614662,11224200
2011-07-28,96.110001,96.309998,95.709999,96.019997,64.857849,7081600
2011-07-29,96.889999,98.529999,96.779999,97.919998,66.141174,19582400
2011-08-01,97.389999,98.940002,97.349998,98.580002,66.808784,14348200
2011-08-02,99.220001,101.570000,98.889999,101.540001,68.814850,20850600
2011-08-03,101.570000,103.419998,101.360001,101.739998,68.950317,21179700
2011-08-04,102.379997,105.550003,102.269997,105.360001,71.403641,34076600
2011-08-05,103.440002,105.500000,102.279999,102.320000,69.343376,41677700
2011-08-08,103.180000,105.790001,102.949997,105.550003,71.532410,38259500
2011-08-09,105.010002,109.370003,103.000000,105.870003,71.749214,39881400
2011-08-10,107.629997,109.070000,106.940002,109.019997,73.884033,46221000
2011-08-11,107.339996,107.809998,103.199997,103.519997,70.156601,37790100
2011-08-12,104.440002,105.660004,104.070000,105.570000,71.545952,15590800
2011-08-15,104.940002,105.480003,104.470001,104.500000,70.820816,10051700
2011-08-16,104.660004,106.639999,104.629997,106.230003,71.993202,15993200
2011-08-17,106.320000,108.099998,105.769997,108.089996,73.253754,15906600
2011-08-18,110.089996,112.139999,109.279999,110.309998,74.758354,27274600
2011-08-19,110.650002,111.410004,110.230003,111.199997,75.361465,15708400
2011-08-22,110.459999,111.260002,110.389999,110.919998,75.171730,13157700
2011-08-23,109.760002,111.169998,109.349998,109.389999,74.134789,16017800
2011-08-24,109.290001,109.410004,106.150002,106.279999,72.027122,14621600
2011-08-25,106.690002,107.900002,106.360001,107.430000,72.806503,10565900
2011-08-26,108.690002,109.269997,107.330002,108.489998,73.524872,11504800
2011-08-29,106.699997,107.400002,106.599998,106.989998,72.508301,6764300
2011-08-30,108.430000,109.150002,108.250000,108.709999,73.673988,9508700
2011-08-31,108.809998,108.959999,107.029999,107.029999,72.535370,12186000
2011-09-01,107.470001,108.980003,106.080002,108.970001,74.073036,10686600
2011-09-02,111.389999,112.580002,110.660004,112.510002,76.479431,16557100
2011-09-06,114.419998,114.930000,113.389999,113.680000,77.274681,14016200
2011-09-07,112.279999,112.370003,111.309998,111.510002,75.799606,11524300
2011-09-08,112.300003,112.629997,111.339996,112.510002,76.479431,11480900
2011-09-09,112.540001,114.180000,112.209999,113.709999,77.295029,11492700
2011-09-12,113.570000,114.250000,113.099998,113.830002,77.376625,7602200
2011-09-13,113.400002,113.589996,112.110001,112.209999,76.275414,9282400
2011-09-14,111.970001,113.349998,111.820000,113.160004,76.921165,11948500
2011-09-15,111.980003,112.489998,111.430000,111.430000,75.745216,8884000
2011-09-16,111.309998,112.589996,111.250000,112.239998,76.295807,10053500
2011-09-19,114.199997,115.190002,114.120003,114.379997,77.750519,13033500
2011-09-20,114.370003,114.870003,114.050003,114.860001,78.076805,6360600
2011-09-21,114.629997,118.790001,114.199997,118.660004,80.659859,18687100
2011-09-22,121.410004,123.870003,121.230003,123.120003,83.691597,25041400
2011-09-23,123.120003,123.360001,120.830002,120.830002,82.134926,15173800
2011-09-26,120.120003,120.570000,118.580002,118.889999,80.816231,15110100
2011-09-27,116.750000,117.300003,116.260002,117.070000,79.579063,13589600
2011-09-28,116.900002,117.110001,115.760002,117.029999,79.551796,12642600
2011-09-29,117.610001,118.820000,117.089996,117.839996,80.102409,12341800
2011-09-30,120.019997,120.910004,118.989998,120.800003,82.114494,13546400
2011-10-03,121.879997,123.809998,121.110001,123.809998,84.374374,15882000
2011-10-04,124.370003,125.029999,122.180000,122.239998,83.304420,17301400
2011-10-05,121.660004,121.779999,120.660004,121.360001,82.704727,14275000
2011-10-06,120.639999,121.010002,119.120003,119.120003,81.178215,9681600
2011-10-07,117.750000,119.050003,116.849998,118.239998,80.578445,11564600
2011-10-10,116.820000,116.910004,115.800003,116.570000,79.440399,3567600
2011-10-11,117.290001,117.360001,115.900002,116.180000,79.174629,7520200
2011-10-12,114.699997,115.120003,113.480003,114.489998,78.022934,14033400
2011-10-13,115.029999,116.550003,114.959999,115.629997,78.799774,11263300
2011-10-14,113.879997,114.610001,113.610001,113.949997,77.654953,8411000
2011-10-17,114.300003,115.970001,114.220001,115.919998,78.997467,9664000
2011-10-18,116.139999,116.820000,114.300003,115.199997,78.506721,12495600
2011-10-19,114.540001,115.739998,114.160004,115.160004,78.479515,6629300
2011-10-20,114.459999,115.669998,114.070000,114.339996,77.920670,7832100
2011-10-21,113.860001,114.199997,113.129997,113.129997,77.096115,9906300
2011-10-24,113.930000,114.080002,113.050003,113.320000,77.225601,6344500
2011-10-25,113.379997,116.349998,113.349998,116.199997,79.188248,11791200
2011-10-26,115.389999,116.209999,114.070000,114.169998,77.804886,12747000
2011-10-27,112.519997,112.849998,109.820000,110.300003,75.167542,19471400
2011-10-28,110.900002,111.959999,110.760002,111.459999,75.958031,10127900
2011-10-31,113.610001,115.879997,113.459999,115.879997,78.970161,15242100
2011-11-01,118.709999,119.489998,117.169998,119.449997,81.613632,24400600
2011-11-02,116.629997,118.360001,116.419998,117.959999,80.595596,13181100
2011-11-03,116.339996,117.349998,115.989998,116.339996,79.488754,8386700
2011-11-04,115.720001,117.050003,115.529999,116.480003,79.584442,7583700
2011-11-07,116.639999,118.349998,116.320000,117.220001,80.090027,9279700
2011-11-08,116.750000,117.540001,115.500000,115.720001,79.065125,7539400
2011-11-09,118.260002,119.129997,117.070000,118.120003,80.704987,13004500
2011-11-10,116.779999,117.610001,115.209999,116.360001,79.502411,11644600
2011-11-11,115.830002,116.169998,115.500000,115.650002,79.017349,2483900
2011-11-14,116.389999,117.599998,116.209999,117.510002,80.288162,9252600
2011-11-15,117.699997,118.459999,116.720001,117.349998,80.178894,7587500
2011-11-16,117.959999,118.430000,117.180000,118.419998,80.909920,7470000
2011-11-17,118.040001,120.160004,118.040001,119.370003,81.559013,9907900
2011-11-18,119.180000,119.550003,118.320000,119.339996,81.538498,6792600
2011-11-21,120.379997,120.730003,119.910004,120.050003,82.023643,7345600
2011-11-22,120.349998,121.410004,119.849998,121.389999,82.939133,7866300
2011-11-23,121.160004,123.050003,121.029999,122.580002,83.752174,10129300
2011-11-25,121.800003,121.870003,120.739998,120.800003,82.536041,4311900
2011-11-28,118.629997,121.150002,118.580002,120.739998,82.494995,7661900
2011-11-29,120.029999,120.919998,119.080002,119.750000,81.818657,8952800
2011-11-30,118.339996,118.559998,117.260002,117.879997,80.540955,11806800
2011-12-01,116.290001,117.239998,115.800003,117.000000,80.136879,9647200
2011-12-02,116.620003,118.680000,116.559998,118.639999,81.260094,7764900
2011-12-05,117.000000,118.830002,116.879997,118.400002,81.095764,7862800
2011-12-06,117.809998,118.290001,116.769997,117.269997,80.321785,8506300
2011-12-07,117.330002,118.239998,116.849998,117.690002,80.609482,6588300
2011-12-08,117.720001,119.330002,117.410004,119.160004,81.616318,8800500
2011-12-09,119.070000,119.129997,116.629997,116.709999,79.938210,9855100
2011-12-12,117.910004,118.489998,117.610001,118.010002,80.828613,5734600
2011-12-13,117.279999,119.629997,117.160004,119.110001,81.582077,8901800
2011-12-14,119.790001,121.389999,119.489998,121.360001,83.123108,11247700
2011-12-15,120.660004,121.320000,120.370003,120.910004,82.814919,5438700
2011-12-16,121.379997,122.620003,121.290001,122.320000,83.780655,9321900
2011-12-19,122.320000,124.019997,122.260002,123.870003,84.842293,7845100
2011-12-20,122.660004,122.669998,120.610001,120.779999,82.725899,13945400
2011-12-21,120.629997,120.830002,119.070000,119.099998,81.575180,11600100
2011-12-22,120.000000,120.419998,119.349998,119.599998,81.917679,5247400
2011-12-23,118.559998,118.709999,117.739998,118.269997,81.006714,5409700
2011-12-27,117.940002,118.449997,117.620003,118.449997,81.391464,4270300
2011-12-28,118.739998,121.050003,118.449997,120.639999,82.896324,8302300
2011-12-29,120.480003,121.089996,120.059998,120.860001,83.047478,4305000
2011-12-30,121.110001,121.760002,120.889999,121.250000,83.315468,5948800
2012-01-03,119.419998,120.199997,118.930000,119.430000,82.064911,9076900
2012-01-04,119.260002,119.279999,117.680000,118.010002,81.089157,8417100
2012-01-05,118.169998,119.099998,117.570000,117.800003,80.944893,6465800
2012-01-06,117.750000,118.959999,117.709999,118.730003,81.583931,7348500
2012-01-09,118.470001,119.540001,118.300003,118.519997,81.439613,5582400
2012-01-10,117.730003,118.870003,117.680000,118.320000,81.302170,8932500
2012-01-11,119.040001,120.059998,118.980003,119.860001,82.360374,8634500
2012-01-12,119.949997,120.190002,119.239998,119.690002,82.243568,7205400
2012-01-13,121.099998,121.639999,120.809998,120.879997,83.061256,9819000
2012-01-17,120.949997,121.629997,120.830002,121.440002,83.446060,5449900
2012-01-18,121.529999,121.610001,119.910004,119.970001,82.435982,5804000
2012-01-19,119.330002,119.559998,117.919998,118.320000,81.302170,8625700
2012-01-20,117.709999,117.959999,116.970001,116.980003,80.381424,6548200
2012-01-23,116.129997,116.639999,115.550003,116.239998,79.872932,7274800
2012-01-24,116.709999,116.709999,115.779999,116.449997,80.017189,5776500
2012-01-25,116.059998,118.529999,115.889999,116.169998,79.824814,12867600
2012-01-26,116.650002,117.709999,116.589996,117.709999,80.883041,7638500
2012-01-27,117.830002,118.330002,117.010002,118.080002,81.137253,5165300
2012-01-30,119.839996,120.389999,119.339996,119.470001,82.092407,8388400
2012-01-31,119.260002,120.910004,119.190002,120.849998,83.040688,7998300
2012-02-01,119.750000,119.900002,118.809998,119.180000,82.089462,7925200
2012-02-02,118.959999,119.480003,118.639999,119.129997,82.054993,5596900
2012-02-03,116.459999,116.800003,115.970001,116.570000,80.291710,12467400
2012-02-06,116.690002,117.800003,116.339996,117.730003,81.090668,6180600
2012-02-07,116.620003,116.879997,115.769997,116.269997,80.085052,8794800
2012-02-08,116.199997,116.790001,115.980003,116.360001,80.147041,7613400
2012-02-09,115.860001,116.040001,114.620003,115.489998,79.547859,11477700
2012-02-10,116.800003,117.330002,116.519997,116.989998,80.580971,7193100
2012-02-13,116.599998,117.370003,116.430000,117.139999,80.684326,6422900
2012-02-14,117.440002,118.279999,117.230003,117.760002,81.111351,8271200
2012-02-15,117.660004,118.269997,117.489998,117.550003,80.966690,6846100
2012-02-16,117.269997,117.599998,116.129997,116.610001,80.319183,9036200
2012-02-17,115.860001,116.610001,115.760002,116.580002,80.298561,6338000
2012-02-21,115.769997,115.919998,114.949997,115.290001,79.410042,8338300
2012-02-22,115.889999,116.760002,115.809998,116.739998,80.408791,7736800
2012-02-23,116.139999,117.220001,115.930000,116.739998,80.408791,5163900
2012-02-24,117.230003,117.580002,116.949997,117.500000,80.932259,5676900
2012-02-27,118.500000,118.849998,118.120003,118.540001,81.648590,8180700
2012-02-28,118.870003,119.139999,117.940002,118.150002,81.380005,6615700
2012-02-29,118.370003,118.419998,116.959999,117.430000,80.884041,14235000
2012-03-01,116.169998,116.680000,115.540001,116.059998,80.122604,12265600
2012-03-02,116.599998,117.480003,116.550003,117.150002,80.875076,6669600
2012-03-05,116.959999,117.440002,116.220001,116.220001,80.233070,6921900
2012-03-06,117.449997,118.110001,117.440002,117.629997,81.206421,6299700
2012-03-07,117.459999,117.610001,116.809998,116.910004,80.709404,5567500
2012-03-08,116.320000,116.570000,115.639999,115.739998,79.901688,7982100
2012-03-09,115.489998,115.989998,114.900002,115.970001,80.060448,6975600
2012-03-12,116.320000,116.519997,115.870003,115.949997,80.046661,5280000
2012-03-13,115.269997,115.410004,113.889999,113.910004,78.638351,14413600
2012-03-14,112.699997,112.750000,110.949997,111.040001,76.657021,24515300
2012-03-15,110.900002,111.739998,110.879997,111.209999,76.774368,14154000
2012-03-16,110.500000,111.440002,110.199997,111.430000,76.926254,13427200
2012-03-19,111.360001,111.480003,109.690002,110.099998,76.008080,14011400
2012-03-20,110.430000,110.870003,109.849998,110.540001,76.311836,9443800
2012-03-21,110.860001,111.889999,110.809998,111.790001,77.174774,10242000
2012-03-22,112.290001,112.370003,111.870003,112.150002,77.423286,8009800
2012-03-23,112.690002,113.389999,112.660004,113.209999,78.155121,8465300
2012-03-26,112.830002,113.010002,111.800003,112.629997,77.754707,8118600
2012-03-27,112.779999,113.699997,112.699997,113.440002,78.313873,6972300
2012-03-28,112.919998,113.940002,112.849998,113.279999,78.203461,7886000
2012-03-29,114.019997,114.190002,113.580002,114.129997,78.790207,7692900
2012-03-30,114.209999,114.269997,112.190002,112.199997,77.457825,9467500
2012-04-02,113.000000,113.300003,112.199997,112.529999,77.886963,8944000
2012-04-03,113.010002,113.440002,110.570000,110.580002,76.537300,14774300
2012-04-04,111.769997,112.120003,111.410004,112.099998,77.589325,10095600
2012-04-05,113.000000,113.070000,112.330002,112.910004,78.150017,6364100
2012-04-09,115.540001,115.769997,115.239998,115.550003,79.977219,14374600
2012-04-10,115.949997,117.290001,115.779999,116.860001,80.883942,14421300
2012-04-11,115.709999,116.059998,115.349998,115.459999,79.914963,8713000
2012-04-12,115.669998,115.750000,114.820000,114.980003,79.582695,9008500
2012-04-13,116.150002,116.900002,116.120003,116.839996,80.870071,8607700
2012-04-16,116.699997,117.599998,116.570000,116.669998,80.752426,7735000
2012-04-17,116.529999,116.830002,116.250000,116.599998,80.703964,5398600
2012-04-18,117.050003,117.120003,116.730003,116.940002,80.939331,4074400
2012-04-19,117.250000,117.470001,117.019997,117.050003,81.015457,5374300
2012-04-20,116.559998,117.129997,116.330002,117.070000,81.029305,5043300
2012-04-23,118.110001,118.410004,117.790001,117.919998,81.617592,5170100
2012-04-24,117.610001,117.760002,117.080002,117.089996,81.043144,4336600
2012-04-25,116.410004,117.320000,115.690002,116.489998,80.627815,8859500
2012-04-26,117.419998,117.459999,116.589996,117.190002,81.112343,5133000
2012-04-27,117.019997,117.360001,116.790001,117.290001,81.181541,3112900
2012-04-30,117.570000,117.750000,117.190002,117.320000,81.202347,4198400
2012-05-01,117.430000,117.620003,116.070000,116.430000,80.781189,7214300
2012-05-02,117.220001,117.320000,116.800003,117.250000,81.350128,3565700
2012-05-03,116.639999,117.370003,116.559998,117.220001,81.329300,3522900
2012-05-04,117.480003,118.190002,117.400002,118.139999,81.967636,6367300
2012-05-07,118.320000,118.459999,118.019997,118.160004,81.981476,3228200
2012-05-08,118.690002,119.510002,118.660004,118.790001,82.418571,6051600
2012-05-09,119.449997,119.570000,118.440002,118.870003,82.474075,5828900
2012-05-10,118.019997,118.620003,117.440002,118.519997,82.231255,6300000
2012-05-11,119.489998,119.599998,118.959999,119.500000,82.911217,5234300
2012-05-14,120.870003,121.300003,120.599998,121.169998,84.069855,8789400
2012-05-15,121.089996,121.730003,120.820000,121.660004,84.409851,6766400
2012-05-16,120.980003,122.180000,120.720001,122.010002,84.652672,6462300
2012-05-17,122.029999,124.279999,122.019997,124.169998,86.151337,14863400
2012-05-18,123.269997,124.440002,123.110001,124.199997,86.172104,10137700
2012-05-21,123.900002,124.449997,123.620003,123.940002,85.991753,9583500
2012-05-22,122.750000,122.879997,122.059998,122.559998,85.034264,12475500
2012-05-23,123.550003,124.519997,123.360001,123.410004,85.624062,11744900
2012-05-24,123.230003,123.790001,122.750000,122.940002,85.297928,10256200
2012-05-25,123.430000,123.540001,123.139999,123.400002,85.617096,4723600
2012-05-29,123.389999,123.809998,123.000000,123.019997,85.353439,5874100
2012-05-30,125.320000,126.320000,125.300003,126.139999,87.518143,17170800
2012-05-31,127.029999,129.080002,126.669998,127.599998,88.531113,31174500
2012-06-01,128.869995,130.380005,128.529999,130.360001,90.632858,23526000
2012-06-04,129.309998,130.179993,128.940002,129.330002,89.916710,11681200
2012-06-05,128.529999,128.639999,127.589996,127.599998,88.714012,12482800
2012-06-06,127.559998,127.599998,125.050003,125.050003,86.941017,20806700
2012-06-07,124.650002,125.739998,124.389999,125.239998,87.073189,18898200
2012-06-08,126.750000,126.949997,124.570000,125.209999,87.052322,11239600
2012-06-11,124.790001,126.209999,124.769997,125.779999,87.448654,10693800
2012-06-12,124.970001,125.629997,124.500000,124.629997,86.649033,10921700
2012-06-13,124.849998,126.279999,124.379997,125.860001,87.504219,11100000
2012-06-14,125.949997,126.279999,125.190002,125.699997,87.392990,7688200
2012-06-15,126.580002,126.849998,126.139999,126.400002,87.879677,6421400
2012-06-18,127.150002,127.339996,126.260002,127.080002,88.352440,6698400
2012-06-19,126.279999,126.370003,125.330002,125.419998,87.198311,8227900
2012-06-20,124.570000,126.510002,124.089996,126.040001,87.629387,13720300
2012-06-21,125.949997,127.250000,125.889999,126.709999,88.095192,9776600
2012-06-22,125.900002,126.220001,125.010002,125.019997,86.920242,7830400
2012-06-25,126.360001,127.019997,126.269997,126.839996,88.185593,6113800
2012-06-26,126.110001,126.949997,125.940002,126.339996,87.837944,5359700
2012-06-27,126.559998,126.790001,126.029999,126.540001,87.977028,5860700
2012-06-28,127.300003,127.480003,126.790001,126.849998,88.192528,5257800
2012-06-29,125.029999,125.629997,124.629997,125.199997,87.045387,8881900
2012-07-02,125.449997,127.209999,125.370003,126.220001,87.943497,7818500
2012-07-03,125.949997,126.000000,125.209999,125.250000,87.267616,5773100
2012-07-05,125.349998,126.320000,125.250000,125.889999,87.713554,5974700
2012-07-06,126.669998,127.209999,126.610001,127.059998,88.528778,5818300
2012-07-09,127.379997,128.259995,127.110001,128.179993,89.309090,5647000
2012-07-10,127.860001,128.740005,127.720001,128.440002,89.490257,4288000
2012-07-11,128.589996,129.470001,128.259995,128.600006,89.601730,5960900
2012-07-12,129.050003,129.559998,128.899994,129.509995,90.235794,6421000
2012-07-13,129.229996,129.240005,128.600006,129.169998,89.998901,4175300
2012-07-16,130.300003,130.610001,129.610001,129.770004,90.416939,5283500
2012-07-17,129.259995,129.820007,128.639999,128.750000,89.706230,5590900
2012-07-18,129.259995,129.339996,128.789993,128.820007,89.755013,4011000
2012-07-19,128.460007,129.100006,128.110001,128.490005,89.525124,5246300
2012-07-20,129.600006,130.300003,129.419998,130.059998,90.618965,6365900
2012-07-23,131.309998,131.440002,130.509995,130.789993,91.127602,6141100
2012-07-24,130.350006,132.039993,130.279999,131.820007,91.845284,6748800
2012-07-25,131.630005,132.210007,131.479996,132.160004,92.082184,5328000
2012-07-26,131.529999,131.779999,130.899994,130.949997,91.239075,6606200
2012-07-27,129.889999,130.009995,126.959999,128.479996,89.518105,14685100
2012-07-30,128.389999,129.479996,128.250000,129.440002,90.186996,6025300
2012-07-31,129.809998,129.880005,128.580002,129.699997,90.368172,7448600
2012-08-01,128.529999,129.740005,128.149994,128.779999,89.916397,7972000
2012-08-02,129.589996,130.690002,129.130005,129.509995,90.426117,7972000
2012-08-03,127.839996,128.029999,126.769997,127.419998,88.966843,9084800
2012-08-06,127.669998,128.139999,127.370003,127.470001,89.001747,3673600
2012-08-07,125.959999,126.129997,125.430000,125.830002,87.856636,6613600
2012-08-08,126.160004,126.389999,125.040001,125.160004,87.388863,7250700
2012-08-09,124.769997,125.300003,123.750000,125.070000,87.326019,7553500
2012-08-10,126.199997,126.320000,125.599998,125.699997,87.765930,4670500
2012-08-13,126.110001,126.379997,125.489998,125.489998,87.619308,3543700
2012-08-14,123.959999,124.410004,123.750000,123.790001,86.432289,7994000
2012-08-15,123.019997,123.199997,121.900002,122.050003,85.217400,11191000
2012-08-16,122.209999,122.500000,120.519997,121.010002,84.491302,13240000
2012-08-17,121.400002,122.120003,121.320000,121.599998,84.903214,6341100
2012-08-20,121.550003,122.190002,121.500000,121.849998,85.077797,4427100
2012-08-21,121.470001,122.449997,120.660004,122.389999,85.454796,9532700
2012-08-22,123.519997,124.510002,123.209999,124.410004,86.865204,11384400
2012-08-23,124.739998,125.139999,124.650002,124.930000,87.228279,7139100
2012-08-24,125.470001,125.559998,124.669998,124.809998,87.144485,5001400
2012-08-27,125.339996,125.800003,125.269997,125.540001,87.654175,3906100
2012-08-28,125.750000,126.360001,125.589996,125.839996,87.863625,3412600
2012-08-29,125.610001,125.629997,124.949997,125.290001,87.479668,3762700
2012-08-30,126.269997,126.440002,125.730003,125.940002,87.933441,3886400
2012-08-31,125.779999,127.720001,125.730003,127.720001,89.176308,9192600
2012-09-04,126.919998,127.629997,126.760002,127.320000,89.086761,6009300
2012-09-05,126.820000,127.190002,126.550003,126.720001,88.666924,3466700
2012-09-06,125.529999,125.529999,124.550003,124.610001,87.190514,6505100
2012-09-07,126.139999,126.180000,123.919998,124.029999,86.784691,7335300
2012-09-10,123.690002,124.330002,123.510002,124.330002,86.994614,4912100
2012-09-11,124.019997,124.099998,123.290001,123.550003,86.448845,3523300
2012-09-12,122.220001,122.410004,121.680000,122.010002,85.371307,7040900
2012-09-13,122.389999,123.089996,120.269997,121.529999,85.035431,12280200
2012-09-14,119.760002,119.849998,118.050003,118.300003,82.775398,16871600
2012-09-17,118.870003,119.900002,118.800003,119.720001,83.768959,5573300
2012-09-18,120.709999,120.900002,119.959999,120.320000,84.188782,5366200
2012-09-19,121.339996,121.379997,120.610001,121.110001,84.741531,5903300
2012-09-20,122.139999,122.320000,120.980003,121.410004,84.951454,4604200
2012-09-21,120.750000,121.639999,120.669998,121.550003,85.049416,4144300
2012-09-24,122.250000,122.699997,122.180000,122.500000,85.714111,3627400
2012-09-25,122.800003,123.739998,122.129997,123.709999,86.560806,5893500
2012-09-26,124.559998,125.089996,124.449997,125.040001,87.491402,7193400
2012-09-27,124.550003,124.800003,123.769997,124.150002,86.868690,5147700
2012-09-28,124.750000,125.239998,123.809998,124.220001,86.917671,7173400
2012-10-01,123.970001,124.470001,123.379997,124.419998,87.240204,4842600
2012-10-02,123.910004,124.519997,123.809998,124.250000,87.120995,3540100
2012-10-03,123.860001,124.300003,123.620003,124.290001,87.149017,3800900
2012-10-04,123.459999,123.800003,122.570000,122.739998,86.062164,6214800
2012-10-05,121.570000,121.680000,120.919998,121.150002,84.947357,8340700
2012-10-08,121.980003,122.269997,121.690002,122.169998,85.662514,1568400
2012-10-09,121.470001,122.180000,121.379997,121.949997,85.508286,4752700
2012-10-10,121.459999,122.959999,121.260002,122.809998,86.111343,5429800
2012-10-11,121.959999,123.660004,121.889999,123.660004,86.707291,5194100
2012-10-12,124.070000,124.779999,123.779999,123.970001,86.924644,4934900
2012-10-15,123.779999,124.139999,123.430000,123.690002,86.728348,3036100
2012-10-16,122.900002,122.940002,121.940002,121.980003,85.529305,5398700
2012-10-17,121.169998,121.260002,120.570000,120.849998,84.737000,6932500
2012-10-18,121.120003,121.529999,119.870003,120.110001,84.218117,8558600
2012-10-19,120.339996,121.809998,120.279999,121.739998,85.361023,7616700
2012-10-22,121.430000,121.839996,120.940002,120.959999,84.814140,6910600
2012-10-23,122.099998,122.730003,122.019997,122.690002,86.027145,5760600
2012-10-24,121.860001,122.290001,121.480003,121.480003,85.178749,6824500
2012-10-25,120.559998,121.540001,120.330002,120.860001,84.744057,5292500
2012-10-26,121.440002,122.650002,121.269997,122.639999,85.992119,5889400
2012-10-31,122.680000,123.699997,122.629997,123.360001,86.496918,5025600
2012-11-01,122.769997,122.879997,122.080002,122.349998,85.788765,3659700
2012-11-02,121.279999,122.309998,121.239998,122.260002,85.725662,3527800
2012-11-05,122.820000,123.250000,122.790001,122.949997,86.209412,2935700
2012-11-06,122.550003,122.860001,121.779999,121.790001,85.396103,4484600
2012-11-07,123.949997,124.529999,123.760002,124.000000,86.945702,10071000
2012-11-08,123.790001,125.860001,123.430000,125.839996,88.235855,8579500
2012-11-09,125.629997,125.980003,125.180000,125.980003,88.334023,5036900
2012-11-12,125.839996,126.379997,125.790001,126.190002,88.481232,2072200
2012-11-13,126.800003,126.820000,125.989998,126.610001,88.775764,2863800
2012-11-14,125.720001,126.790001,125.599998,126.730003,88.859863,4694600
2012-11-15,126.099998,127.019997,126.000000,126.480003,88.684608,5549600
2012-11-16,126.360001,127.190002,126.279999,126.370003,88.607491,4591100
2012-11-19,125.459999,125.809998,125.300003,125.660004,88.109627,3621600
2012-11-20,125.480003,125.669998,124.379997,124.400002,87.226128,4659300
2012-11-21,124.190002,124.419998,124.019997,124.330002,87.177124,2422800
2012-11-23,124.300003,124.449997,124.110001,124.209999,87.092926,987200
2012-11-26,125.160004,125.519997,124.750000,124.800003,87.506645,2799000
2012-11-27,124.940002,125.389999,124.699997,125.290001,87.850220,2544400
2012-11-28,125.970001,126.199997,125.089996,125.110001,87.723969,3569700
2012-11-29,124.860001,125.440002,124.660004,125.129997,87.738060,2761000
2012-11-30,125.480003,125.540001,124.709999,124.790001,87.499641,3702300
2012-12-03,123.720001,124.790001,123.620003,124.660004,87.580360,5427800
2012-12-04,125.019997,125.410004,124.839996,125.379997,88.086258,2586300
2012-12-05,125.400002,125.809998,125.169998,125.320000,88.044067,1978200
2012-12-06,125.860001,126.080002,125.510002,125.589996,88.233810,2301200
2012-12-07,124.500000,124.959999,124.339996,124.430000,87.418785,4020900
2012-12-10,124.959999,125.080002,124.540001,124.980003,87.805206,2134300
2012-12-11,124.260002,124.309998,123.830002,124.029999,87.137810,3777900
2012-12-12,123.830002,124.339996,122.570000,122.589996,86.126144,7119700
2012-12-13,122.290001,123.180000,122.129997,122.680000,86.189384,6381500
2012-12-14,123.190002,123.709999,123.080002,123.599998,86.835732,3832800
2012-12-17,123.500000,123.519997,121.709999,121.750000,85.535995,6870000
2012-12-18,121.400002,121.779999,119.900002,120.510002,84.664803,12024200
2012-12-19,120.970001,121.650002,120.720001,120.910004,84.945824,4880500
2012-12-20,121.290001,121.639999,120.620003,120.930000,84.959877,4567900
2012-12-21,122.309998,122.430000,121.949997,122.250000,85.887314,6087700
2012-12-24,122.000000,122.080002,121.870003,122.029999,85.732689,1071100
2012-12-26,121.949997,122.209999,121.809998,122.199997,86.041069,2247800
2012-12-27,121.879997,123.290001,121.830002,122.610001,86.329796,4262700
2012-12-28,123.139999,123.339996,122.779999,123.309998,86.822670,3928200
2012-12-31,122.870003,122.970001,120.910004,121.180000,85.322922,6423000
2013-01-02,119.760002,119.900002,119.410004,119.559998,84.182327,7472700
2013-01-03,119.379997,119.489998,117.900002,117.940002,83.041656,10004300
2013-01-04,117.660004,118.440002,117.360001,118.400002,83.365540,9574600
2013-01-07,118.370003,118.730003,118.000000,118.449997,83.400742,4193100
2013-01-08,119.040001,119.290001,118.820000,119.230003,83.949944,4380900
2013-01-09,119.250000,119.540001,118.870003,119.120003,83.872467,3870300
2013-01-10,118.629997,119.300003,118.360001,118.790001,83.640091,5602800
2013-01-11,118.519997,119.860001,118.349998,119.849998,84.386467,4770700
2013-01-14,120.040001,120.279999,119.370003,119.519997,84.154114,3064600
2013-01-15,120.610001,120.699997,119.970001,120.070000,84.541336,5357800
2013-01-16,120.629997,120.680000,120.010002,120.320000,84.717384,4286100
2013-01-17,119.330002,119.550003,118.750000,119.120003,83.872467,7019200
2013-01-18,119.570000,120.209999,119.459999,120.040001,84.520241,4660000
2013-01-22,119.550003,120.300003,119.379997,120.269997,84.682190,3874100
2013-01-23,120.339996,120.580002,119.949997,120.089996,84.555458,2848800
2013-01-24,119.870003,119.970001,119.260002,119.669998,84.259705,4178900
2013-01-25,118.419998,118.599998,117.769997,118.029999,83.104958,8750700
2013-01-28,117.019997,117.720001,117.000000,117.599998,82.802193,6059900
2013-01-29,117.620003,118.080002,116.870003,116.949997,82.344559,5553900
2013-01-30,116.669998,116.959999,116.160004,116.750000,82.203720,9586800
2013-01-31,117.029999,117.339996,116.550003,117.320000,82.605080,6789200
2013-02-01,117.730003,117.849998,115.510002,115.540001,81.532463,10928600
2013-02-04,116.589996,117.279999,116.419998,117.019997,82.576920,9291900
2013-02-05,116.269997,116.430000,115.860001,115.980003,81.842987,6676500
2013-02-06,116.519997,116.970001,116.050003,116.930000,82.513382,5892000
2013-02-07,116.769997,117.589996,116.620003,116.669998,82.329918,5951700
2013-02-08,116.800003,117.160004,116.230003,117.120003,82.647400,5603400
2013-02-11,117.050003,117.379997,116.919998,117.029999,82.583893,3679900
2013-02-12,116.690002,117.019997,116.459999,116.739998,82.379265,4513700
2013-02-13,115.800003,116.269997,115.550003,115.790001,81.708862,6586400
2013-02-14,116.290001,117.040001,115.989998,116.839996,82.449844,7096000
2013-02-15,116.660004,116.739998,116.070000,116.500000,82.209900,5861800
2013-02-19,116.860001,116.900002,115.839996,115.919998,81.800598,7383600
2013-02-20,115.690002,116.370003,115.570000,116.269997,82.047569,9603900
2013-02-21,116.900002,117.309998,116.739998,116.949997,82.527435,8297400
2013-02-22,116.980003,117.339996,116.879997,117.029999,82.583893,5316900
2013-02-25,116.349998,119.349998,116.290001,119.330002,84.206955,15948700
2013-02-26,118.730003,119.669998,118.589996,118.639999,83.720016,9822100
2013-02-27,119.489998,119.540001,118.000000,118.290001,83.473068,7459600
2013-02-28,118.430000,118.660004,117.980003,118.510002,83.628319,6023400
2013-03-01,118.839996,119.209999,118.540001,118.900002,84.083694,7786800
2013-03-04,118.790001,118.970001,118.260002,118.269997,83.638168,4511400
2013-03-05,118.070000,118.199997,117.680000,117.930000,83.397751,6539300
2013-03-06,117.110001,117.500000,116.849998,116.860001,82.641029,6514900
2013-03-07,116.410004,116.510002,115.910004,115.959999,82.004616,8526700
2013-03-08,114.870003,115.360001,114.620003,114.750000,81.148964,15423600
2013-03-11,115.120003,115.230003,114.739998,114.860001,81.226723,5815800
2013-03-12,115.250000,115.790001,115.230003,115.690002,81.813667,9264200
2013-03-13,115.239998,115.739998,115.029999,115.570000,81.728828,7371500
2013-03-14,115.089996,115.639999,114.980003,115.220001,81.481247,9352100
2013-03-15,115.330002,115.879997,115.300003,115.760002,81.863182,9673400
2013-03-18,116.830002,116.879997,116.150002,116.639999,82.485512,9152200
2013-03-19,116.779999,117.889999,116.699997,117.430000,83.044167,11986200
2013-03-20,116.709999,116.989998,116.080002,116.120003,82.117775,8543900
2013-03-21,116.860001,117.250000,116.529999,117.239998,82.909813,6119400
2013-03-22,117.300003,117.500000,116.769997,117.330002,82.973488,6323800
2013-03-25,116.769997,117.779999,116.669998,117.220001,82.895653,5839800
2013-03-26,116.870003,117.910004,116.779999,117.360001,82.994652,5093200
2013-03-27,118.300003,118.769997,118.180000,118.360001,83.701790,7742900
2013-03-28,118.120003,118.449997,117.680000,117.760002,83.277565,5826400
2013-04-01,117.519997,118.419998,117.489998,118.389999,83.904785,6113800
2013-04-02,118.070000,118.139999,117.750000,117.910004,83.564537,5438000
2013-04-03,118.309998,119.290001,118.250000,118.970001,84.315796,9527400
2013-04-04,119.589996,120.410004,119.470001,120.389999,85.322205,9365700
2013-04-05,122.879997,123.430000,122.629997,122.820000,87.044395,18626200
2013-04-08,122.669998,122.870003,121.779999,121.879997,86.378151,8020300
2013-04-09,122.029999,122.239998,121.379997,121.580002,86.165543,7176100
2013-04-10,120.589996,120.660004,119.900002,119.910004,84.981972,10765200
2013-04-11,120.169998,120.489998,119.889999,120.139999,85.144974,7501800
2013-04-12,121.330002,121.940002,120.900002,121.930000,86.413582,9253000
2013-04-15,122.129997,123.029999,121.870003,122.989998,87.164825,12948400
2013-04-16,121.919998,122.519997,121.879997,121.980003,86.449043,6553500
2013-04-17,122.300003,123.529999,122.300003,122.790001,87.023094,9020900
2013-04-18,122.809998,123.220001,122.599998,123.089996,87.235672,7009500
2013-04-19,122.940002,122.980003,122.629997,122.830002,87.051430,5474300
2013-04-22,122.839996,123.290001,122.669998,122.919998,87.115257,4519400
2013-04-23,123.260002,123.790001,122.379997,122.489998,86.810493,8042900
2013-04-24,122.470001,122.820000,122.300003,122.800003,87.030151,3673600
2013-04-25,122.250000,122.370003,122.099998,122.269997,86.654572,4297800
2013-04-26,123.199997,123.510002,123.010002,123.389999,87.448318,4898800
2013-04-29,123.580002,123.730003,122.760002,122.940002,87.129448,4916000
2013-04-30,123.260002,123.690002,122.669998,123.010002,87.179024,4477400
2013-05-01,123.459999,124.260002,123.430000,124.010002,88.074623,10724600
2013-05-02,123.589996,123.970001,123.510002,123.849998,87.961021,4171800
2013-05-03,122.160004,122.190002,120.830002,120.930000,85.887123,11283600
2013-05-06,121.150002,121.250000,120.320000,120.629997,85.674088,5121900
2013-05-07,120.190002,120.500000,120.050003,120.160004,85.340256,5049200
2013-05-08,120.269997,120.830002,120.169998,120.349998,85.475174,5732900
2013-05-09,120.510002,121.320000,119.980003,120.040001,85.255089,7527000
2013-05-10,119.760002,119.790001,117.849998,118.750000,84.338829,11689000
2013-05-13,117.879997,118.190002,117.629997,117.839996,83.692574,8050800
2013-05-14,118.349998,118.440002,116.540001,116.559998,82.783470,9236100
2013-05-15,117.529999,117.720001,116.419998,117.339996,83.337418,14608600
2013-05-16,117.970001,118.940002,117.930000,118.559998,84.203880,8458400
2013-05-17,117.949997,118.150002,116.980003,117.059998,83.138535,7435500
2013-05-20,117.629997,117.669998,116.790001,116.919998,83.039116,5839800
2013-05-21,116.930000,117.870003,116.419998,117.839996,83.692574,7781800
2013-05-22,118.019997,118.550003,115.800003,116.089996,82.449646,18361500
2013-05-23,117.150002,117.239998,115.769997,116.639999,82.840317,9207100
2013-05-24,116.980003,117.419998,116.709999,116.800003,82.953934,5357600
2013-05-28,116.089996,116.269997,113.820000,113.839996,80.851631,13567500
2013-05-29,114.620003,115.180000,114.459999,115.120003,81.760727,11298600
2013-05-30,115.250000,115.370003,114.529999,114.839996,81.561874,10011800
2013-05-31,114.970001,115.019997,113.169998,114.449997,81.284843,18158800
2013-06-03,113.779999,115.489998,113.699997,114.779999,81.715607,15564500
2013-06-04,113.959999,114.489998,113.660004,113.720001,80.960945,7504300
2013-06-05,114.290001,115.320000,114.129997,115.290001,82.078667,8056100
2013-06-06,114.879997,116.790001,114.410004,115.220001,82.028801,8925200
2013-06-07,114.220001,114.830002,113.160004,113.160004,80.562248,10459300
2013-06-10,112.699997,113.120003,112.379997,112.620003,80.177849,7892600
2013-06-11,112.269997,113.959999,112.120003,113.959999,81.131805,12841200
2013-06-12,113.000000,113.830002,112.269997,112.330002,79.971359,10193200
2013-06-13,113.070000,114.169998,112.889999,114.089996,81.224365,12506300
2013-06-14,114.099998,114.660004,113.820000,113.820000,81.032127,6679100
2013-06-17,114.019997,114.080002,113.000000,113.220001,80.604973,5982100
2013-06-18,112.849998,113.680000,112.720001,113.279999,80.647743,5192700
2013-06-19,113.739998,113.790001,111.620003,112.110001,79.814758,17138200
2013-06-20,110.750000,111.209999,109.279999,110.269997,78.504776,27898500
2013-06-21,110.150002,110.410004,108.370003,108.400002,77.173462,19781000
2013-06-24,107.830002,109.389999,107.760002,108.849998,77.493904,24588900
2013-06-25,108.900002,109.019997,107.860001,107.879997,76.803230,11078000
2013-06-26,109.000000,109.050003,108.040001,108.580002,77.301643,13582200
2013-06-27,109.540001,109.970001,108.949997,109.690002,78.091881,12026000
2013-06-28,109.010002,110.480003,108.720001,110.440002,78.625809,12017000
2013-07-01,109.730003,110.500000,109.430000,110.410004,78.784225,5500400
2013-07-02,110.500000,110.800003,110.239998,110.339996,78.734306,5333900
2013-07-03,110.309998,110.650002,110.010002,110.010002,78.498810,3839000
2013-07-05,107.279999,107.500000,106.169998,106.260002,75.822983,14511900
2013-07-08,107.070000,107.559998,106.949997,107.290001,76.557922,8044200
2013-07-09,107.489998,107.620003,107.070000,107.400002,76.636421,4700400
2013-07-10,107.389999,107.389999,106.300003,106.559998,76.036995,10792200
2013-07-11,107.449997,107.870003,106.940002,107.809998,76.928932,10035500
2013-07-12,108.339996,108.470001,107.339996,107.720001,76.864746,4730800
2013-07-15,107.800003,108.320000,107.699997,108.290001,77.271446,4574800
2013-07-16,108.430000,108.760002,108.269997,108.660004,77.535500,3650200
2013-07-17,109.190002,109.360001,108.660004,108.860001,77.678215,5932000
2013-07-18,108.610001,108.669998,107.480003,107.500000,76.707802,9066400
2013-07-19,108.309998,109.209999,108.250000,109.199997,77.920792,8523800
2013-07-22,109.360001,109.690002,109.129997,109.360001,78.034981,3972600
2013-07-23,108.669998,109.000000,108.320000,108.900002,77.706711,5015500
2013-07-24,107.650002,107.889999,106.790001,107.519997,76.722038,8853100
2013-07-25,106.970001,107.599998,106.809998,107.480003,76.693520,6443400
2013-07-26,108.040001,108.279999,107.639999,108.139999,77.164436,6795500
2013-07-29,107.650002,107.820000,107.070000,107.349998,76.600723,6397800
2013-07-30,107.709999,107.760002,107.050003,107.309998,76.572174,3635400
2013-07-31,106.059998,107.919998,105.849998,107.699997,76.850494,10483100
2013-08-01,106.489998,106.489998,105.000000,105.360001,75.369644,13568600
2013-08-02,106.010002,106.610001,105.980003,106.519997,76.199463,9568400
2013-08-05,106.190002,106.250000,105.540001,105.699997,75.612923,6611800
2013-08-06,105.529999,106.010002,105.339996,106.010002,75.834709,4589000
2013-08-07,106.169998,106.940002,106.169998,106.800003,76.399834,7183400
2013-08-08,106.980003,107.599998,106.790001,107.089996,76.607292,5510900
2013-08-09,106.599998,107.269997,106.480003,107.260002,76.728836,3623400
2013-08-12,107.610001,107.629997,106.470001,106.529999,76.206673,7562800
2013-08-13,105.330002,105.360001,104.800003,104.989998,75.105034,11485600
2013-08-14,104.940002,105.360001,104.870003,105.150002,75.219475,6431600
2013-08-15,104.099998,104.629997,103.690002,103.730003,74.203667,11846300
2013-08-16,103.959999,103.970001,102.669998,103.370003,73.946129,10175900
2013-08-19,102.930000,103.010002,102.209999,102.470001,73.302330,9022000
2013-08-20,102.889999,103.360001,102.849998,103.260002,73.867447,10050100
2013-08-21,102.769997,103.199997,102.110001,102.129997,73.059082,13248800
2013-08-22,102.459999,103.230003,102.239998,103.169998,73.803078,8751200
2013-08-23,103.010002,104.389999,102.739998,104.290001,74.604286,17441200
2013-08-26,104.559998,104.889999,104.330002,104.809998,74.976265,5879100
2013-08-27,105.290001,106.250000,105.040001,106.129997,75.920517,11573300
2013-08-28,105.410004,105.570000,104.940002,105.269997,75.305328,7497900
2013-08-29,104.879997,106.309998,104.790001,106.110001,75.906181,6672400
2013-08-30,106.019997,106.680000,105.739998,105.989998,75.820358,8987600
2013-09-03,104.589996,104.669998,103.510002,104.220001,74.750946,12084300
2013-09-04,104.449997,104.650002,103.949997,103.989998,74.585945,4579600
2013-09-05,103.470001,103.599998,102.529999,102.540001,73.545982,12290600
2013-09-06,103.250000,103.820000,102.809998,103.050003,73.911804,9478400
2013-09-09,103.800003,103.809998,103.080002,103.099998,73.947632,6874900
2013-09-10,102.730003,103.339996,102.360001,102.379997,73.431221,8069000
2013-09-11,102.919998,103.309998,102.190002,103.290001,74.083954,8962400
2013-09-12,103.849998,104.000000,103.059998,103.150002,73.983482,6254400
2013-09-13,103.510002,103.830002,103.230003,103.550003,74.270386,6106200
2013-09-16,104.330002,104.410004,102.849998,102.860001,73.775482,8231600
2013-09-17,103.370003,103.739998,102.970001,103.709999,74.385139,8795300
2013-09-18,103.629997,105.550003,102.980003,104.989998,75.303238,19749200
2013-09-19,105.050003,105.089996,104.160004,104.370003,74.858543,11627800
2013-09-20,104.690002,105.180000,104.449997,104.919998,75.253067,8421000
2013-09-23,105.209999,105.730003,105.110001,105.690002,75.805290,10242100
2013-09-24,105.989998,106.839996,105.839996,106.830002,76.622978,11446600
2013-09-25,106.540001,107.279999,106.389999,107.050003,76.780792,8130900
2013-09-26,106.480003,106.620003,106.190002,106.300003,76.242859,5117100
2013-09-27,106.290001,106.820000,106.250000,106.559998,76.429344,6460000
2013-09-30,106.660004,106.900002,106.180000,106.400002,76.314583,8438800
2013-10-01,105.900002,106.029999,105.529999,105.800003,76.082985,7592500
2013-10-02,105.930000,106.480003,105.760002,105.959999,76.198074,5967200
2013-10-03,105.750000,106.410004,105.699997,105.790001,76.075806,6648900
2013-10-04,105.669998,105.779999,105.349998,105.709999,76.018295,5545300
2013-10-07,106.199997,106.360001,105.980003,106.139999,76.327469,5761100
2013-10-08,105.980003,106.510002,105.830002,106.169998,76.349045,5904000
2013-10-09,105.870003,105.940002,105.300003,105.320000,75.737755,8439000
2013-10-10,104.800003,105.529999,104.510002,105.489998,75.860107,9944100
2013-10-11,106.160004,106.230003,105.410004,105.459999,75.838539,6500800
2013-10-14,105.389999,105.639999,104.330002,104.610001,75.227257,4205600
2013-10-15,105.150002,105.300003,104.529999,104.540001,75.176895,8291000
2013-10-16,104.470001,105.860001,104.269997,105.849998,76.118965,14460200
2013-10-17,106.519997,107.120003,106.290001,106.809998,76.809296,11303400
2013-10-18,107.110001,107.480003,106.980003,107.040001,76.974693,9487800
2013-10-21,106.910004,106.919998,106.459999,106.699997,76.730225,6161600
2013-10-22,107.599998,108.120003,107.559998,107.889999,77.585953,9708500
2013-10-23,108.070000,108.730003,108.040001,108.309998,77.887955,9163100
2013-10-24,108.610001,108.669998,107.870003,107.889999,77.585953,7631400
2013-10-25,108.129997,108.449997,108.080002,108.290001,77.873604,4429500
2013-10-28,108.010002,108.379997,107.910004,107.919998,77.607529,6466400
2013-10-29,107.620003,108.070000,107.510002,108.059998,77.708214,5270500
2013-10-30,107.930000,108.209999,107.209999,107.410004,77.240784,10199300
2013-10-31,107.910004,108.010002,107.139999,107.639999,77.406151,11452100
2013-11-01,106.970001,107.000000,106.139999,106.190002,76.568329,11349500
2013-11-04,106.470001,106.669998,106.220001,106.290001,76.640434,4733200
2013-11-05,105.790001,105.830002,104.989998,105.019997,75.724709,8753400
2013-11-06,104.940002,105.139999,104.690002,105.070000,75.760742,5643000
2013-11-07,105.050003,106.050003,104.970001,105.959999,76.402496,7893700
2013-11-08,103.970001,104.110001,103.389999,103.410004,74.563789,16889900
2013-11-11,103.529999,103.580002,102.959999,103.019997,74.282631,4927200
2013-11-12,103.209999,103.589996,103.180000,103.500000,74.628708,4839500
2013-11-13,103.870003,104.040001,103.739998,103.879997,74.902664,5782900
2013-11-14,104.309998,105.120003,104.150002,104.519997,75.364136,8895500
2013-11-15,104.660004,104.739998,104.309998,104.730003,75.515610,6344800
2013-11-18,104.650002,105.410004,104.650002,105.360001,75.969826,5451300
2013-11-19,104.949997,105.139999,104.410004,104.559998,75.393005,7251100
2013-11-20,104.419998,104.839996,102.650002,102.779999,74.109543,14190900
2013-11-21,102.510002,103.190002,102.160004,102.949997,74.232109,8903000
2013-11-22,103.489998,104.129997,103.480003,103.910004,74.924301,7950700
2013-11-25,103.839996,104.419998,103.839996,104.209999,75.140640,3755500
2013-11-26,104.489998,104.930000,104.480003,104.599998,75.421852,6659200
2013-11-27,104.680000,104.699997,103.959999,104.419998,75.292084,6063000
2013-11-29,104.080002,104.599998,103.949997,104.449997,75.313652,5084400
2013-12-02,103.800003,103.910004,103.220001,103.330002,74.727921,7527800
2013-12-03,103.699997,103.959999,103.459999,103.709999,75.002739,5076900
2013-12-04,102.750000,103.050003,102.379997,102.720001,74.286728,8502700
2013-12-05,102.480003,102.849998,102.220001,102.430000,74.076996,7445700
2013-12-06,102.559998,102.989998,102.360001,102.919998,74.431412,7352000
2013-12-09,102.900002,103.230003,102.830002,103.160004,74.604919,5678800
2013-12-10,103.839996,103.949997,103.449997,103.900002,75.140121,7040400
2013-12-11,103.550003,103.769997,103.019997,103.099998,74.561592,8190900
2013-12-12,103.029999,103.160004,102.629997,102.709999,74.279518,6208600
2013-12-13,103.139999,103.300003,102.790001,103.209999,74.641083,6471300
2013-12-16,103.580002,103.690002,102.730003,102.830002,74.366302,6376400
2013-12-17,102.610001,103.400002,102.589996,103.290001,74.698997,6014400
2013-12-18,102.830002,103.720001,102.459999,102.769997,74.322906,12973200
2013-12-19,102.860001,103.010002,102.449997,102.669998,74.250572,6708400
2013-12-20,103.720001,104.290001,103.300003,104.250000,75.393257,12425700
2013-12-23,104.050003,104.410004,103.660004,103.660004,74.966537,6378600
2013-12-24,103.230003,103.349998,102.800003,102.830002,74.366302,4897000
2013-12-26,102.349998,102.360001,102.010002,102.099998,74.079720,4645300
2013-12-27,102.070000,102.309998,101.690002,101.809998,73.869354,4755000
2013-12-30,102.150002,102.580002,102.080002,102.510002,74.377190,4491700
2013-12-31,102.290001,102.550003,101.169998,101.860001,73.905525,7218600
2014-01-02,101.720001,102.389999,101.690002,102.169998,74.130516,8580800
2014-01-03,101.809998,102.449997,101.760002,102.169998,74.130516,4083800
2014-01-06,102.379997,103.000000,102.370003,102.599998,74.442490,7796200
2014-01-07,102.820000,102.989998,102.559998,102.860001,74.631149,4428100
2014-01-08,102.449997,102.690002,102.099998,102.580002,74.427971,8513000
2014-01-09,102.970001,103.209999,102.510002,103.180000,74.863342,6991100
2014-01-10,103.769997,104.540001,103.690002,104.410004,75.755753,13197400
2014-01-13,104.510002,105.139999,104.470001,104.930000,76.133041,9667400
2014-01-14,104.650002,104.830002,104.389999,104.449997,75.784767,10343100
2014-01-15,104.040001,104.510002,103.930000,104.339996,75.704964,7507500
2014-01-16,104.849998,105.070000,104.720001,105.040001,76.212845,7137700
2014-01-17,104.860001,105.519997,104.790001,105.480003,76.532066,7588600
2014-01-21,105.449997,105.739998,105.400002,105.559998,76.590141,6436000
2014-01-22,105.370003,105.750000,105.239998,105.300003,76.401459,4646700
2014-01-23,105.879997,107.089996,105.879997,106.790001,77.482536,12960600
2014-01-24,107.190002,107.489998,106.989998,107.480003,77.983215,11122200
2014-01-27,107.220001,107.599998,106.699997,106.730003,77.439087,9218200
2014-01-28,106.910004,106.989998,106.550003,106.989998,77.627701,5661500
2014-01-29,107.370003,108.150002,106.989998,107.870003,78.266136,11709400
2014-01-30,107.470001,107.669998,107.110001,107.559998,78.041214,5956900
2014-01-31,108.199997,108.410004,107.849998,108.279999,78.563667,14690900
2014-02-03,107.790001,109.339996,107.610001,109.320000,79.520935,20780300
2014-02-04,108.519997,108.669998,107.970001,108.160004,78.677139,9573500
2014-02-05,107.690002,107.779999,107.010002,107.160004,77.949707,10312200
2014-02-06,106.970001,107.019997,106.519997,106.699997,77.615120,5708700
2014-02-07,106.459999,107.220001,106.440002,106.790001,77.680573,7039200
2014-02-10,106.610001,107.120003,106.570000,107.089996,77.898819,4370500
2014-02-11,106.610001,106.690002,106.160004,106.470001,77.447838,5904900
2014-02-12,106.169998,106.209999,105.620003,105.919998,77.047745,6723300
2014-02-13,106.589996,106.730003,106.300003,106.519997,77.484215,6874600
2014-02-14,106.570000,106.639999,106.269997,106.580002,77.527824,4989100
2014-02-18,106.660004,107.199997,106.620003,106.820000,77.702446,4855800
2014-02-19,107.180000,107.180000,106.300003,106.370003,77.375099,5522500
2014-02-20,106.320000,106.629997,105.690002,106.110001,77.185989,5103200
2014-02-21,105.949997,106.680000,105.949997,106.669998,77.593246,5250700
2014-02-24,106.699997,106.739998,106.169998,106.400002,77.396881,3816700
2014-02-25,106.910004,107.360001,106.889999,107.349998,78.087906,6225400
2014-02-26,107.309998,107.919998,107.239998,107.919998,78.502609,7203900
2014-02-27,108.279999,108.559998,108.099998,108.510002,78.931755,5394700
2014-02-28,108.279999,108.739998,107.779999,108.570000,78.975410,8462600
2014-03-03,108.879997,109.180000,108.639999,109.029999,79.502556,11089400
2014-03-04,108.349998,108.349998,107.360001,107.389999,78.306702,8068100
2014-03-05,107.339996,107.779999,107.199997,107.620003,78.474426,4798500
2014-03-06,106.760002,106.970001,106.519997,106.559998,77.701500,7418200
2014-03-07,105.639999,106.169998,105.599998,105.889999,77.212914,8270300
2014-03-10,105.940002,106.110001,105.779999,106.040001,77.322319,3744300
2014-03-11,105.980003,106.339996,105.779999,106.320000,77.526512,3815700
2014-03-12,106.919998,107.260002,106.779999,107.059998,78.066101,6430500
2014-03-13,106.699997,108.529999,106.650002,108.500000,79.116142,11815500
2014-03-14,108.970001,108.980003,108.320000,108.519997,79.130692,9232800
2014-03-17,108.180000,108.300003,107.669998,107.709999,78.540054,7381900
2014-03-18,107.680000,108.150002,107.599998,108.099998,78.824432,4819500
2014-03-19,107.919998,107.980003,106.809998,107.260002,78.211945,11557600
2014-03-20,107.089996,107.629997,106.989998,107.070000,78.073349,5224400
2014-03-21,107.410004,108.320000,107.370003,108.230003,78.919228,8986200
2014-03-24,108.050003,109.089996,107.949997,109.000000,79.480713,7536400
2014-03-25,108.410004,108.820000,108.169998,108.589996,79.181755,5032000
2014-03-26,108.550003,109.480003,108.480003,109.440002,79.801529,7147200
2014-03-27,109.639999,110.389999,109.419998,109.989998,80.202538,9772200
2014-03-28,109.860001,109.889999,109.019997,109.370003,79.750496,6027000
2014-03-31,108.739998,111.070000,108.339996,109.099998,79.553627,7488400
2014-04-01,108.260002,108.360001,107.839996,107.889999,78.873734,9067300
2014-04-02,107.389999,107.550003,107.169998,107.269997,78.420464,6887200
2014-04-03,107.519997,107.940002,107.440002,107.739998,78.764053,4937400
2014-04-04,107.870003,108.690002,107.849998,108.459999,79.290466,8977500
2014-04-07,108.620003,109.290001,108.599998,109.110001,79.765656,7562500
2014-04-08,109.029999,109.470001,108.720001,109.370003,79.955734,4213800
2014-04-09,108.879997,109.349998,108.639999,108.830002,79.560928,5771500
2014-04-10,108.919998,110.220001,108.900002,109.839996,80.299309,12706400
2014-04-11,110.540001,110.790001,110.129997,110.730003,80.949928,10267000
2014-04-14,110.480003,110.699997,110.300003,110.440002,80.737953,4142600
2014-04-15,110.610001,111.510002,110.349998,111.129997,81.242325,7752000
2014-04-16,110.430000,111.269997,110.379997,111.269997,81.344742,5523000
2014-04-17,111.370003,111.449997,109.699997,110.050003,80.452843,8622500
2014-04-21,110.370003,110.620003,109.839996,109.959999,80.387016,4316300
2014-04-22,109.660004,110.489998,109.610001,110.330002,80.657494,5748700
2014-04-23,110.599998,111.050003,110.529999,110.959999,81.118095,5748600
2014-04-24,110.449997,111.209999,110.449997,111.169998,81.271591,6337800
2014-04-25,111.489998,111.989998,111.320000,111.330002,81.388565,5976500
2014-04-28,111.110001,111.279999,110.550003,110.790001,80.993805,7606000
2014-04-29,110.169998,110.730003,110.040001,110.639999,80.884186,5235200
2014-04-30,110.720001,111.260002,110.379997,111.099998,81.220413,7721400
2014-05-01,110.879997,112.080002,110.839996,112.019997,82.091728,11556500
2014-05-02,111.540001,113.099998,111.300003,112.709999,82.597412,12702100
2014-05-05,112.760002,112.809998,111.889999,112.029999,82.099083,8043000
2014-05-06,112.110001,112.699997,112.040001,112.480003,82.428848,6522600
2014-05-07,112.309998,112.570000,111.940002,112.080002,82.135735,8199200
2014-05-08,112.339996,112.760002,111.459999,111.599998,81.783966,10878800
2014-05-09,111.529999,111.809998,110.980003,111.239998,81.520149,6000600
2014-05-12,111.010002,111.129997,110.540001,110.790001,81.190414,4563800
2014-05-13,111.440002,111.750000,111.330002,111.750000,81.893921,5501000
2014-05-14,112.629997,113.230003,112.559998,112.959999,82.780632,8851400
2014-05-15,113.779999,114.410004,113.599998,113.860001,83.440231,12627900
2014-05-16,113.610001,114.000000,113.419998,113.540001,83.205673,5019200
2014-05-19,113.930000,113.959999,112.620003,112.699997,82.590096,7403300
2014-05-20,112.599998,113.480003,112.589996,112.949997,82.773285,6549800
2014-05-21,112.220001,112.400002,111.870003,112.260002,82.267654,8224600
2014-05-22,112.260002,112.400002,111.790001,112.099998,82.150398,6495700
2014-05-23,112.519997,112.910004,112.449997,112.699997,82.590096,3835000
2014-05-27,112.849998,113.400002,112.400002,113.360001,83.073769,6658300
2014-05-28,114.099998,114.839996,114.089996,114.760002,84.099754,10361000
2014-05-29,114.870003,115.190002,114.129997,114.150002,83.652718,10692000
2014-05-30,113.959999,114.400002,113.809998,114.099998,83.616112,6518900
2014-06-02,113.040001,113.680000,112.550003,112.959999,82.994469,11728200
2014-06-03,112.410004,112.540001,111.510002,111.570000,81.973236,12694100
2014-06-04,111.760002,111.820000,111.269997,111.540001,81.951126,7882000
2014-06-05,111.129997,111.970001,111.019997,111.589996,81.987907,6915600
2014-06-06,112.129997,112.410004,111.489998,111.589996,81.987907,7832800
2014-06-09,111.449997,111.639999,111.199997,111.430000,81.870338,5162800
2014-06-10,111.040001,111.269997,110.830002,111.019997,81.569153,5986000
2014-06-11,111.260002,111.540001,110.849998,111.220001,81.716034,5569700
2014-06-12,111.300003,112.349998,111.000000,112.209999,82.443428,9775900
2014-06-13,111.570000,112.620003,111.529999,112.150002,82.399361,5412500
2014-06-16,112.209999,112.629997,112.099998,112.430000,82.605103,5184600
2014-06-17,112.070000,112.089996,111.480003,111.540001,81.951126,6668800
2014-06-18,111.800003,112.760002,111.559998,112.400002,82.582993,11256500
2014-06-19,112.510002,112.559998,110.739998,110.959999,81.525032,14215500
2014-06-20,110.970001,111.800003,110.900002,111.800003,82.142242,7319100
2014-06-23,112.080002,112.180000,111.410004,111.449997,81.885094,5821700
2014-06-24,112.150002,112.650002,111.820000,112.580002,82.715309,9698300
2014-06-25,113.099998,113.360001,112.690002,112.870003,82.928368,5699300
2014-06-26,113.209999,113.800003,113.209999,113.410004,83.325119,6628900
2014-06-27,113.680000,113.820000,113.169998,113.239998,83.200211,7216500
2014-06-30,113.559998,113.800003,113.089996,113.519997,83.405914,5593100
2014-07-01,112.500000,112.739998,112.199997,112.279999,82.707634,8019200
2014-07-02,111.629997,111.669998,110.970001,111.080002,81.823723,9382500
2014-07-03,110.379997,110.860001,110.339996,110.680000,81.529007,6173900
2014-07-07,111.269997,111.809998,111.230003,111.489998,82.125664,5928900
2014-07-08,112.239998,112.860001,112.239998,112.739998,83.046432,6352100
2014-07-09,112.660004,113.139999,112.379997,112.830002,83.112778,6395200
2014-07-10,113.540001,113.660004,112.820000,112.860001,83.134850,7196900
2014-07-11,113.349998,113.680000,113.279999,113.580002,83.665215,4676500
2014-07-14,113.279999,113.410004,112.930000,113.089996,83.304260,4743300
2014-07-15,112.830002,113.470001,112.500000,112.860001,83.134850,7720000
2014-07-16,113.000000,113.580002,112.940002,113.459999,83.576797,4615800
2014-07-17,114.230003,115.050003,113.940002,114.889999,84.630211,10901000
2014-07-18,114.879997,114.959999,114.110001,114.519997,84.357651,6677900
2014-07-21,115.010002,115.629997,115.010002,115.089996,84.777504,5724100
2014-07-22,115.089996,115.459999,114.650002,115.330002,84.954292,5753200
2014-07-23,115.510002,115.629997,115.169998,115.180000,84.843796,3489600
2014-07-24,114.519997,114.580002,114.250000,114.320000,84.210320,6609000
2014-07-25,115.339996,115.680000,115.160004,115.669998,85.204773,7041800
2014-07-28,115.589996,115.900002,115.120003,115.510002,85.086914,5138300
2014-07-29,115.870003,116.070000,115.419998,115.930000,85.396255,6579300
2014-07-30,115.150002,115.379997,114.169998,114.320000,84.210320,12251200
2014-07-31,113.529999,114.580002,113.470001,113.980003,83.959892,18254000
2014-08-01,113.580002,114.870003,113.050003,114.559998,84.609833,14951200
2014-08-04,114.529999,114.809998,114.260002,114.260002,84.388252,5183800
2014-08-05,114.070000,114.800003,113.680000,114.629997,84.661545,8032000
2014-08-06,115.470001,115.470001,114.599998,114.699997,84.713181,7289200
2014-08-07,114.839996,115.769997,114.570000,115.769997,85.503448,9745500
2014-08-08,115.930000,116.419998,115.379997,115.519997,85.318840,9536700
2014-08-11,115.650002,115.820000,115.290001,115.510002,85.311516,6668800
2014-08-12,115.410004,115.440002,114.730003,114.760002,84.757492,8122400
2014-08-13,114.870003,115.519997,114.779999,115.510002,85.311516,8210500
2014-08-14,115.930000,116.500000,115.389999,116.440002,85.998291,9028200
2014-08-15,116.709999,118.360001,116.690002,117.709999,86.936234,17606700
2014-08-18,117.209999,117.300003,116.389999,116.540001,86.072189,7595300
2014-08-19,117.080002,117.150002,115.980003,116.180000,85.806267,5936900
2014-08-20,116.040001,116.110001,115.570000,115.989998,85.665955,7275600
2014-08-21,116.070000,116.760002,116.019997,116.639999,86.145996,6790700
2014-08-22,116.739998,117.430000,116.209999,117.290001,86.626083,10149900
2014-08-25,117.449997,117.779999,117.209999,117.730003,86.951035,5760700
2014-08-26,117.940002,117.989998,117.209999,117.349998,86.670387,5487600
2014-08-27,117.699997,118.410004,117.400002,118.349998,87.408989,7265800
2014-08-28,119.129997,119.370003,118.669998,118.970001,87.866852,9463600
2014-08-29,118.919998,119.430000,118.750000,119.050003,87.925995,8512900
2014-09-02,117.279999,117.379997,116.699997,116.730003,86.409218,10506000
2014-09-03,116.400002,117.379997,116.309998,117.379997,86.890358,6553900
2014-09-04,116.620003,116.879997,115.930000,115.949997,85.831749,12528900
2014-09-05,116.440002,116.599998,115.440002,115.730003,85.668922,6886000
2014-09-08,116.410004,116.629997,115.449997,115.779999,85.705933,9326400
2014-09-09,115.489998,115.889999,115.449997,115.690002,85.639320,5353100
2014-09-10,114.970001,115.120003,114.790001,114.959999,85.098946,8729400
2014-09-11,115.260002,115.540001,114.570000,114.580002,84.817650,9274800
2014-09-12,113.690002,113.919998,113.220001,113.379997,83.929321,11114900
2014-09-15,113.849998,114.070000,113.360001,113.550003,84.055222,5510700
2014-09-16,113.610001,113.860001,113.080002,113.089996,83.714706,9304700
2014-09-17,113.529999,113.830002,112.730003,112.800003,83.500038,12917000
2014-09-18,113.180000,113.480003,112.849998,113.160004,83.766510,7031200
2014-09-19,113.580002,114.680000,113.199997,114.599998,84.832443,13236900
2014-09-22,114.660004,115.040001,114.440002,114.739998,84.936104,6617200
2014-09-23,114.910004,115.470001,114.769997,115.449997,85.461632,6362400
2014-09-24,115.290001,115.550003,114.639999,114.809998,84.987892,5223300
2014-09-25,115.309998,116.180000,115.309998,116.169998,85.994637,8947800
2014-09-26,116.019997,116.290001,115.620003,116.000000,85.868790,7799600
2014-09-29,117.000000,117.169998,116.660004,116.930000,86.557243,6791800
2014-09-30,116.660004,117.040001,116.129997,116.269997,86.068672,7277500
2014-10-01,116.889999,118.260002,116.830002,118.230003,87.737648,17194900
2014-10-02,117.830002,118.199997,117.139999,117.199997,86.973305,8251800
2014-10-03,117.000000,117.769997,116.830002,117.699997,87.344307,8561500
2014-10-06,117.620003,118.190002,117.360001,117.769997,87.396240,4485500
2014-10-07,118.309998,119.430000,118.180000,119.360001,88.576225,8837700
2014-10-08,119.449997,119.519997,118.510002,119.389999,88.598450,9391300
2014-10-09,119.269997,119.669998,118.779999,118.870003,88.212555,10291700
2014-10-10,119.519997,120.080002,119.309998,120.050003,89.088287,8774400
2014-10-13,120.160004,121.169998,120.050003,120.779999,89.630005,6450700
2014-10-14,121.309998,121.779999,120.680000,121.570000,90.216240,11285400
2014-10-15,124.580002,127.680000,121.839996,122.529999,90.928680,37407500
2014-10-16,124.120003,124.129997,121.440002,121.750000,90.349785,18096600
2014-10-17,121.190002,121.709999,120.480003,121.070000,89.845161,8524300
2014-10-20,121.779999,121.849998,120.940002,121.510002,90.171669,7742500
2014-10-21,120.839996,121.239998,120.529999,120.540001,89.451904,9754700
2014-10-22,120.470001,120.849998,120.220001,120.669998,89.548355,9260200
2014-10-23,120.040001,120.180000,119.059998,119.599998,88.754295,10936300
2014-10-24,119.930000,120.410004,119.470001,119.720001,88.843315,5704900
2014-10-27,119.889999,120.269997,119.660004,119.940002,89.006638,3391900
2014-10-28,119.480003,119.650002,119.080002,119.190002,88.450058,5141300
2014-10-29,118.959999,119.820000,118.419998,119.459999,88.650375,9105100
2014-10-30,120.320000,120.459999,119.510002,119.559998,88.724648,7024400
2014-10-31,119.339996,119.709999,118.830002,119.250000,88.494568,6664200
2014-11-03,118.900002,119.160004,118.209999,118.959999,88.494568,9726600
2014-11-04,119.419998,119.910004,119.080002,119.330002,88.769821,3664800
2014-11-05,118.910004,119.370003,118.820000,119.160004,88.643333,4799600
2014-11-06,118.599998,118.930000,118.309998,118.389999,88.070557,5901900
2014-11-07,118.720001,119.750000,118.680000,119.750000,89.082253,8550500
2014-11-10,119.580002,119.580002,118.559998,118.650002,88.263954,4787300
2014-11-11,118.480003,118.809998,118.339996,118.730003,88.323463,2416500
2014-11-12,119.199997,119.529999,118.449997,118.629997,88.249084,4040800
2014-11-13,118.699997,119.180000,118.440002,118.910004,88.457382,4475900
2014-11-14,118.839996,119.589996,118.680000,119.489998,88.888824,5191200
2014-11-17,119.779999,119.790001,118.879997,119.190002,88.665680,4726200
2014-11-18,119.320000,119.580002,119.160004,119.519997,88.911140,4471200
2014-11-19,118.879997,119.580002,118.760002,118.760002,88.345810,5792500
2014-11-20,119.900002,119.949997,119.059998,119.379997,88.807030,5683600
2014-11-21,119.570000,120.160004,119.519997,120.099998,89.342651,3640100
2014-11-24,119.669998,120.269997,119.550003,120.199997,89.417030,4033900
2014-11-25,120.370003,121.269997,120.309998,121.199997,90.160912,6770000
2014-11-26,121.639999,121.870003,121.470001,121.529999,90.406410,4339100
2014-11-28,122.129997,122.669998,122.129997,122.489998,91.120552,4562200
2014-12-01,122.680000,122.809998,121.459999,121.500000,90.588951,7728600
2014-12-02,120.839996,120.849998,120.290001,120.320000,89.709145,5757200
2014-12-03,120.300003,120.800003,120.129997,120.790001,90.059570,4868600
2014-12-04,120.750000,121.800003,120.620003,121.800003,90.812569,4250500
2014-12-05,121.570000,121.599998,120.519997,121.089996,90.283241,8030700
2014-12-08,121.419998,122.839996,121.139999,122.570000,91.386719,6021800
2014-12-09,123.599998,123.970001,122.959999,123.199997,91.856453,6639700
2014-12-10,123.180000,124.400002,123.080002,124.099998,92.527458,6439200
2014-12-11,123.739998,124.610001,123.290001,124.610001,92.907700,7863500
2014-12-12,125.449997,126.349998,125.019997,126.300003,94.167725,9317400
2014-12-15,125.639999,126.699997,125.430000,126.040001,93.973885,9387400
2014-12-16,127.360001,127.720001,126.360001,127.599998,95.137024,7426400
2014-12-17,126.910004,127.190002,125.699997,126.449997,94.279617,11558800
2014-12-18,124.930000,125.099998,124.199997,124.199997,92.602051,12758200
2014-12-19,124.580002,125.949997,124.440002,125.870003,93.847145,7894500
2014-12-22,125.449997,126.190002,125.320000,126.040001,93.973885,4118800
2014-12-23,125.449997,125.599998,123.489998,123.540001,92.109955,7406100
2014-12-24,123.059998,124.059998,122.930000,123.949997,92.611305,4871400
2014-12-26,124.550003,124.589996,124.019997,124.410004,92.954987,2921300
2014-12-29,124.910004,125.660004,124.809998,125.339996,93.649818,4070700
2014-12-30,125.980003,126.209999,125.529999,125.680000,93.903847,4372600
2014-12-31,125.699997,126.169998,125.650002,125.919998,94.083199,4993300
2015-01-02,126.290001,127.660004,126.150002,127.320000,95.129219,9432000
2015-01-05,128.009995,129.630005,127.959999,129.320007,96.623573,9789500
2015-01-06,130.699997,132.490005,130.190002,131.649994,98.364464,18331300
2015-01-07,130.699997,131.970001,130.169998,131.389999,98.170258,9762900
2015-01-08,130.360001,130.369995,129.419998,129.649994,96.870094,8055300
2015-01-09,129.199997,131.110001,129.039993,131.070007,97.931107,9398800
2015-01-12,131.000000,132.309998,130.919998,131.820007,98.491508,6658100
2015-01-13,131.389999,132.610001,131.139999,131.820007,98.491508,8260800
2015-01-14,133.720001,134.119995,132.699997,132.820007,99.238663,12324500
2015-01-15,132.850006,135.029999,132.679993,134.910004,100.800232,11454200
2015-01-16,134.330002,134.679993,133.029999,133.190002,99.515137,9390500
2015-01-20,134.130005,135.110001,134.070007,134.960007,100.837540,7758700
2015-01-21,135.199997,135.589996,132.960007,133.399994,99.672005,9803900
2015-01-22,134.000000,134.179993,132.279999,132.919998,99.313324,10200000
2015-01-23,134.300003,135.119995,134.149994,134.770004,100.695648,7334600
2015-01-26,134.839996,135.190002,134.050003,134.360001,100.389297,5966500
2015-01-27,135.729996,136.130005,134.149994,134.570007,100.546188,8079600
2015-01-28,134.750000,137.410004,134.699997,136.770004,102.189934,12230300
2015-01-29,136.119995,136.669998,135.460007,135.869995,101.517487,8881400
2015-01-30,137.710007,138.500000,137.179993,138.279999,103.318184,14871200
2015-02-02,136.699997,137.919998,136.660004,137.479996,102.928139,13689900
2015-02-03,135.649994,135.789993,134.369995,134.570007,100.749489,14008700
2015-02-04,133.490005,134.990005,133.119995,134.800003,100.921646,11360400
2015-02-05,134.000000,134.229996,133.110001,133.320007,99.813606,8334600
2015-02-06,132.050003,132.350006,130.589996,130.960007,98.046753,13685600
2015-02-09,131.970001,131.979996,130.750000,130.750000,97.889496,8025500
2015-02-10,130.139999,130.470001,129.440002,129.710007,97.110893,8290700
2015-02-11,129.699997,130.270004,128.960007,129.949997,97.290573,6506400
2015-02-12,129.660004,130.539993,129.449997,129.520004,96.968681,12548300
2015-02-13,129.509995,129.529999,128.089996,128.190002,95.972893,8325200
2015-02-17,127.800003,127.930000,125.919998,126.260002,94.527985,14968800
2015-02-18,126.820000,127.739998,126.470001,127.010002,95.089470,14009200
2015-02-19,126.779999,127.449997,126.169998,126.169998,94.460587,8584800
2015-02-20,127.050003,128.009995,126.000000,126.540001,94.737610,12502500
2015-02-23,127.190002,128.169998,127.160004,127.989998,95.823189,7500500
2015-02-24,127.650002,129.789993,127.180000,129.669998,97.080940,11958300
2015-02-25,129.460007,130.389999,129.080002,130.229996,97.500206,8019800
2015-02-26,129.699997,130.300003,128.399994,128.449997,96.167549,11020500
2015-02-27,129.020004,129.619995,128.270004,129.529999,96.976158,9225100
2015-03-02,129.000000,129.070007,126.769997,126.870003,95.169815,11324000
2015-03-03,126.889999,127.370003,126.379997,126.410004,94.824760,8599000
2015-03-04,126.940002,127.040001,126.160004,126.449997,94.854736,6478900
2015-03-05,126.529999,126.879997,125.900002,126.290001,94.734726,6045000
2015-03-06,124.669998,124.830002,122.970001,123.500000,92.641838,20022900
2015-03-09,124.680000,124.870003,124.129997,124.639999,93.497002,8889100
2015-03-10,125.970001,126.440002,125.760002,126.279999,94.727211,9277900
2015-03-11,126.260002,127.459999,126.120003,127.199997,95.417320,6663100
2015-03-12,128.199997,128.199997,126.720001,127.110001,95.349884,10295900
2015-03-13,126.760002,127.589996,126.489998,126.720001,95.057312,7247200
2015-03-16,127.940002,128.149994,127.269997,127.940002,95.972496,6374600
2015-03-17,128.550003,129.110001,128.279999,129.000000,96.767593,6314000
2015-03-18,129.910004,131.529999,128.610001,131.490005,98.635452,13981900
2015-03-19,131.199997,131.619995,130.270004,130.820007,98.132805,9543800
2015-03-20,131.220001,131.699997,131.139999,131.509995,98.650452,5953800
2015-03-23,131.699997,131.750000,130.990005,131.350006,98.530464,5555500
2015-03-24,131.830002,132.639999,131.479996,132.619995,99.483109,6713000
2015-03-25,132.720001,132.759995,131.460007,131.500000,98.642876,5635800
2015-03-26,131.050003,131.139999,129.179993,129.449997,97.105179,9536300
2015-03-27,130.029999,131.130005,129.979996,131.059998,98.312859,7907900
2015-03-30,130.899994,131.000000,130.089996,130.410004,97.825287,7010600
2015-03-31,130.240005,130.960007,129.910004,130.690002,98.035316,6844300
2015-04-01,131.330002,132.479996,131.300003,132.130005,99.323044,9273900
2015-04-02,131.929993,131.970001,130.610001,130.729996,98.270607,6663400
2015-04-06,131.429993,131.479996,129.720001,130.000000,97.721825,5923800
2015-04-07,130.229996,131.220001,129.850006,131.089996,98.541199,4764900
2015-04-08,131.020004,131.360001,130.020004,131.130005,98.571297,5378900
2015-04-09,130.869995,130.919998,129.130005,129.429993,97.293396,6484200
2015-04-10,130.320007,130.449997,129.550003,129.619995,97.436241,4843000
2015-04-13,129.529999,129.979996,129.389999,129.800003,97.571541,4010600
2015-04-14,131.309998,131.860001,130.479996,130.720001,98.263100,6075500
2015-04-15,131.050003,131.270004,130.320007,130.610001,98.180435,4425200
2015-04-16,130.830002,130.860001,129.410004,129.960007,97.691788,7085500
2015-04-17,129.770004,131.699997,129.699997,131.449997,98.811852,7268800
2015-04-20,130.940002,131.009995,129.929993,130.289993,97.939827,4949400
2015-04-21,130.229996,130.449997,129.559998,129.699997,97.496353,4563800
2015-04-22,129.500000,129.550003,127.540001,127.720001,96.008003,9707600
2015-04-23,127.800003,128.850006,127.610001,128.270004,96.421394,6843400
2015-04-24,128.639999,129.429993,128.589996,129.070007,97.022789,4773000
2015-04-27,129.070007,129.500000,128.369995,129.070007,97.022789,4334900
2015-04-28,128.169998,128.740005,127.260002,127.290001,95.684761,7464300
2015-04-29,125.809998,126.440002,125.279999,125.730003,94.512108,11554800
2015-04-30,125.040001,126.169998,124.510002,125.949997,94.677467,12876000
2015-05-01,124.730003,125.040001,123.690002,124.000000,93.402969,12378500
2015-05-04,124.300003,124.529999,122.720001,122.830002,92.521683,9144700
2015-05-05,122.860001,123.029999,121.690002,122.660004,92.393593,13935500
2015-05-06,121.989998,122.059998,120.370003,120.559998,90.811775,14355000
2015-05-07,121.430000,122.570000,121.349998,122.180000,92.032051,11933700
2015-05-08,123.379997,123.550003,122.309998,122.510002,92.280624,11716400
2015-05-11,121.620003,121.650002,119.500000,119.529999,90.035934,13738600
2015-05-12,119.139999,120.629997,118.820000,119.839996,90.269440,15861700
2015-05-13,120.650002,120.720001,118.639999,118.879997,89.546326,15760000
2015-05-14,118.919998,119.830002,118.690002,119.199997,89.787323,9128400
2015-05-15,120.379997,121.910004,120.290001,121.589996,91.587624,12630600
2015-05-18,120.320000,120.430000,119.470001,119.550003,90.050957,10208300
2015-05-19,118.269997,119.839996,118.129997,118.489998,89.252563,8435300
2015-05-20,118.769997,119.449997,118.180000,118.690002,89.403198,7789700
2015-05-21,119.580002,120.610001,119.449997,120.349998,90.653557,11760700
2015-05-22,120.650002,120.750000,119.800003,120.400002,90.691277,5417900
2015-05-26,120.839996,122.550003,120.739998,122.459999,92.242943,10469700
2015-05-27,122.180000,122.860001,121.610001,122.739998,92.453842,6490300
2015-05-28,122.500000,123.029999,122.220001,122.440002,92.227875,6237600
2015-05-29,123.230003,123.570000,122.510002,122.709999,92.431244,7912000
2015-06-01,122.110001,122.379997,120.690002,121.129997,91.437843,13108100
2015-06-02,120.169998,120.260002,119.110001,119.440002,90.162140,10076200
2015-06-03,118.389999,118.599998,117.199997,117.519997,88.712738,14810900
2015-06-04,118.260002,119.290001,118.139999,119.050003,89.867706,10859300
2015-06-05,117.839996,118.570000,117.379997,117.599998,88.773148,11200200
2015-06-08,117.959999,118.160004,117.370003,117.470001,88.675011,5334000
2015-06-09,117.059998,117.129997,116.110001,116.540001,87.972984,12393900
2015-06-10,115.919998,116.129997,115.260002,115.519997,87.202988,12183600
2015-06-11,116.559998,117.970001,116.239998,117.949997,89.037331,13849300
2015-06-12,117.589996,119.070000,117.550003,117.949997,89.037331,7863100
2015-06-15,118.889999,119.059998,117.739998,118.139999,89.180801,8194200
2015-06-16,118.610001,119.080002,117.940002,119.070000,89.882858,7046400
2015-06-17,118.500000,118.629997,117.250000,118.150002,89.188339,13626100
2015-06-18,117.370003,117.739998,116.750000,117.570000,88.750526,10123300
2015-06-19,118.510002,119.190002,118.489998,119.080002,89.890335,10439200
2015-06-22,117.839996,118.139999,116.589996,116.650002,88.056084,9769000
2015-06-23,115.730003,116.959999,115.690002,115.949997,87.527596,8945100
2015-06-24,116.510002,117.169998,116.160004,116.949997,88.282486,8600400
2015-06-25,116.589996,117.080002,116.190002,116.540001,87.972984,8287800
2015-06-26,115.669998,115.870003,114.879997,115.230003,86.984093,11673000
2015-06-29,116.959999,118.669998,116.459999,118.279999,89.286461,17132900
2015-06-30,117.400002,118.699997,117.330002,117.459999,88.667465,13469000
2015-07-01,115.820000,116.360001,115.430000,115.620003,87.470627,12451500
2015-07-02,116.320000,116.660004,115.879997,116.000000,87.758080,6682100
2015-07-06,118.050003,118.650002,117.059998,118.150002,89.384666,10605800
2015-07-07,119.660004,120.489998,118.949997,119.260002,90.224464,16160100
2015-07-08,120.019997,120.570000,119.500000,120.290001,91.003616,9951800
2015-07-09,118.699997,119.120003,117.849998,117.919998,89.210640,11108900
2015-07-10,116.040001,116.720001,115.760002,116.050003,87.795906,13636600
2015-07-13,115.389999,116.459999,115.389999,115.690002,87.523560,8006700
2015-07-14,116.019997,116.269997,115.660004,116.070000,87.811096,4227800
2015-07-15,116.110001,117.550003,116.040001,117.300003,88.741615,8720400
2015-07-16,116.889999,118.160004,116.870003,118.110001,89.354416,7306500
2015-07-17,118.370003,118.889999,118.360001,118.720001,89.815926,7404900
2015-07-20,118.290001,118.650002,117.900002,118.220001,89.437614,5941000
2015-07-21,117.680000,118.930000,117.660004,118.860001,89.921806,5627500
2015-07-22,119.010002,119.900002,118.949997,119.599998,90.481659,6228900
2015-07-23,119.599998,121.199997,119.449997,121.089996,91.608879,9087700
2015-07-24,121.500000,121.550003,120.919998,121.389999,91.835869,7307900
2015-07-27,122.190002,122.290001,121.480003,122.040001,92.327606,8172000
2015-07-28,121.160004,121.570000,120.900002,121.150002,91.654243,9128200
2015-07-29,121.019997,121.169998,120.419998,120.699997,91.313820,6706400
2015-07-30,121.209999,121.940002,121.150002,121.629997,92.017395,6146600
2015-07-31,122.440002,122.900002,122.059998,122.529999,92.698265,9178400
2015-08-03,122.320000,123.750000,122.320000,123.550003,93.674065,11753700
2015-08-04,123.160004,123.320000,122.459999,122.570000,92.931061,6448800
2015-08-05,121.769997,121.910004,121.190002,121.650002,92.233498,7574400
2015-08-06,122.000000,122.870003,122.000000,122.730003,93.052368,6118100
2015-08-07,123.300003,124.500000,123.239998,124.339996,94.273018,8317000
2015-08-10,123.410004,123.570000,122.519997,122.800003,93.105431,7461700
2015-08-11,124.300003,125.129997,124.160004,124.750000,94.583931,11145700
2015-08-12,124.930000,125.709999,124.000000,124.070000,94.068336,8455200
2015-08-13,123.830002,124.419998,123.220001,123.669998,93.765045,7691400
2015-08-14,123.470001,124.370003,123.199997,123.959999,93.984909,4324700
2015-08-17,124.709999,125.099998,124.389999,124.519997,94.409546,7880300
2015-08-18,123.800003,124.290001,123.379997,123.540001,93.666512,5024300
2015-08-19,123.059998,124.930000,122.989998,124.760002,94.591469,10736000
2015-08-20,125.370003,126.099998,125.180000,126.019997,95.546844,9078300
2015-08-21,126.160004,126.739998,125.589996,126.400002,95.834915,10718300
2015-08-24,128.309998,128.919998,125.820000,126.360001,95.804604,16663400
2015-08-25,124.550003,124.790001,123.559998,124.330002,94.265465,15354800
2015-08-26,123.000000,123.510002,121.360001,121.930000,92.445755,16429900
2015-08-27,121.820000,122.870003,121.650002,122.000000,92.498894,9127000
2015-08-28,123.150002,123.470001,122.230003,122.360001,92.771858,9946200
2015-08-31,123.360001,123.470001,121.339996,121.419998,92.059128,8617600
2015-09-01,121.639999,122.089996,120.980003,122.029999,92.722481,15298200
2015-09-02,121.419998,121.980003,120.860001,120.980003,91.924637,9515200
2015-09-03,121.379997,121.669998,120.709999,121.570000,92.372932,7042500
2015-09-04,122.449997,122.930000,121.820000,122.680000,93.216347,7951300
2015-09-08,121.379997,121.559998,120.760002,120.870003,91.841057,7049500
2015-09-09,119.629997,121.709999,119.559998,121.449997,92.281738,7441900
2015-09-10,121.019997,121.190002,120.449997,120.629997,91.658699,6789700
2015-09-11,121.470001,122.080002,121.330002,121.389999,92.236176,5890900
2015-09-14,121.949997,122.150002,121.279999,121.580002,92.380516,4221700
2015-09-15,120.889999,121.050003,119.120003,119.250000,90.610146,11895000
2015-09-16,118.959999,119.440002,118.550003,118.800003,90.268196,6949800
2015-09-17,118.879997,120.370003,118.730003,120.250000,91.369957,19843600
2015-09-18,121.209999,122.199997,121.129997,122.099998,92.775665,14963300
2015-09-21,121.010002,121.110001,119.779999,120.110001,91.263634,10085600
2015-09-22,121.440002,122.389999,121.139999,121.779999,92.532509,9968200
2015-09-23,121.620003,122.070000,120.989998,121.769997,92.524918,6769900
2015-09-24,123.169998,123.680000,122.489998,122.599998,93.155602,9605800
2015-09-25,121.650002,121.930000,121.269997,121.540001,92.350143,8383700
2015-09-28,122.199997,123.769997,122.199997,123.620003,93.930595,9833400
2015-09-29,123.540001,124.290001,123.250000,123.970001,94.196571,9006100
2015-09-30,123.410004,123.800003,123.120003,123.540001,93.869835,9832600
2015-10-01,124.080002,124.519997,123.660004,123.809998,94.270332,9069400
2015-10-02,125.589996,126.209999,124.180000,124.559998,94.841393,13000400
2015-10-05,123.720001,123.830002,122.779999,122.870003,93.554619,11362700
2015-10-06,122.550003,123.599998,122.410004,123.400002,93.958138,5687800
2015-10-07,122.809998,123.330002,122.510002,122.989998,93.645966,6712800
2015-10-08,123.290001,123.370003,121.660004,121.959999,92.861687,12882300
2015-10-09,121.970001,122.639999,121.900002,122.279999,93.105377,9038100
2015-10-12,123.029999,123.430000,122.910004,123.209999,93.813484,4241000
2015-10-13,123.529999,123.599998,122.800003,123.419998,93.973381,6147200
2015-10-14,123.699997,124.550003,123.300003,124.500000,94.795700,9738100
2015-10-15,124.309998,124.459999,123.779999,123.889999,94.331200,6924300
2015-10-16,124.250000,124.470001,123.870003,123.930000,94.361694,8048300
2015-10-19,123.790001,123.970001,122.910004,123.589996,94.102798,6238400
2015-10-20,122.800003,122.970001,122.550003,122.830002,93.524170,6431300
2015-10-21,123.610001,124.220001,123.470001,124.050003,94.453079,6603800
2015-10-22,124.099998,124.779999,123.510002,124.260002,94.612946,6934100
2015-10-23,123.099998,123.459999,122.849998,123.199997,93.805885,7058200
2015-10-26,123.870003,124.199997,123.809998,124.019997,94.430229,5859800
2015-10-27,124.510002,124.900002,124.160004,124.330002,94.666252,7156800
2015-10-28,124.269997,124.339996,123.300003,123.830002,94.285545,8468700
2015-10-29,123.180000,123.220001,121.699997,121.860001,92.785568,12108000
2015-10-30,122.239998,122.809998,122.019997,122.779999,93.486069,11861400
2015-11-02,121.779999,122.180000,121.680000,121.949997,93.056458,8751000
2015-11-03,121.650002,121.739998,120.790001,120.949997,92.293381,8921600
2015-11-04,121.099998,121.540001,120.699997,121.089996,92.400208,5980800
2015-11-05,121.050003,121.059998,120.300003,120.769997,92.156052,7268400
2015-11-06,119.489998,119.529999,118.739998,119.000000,90.805389,10604700
2015-11-09,118.099998,118.900002,118.000000,118.330002,90.294151,9159500
2015-11-10,118.500000,119.209999,118.379997,118.680000,90.561195,6712500
2015-11-11,118.349998,118.580002,118.269997,118.430000,90.370430,2857900
2015-11-12,118.750000,119.440002,118.699997,119.000000,90.805389,6805700
2015-11-13,119.320000,119.900002,119.220001,119.680000,91.324318,7906600
2015-11-16,119.790001,120.000000,119.129997,119.570000,91.240326,5485300
2015-11-17,119.000000,120.129997,118.660004,119.769997,91.392998,5122900
2015-11-18,119.580002,120.190002,119.360001,120.019997,91.583748,5233900
2015-11-19,120.879997,121.150002,120.680000,120.820000,92.194206,6643000
2015-11-20,120.930000,121.040001,120.279999,120.449997,91.911819,5971000
2015-11-23,120.529999,121.120003,120.320000,120.820000,92.194206,5436300
2015-11-24,120.900002,121.199997,120.580002,120.809998,92.186546,3371500
2015-11-25,121.169998,121.419998,120.949997,121.089996,92.400208,3280900
2015-11-27,121.250000,121.320000,120.959999,120.970001,92.308693,2570600
2015-11-30,121.099998,121.529999,121.059998,121.449997,92.674942,5179800
2015-12-01,121.260002,122.849998,121.260002,122.830002,93.926735,12766600
2015-12-02,122.660004,123.040001,122.190002,122.870003,93.957336,7345800
2015-12-03,121.360001,121.400002,118.989998,119.529999,91.403229,16612200
2015-12-04,119.529999,120.930000,119.470001,120.580002,92.206177,11843800
2015-12-07,120.809998,122.459999,120.800003,121.750000,93.100861,9016700
2015-12-08,122.279999,122.430000,121.449997,121.809998,93.146751,7257500
2015-12-09,121.349998,122.150002,120.510002,121.680000,93.047348,8993900
2015-12-10,121.790001,122.029999,121.489998,121.839996,93.169724,5606900
2015-12-11,123.029999,124.099998,122.870003,123.760002,94.637878,12300000
2015-12-14,123.080002,123.150002,121.750000,122.160004,93.414398,10661100
2015-12-15,121.019997,121.599998,120.830002,121.440002,92.863831,8795500
2015-12-16,121.070000,122.169998,120.500000,121.180000,92.664970,10988600
2015-12-17,121.779999,122.779999,121.639999,122.550003,93.712578,9923000
2015-12-18,123.080002,123.519997,122.820000,123.230003,94.232574,10171700
2015-12-21,123.430000,123.779999,122.919998,123.199997,94.209648,7494900
2015-12-22,122.650002,122.800003,121.989998,122.309998,93.529060,5445800
2015-12-23,121.230003,121.610001,120.870003,121.389999,92.825539,7287100
2015-12-24,121.470001,121.870003,121.400002,121.830002,93.357323,3364600
2015-12-28,121.989998,122.669998,121.849998,122.190002,93.633255,7586600
2015-12-29,121.690002,121.739998,120.010002,120.160004,92.077667,7787500
2015-12-30,119.919998,120.540001,119.669998,120.040001,91.985710,5508900
2015-12-31,120.570000,120.860001,120.250000,120.580002,92.399513,7897700
2016-01-04,121.930000,122.449997,121.320000,121.449997,93.066193,10591900
2016-01-05,120.879997,121.500000,120.660004,120.959999,92.690674,6242600
2016-01-06,122.300003,122.620003,122.050003,122.589996,93.939766,8916900
2016-01-07,122.680000,122.930000,121.790001,122.809998,94.108330,10202200
2016-01-08,122.430000,123.470001,122.230003,123.360001,94.529793,9577200
2016-01-11,122.040001,122.790001,121.860001,122.010002,93.495316,10040300
2016-01-12,122.339996,124.320000,122.150002,123.769997,94.843994,12897700
2016-01-13,123.529999,125.500000,123.269997,124.989998,95.778893,15577600
2016-01-14,124.470001,124.970001,123.339996,123.820000,94.882309,12873800
2016-01-15,125.400002,125.959999,125.080002,125.750000,96.361206,13976300
2016-01-19,125.129997,126.070000,124.949997,125.360001,96.062416,8926600
2016-01-20,126.980003,127.919998,126.419998,126.680000,97.073883,17283300
2016-01-21,126.940002,127.290001,125.669998,125.820000,96.414871,11001600
2016-01-22,124.910004,125.529999,124.519997,125.339996,96.047050,10164300
2016-01-25,125.949997,126.269997,125.650002,126.019997,96.568153,5738200
2016-01-26,125.989998,126.459999,125.750000,126.080002,96.614143,5692600
2016-01-27,125.750000,126.290001,125.190002,126.050003,96.591118,7957800
2016-01-28,125.540001,126.410004,125.459999,126.230003,96.729095,10575400
2016-01-29,127.410004,127.860001,126.919998,127.300003,97.549011,13170700
2016-02-01,126.790001,127.070000,126.290001,126.669998,97.250313,9948400
2016-02-02,128.100006,129.039993,128.000000,129.020004,99.054535,10400000
2016-02-03,128.279999,129.940002,127.919998,127.949997,98.233032,13309000
2016-02-04,128.220001,128.589996,127.510002,128.570007,98.709053,9953500
2016-02-05,127.889999,129.000000,127.589996,128.720001,98.824242,9200800
2016-02-08,129.720001,131.630005,129.679993,131.490005,100.950897,14452200
2016-02-09,132.039993,132.059998,130.960007,131.630005,101.058342,15232100
2016-02-10,131.699997,132.839996,131.110001,132.789993,101.948921,12797100
2016-02-11,134.440002,135.250000,133.009995,133.720001,102.662956,21620200
2016-02-12,132.639999,133.130005,130.929993,131.500000,100.958580,13888400
2016-02-16,130.720001,130.750000,129.809998,130.110001,99.891365,11766000
2016-02-17,129.639999,129.830002,128.710007,129.309998,99.277161,13157300
2016-02-18,129.410004,131.000000,129.360001,130.899994,100.497879,10196700
2016-02-19,130.940002,131.820007,130.729996,131.009995,100.582375,8188700
2016-02-22,131.100006,131.110001,130.699997,130.940002,100.528595,5054300
2016-02-23,129.880005,131.740005,129.779999,131.470001,100.935516,8320700
2016-02-24,132.399994,133.389999,130.949997,131.210007,100.735893,9091200
2016-02-25,131.479996,132.559998,131.320007,131.679993,101.096718,6097200
2016-02-26,130.309998,130.809998,130.039993,130.410004,100.121689,9245000
2016-02-29,130.470001,131.169998,130.419998,130.979996,100.559319,8016100
2016-03-01,130.820007,130.850006,128.320007,128.429993,98.788574,13729100
2016-03-02,128.320007,128.970001,128.210007,128.960007,99.196312,7047700
2016-03-03,129.070007,129.940002,128.770004,129.429993,99.557838,6394800
2016-03-04,128.750000,129.130005,127.760002,128.600006,98.919365,8687000
2016-03-07,128.449997,128.669998,128.050003,128.559998,98.888626,5493300
2016-03-08,130.350006,130.990005,129.949997,129.979996,99.980858,7175400
2016-03-09,129.080002,129.690002,128.809998,129.190002,99.373230,7194700
2016-03-10,129.500000,129.839996,127.919998,128.660004,98.965561,10091600
2016-03-11,128.820007,128.880005,127.209999,127.360001,97.965546,8927000
2016-03-14,127.820000,128.389999,127.660004,127.760002,98.273254,5177000
2016-03-15,128.500000,128.660004,127.610001,127.879997,98.365585,6413200
2016-03-16,127.750000,128.520004,127.370003,128.259995,98.657829,9728900
2016-03-17,128.509995,129.339996,128.490005,128.789993,99.065514,7805500
2016-03-18,129.039993,129.509995,128.699997,129.059998,99.273201,8198600
2016-03-21,128.250000,128.619995,127.750000,128.070007,98.511749,5514800
2016-03-22,128.830002,129.020004,127.919998,128.039993,98.488617,4997900
2016-03-23,128.410004,129.820007,128.289993,129.490005,99.603996,10628200
2016-03-24,130.580002,130.639999,129.000000,129.539993,99.642471,6343300
2016-03-28,129.380005,130.160004,129.279999,129.710007,99.773170,5058700
2016-03-29,130.380005,131.089996,130.020004,131.070007,100.819321,9396700
2016-03-30,130.029999,130.070007,128.979996,129.690002,99.757813,8478700
2016-03-31,129.979996,130.809998,129.789993,130.610001,100.465446,7832300
2016-04-01,130.979996,131.130005,129.899994,130.679993,100.727562,9341400
2016-04-04,130.789993,130.970001,130.270004,130.759995,100.789185,5145100
2016-04-05,132.009995,132.360001,131.779999,132.190002,101.891449,6482800
2016-04-06,131.529999,131.669998,130.740005,131.229996,101.151482,6393700
2016-04-07,132.190002,132.990005,132.009995,132.850006,102.400154,5963300
2016-04-08,132.169998,132.399994,131.639999,132.009995,101.752693,5584800
2016-04-11,131.320007,132.179993,131.110001,131.839996,101.621666,4805500
2016-04-12,131.080002,131.550003,130.529999,130.929993,100.920273,4276000
2016-04-13,130.690002,131.580002,130.520004,131.389999,101.274826,5207900
2016-04-14,130.910004,131.309998,130.490005,130.759995,100.789185,6967000
2016-04-15,131.289993,132.160004,131.250000,131.880005,101.652489,5831100
2016-04-18,131.330002,131.440002,130.660004,131.309998,101.213150,4486600
2016-04-19,131.080002,131.309998,130.289993,130.899994,100.897095,5212200
2016-04-20,131.160004,131.649994,129.270004,129.460007,99.787170,10920700
2016-04-21,128.440002,129.070007,128.289993,128.690002,99.193703,11154200
2016-04-22,128.850006,128.910004,128.240005,128.360001,98.939293,5826400
2016-04-25,128.059998,128.520004,127.830002,127.830002,98.530792,5539500
2016-04-26,127.760002,127.760002,127.120003,127.250000,98.083725,7840000
2016-04-27,127.919998,128.820007,127.620003,128.520004,99.062660,8380100
2016-04-28,128.210007,129.139999,128.039993,129.050003,99.471146,7974600
2016-04-29,128.449997,129.710007,128.199997,129.380005,99.725533,7416300
2016-05-02,128.660004,128.899994,127.800003,127.820000,98.721436,11035200
2016-05-03,129.550003,130.020004,129.350006,129.429993,99.964943,10736700
2016-05-04,129.679993,130.169998,129.190002,130.139999,100.513290,7211200
2016-05-05,130.059998,131.070007,129.699997,131.009995,101.185226,7870400
2016-05-06,130.850006,130.860001,130.289993,130.449997,100.752739,7232500
2016-05-09,130.460007,130.889999,130.320007,130.860001,101.069427,4950800
2016-05-10,130.850006,131.119995,130.649994,130.869995,101.077133,4331900
2016-05-11,130.830002,132.000000,130.660004,131.610001,101.648712,9256000
2016-05-12,130.660004,131.169998,130.589996,131.009995,101.185226,6087400
2016-05-13,131.479996,132.320007,131.229996,132.279999,102.166161,8707300
2016-05-16,131.639999,131.660004,130.979996,131.139999,101.285645,5137000
2016-05-17,131.210007,131.830002,131.210007,131.360001,101.455574,4449100
2016-05-18,130.809998,130.850006,128.910004,129.490005,100.011269,12681000
2016-05-19,129.679993,130.330002,129.649994,130.050003,100.443794,6209400
2016-05-20,129.649994,130.399994,129.550003,130.149994,100.521019,5348900
2016-05-23,130.360001,130.729996,129.919998,130.440002,100.745026,6979700
2016-05-24,129.970001,130.190002,129.240005,129.860001,100.297050,5968200
2016-05-25,129.830002,130.250000,129.309998,129.369995,99.918579,6367400
2016-05-26,129.809998,130.449997,129.800003,130.039993,100.436104,5419300
2016-05-27,130.070007,130.259995,129.699997,129.850006,100.289337,5267600
2016-05-31,129.020004,130.440002,128.979996,130.160004,100.528732,8344300
2016-06-01,130.630005,131.270004,130.110001,130.419998,100.936615,9874900
2016-06-02,130.899994,131.690002,130.869995,131.360001,101.664085,5835400
2016-06-03,132.860001,133.229996,132.600006,133.229996,103.111328,11077200
2016-06-06,132.779999,132.889999,132.100006,132.240005,102.345230,7573700
2016-06-07,132.639999,132.979996,132.539993,132.559998,102.592857,4680200
2016-06-08,132.869995,133.429993,132.710007,133.270004,103.142326,5313200
2016-06-09,134.320007,134.539993,133.929993,134.130005,103.807915,6820300
2016-06-10,134.789993,135.330002,134.259995,134.779999,104.310936,6984600
2016-06-13,135.089996,135.389999,134.770004,135.380005,104.775345,7283300
2016-06-14,136.190002,136.220001,135.220001,135.279999,104.697945,9012500
2016-06-15,135.520004,136.229996,135.309998,135.800003,105.100395,7953200
2016-06-16,136.740005,137.559998,136.179993,136.460007,105.611153,10372700
2016-06-17,136.199997,136.270004,135.259995,135.610001,104.953369,8489900
2016-06-20,134.240005,134.550003,134.009995,134.160004,103.831070,7365900
2016-06-21,134.289993,134.580002,133.460007,133.539993,103.351334,6005800
2016-06-22,133.500000,133.990005,133.250000,133.759995,103.521584,5773700
2016-06-23,132.610001,133.320007,132.080002,132.229996,102.337448,9029100
2016-06-24,136.610001,136.610001,135.300003,135.779999,105.084946,17155000
2016-06-27,138.440002,139.589996,138.399994,139.169998,107.708534,16577100
2016-06-28,139.440002,139.899994,138.880005,139.460007,107.933037,14006400
2016-06-29,139.679993,140.130005,138.259995,138.389999,107.104866,12999800
2016-06-30,138.809998,139.940002,138.089996,138.899994,107.499512,14698500
2016-07-01,140.809998,140.820007,139.190002,140.570007,108.992180,15430200
2016-07-05,141.850006,142.910004,141.699997,142.330002,110.356735,8840800
2016-07-06,142.789993,143.000000,141.960007,142.559998,110.535080,14352800
2016-07-07,142.089996,143.190002,141.779999,142.550003,110.527351,9676400
2016-07-08,142.919998,143.619995,142.360001,143.600006,111.341454,10355300
2016-07-11,143.050003,143.470001,142.240005,142.339996,110.364510,8099000
2016-07-12,140.419998,140.860001,139.639999,140.000000,108.550194,15810600
2016-07-13,141.369995,141.770004,140.949997,141.649994,109.829536,8181700
2016-07-14,139.279999,139.839996,139.089996,139.589996,108.232208,10817000
2016-07-15,138.889999,139.110001,138.179993,138.389999,107.301842,9958600
2016-07-18,139.070007,139.259995,137.729996,138.259995,107.201065,5955900
2016-07-19,138.940002,139.309998,138.399994,139.039993,107.805878,8073900
2016-07-20,138.229996,138.509995,137.910004,138.279999,107.216560,6942500
2016-07-21,137.039993,138.619995,136.990005,138.559998,107.433678,10398400
2016-07-22,137.929993,139.240005,137.869995,138.800003,107.619781,5811400
2016-07-25,138.940002,139.259995,138.589996,138.699997,107.542206,4243800
2016-07-26,139.520004,139.520004,138.460007,138.919998,107.712799,5243400
2016-07-27,139.550003,140.649994,139.399994,140.649994,109.054184,8508100
2016-07-28,139.800003,140.839996,139.710007,140.389999,108.852577,7336100
2016-07-29,140.449997,141.679993,140.220001,141.559998,109.759712,8766700
2016-08-01,139.779999,140.500000,139.610001,139.770004,108.569748,9809300
2016-08-02,137.830002,139.259995,137.500000,138.330002,107.451180,10051200
2016-08-03,138.600006,138.779999,137.910004,138.410004,107.513321,4930600
2016-08-04,139.460007,140.160004,139.270004,139.449997,108.321136,5646000
2016-08-05,139.050003,139.179993,137.820007,138.000000,107.194847,7778600
2016-08-08,137.600006,138.539993,137.320007,138.259995,107.396782,5185200
2016-08-09,138.710007,139.720001,138.619995,139.619995,108.453186,5503200
2016-08-10,139.899994,140.509995,139.470001,140.160004,108.872650,5843500
2016-08-11,140.059998,140.080002,138.539993,138.910004,107.901703,7624600
2016-08-12,140.410004,140.860001,139.869995,140.080002,108.810555,7989600
2016-08-15,139.339996,139.630005,138.750000,138.759995,107.785202,5108600
2016-08-16,138.979996,139.149994,138.229996,138.389999,107.497749,6182700
2016-08-17,138.630005,139.440002,138.500000,139.220001,108.142487,5002000
2016-08-18,139.199997,139.759995,138.789993,139.440002,108.313423,3805200
2016-08-19,138.639999,139.050003,138.100006,138.710007,107.746368,5516300
2016-08-22,139.649994,140.139999,139.369995,139.880005,108.655182,5549700
2016-08-23,140.270004,140.589996,139.669998,140.029999,108.771683,6841400
2016-08-24,140.100006,140.190002,139.389999,139.699997,108.515320,6027800
2016-08-25,139.259995,139.779999,138.960007,139.169998,108.103645,5855500
2016-08-26,139.729996,140.690002,138.220001,138.360001,107.474480,12962500
2016-08-29,139.380005,140.350006,139.210007,140.210007,108.911491,7310400
2016-08-30,140.169998,140.259995,139.669998,139.669998,108.492035,5161800
2016-08-31,139.660004,140.169998,139.339996,139.869995,108.647415,7349700
2016-09-01,138.619995,140.100006,138.570007,139.770004,108.767265,9149100
2016-09-02,138.960007,139.050003,138.169998,138.630005,107.880081,8397000
2016-09-06,138.710007,140.080002,138.509995,139.639999,108.666077,8542600
2016-09-07,140.369995,140.419998,139.539993,139.539993,108.588234,5421800
2016-09-08,138.860001,139.270004,137.259995,137.789993,107.226425,14301500
2016-09-09,136.070007,136.119995,135.410004,135.520004,105.459969,13347700
2016-09-12,135.320007,135.830002,135.160004,135.589996,105.514442,9096600
2016-09-13,135.869995,136.000000,133.360001,134.050003,104.316010,15645400
2016-09-14,134.050003,134.910004,134.050003,134.250000,104.471680,7037700
2016-09-15,133.610001,134.050003,133.029999,133.669998,104.020294,9874500
2016-09-16,134.580002,134.809998,134.220001,134.750000,104.860771,7507900
2016-09-19,134.520004,134.869995,134.250000,134.309998,104.518372,7105900
2016-09-20,135.149994,135.580002,134.669998,134.779999,104.884056,6054800
2016-09-21,134.600006,135.889999,134.179993,135.869995,105.732292,10698100
2016-09-22,136.669998,137.289993,136.500000,136.949997,106.572754,12426200
2016-09-23,137.029999,137.339996,136.710007,136.820007,106.471596,5928800
2016-09-26,137.070007,137.830002,137.020004,137.690002,107.148613,8661300
2016-09-27,138.589996,138.800003,137.949997,138.699997,107.934578,9450400
2016-09-28,138.500000,139.149994,138.220001,138.399994,107.701180,7958700
2016-09-29,137.559998,139.070007,137.449997,138.750000,107.973534,8319800
2016-09-30,138.550003,138.639999,136.869995,137.509995,107.008522,11747100
2016-10-03,137.679993,137.770004,136.759995,136.809998,106.655357,7588800
2016-10-04,136.619995,136.839996,135.160004,135.210007,105.408081,12048700
2016-10-05,135.020004,135.080002,134.119995,134.580002,104.916908,8917700
2016-10-06,133.970001,134.690002,133.679993,133.830002,104.332214,7839900
2016-10-07,133.929993,134.289993,133.089996,133.919998,104.402397,9953200
2016-10-10,132.850006,133.160004,132.509995,133.130005,103.786552,6089100
2016-10-11,132.860001,133.550003,132.570007,132.830002,103.552597,9670400
2016-10-12,132.669998,133.020004,132.240005,132.960007,103.654022,7582400
2016-10-13,133.639999,133.929993,133.369995,133.460007,104.043793,7080600
2016-10-14,132.270004,132.949997,131.529999,131.589996,102.585922,11415100
2016-10-17,132.100006,132.740005,132.089996,132.429993,103.240791,10595900
2016-10-18,131.860001,132.889999,131.830002,132.860001,103.576012,7151000
2016-10-19,132.369995,133.270004,132.320007,132.970001,103.661758,6941300
2016-10-20,133.639999,133.750000,132.899994,133.110001,103.770943,6082300
2016-10-21,133.520004,133.720001,132.869995,133.309998,103.926872,9222700
2016-10-24,133.410004,133.449997,132.289993,132.729996,103.474709,6507500
2016-10-25,132.529999,133.559998,132.490005,133.080002,103.747536,5134700
2016-10-26,132.460007,132.800003,131.990005,132.179993,103.045883,5842500
2016-10-27,131.070007,131.070007,130.059998,130.740005,101.923340,10044700
2016-10-28,130.389999,130.929993,130.330002,130.449997,101.697235,7541000
2016-10-31,130.889999,131.289993,130.710007,131.250000,102.320915,7047500
2016-11-01,130.160004,131.600006,129.880005,131.009995,102.328712,12622400
2016-11-02,131.300003,132.110001,131.029999,131.580002,102.773903,8666200
2016-11-03,130.750000,131.050003,130.440002,130.570007,101.984993,6085400
2016-11-04,131.270004,131.789993,131.130005,131.740005,102.898903,7622600
2016-11-07,130.750000,131.000000,130.440002,130.619995,102.024117,5386700
2016-11-08,131.020004,131.210007,129.710007,130.089996,101.610115,7576500
2016-11-09,127.220001,127.370003,124.220001,124.570000,97.298592,31233500
2016-11-10,123.970001,124.959999,122.720001,122.730003,95.861420,22961200
2016-11-11,122.959999,123.050003,121.650002,122.040001,95.322456,10040200
2016-11-14,121.279999,122.660004,120.730003,121.309998,94.752251,21174400
2016-11-15,122.220001,122.809998,121.779999,121.910004,95.220901,11963700
2016-11-16,122.300003,123.139999,122.169998,123.010002,96.080139,9149500
2016-11-17,121.949997,122.110001,120.989998,121.199997,94.666313,11221600
2016-11-18,121.629997,121.970001,120.339996,120.849998,94.392960,13577700
2016-11-21,121.209999,121.480003,120.889999,121.150002,94.627304,6488100
2016-11-22,121.660004,121.760002,120.879997,121.110001,94.596062,9989900
2016-11-23,119.989998,120.910004,119.250000,120.639999,94.228943,13563500
2016-11-25,121.190002,121.290001,120.400002,120.820000,94.369545,3126300
2016-11-28,121.410004,121.730003,121.089996,121.709999,95.064697,8555000
2016-11-29,121.440002,122.400002,121.209999,122.220001,95.463058,8363000
2016-11-30,119.970001,121.010002,119.480003,120.239998,93.916504,21163500
2016-12-01,118.510002,118.989998,117.639999,118.730003,92.924881,21715700
2016-12-02,119.169998,120.209999,119.139999,119.599998,93.605812,12487500
2016-12-05,118.930000,120.400002,118.449997,119.470001,93.504082,12100100
2016-12-06,119.339996,119.940002,119.120003,119.379997,93.433640,11526600
2016-12-07,119.820000,120.620003,119.820000,120.400002,94.231903,10392200
2016-12-08,119.150002,119.309998,118.779999,118.980003,93.120544,12041100
2016-12-09,118.639999,118.860001,117.279999,117.500000,91.962196,14646400
2016-12-12,117.269997,117.800003,116.879997,117.720001,92.134407,9496300
2016-12-13,118.400002,118.489998,117.440002,118.139999,92.463112,12189200
2016-12-14,119.080002,119.209999,116.800003,116.820000,91.430031,16618400
2016-12-15,117.559998,118.290001,117.029999,117.410004,91.891762,12400500
2016-12-16,117.610001,117.919998,116.800003,117.139999,91.680450,14924600
2016-12-19,117.980003,118.580002,117.739998,118.400002,92.666603,10868300
2016-12-20,117.629997,117.900002,117.379997,117.809998,92.204849,7030600
2016-12-21,117.919998,118.400002,117.730003,118.330002,92.611855,4624700
2016-12-22,117.529999,118.000000,117.500000,117.809998,92.446266,5177800
2016-12-23,118.239998,118.389999,117.949997,118.050003,92.634628,4461600
2016-12-27,117.419998,117.699997,117.230003,117.669998,92.336411,5276600
2016-12-28,117.860001,118.879997,117.699997,118.529999,93.011230,7578600
2016-12-29,118.800003,119.269997,118.660004,118.949997,93.340828,8581400
2016-12-30,118.779999,119.650002,118.720001,119.129997,93.482079,10613900
2017-01-03,118.410004,119.989998,118.180000,119.639999,93.882248,13217300
2017-01-04,119.760002,120.239998,119.449997,120.099998,94.243202,6699600
2017-01-05,120.449997,122.029999,120.169998,121.980003,95.718475,13265800
2017-01-06,121.129997,121.540001,120.750000,120.860001,94.839607,8369300
2017-01-09,121.879997,122.000000,121.459999,121.830002,95.600784,8839100
2017-01-10,121.550003,121.910004,121.279999,121.750000,95.538010,8417900
2017-01-11,121.940002,122.690002,121.410004,122.160004,95.859726,9402500
2017-01-12,122.800003,123.139999,121.830002,121.889999,95.647873,9977600
2017-01-13,121.330002,121.750000,120.620003,121.309998,95.192719,9820000
2017-01-17,122.809998,122.940002,121.989998,122.580002,96.189339,7853300
2017-01-18,121.769997,121.959999,120.910004,121.010002,94.957336,9064700
2017-01-19,120.489998,120.580002,119.550003,120.180000,94.306000,11795600
2017-01-20,119.839996,120.309998,119.290001,119.940002,94.117683,16953200
2017-01-23,120.339996,121.870003,120.019997,121.139999,95.059319,13118400
2017-01-24,120.769997,121.129997,119.800003,120.309998,94.408012,8395000
2017-01-25,119.279999,119.599998,118.559998,118.800003,93.223114,11115100
2017-01-26,118.910004,119.260002,118.330002,119.199997,93.537033,7827900
2017-01-27,119.400002,119.830002,119.250000,119.629997,93.874435,7197800
2017-01-30,119.440002,119.879997,119.199997,119.269997,93.591927,6569500
2017-01-31,119.330002,120.400002,119.250000,120.099998,94.243202,13298500
2017-02-01,119.099998,119.529999,118.580002,119.099998,93.660469,10975500
2017-02-02,119.930000,120.139999,119.000000,119.050003,93.621162,6978600
2017-02-03,119.440002,119.870003,118.470001,119.000000,93.581879,10275600
2017-02-06,119.760002,120.129997,119.120003,119.720001,94.148087,8433800
2017-02-07,119.779999,121.010002,119.470001,120.599998,94.840103,8418400
2017-02-08,121.419998,122.269997,121.410004,122.239998,96.129799,15734200
2017-02-09,121.410004,121.589996,120.660004,120.830002,95.020988,16890600
2017-02-10,120.110001,120.949997,120.110001,120.760002,94.965904,7978500
2017-02-13,120.250000,120.410004,119.879997,120.379997,94.667114,11536800
2017-02-14,120.239998,120.300003,118.830002,119.510002,93.982941,13210500
2017-02-15,118.760002,119.220001,118.650002,118.959999,93.550438,8481000
2017-02-16,119.220001,120.209999,119.120003,119.610001,94.061554,10005800
2017-02-17,120.610001,120.699997,120.129997,120.320000,94.619957,7886400
2017-02-21,119.680000,120.610001,119.599998,120.110001,94.454773,8703800
2017-02-22,120.800003,120.820000,119.589996,120.309998,94.612038,8101500
2017-02-23,120.570000,120.739998,120.330002,120.669998,94.895157,5330800
2017-02-24,121.349998,122.139999,121.260002,122.010002,95.948967,11336000
2017-02-27,121.809998,121.900002,121.230003,121.290001,95.382736,11039800
2017-02-28,121.500000,122.080002,121.320000,121.739998,95.736603,8410500
2017-03-01,119.440002,119.550003,118.949997,119.470001,94.132446,10717100
2017-03-02,119.010002,119.209999,118.620003,119.040001,93.793633,8201200
2017-03-03,119.230003,119.349998,118.550003,119.349998,94.037857,9515200
2017-03-06,119.120003,119.120003,118.519997,118.779999,93.588715,4489200
2017-03-07,118.480003,118.680000,118.250000,118.419998,93.305130,7080100
2017-03-08,117.309998,117.949997,117.230003,117.779999,92.800850,11336300
2017-03-09,117.339996,117.480003,116.769997,116.839996,92.060211,10575400
2017-03-10,117.139999,117.320000,116.680000,117.250000,92.383278,9218500
2017-03-13,116.830002,117.089996,116.489998,116.510002,91.800201,6993100
2017-03-14,116.769997,117.349998,116.709999,117.070000,92.241425,9869200
2017-03-15,117.559998,118.830002,117.430000,118.500000,93.368134,14600500
2017-03-16,117.989998,118.150002,117.629997,117.900002,92.895393,8018200
2017-03-17,118.110001,118.750000,118.029999,118.639999,93.478409,7266800
2017-03-20,118.550003,119.230003,118.500000,119.150002,93.880287,5497800
2017-03-21,119.050003,120.300003,119.019997,120.139999,94.660324,12540700
2017-03-22,120.720001,121.169998,120.430000,120.620003,95.038559,11661400
2017-03-23,120.830002,121.019997,120.059998,120.449997,94.904602,6746500
2017-03-24,120.529999,121.099998,120.400002,120.879997,95.243401,5819600
2017-03-27,121.830002,121.970001,121.190002,121.430000,95.676704,6878500
2017-03-28,121.790001,121.820000,120.489998,120.620003,95.038559,6811200
2017-03-29,120.940002,121.379997,120.879997,121.339996,95.605820,6291000
2017-03-30,121.070000,121.089996,120.320000,120.360001,94.833672,7042400
2017-03-31,120.279999,120.809998,120.209999,120.709999,95.109428,5144800
2017-04-03,120.449997,121.870003,120.400002,121.669998,96.068748,12996500
2017-04-04,121.370003,121.589996,120.949997,121.010002,95.547653,6976700
2017-04-05,120.559998,121.519997,120.360001,121.379997,95.839836,8555200
2017-04-06,121.239998,121.410004,120.519997,121.199997,95.697685,6497000
2017-04-07,121.839996,122.250000,120.690002,120.709999,95.310776,10270000
2017-04-10,121.139999,121.620003,121.000000,121.269997,95.752945,5314500
2017-04-11,121.800003,122.650002,121.720001,122.419998,96.660957,11297400
2017-04-12,122.510002,123.190002,122.290001,123.089996,97.190018,11532500
2017-04-13,123.449997,123.739998,122.910004,123.470001,97.489998,8396700
2017-04-17,123.459999,123.550003,122.860001,123.089996,97.190018,8015000
2017-04-18,123.860001,124.980003,123.550003,124.699997,98.461205,11529700
2017-04-19,124.099998,124.169998,123.699997,124.019997,97.924339,7344000
2017-04-20,123.519997,123.919998,123.139999,123.540001,97.545288,7932900
2017-04-21,123.820000,124.239998,123.489998,123.540001,97.545288,9798500
2017-04-24,122.550003,123.160004,122.459999,122.930000,97.063652,8066400
2017-04-25,122.209999,122.459999,121.379997,121.449997,95.895035,8122300
2017-04-26,121.519997,122.139999,121.430000,122.120003,96.424065,5766200
2017-04-27,121.750000,122.349998,121.580002,122.080002,96.392509,4978300
2017-04-28,121.599998,122.440002,121.550003,122.349998,96.605690,8166300
2017-05-01,121.690002,122.139999,120.709999,121.080002,95.802605,8795900
2017-05-02,120.970001,121.779999,120.940002,121.699997,96.293159,6727800
2017-05-03,122.220001,122.389999,121.550003,121.779999,96.356445,8932900
2017-05-04,121.010002,121.220001,120.669998,121.180000,95.881706,9707200
2017-05-05,121.379997,121.470001,120.889999,121.290001,95.968803,5605400
2017-05-08,121.110001,121.139999,120.529999,120.629997,95.446526,8057800
2017-05-09,120.379997,120.629997,120.139999,120.620003,95.438652,5536700
2017-05-10,120.910004,121.059998,120.160004,120.480003,95.327850,6517000
2017-05-11,120.000000,120.570000,119.910004,120.480003,95.327850,7479800
2017-05-12,121.010002,121.489998,120.980003,121.389999,96.047852,7463900
2017-05-15,121.059998,121.209999,120.750000,121.059998,95.786789,5173200
2017-05-16,121.110001,121.889999,121.110001,121.510002,96.142830,6722700
2017-05-17,122.629997,123.540001,122.389999,123.279999,97.543320,11236400
2017-05-18,123.750000,123.940002,123.190002,123.419998,97.654076,8350500
2017-05-19,123.360001,123.779999,123.010002,123.709999,97.883530,11277400
2017-05-22,123.410004,123.559998,123.260002,123.370003,97.614532,4062900
2017-05-23,123.510002,123.620003,122.480003,122.540001,96.957809,7901300
2017-05-24,122.800003,123.260002,122.540001,123.230003,97.503746,7355200
2017-05-25,123.019997,123.279999,122.760002,123.269997,97.535378,6464800
2017-05-26,123.550003,123.739998,123.250000,123.480003,97.701523,2963800
2017-05-30,124.029999,124.139999,123.739998,124.089996,98.184227,4819400
2017-05-31,124.050003,124.650002,124.029999,124.400002,98.429489,8000200
2017-06-01,123.699997,124.190002,123.660004,124.150002,98.439827,9037300
2017-06-02,125.220001,125.769997,125.050003,125.620003,99.605377,13245000
2017-06-05,124.900002,125.160004,124.779999,124.839996,98.986923,6775500
2017-06-06,125.690002,125.870003,125.400002,125.519997,99.526085,12841500
2017-06-07,125.239998,125.519997,124.790001,124.919998,99.050377,12852400
2017-06-08,124.879997,124.879997,124.300003,124.589996,98.788734,8758600
2017-06-09,124.080002,124.639999,123.980003,124.400002,98.638046,5130500
2017-06-12,124.209999,124.989998,124.139999,124.360001,98.606300,4335800
2017-06-13,124.010002,124.519997,123.989998,124.379997,98.622169,4742600
2017-06-14,125.919998,126.709999,125.730003,126.300003,100.144562,20212300
2017-06-15,126.089996,126.330002,125.830002,126.099998,99.985992,5863700
2017-06-16,126.080002,126.440002,126.010002,126.349998,100.184196,6672500
2017-06-19,126.320000,126.480003,126.029999,126.169998,100.041504,5641300
2017-06-20,126.790001,127.400002,126.790001,127.300003,100.937500,8405700
2017-06-21,127.110001,127.639999,126.910004,127.559998,101.143639,5914800
2017-06-22,127.709999,127.870003,127.309998,127.839996,101.365631,6608100
2017-06-23,127.470001,127.900002,127.400002,127.779999,101.318069,4329900
2017-06-26,128.270004,128.570007,128.160004,128.259995,101.698639,5541600
2017-06-27,127.430000,127.489998,126.620003,126.889999,100.612389,8354200
2017-06-28,126.669998,126.709999,125.980003,126.470001,100.279381,7357900
2017-06-29,125.010002,125.720001,124.900002,125.410004,99.438858,9115800
2017-06-30,125.190002,125.389999,124.849998,125.120003,99.208908,10189800
2017-07-03,125.000000,125.040001,124.019997,124.459999,98.889503,11021100
2017-07-05,124.199997,124.650002,124.120003,124.489998,98.913345,11394500
2017-07-06,123.519997,123.639999,122.930000,123.459999,98.094963,10853100
2017-07-07,122.839996,123.029999,122.589996,122.720001,97.507011,9401800
2017-07-10,122.870003,123.099998,122.680000,122.900002,97.650047,3859200
2017-07-11,122.860001,123.330002,122.709999,123.110001,97.816902,4425600
2017-07-12,123.889999,124.040001,123.489998,123.959999,98.492241,7839900
2017-07-13,123.599998,123.650002,122.809998,123.180000,97.872498,7449300
2017-07-14,124.099998,124.160004,123.120003,123.330002,97.991676,6566800
2017-07-17,123.330002,123.989998,123.269997,123.669998,98.261810,4737300
2017-07-18,124.430000,124.769997,124.230003,124.750000,99.119911,9163000
2017-07-19,124.779999,125.010002,124.589996,124.800003,99.159637,5140900
2017-07-20,125.489998,125.730003,124.970001,125.160004,99.445717,12239100
2017-07-21,125.730003,126.029999,125.570000,125.690002,99.866814,6201500
2017-07-24,125.449997,125.660004,125.160004,125.199997,99.477486,5378500
2017-07-25,124.139999,124.190002,123.470001,123.570000,98.182411,9743300
2017-07-26,123.269997,124.089996,123.080002,123.769997,98.341293,8459500
2017-07-27,123.110001,123.379997,122.820000,123.160004,97.856621,6390800
2017-07-28,123.269997,123.989998,123.260002,123.889999,98.436607,5491800
2017-07-31,123.459999,124.050003,123.400002,124.040001,98.555794,5464600
2017-08-01,123.180000,124.709999,123.160004,124.639999,99.247787,9676800
2017-08-02,124.769997,125.169998,124.680000,124.709999,99.303505,5745600
2017-08-03,125.290001,126.019997,125.260002,126.000000,100.330719,10324500
2017-08-04,125.150002,125.180000,124.440002,124.930000,99.478691,8485500
2017-08-07,124.839996,125.099998,124.610001,125.070000,99.590179,4684600
2017-08-08,124.870003,124.980003,124.150002,124.620003,99.231827,6197400
2017-08-09,125.930000,125.949997,125.199997,125.300003,99.773300,9221800
2017-08-10,125.620003,126.440002,125.519997,126.370003,100.625313,10378200
2017-08-11,125.769997,126.459999,125.550003,126.430000,100.673103,5717800
2017-08-14,125.989998,126.279999,125.730003,125.779999,100.155540,5111000
2017-08-15,124.730003,125.540001,124.709999,125.250000,99.733505,7473200
2017-08-16,124.830002,126.019997,124.809998,125.709999,100.099815,5283800
2017-08-17,125.699997,126.680000,125.510002,126.650002,100.848274,9364700
2017-08-18,126.980003,127.150002,126.260002,126.620003,100.824409,8382500
2017-08-21,126.769997,127.019997,126.500000,126.930000,101.071274,7669800
2017-08-22,126.790001,126.809998,126.269997,126.440002,100.681091,6140700
2017-08-23,127.040001,127.309998,126.760002,127.300003,101.365852,7446400
2017-08-24,126.879997,127.309998,126.720001,126.830002,100.991615,5569400
2017-08-25,127.019997,127.449997,126.870003,127.320000,101.381783,7303300
2017-08-28,126.919998,127.389999,126.730003,127.239998,101.318092,4448500
2017-08-29,128.460007,128.520004,127.309998,127.650002,101.644577,7659400
2017-08-30,127.459999,127.739998,127.339996,127.610001,101.612701,4735200
2017-08-31,127.639999,128.029999,127.570000,127.989998,101.915291,7978400
2017-09-01,127.309998,127.339996,126.430000,126.750000,101.135742,14128600
2017-09-05,127.690002,128.800003,127.690002,128.759995,102.739510,15215700
2017-09-06,128.720001,129.000000,127.739998,127.970001,102.109207,9066400
2017-09-07,128.330002,129.570007,128.330002,129.279999,103.154465,13618900
2017-09-08,129.110001,129.160004,128.570007,129.000000,102.931061,9808500
2017-09-11,127.870003,128.050003,127.260002,127.459999,101.702271,17856700
2017-09-12,127.050003,127.089996,126.529999,126.790001,101.167610,7557400
2017-09-13,126.910004,126.919998,126.279999,126.290001,100.768684,6740000
2017-09-14,126.370003,126.830002,126.330002,126.809998,101.183594,6674500
2017-09-15,127.000000,127.010002,126.540001,126.860001,101.223549,9769200
2017-09-18,126.500000,126.570000,125.839996,126.129997,100.640961,6863000
2017-09-19,126.279999,126.309998,125.730003,125.820000,100.393677,5554900
2017-09-20,125.970001,126.050003,125.330002,125.910004,100.465523,8037000
2017-09-21,126.160004,126.559998,125.820000,125.839996,100.409637,6147800
2017-09-22,126.500000,126.730003,126.059998,126.199997,100.696854,5660700
2017-09-25,126.320000,127.269997,126.199997,126.989998,101.327255,9679000
2017-09-26,126.769997,126.889999,126.430000,126.760002,101.143730,7251900
2017-09-27,124.870003,125.300003,124.610001,124.849998,99.619705,12145700
2017-09-28,124.209999,124.650002,123.970001,124.480003,99.324463,8883700
2017-09-29,124.760002,125.029999,124.269997,124.760002,99.547890,11285500
2017-10-02,124.809998,125.000000,124.239998,124.279999,99.365608,7860700
2017-10-03,123.919998,124.510002,123.919998,124.400002,99.461555,6219800
2017-10-04,124.529999,124.589996,123.879997,124.410004,99.469566,7447000
2017-10-05,124.269997,124.300003,123.690002,123.940002,99.093765,8180300
2017-10-06,123.290001,124.099998,123.029999,123.589996,98.813904,10375000
2017-10-09,123.779999,124.059998,123.639999,123.980003,99.125702,3590900
2017-10-10,124.139999,124.870003,124.019997,124.180000,99.285637,6666800
2017-10-11,124.570000,124.660004,124.260002,124.419998,99.477486,4385900
2017-10-12,124.550003,124.980003,124.239998,124.949997,99.901268,7141600
2017-10-13,125.580002,125.940002,125.169998,125.849998,100.620827,7746900
2017-10-16,125.529999,125.900002,125.379997,125.760002,100.548912,5737300
2017-10-17,125.389999,126.089996,125.389999,125.919998,100.676826,4969600
2017-10-18,125.050003,125.180000,124.680000,125.089996,100.013206,5943800
2017-10-19,125.739998,126.010002,125.269997,125.309998,100.189133,8966500
2017-10-20,124.000000,124.279999,123.639999,123.980003,99.125702,12326900
2017-10-23,124.160004,124.489998,124.019997,124.199997,99.301613,6871100
2017-10-24,123.370003,123.690002,123.150002,123.430000,98.685959,6842800
2017-10-25,122.529999,122.980003,122.419998,122.839996,98.214272,9961400
2017-10-26,123.059998,123.059998,122.430000,122.430000,97.886459,8179400
2017-10-27,122.940002,123.330002,122.750000,123.239998,98.534065,10480900
2017-10-30,123.860001,124.459999,123.559998,124.419998,99.477486,9051600
2017-10-31,124.529999,124.660004,124.400002,124.459999,99.509506,4424300
2017-11-01,124.349998,125.139999,124.300003,124.750000,99.952606,8940400
2017-11-02,125.000000,125.519997,124.919998,125.300003,100.393242,7222700
2017-11-03,125.470001,125.699997,125.139999,125.639999,100.665649,10984100
2017-11-06,125.930000,126.220001,125.720001,126.110001,101.042229,6246700
2017-11-07,126.230003,126.779999,126.129997,126.639999,101.466904,6422700
2017-11-08,126.589996,126.800003,126.209999,126.360001,101.242569,3356200
2017-11-09,125.870003,126.239998,125.550003,126.000000,100.954102,6280400
2017-11-10,124.709999,124.839996,123.959999,124.099998,99.431824,11981000
2017-11-13,124.800003,124.809998,124.309998,124.360001,99.640121,5880800
2017-11-14,124.769997,125.239998,124.769997,125.199997,100.313118,6195900
2017-11-15,126.059998,126.669998,125.639999,126.559998,101.402771,9568200
2017-11-16,126.010002,126.330002,125.449997,125.459999,100.521484,5894900
2017-11-17,126.070000,126.440002,125.959999,126.389999,101.266617,6938800
2017-11-20,125.910004,126.379997,125.910004,126.339996,101.226555,4232300
2017-11-21,127.089996,127.290001,126.309998,126.739998,101.547035,5818400
2017-11-22,126.620003,127.199997,126.510002,127.150002,101.875481,4140700
2017-11-24,126.930000,127.029999,126.690002,126.800003,101.595070,3141400
2017-11-27,126.860001,127.050003,126.419998,126.620003,101.450882,6079900
2017-11-28,126.769997,127.180000,126.470001,126.790001,101.587067,5983000
2017-11-29,125.559998,125.680000,125.099998,125.540001,100.585495,14547100
2017-11-30,125.309998,125.519997,124.440002,125.120003,100.249054,9630000
2017-12-01,125.870003,127.690002,125.099998,126.550003,101.601868,24583100
2017-12-04,125.919998,126.669998,125.809998,126.610001,101.650017,9609200
2017-12-05,126.470001,127.500000,126.449997,127.239998,102.155838,10958900
2017-12-06,127.870003,128.229996,127.660004,127.680000,102.509071,11834200
2017-12-07,127.930000,128.100006,126.300003,126.680000,101.706200,13056800
2017-12-08,126.589996,126.739998,126.239998,126.690002,101.714249,4786100
2017-12-11,126.860001,127.089996,126.410004,126.430000,101.505501,3863800
2017-12-12,126.169998,126.410004,125.669998,126.379997,101.465385,7502400
2017-12-13,126.809998,127.389999,126.589996,127.330002,102.228104,8532900
2017-12-14,127.050003,127.980003,126.790001,127.870003,102.661591,6885000
2017-12-15,127.809998,128.589996,127.559998,128.350006,103.046982,7239400
2017-12-18,127.970001,128.000000,126.910004,127.180000,102.107643,7239700
2017-12-19,126.320000,126.379997,125.070000,125.529999,100.782936,11045800
2017-12-20,124.309998,124.709999,123.949997,124.139999,99.666939,10005800
2017-12-21,124.029999,124.860001,124.000000,124.599998,100.247826,7026900
2017-12-22,124.699997,124.839996,124.529999,124.769997,100.384636,3974300
2017-12-26,124.980003,125.529999,124.970001,125.139999,100.682304,3168400
2017-12-27,125.709999,126.980003,125.699997,126.769997,101.993752,9059700
2017-12-28,126.529999,126.830002,126.370003,126.660004,101.905266,5297100
2017-12-29,126.500000,127.120003,126.480003,126.860001,102.066147,7580500
2018-01-02,126.489998,126.510002,125.070000,125.489998,100.963898,16238200
2018-01-03,126.000000,126.199997,125.489998,126.089996,101.446625,8605100
2018-01-04,125.650002,126.160004,125.370003,126.070000,101.430565,9217900
2018-01-05,125.870003,126.180000,125.360001,125.709999,101.140938,10915400
2018-01-08,125.989998,126.029999,125.169998,125.629997,101.076508,8850600
2018-01-09,124.809998,124.830002,123.809998,123.949997,99.724892,16226400
2018-01-10,122.809998,123.930000,122.660004,123.800003,99.604225,14302600
2018-01-11,123.510002,124.589996,123.309998,124.309998,100.014549,12511000
2018-01-12,124.099998,124.790001,123.910004,124.519997,100.183495,9987100
2018-01-16,125.169998,125.279999,124.559998,125.040001,100.601830,9125900
2018-01-17,125.080002,125.639999,124.599998,124.870003,100.465088,8327000
2018-01-18,123.930000,124.269997,123.540001,123.709999,99.531830,10843900
2018-01-19,123.400002,123.559998,122.980003,123.059998,99.008873,11374300
2018-01-22,123.449997,123.709999,122.989998,123.180000,99.105400,8984700
2018-01-23,123.809998,124.199997,123.239998,123.709999,99.531830,12325700
2018-01-24,122.849998,123.129997,122.540001,123.040001,98.992767,9038900
2018-01-25,123.160004,124.150002,122.800003,124.050003,99.805336,12173300
2018-01-26,123.879997,123.910004,123.099998,123.589996,99.435242,6462900
2018-01-29,122.970001,122.970001,122.300003,122.730003,98.743324,12223000
2018-01-30,122.279999,122.370003,121.699997,122.010002,98.164085,12064400
2018-01-31,122.870003,122.930000,121.940002,122.730003,98.743324,18045100
2018-02-01,122.480003,122.529999,120.629997,120.699997,97.312241,18632800
2018-02-02,120.150002,120.260002,119.239998,119.580002,96.409302,23944400
2018-02-05,119.169998,121.820000,118.639999,120.709999,97.320328,28606200
2018-02-06,120.419998,120.870003,119.720001,119.959999,96.715652,10935400
2018-02-07,120.129997,120.330002,118.559998,118.820000,95.796600,16271100
2018-02-08,118.010002,119.180000,117.849998,118.690002,95.691757,15155100
2018-02-09,118.110001,119.089996,117.790001,117.940002,95.087074,15661600
2018-02-12,118.559998,119.300003,118.190002,118.459999,95.506310,10944600
2018-02-13,118.610001,119.010002,118.389999,118.989998,95.933617,8157600
2018-02-14,118.459999,118.540001,117.470001,117.669998,94.869400,12043300
2018-02-15,118.190002,118.800003,117.989998,118.070000,95.191849,8222400
2018-02-16,119.040001,119.209999,118.339996,118.709999,95.707878,8454100
2018-02-20,118.279999,118.510002,117.779999,118.190002,95.288635,8268800
2018-02-21,118.239998,118.290001,116.510002,116.739998,94.119606,12054300
2018-02-22,117.239998,117.660004,117.000000,117.089996,94.401741,9317900
2018-02-23,117.879997,118.309998,117.720001,118.129997,95.240250,9072900
2018-02-26,118.680000,118.910004,118.040001,118.169998,95.272507,8771600
2018-02-27,118.519997,118.660004,117.260002,118.000000,95.135429,12525700
2018-02-28,118.470001,118.830002,118.250000,118.750000,95.740112,9311600
2018-03-01,118.430000,119.620003,118.150002,119.320000,96.393669,12287700
2018-03-02,118.849998,118.930000,118.120003,118.349998,95.610039,10064300
2018-03-05,118.750000,118.800003,117.629997,118.029999,95.351555,5658200
2018-03-06,118.360001,118.680000,118.120003,118.139999,95.440407,5452000
2018-03-07,118.570000,118.680000,117.959999,118.010002,95.335358,4461800
2018-03-08,118.309998,118.989998,118.260002,118.690002,95.884720,7086700
2018-03-09,117.989998,118.269997,117.589996,117.910004,95.254578,6570400
2018-03-12,118.309998,118.660004,118.190002,118.589996,95.803932,5801300
2018-03-13,118.309998,119.370003,118.190002,119.190002,96.288673,7455300
2018-03-14,119.400002,120.400002,119.370003,120.239998,97.136925,10175000
2018-03-15,120.169998,120.489998,119.930000,120.239998,97.136925,6757900
2018-03-16,119.800003,120.010002,119.550003,119.809998,96.789536,6084300
2018-03-19,119.209999,119.970001,119.199997,119.430000,96.482513,8491200
2018-03-20,118.910004,119.220001,118.830002,118.949997,96.094742,5446000
2018-03-21,118.660004,119.419998,118.110001,119.080002,96.199783,9742400
2018-03-22,120.309998,120.820000,119.669998,120.260002,97.153053,12136600
2018-03-23,119.680000,120.309998,119.620003,120.169998,97.080338,7250400
2018-03-26,120.000000,120.449997,119.669998,119.709999,96.708740,8237900
2018-03-27,119.830002,121.120003,119.809998,120.989998,97.742783,9168500
2018-03-28,121.449997,121.639999,120.949997,121.309998,98.001312,7412500
2018-03-29,121.540001,122.290001,121.510002,121.900002,98.477905,9694300
2018-04-02,121.349998,122.360001,121.160004,121.879997,98.672234,12036500
2018-04-03,121.360001,121.480003,120.830002,120.940002,97.911217,9855000
2018-04-04,121.349998,121.459999,120.599998,120.690002,97.708824,6654300
2018-04-05,120.099998,120.269997,119.769997,119.790001,96.980186,7603700
2018-04-06,120.660004,121.150002,120.220001,121.099998,98.040756,8831200
2018-04-09,120.639999,121.300003,120.349998,121.300003,98.202690,6307500
2018-04-10,121.199997,121.379997,120.779999,121.080002,98.024582,6046000
2018-04-11,121.849998,121.889999,121.269997,121.510002,98.372696,5901300
2018-04-12,121.040001,121.070000,120.410004,120.620003,97.652168,6622800
2018-04-13,120.519997,121.129997,120.500000,120.900002,97.878838,4964000
2018-04-16,120.230003,120.970001,120.180000,120.940002,97.911217,4491300
2018-04-17,120.919998,121.580002,120.820000,121.269997,98.178375,5590400
2018-04-18,121.290001,121.339996,120.279999,120.300003,97.393089,8138400
2018-04-19,119.419998,119.529999,118.809998,119.320000,96.599686,9875800
2018-04-20,118.889999,119.129997,118.430000,118.459999,95.903450,7579400
2018-04-23,118.330002,118.620003,118.080002,118.489998,95.927780,7073200
2018-04-24,118.209999,118.449997,117.760002,117.949997,95.490585,8190800
2018-04-25,117.410004,117.650002,116.940002,117.160004,94.850998,6603800
2018-04-26,117.730003,118.129997,117.589996,117.980003,95.514900,6528600
2018-04-27,118.470001,118.949997,118.440002,118.889999,96.251587,5401800
2018-04-30,119.080002,119.559998,118.940002,119.099998,96.421585,8321100
2018-05-01,118.769997,118.839996,118.230003,118.410004,96.074333,7979200
2018-05-02,118.639999,118.870003,118.260002,118.279999,95.968826,4644000
2018-05-03,118.839996,119.309998,118.680000,118.809998,96.398888,6345300
2018-05-04,119.230003,119.230003,118.489998,118.989998,96.544930,4283500
2018-05-07,118.970001,119.019997,118.739998,118.800003,96.390762,3647800
2018-05-08,118.550003,119.000000,118.300003,118.690002,96.301544,6091200
2018-05-09,118.120003,118.419998,117.980003,117.980003,95.725456,7832500
2018-05-10,118.550003,118.980003,118.349998,118.930000,96.496262,7101500
2018-05-11,119.320000,119.360001,118.820000,119.230003,96.739609,4273400
2018-05-14,118.800003,118.989998,118.589996,118.599998,96.228485,4996200
2018-05-15,117.559998,117.580002,116.699997,117.250000,95.133148,12901000
2018-05-16,117.419998,117.529999,116.790001,116.800003,94.768044,6518000
2018-05-17,116.629997,116.820000,116.089996,116.209999,94.289299,7330300
2018-05-18,116.510002,117.290001,116.510002,117.209999,95.100700,9606500
2018-05-21,117.129997,117.379997,116.949997,117.269997,95.149376,4448500
2018-05-22,117.290001,117.349998,116.849998,117.089996,95.003304,4700700
2018-05-23,117.750000,118.110001,117.660004,117.940002,95.692993,9634000
2018-05-24,118.690002,119.059998,118.639999,118.879997,96.455666,8204100
2018-05-25,119.559998,119.839996,119.470001,119.620003,97.056084,8482800
2018-05-29,120.790001,122.519997,120.430000,122.239998,99.181870,21668100
2018-05-30,121.000000,121.480003,120.739998,121.419998,98.516556,11616300
2018-05-31,121.559998,121.980003,120.949997,121.220001,98.354271,10769900
2018-06-01,120.169998,120.709999,119.849998,120.300003,97.834595,8718800
2018-06-04,120.110001,120.139999,119.370003,119.430000,97.127045,7156500
2018-06-05,119.959999,120.160004,119.620003,119.709999,97.354774,5635900
2018-06-06,119.080002,119.099998,118.419998,118.739998,96.565918,7813300
2018-06-07,118.690002,120.489998,118.680000,119.889999,97.501175,13238300
2018-06-08,119.559998,119.849998,119.440002,119.529999,97.208412,6790600
2018-06-11,119.070000,119.389999,118.940002,119.309998,97.029472,6844200
2018-06-12,118.930000,119.459999,118.889999,119.339996,97.053894,6048200
2018-06-13,119.449997,119.639999,118.629997,119.279999,97.005058,8834700
2018-06-14,119.779999,120.300003,119.480003,120.269997,97.810204,10078800
2018-06-15,120.830002,121.089996,120.300003,120.379997,97.899689,7992800
2018-06-18,120.480003,120.559998,120.040001,120.269997,97.810204,4893700
2018-06-19,120.970001,121.230003,120.699997,120.970001,98.379524,6133300
2018-06-20,120.769997,120.790001,119.900002,119.910004,97.517433,6879100
2018-06-21,120.360001,120.750000,120.220001,120.540001,98.029778,7235800
2018-06-22,120.089996,120.620003,120.059998,120.529999,98.021652,4082500
2018-06-25,120.660004,121.110001,120.639999,120.800003,98.241249,8363700
2018-06-26,120.769997,121.029999,120.660004,120.970001,98.379524,5450000
2018-06-27,121.750000,122.180000,121.550003,122.110001,99.306587,8173400
2018-06-28,122.129997,122.250000,121.830002,122.139999,99.331024,7109500
2018-06-29,122.169998,122.500000,121.650002,121.720001,98.989433,11164700
2018-07-02,121.739998,121.750000,121.290001,121.349998,98.912003,9662000
2018-07-03,121.529999,122.029999,121.529999,122.000000,99.441803,3808800
2018-07-05,122.059998,122.529999,122.010002,122.349998,99.727112,3860400
2018-07-06,122.750000,122.919998,122.480003,122.750000,100.053108,4679900
2018-07-09,122.070000,122.209999,121.900002,121.959999,99.409187,5952700
2018-07-10,121.870003,122.129997,121.809998,121.949997,99.401054,5759700
2018-07-11,122.449997,122.550003,122.089996,122.419998,99.784142,6869100
2018-07-12,122.169998,122.470001,122.139999,122.410004,99.775986,4824700
2018-07-13,122.610001,122.870003,122.470001,122.720001,100.028725,4079000
2018-07-16,122.209999,122.290001,121.639999,122.209999,99.612953,5517100
2018-07-17,122.290001,122.389999,121.900002,121.980003,99.425522,3764300
2018-07-18,122.019997,122.040001,121.389999,121.489998,99.026093,6330000
2018-07-19,121.800003,122.449997,121.769997,122.260002,99.653732,6166700
2018-07-20,121.580002,121.589996,120.699997,120.760002,98.431099,10469500
2018-07-23,120.379997,120.379997,119.180000,119.269997,97.216621,11571800
2018-07-24,119.279999,119.820000,119.139999,119.680000,97.550774,9053500
2018-07-25,120.019997,120.260002,119.260002,119.489998,97.395866,7357900
2018-07-26,119.709999,119.879997,119.160004,119.260002,97.208458,6821100
2018-07-27,119.849998,119.870003,119.400002,119.459999,97.371468,4542000
2018-07-30,118.989998,119.410004,118.970001,119.050003,97.037285,7111200
2018-07-31,119.790001,119.860001,119.559998,119.699997,97.567062,6797400
2018-08-01,118.290001,118.839996,118.070000,118.459999,96.772179,13312600
2018-08-02,118.620003,118.739998,118.300003,118.629997,96.911079,4451100
2018-08-03,118.830002,119.290001,118.809998,119.220001,97.393059,6162400
2018-08-06,119.540001,119.839996,119.269997,119.290001,97.450272,4200200
2018-08-07,119.029999,119.099998,118.570000,118.669998,96.943748,5346900
2018-08-08,118.660004,119.029999,118.610001,118.790001,97.041794,5640900
2018-08-09,119.230003,119.830002,119.120003,119.790001,97.858719,7144100
2018-08-10,120.370003,121.050003,120.279999,120.660004,98.569443,8457900
2018-08-13,120.250000,120.699997,120.209999,120.410004,98.365227,7923200
2018-08-14,120.540001,120.559998,120.029999,120.139999,98.144669,4251200
2018-08-15,120.660004,121.129997,120.570000,120.839996,98.716476,7649800
2018-08-16,120.809998,120.930000,120.279999,120.830002,98.708351,5400400
2018-08-17,121.089996,121.389999,120.750000,120.980003,98.830917,3537600
2018-08-20,121.639999,121.910004,121.540001,121.790001,99.492577,5603700
2018-08-21,121.370003,121.529999,121.070000,121.379997,99.157631,4695000
2018-08-22,122.000000,122.050003,121.580002,121.860001,99.549751,5309600
2018-08-23,122.000000,122.129997,121.779999,122.050003,99.704956,5328700
2018-08-24,121.620003,122.330002,121.489998,122.290001,99.901031,6092200
2018-08-27,121.779999,121.870003,121.519997,121.589996,99.329185,6407400
2018-08-28,121.000000,121.089996,120.680000,120.860001,98.732864,4929300
2018-08-29,120.940002,121.150002,120.620003,121.019997,98.863541,5613300
2018-08-30,121.309998,121.459999,121.080002,121.279999,99.075912,5302900
2018-08-31,121.889999,121.919998,120.889999,121.000000,98.847191,9677500
2018-09-04,119.959999,120.099998,119.750000,120.029999,98.275734,18343600
2018-09-05,119.760002,119.900002,119.550003,119.709999,98.013687,9422600
2018-09-06,119.760002,120.400002,119.690002,120.150002,98.373955,9566000
2018-09-07,119.330002,119.400002,118.989998,119.129997,97.538780,11212600
2018-09-10,119.169998,119.599998,119.169998,119.570000,97.899063,6386400
2018-09-11,119.080002,119.169998,118.599998,118.660004,97.153992,5440000
2018-09-12,119.050003,119.169998,118.900002,118.940002,97.383286,3347200
2018-09-13,119.339996,119.570000,118.980003,119.120003,97.530640,4833000
2018-09-14,118.410004,118.910004,118.300003,118.550003,97.063957,5579500
2018-09-17,118.180000,118.820000,118.120003,118.550003,97.063957,5433000
2018-09-18,118.059998,118.070000,117.160004,117.309998,96.048676,10182300
2018-09-19,117.110001,117.110001,116.190002,116.610001,95.475548,13379600
2018-09-20,116.580002,117.300003,116.470001,117.150002,95.917633,8657300
2018-09-21,116.870003,117.279999,116.839996,117.099998,95.876755,6173800
2018-09-24,116.739998,117.269997,116.720001,116.800003,95.631104,5505500
2018-09-25,116.480003,116.739998,116.400002,116.680000,95.532867,6650900
2018-09-26,116.930000,117.580002,116.660004,117.500000,96.204239,9512700
2018-09-27,117.239998,117.650002,117.099998,117.580002,96.269737,5758500
2018-09-28,117.849998,117.910004,117.220001,117.269997,96.015892,12807700
2018-10-01,116.660004,116.830002,116.120003,116.150002,95.311020,22442400
2018-10-02,116.669998,117.129997,116.599998,116.860001,95.893669,8266900
2018-10-03,116.269997,116.360001,114.239998,114.830002,94.227875,20829200
2018-10-04,114.129997,114.389999,113.709999,114.019997,93.563217,16207400
2018-10-05,113.389999,113.720001,112.620003,113.040001,92.759056,18096500
2018-10-08,112.989998,113.110001,112.639999,112.660004,92.447212,5855900
2018-10-09,113.139999,113.849998,113.070000,113.800003,93.382622,11530800
2018-10-10,113.139999,113.580002,112.790001,113.489998,93.128304,15290100
2018-10-11,114.000000,115.150002,113.790001,114.870003,94.260689,16086800
2018-10-12,114.389999,115.010002,114.279999,114.470001,93.932434,6794100
2018-10-15,114.660004,114.820000,114.290001,114.419998,93.891449,7146300
2018-10-16,114.389999,114.720001,114.160004,114.680000,94.104759,4762300
2018-10-17,114.660004,114.790001,113.980003,114.000000,93.546799,5880700
2018-10-18,113.620003,114.389999,113.550003,113.959999,93.513939,5728800
2018-10-19,113.849998,113.949997,113.410004,113.709999,93.308792,10892400
2018-10-22,113.949997,114.080002,113.529999,113.559998,93.185730,3244200
2018-10-23,114.760002,115.019997,113.839996,113.919998,93.481125,10330700
2018-10-24,114.360001,114.820000,114.239998,114.779999,94.186859,16008000
2018-10-25,114.540001,114.739998,114.230003,114.300003,93.792984,12613200
2018-10-26,114.930000,115.320000,114.790001,114.989998,94.359184,18582500
2018-10-29,114.839996,115.019997,114.260002,114.730003,94.145828,7679900
2018-10-30,114.260002,114.540001,114.019997,114.160004,93.678101,9939500
2018-10-31,113.739998,113.959999,113.209999,113.580002,93.202141,8706400
2018-11-01,112.849998,113.559998,112.839996,113.410004,93.288536,6100200
2018-11-02,113.169998,113.260002,111.900002,112.000000,92.128670,11314800
2018-11-05,112.480003,112.709999,112.349998,112.440002,92.490608,4760200
2018-11-06,112.599998,112.730003,112.330002,112.370003,92.433029,3159900
2018-11-07,113.190002,113.400002,112.410004,112.519997,92.556442,9313100
2018-11-08,112.959999,112.970001,112.410004,112.510002,92.548241,6905100
2018-11-09,112.750000,113.500000,112.720001,113.349998,93.239159,6465300
2018-11-12,113.949997,114.309998,113.910004,114.089996,93.847862,6840000
2018-11-13,113.709999,114.019997,113.480003,114.019997,93.790260,6525800
2018-11-14,113.480003,114.519997,113.300003,114.089996,93.847862,8690800
2018-11-15,114.440002,114.540001,113.680000,114.040001,93.806747,7879600
2018-11-16,114.199997,114.809998,113.919998,114.699997,94.349640,9236700
2018-11-19,114.410004,115.019997,114.410004,115.019997,94.612877,7027200
2018-11-20,115.239998,115.459999,114.930000,115.059998,94.645767,6332600
2018-11-21,114.889999,115.089996,114.540001,115.019997,94.612877,4951100
2018-11-23,115.669998,115.760002,115.089996,115.139999,94.711578,3027900
2018-11-26,114.860001,115.059998,114.779999,114.879997,94.497673,6599000
2018-11-27,114.809998,115.250000,114.760002,115.010002,94.604637,5967200
2018-11-28,114.849998,115.019997,114.360001,114.449997,94.143990,7814000
2018-11-29,114.919998,115.250000,114.589996,114.900002,94.514153,7295600
2018-11-30,115.309998,115.419998,114.980003,115.330002,94.867867,9127800
2018-12-03,114.680000,115.879997,114.660004,115.879997,95.541481,9763800
2018-12-04,116.809998,118.669998,116.629997,117.820000,97.140968,18100500
2018-12-06,118.540001,119.199997,118.129997,118.190002,97.446007,15319400
2018-12-07,117.809998,118.529999,117.519997,118.410004,97.627419,8608400
2018-12-10,118.870003,119.279999,118.440002,118.900002,98.031410,8777700
2018-12-11,118.970001,119.379997,118.610001,118.879997,98.014915,8071900
2018-12-12,118.580002,118.720001,118.239998,118.349998,97.577942,6182200
2018-12-13,118.459999,118.580002,117.980003,118.070000,97.347130,5564200
2018-12-14,118.550003,118.769997,118.220001,118.480003,97.685143,8169200
2018-12-17,118.589996,119.300003,118.580002,119.169998,98.254021,9726800
2018-12-18,119.070000,119.790001,118.940002,119.599998,98.842445,10018800
2018-12-19,120.110001,121.660004,119.919998,121.180000,100.148224,23046300
2018-12-20,122.010002,122.029999,120.669998,120.739998,99.784569,18543700
2018-12-21,121.139999,121.209999,120.389999,120.720001,99.768074,9945100
2018-12-24,121.129997,121.419998,120.910004,121.320000,100.263924,8377500
2018-12-26,120.989998,121.389999,119.970001,120.019997,99.189560,11700400
2018-12-27,121.260002,121.379997,119.980003,120.040001,99.206093,12146500
2018-12-28,120.400002,121.050003,120.290001,121.050003,100.040802,9879100
2018-12-31,120.650002,121.559998,120.459999,121.510002,100.420959,17409000
2019-01-02,121.660004,122.160004,121.339996,122.150002,100.949867,19841500
2019-01-03,122.290001,123.860001,122.230003,123.540001,102.098640,21187000
2019-01-04,122.339996,122.559998,121.650002,122.110001,100.916832,12970200
2019-01-07,122.620003,122.650002,121.620003,121.750000,100.619331,8498100
2019-01-08,121.690002,121.940002,121.389999,121.430000,100.354851,7737100
2019-01-09,121.260002,121.430000,120.800003,121.239998,100.197853,9349200
2019-01-10,121.279999,121.410004,120.339996,120.459999,99.553185,8222900
2019-01-11,120.830002,121.269997,120.680000,120.930000,99.941635,5786900
2019-01-14,120.900002,121.010002,120.239998,120.480003,99.569725,6730500
2019-01-15,120.559998,120.570000,119.949997,120.040001,99.206093,8997400
2019-01-16,119.589996,120.389999,119.510002,120.160004,99.305267,6048400
2019-01-17,120.220001,120.529999,119.889999,120.190002,99.330070,8153400
2019-01-18,119.839996,120.120003,119.389999,119.559998,98.809387,14106400
2019-01-22,120.309998,120.720001,120.070000,120.370003,99.478828,8881100
2019-01-23,119.879997,120.620003,119.830002,120.320000,99.437485,5776800
2019-01-24,120.910004,121.260002,120.709999,121.110001,100.090408,7121900
2019-01-25,120.589996,120.750000,120.320000,120.529999,99.611038,6460800
2019-01-28,120.540001,120.940002,120.410004,120.410004,99.511887,6435800
2019-01-29,120.529999,121.040001,120.389999,121.019997,100.015991,5750100
2019-01-30,120.839996,120.980003,120.330002,120.930000,99.941635,10571300
2019-01-31,121.550003,122.180000,121.500000,121.970001,100.801102,11843400
2019-02-01,121.480003,121.570000,120.839996,120.959999,100.192307,12024600
2019-02-04,120.440002,120.550003,120.019997,120.419998,99.745026,8966200
2019-02-05,120.730003,121.230003,120.660004,120.970001,100.200592,6983300
2019-02-06,121.360001,121.410004,120.730003,121.029999,100.250305,5184000
2019-02-07,121.459999,121.910004,121.230003,121.830002,100.912949,8781000
2019-02-08,122.260002,122.470001,122.070000,122.349998,101.343697,5885400
2019-02-11,121.860001,122.180000,121.750000,121.870003,100.946083,4352800
2019-02-12,121.660004,121.750000,121.199997,121.559998,100.689293,7939600
2019-02-13,121.150002,121.389999,120.910004,121.099998,100.308243,4757700
2019-02-14,122.139999,122.199997,121.580002,121.790001,100.879799,5868900
2019-02-15,121.559998,122.019997,121.540001,121.980003,101.037216,5527200
2019-02-19,122.419998,122.540001,121.949997,122.290001,101.293983,5872800
2019-02-20,121.949997,122.080002,121.589996,121.940002,101.004082,4455800
2019-02-21,121.070000,121.160004,120.699997,120.849998,100.101181,7382500
2019-02-22,121.470001,121.949997,121.419998,121.570000,100.697571,6374600
2019-02-25,121.169998,121.300003,120.919998,121.209999,100.399429,6293500
2019-02-26,121.730003,121.820000,121.360001,121.809998,100.896378,6028900
2019-02-27,121.120003,121.129997,120.279999,120.430000,99.753304,7737300
2019-02-28,120.559998,120.620003,119.709999,120.019997,99.413704,9533400
2019-03-01,119.330002,119.529999,118.639999,118.660004,98.494827,13541100
2019-03-04,119.290001,119.769997,119.059998,119.589996,99.266777,9808500
2019-03-05,119.279999,119.870003,119.269997,119.839996,99.474304,5595200
2019-03-06,119.919998,120.519997,119.889999,120.279999,99.839500,7766700
2019-03-07,120.639999,121.260002,120.610001,121.059998,100.486954,8187200
2019-03-08,121.120003,121.690002,120.849998,121.570000,100.910301,7517600
2019-03-11,121.400002,121.419998,120.980003,121.209999,100.611504,5157800
2019-03-12,121.300003,122.230003,121.260002,122.059998,101.317017,6422300
2019-03-13,121.660004,121.959999,121.620003,121.830002,101.126106,4386300
2019-03-14,121.690002,121.760002,120.919998,120.949997,100.395668,8188400
2019-03-15,121.739998,121.949997,121.400002,121.750000,101.059715,4302000
2019-03-18,121.570000,121.870003,121.519997,121.680000,101.001579,3893300
2019-03-19,121.089996,121.620003,120.889999,121.410004,100.777496,5220200
2019-03-20,121.739998,122.849998,121.730003,122.680000,101.831673,10123700
2019-03-21,122.959999,123.089996,122.739998,122.949997,102.055786,7182600
2019-03-22,124.209999,125.279999,124.059998,124.860001,103.641220,13077000
2019-03-25,124.809998,125.940002,124.510002,125.059998,103.807198,9736300
2019-03-26,124.699997,125.290001,124.620003,124.970001,103.732529,7502000
2019-03-27,125.419998,126.339996,125.309998,126.120003,104.687057,14207200
2019-03-28,126.250000,126.690002,126.010002,126.559998,105.052277,9143200
2019-03-29,125.680000,126.470001,125.639999,126.440002,104.952705,10841400
2019-04-01,125.290001,125.360001,124.190002,124.370003,103.461967,16501500
2019-04-02,124.480003,124.739998,124.250000,124.599998,103.653297,9725000
2019-04-03,123.610001,123.870003,123.370003,123.519997,102.754814,10407000
2019-04-04,123.599998,123.889999,123.440002,123.870003,103.046005,7503400
2019-04-05,123.620003,124.169998,123.580002,124.029999,103.179092,6321800
2019-04-08,123.830002,123.949997,123.519997,123.589996,102.813049,4446400
2019-04-09,124.220001,124.339996,123.769997,123.980003,103.137497,7020300
2019-04-10,124.269997,124.519997,124.099998,124.279999,103.387070,7519900
2019-04-11,123.930000,124.019997,123.410004,123.550003,102.779816,8679300
2019-04-12,122.889999,123.059998,122.629997,122.669998,102.047752,7005500
2019-04-15,122.779999,122.989998,122.720001,122.980003,102.305641,3070000
2019-04-16,122.510002,122.629997,122.139999,122.209999,101.665054,8927300
2019-04-17,122.129997,122.570000,122.110001,122.260002,101.706627,6118500
2019-04-18,122.809998,123.099998,122.779999,122.900002,102.239090,27589400
2019-04-22,122.470001,122.570000,122.239998,122.309998,101.748276,6241200
2019-04-23,122.610001,122.699997,122.389999,122.570000,101.964539,6239700
2019-04-24,123.110001,123.589996,123.089996,123.570000,102.796425,7302000
2019-04-25,123.489998,123.620003,123.099998,123.389999,102.646698,5380900
2019-04-26,123.980003,124.019997,123.639999,123.809998,102.996078,5950700
2019-04-29,123.230003,123.349998,122.849998,123.019997,102.338890,10246000
2019-04-30,122.949997,123.739998,122.930000,123.650002,102.862984,7957400
2019-05-01,123.690002,124.449997,123.599998,123.900002,103.287323,14371900
2019-05-02,123.680000,123.809998,123.040001,123.309998,102.795441,6612800
2019-05-03,123.660004,123.879997,123.370003,123.660004,103.087257,6191700
2019-05-06,124.309998,124.379997,123.930000,124.000000,103.370667,4482500
2019-05-07,124.529999,125.139999,124.389999,124.949997,104.162621,8984900
2019-05-08,125.150002,125.300003,124.300003,124.410004,103.712456,6907600
2019-05-09,125.110001,125.300003,124.309998,124.919998,104.137619,9411900
2019-05-10,124.889999,125.449997,124.589996,124.750000,103.995865,6037800
2019-05-13,125.400002,125.930000,125.250000,125.730003,104.812866,10501600
2019-05-14,125.510002,125.650002,125.199997,125.360001,104.504417,5690400
2019-05-15,126.209999,126.269997,125.769997,126.129997,105.146339,9566300
2019-05-16,125.809998,125.830002,125.529999,125.709999,104.796165,7666400
2019-05-17,126.279999,126.300003,125.690002,125.989998,105.029610,4747100
2019-05-20,126.120003,126.379997,125.650002,125.730003,104.812866,6043100
2019-05-21,125.599998,125.720001,125.300003,125.529999,104.646126,4021800
2019-05-22,125.769997,126.330002,125.720001,126.250000,105.246361,5675300
2019-05-23,126.889999,128.089996,126.879997,127.669998,106.430138,9743700
2019-05-24,127.559998,127.779999,127.389999,127.779999,106.521835,4981900
2019-05-28,128.270004,128.899994,128.089996,128.699997,107.288773,8098600
2019-05-29,129.669998,129.899994,129.000000,129.089996,107.613869,13260600
2019-05-30,129.330002,130.229996,128.889999,130.199997,108.539169,13024800
2019-05-31,130.899994,131.899994,130.809998,131.830002,109.897995,18933600
2019-06-03,131.910004,132.580002,131.550003,132.440002,110.633163,17822400
2019-06-04,131.389999,131.759995,130.550003,130.929993,109.371788,14250000
2019-06-05,130.520004,130.949997,130.119995,130.190002,108.753593,8815200
2019-06-06,130.970001,131.589996,130.320007,130.610001,109.104454,9621100
2019-06-07,131.789993,132.070007,131.440002,131.740005,110.048393,11378500
2019-06-10,130.679993,130.699997,130.320007,130.500000,109.012543,8288700
2019-06-11,130.419998,130.759995,130.320007,130.580002,109.079384,5115100
2019-06-12,130.389999,130.750000,130.300003,130.679993,109.162918,5278700
2019-06-13,130.800003,131.250000,130.789993,131.130005,109.538872,5560400
2019-06-14,131.100006,131.710007,131.089996,131.460007,109.814537,5838800
2019-06-17,131.389999,131.759995,131.130005,131.690002,110.006630,6046400
2019-06-18,132.740005,132.860001,131.949997,132.350006,110.557945,10320700
2019-06-19,131.860001,132.720001,131.580002,132.539993,110.716698,11962500
2019-06-20,132.910004,133.509995,132.589996,132.889999,111.009071,10721500
2019-06-21,132.509995,132.529999,131.380005,131.429993,109.789429,14495000
2019-06-24,132.160004,132.529999,132.080002,132.410004,110.608086,6378800
2019-06-25,132.789993,133.089996,132.720001,132.820007,110.950508,9604600
2019-06-26,132.679993,132.699997,131.880005,131.970001,110.240524,12766800
2019-06-27,132.309998,133.089996,131.990005,132.899994,111.017387,9724200
2019-06-28,132.580002,133.080002,132.449997,132.809998,110.942200,8149200
2019-07-01,132.570007,132.750000,131.589996,132.240005,110.682747,14131200
2019-07-02,132.570007,133.389999,132.460007,133.259995,111.536461,10494300
2019-07-03,133.520004,134.289993,133.509995,134.210007,112.331604,5380300
2019-07-05,132.539993,132.550003,131.669998,132.429993,110.841774,12180100
2019-07-08,133.050003,133.220001,132.610001,132.610001,110.992378,6490000
2019-07-09,132.679993,132.710007,132.160004,132.559998,110.950569,6215700
2019-07-10,132.350006,132.440002,131.509995,131.830002,110.339561,9470000
2019-07-11,131.309998,131.410004,129.759995,130.070007,108.866478,14126800
2019-07-12,129.919998,130.449997,129.679993,130.220001,108.992035,6992000
2019-07-15,130.449997,131.050003,130.449997,130.970001,109.619774,6055500
2019-07-16,130.169998,130.600006,129.960007,130.580002,109.293358,6172700
2019-07-17,131.059998,132.020004,131.050003,131.990005,110.473526,9662200
2019-07-18,131.470001,132.320007,131.240005,132.000000,110.481857,5724900
2019-07-19,131.589996,131.929993,131.509995,131.690002,110.222404,5804800
2019-07-22,132.470001,132.490005,131.740005,131.940002,110.431610,5204100
2019-07-23,131.600006,131.740005,130.970001,131.220001,109.829010,8108900
2019-07-24,131.600006,131.899994,131.470001,131.789993,110.306068,6389700
2019-07-25,131.250000,131.410004,130.509995,131.160004,109.778831,8893100
2019-07-26,131.699997,131.779999,131.250000,131.470001,110.038254,6188400
2019-07-29,131.820007,131.949997,131.399994,131.509995,110.071739,6231800
2019-07-30,132.000000,132.100006,131.429993,131.830002,110.339561,5678500
2019-07-31,131.699997,133.330002,131.660004,132.889999,111.226799,15798700
2019-08-01,133.389999,135.389999,133.259995,135.259995,113.435799,26664800
2019-08-02,135.660004,136.509995,135.399994,136.509995,114.484062,15143100
2019-08-05,138.139999,138.889999,137.660004,138.869995,116.463333,18543000
2019-08-06,138.199997,139.979996,138.089996,139.979996,117.394249,12747400
2019-08-07,142.399994,143.059998,139.779999,140.029999,117.436150,32582000
2019-08-08,139.139999,140.429993,137.979996,140.330002,117.687698,14746000
2019-08-09,140.669998,141.550003,139.869995,140.050003,117.452919,10626000
2019-08-12,141.720001,143.429993,141.509995,142.970001,119.901802,14094300
2019-08-13,143.809998,143.910004,141.949997,142.479996,119.490860,15974900
2019-08-14,145.160004,145.729996,144.710007,145.690002,122.182938,15068900
2019-08-15,145.949997,148.600006,145.580002,147.309998,123.541573,23588700
2019-08-16,146.059998,146.509995,144.839996,146.130005,122.551979,17150500
2019-08-19,143.570007,144.660004,143.509995,144.039993,120.799095,13614700
2019-08-20,145.279999,145.619995,144.839996,145.529999,122.048676,7451500
2019-08-21,144.720001,145.789993,144.289993,144.559998,121.235237,9372000
2019-08-22,144.000000,144.699997,143.479996,143.600006,120.430138,13878800
2019-08-23,143.520004,146.270004,143.429993,145.960007,122.409386,16191800
2019-08-26,145.869995,146.289993,145.289993,145.369995,121.914490,12174500
2019-08-27,146.630005,147.720001,146.479996,147.610001,123.793098,11332300
2019-08-28,148.779999,148.899994,147.660004,147.800003,123.952469,10095900
2019-08-29,147.250000,147.339996,146.130005,147.240005,123.482803,8884900
2019-08-30,146.610001,147.479996,146.360001,147.279999,123.516319,13550800
2019-09-03,147.089996,148.669998,146.570007,147.210007,123.676041,15660800
2019-09-04,146.529999,147.619995,146.479996,147.429993,123.860817,7962200
2019-09-05,145.660004,145.800003,143.889999,144.759995,121.617607,19382900
2019-09-06,145.259995,146.029999,145.080002,145.789993,122.482979,9466400
2019-09-09,143.830002,144.000000,143.190002,143.199997,120.307022,15862700
2019-09-10,142.839996,143.289993,140.660004,140.690002,118.198318,13851400
2019-09-11,140.399994,141.149994,140.389999,140.440002,117.988289,10941700
2019-09-12,141.500000,141.800003,139.059998,139.520004,117.215378,19163300
2019-09-13,138.279999,138.710007,136.539993,136.539993,114.711739,18922200
2019-09-16,137.880005,138.570007,137.250000,138.279999,116.173576,10971600
2019-09-17,138.360001,139.600006,138.020004,139.029999,116.803658,9081200
2019-09-18,139.929993,140.660004,139.529999,139.619995,117.299385,10984600
2019-09-19,140.759995,140.990005,139.970001,140.039993,117.652237,13176200
2019-09-20,140.770004,141.979996,140.440002,141.889999,119.206459,11519800
2019-09-23,142.240005,143.160004,141.699997,141.860001,119.181267,15246700
2019-09-24,142.419998,143.850006,142.410004,143.570007,120.617897,12421600
2019-09-25,143.259995,143.550003,141.139999,141.470001,118.853622,14147100
2019-09-26,142.270004,142.990005,141.899994,142.380005,119.618118,9636500
2019-09-27,142.320007,142.979996,142.139999,142.729996,119.912239,10386900
2019-09-30,141.880005,143.089996,141.839996,143.080002,120.206238,8006900
2019-10-01,141.259995,143.910004,141.139999,143.259995,120.568130,16613700
2019-10-02,143.460007,144.270004,143.240005,143.610001,120.862648,12891500
2019-10-03,143.979996,145.669998,143.919998,144.919998,121.965157,13470500
2019-10-04,145.350006,146.029999,145.199997,145.990005,122.865715,11516200
2019-10-07,145.160004,145.529999,144.710007,144.779999,121.847382,11013900
2019-10-08,145.820007,145.929993,144.619995,145.169998,122.175598,14529700
2019-10-09,144.600006,144.610001,143.800003,144.350006,121.485466,8608800
2019-10-10,143.119995,143.179993,141.729996,142.199997,119.676010,15054200
2019-10-11,140.979996,141.100006,139.710007,140.440002,118.194801,26294000
2019-10-14,141.479996,141.509995,141.080002,141.460007,119.053230,5936900
2019-10-15,140.669998,140.949997,139.550003,139.750000,117.614082,11832300
2019-10-16,139.639999,140.059998,139.350006,139.919998,117.757149,7729500
2019-10-17,139.520004,140.380005,139.300003,139.580002,117.471046,6219300
2019-10-18,139.809998,140.229996,139.449997,139.580002,117.471046,6456100
2019-10-21,138.570007,138.990005,138.229996,138.529999,116.587303,8038000
2019-10-22,139.380005,139.529999,138.639999,139.339996,117.268982,6683300
2019-10-23,140.029999,140.309998,139.360001,139.479996,117.386864,5995400
2019-10-24,139.679993,140.240005,139.029999,139.199997,117.151215,6161700
2019-10-25,139.529999,139.550003,138.309998,138.520004,116.578911,5669800
2019-10-28,137.580002,137.580002,136.990005,137.259995,115.518494,11402100
2019-10-29,137.619995,137.740005,137.169998,137.350006,115.594215,5296600
2019-10-30,137.770004,139.449997,137.770004,139.360001,117.285866,10914100
2019-10-31,140.479996,141.679993,140.429993,141.240005,118.868095,15834100
2019-11-01,140.729996,141.270004,139.789993,140.559998,118.502174,11425500
2019-11-04,138.970001,139.139999,138.529999,138.710007,116.942505,11124300
2019-11-05,137.220001,137.440002,136.729996,137.149994,115.627342,13493000
2019-11-06,138.020004,138.410004,137.339996,137.979996,116.327042,9351900
2019-11-07,136.350006,136.360001,134.449997,135.479996,114.219398,19209800
2019-11-08,135.149994,135.949997,134.779999,134.910004,113.738808,10222900
2019-11-11,135.380005,135.389999,134.639999,135.000000,113.814720,4577000
2019-11-12,135.279999,135.949997,134.789993,135.619995,114.337425,5772900
2019-11-13,136.809998,136.960007,136.169998,136.500000,115.079308,6672400
2019-11-14,137.800003,138.440002,137.669998,137.910004,116.268074,10213300
2019-11-15,137.479996,138.160004,137.429993,137.759995,116.141571,4657600
2019-11-18,138.210007,138.610001,137.929993,138.009995,116.352371,5943900
2019-11-19,138.369995,139.240005,138.369995,139.160004,117.321945,7893100
2019-11-20,139.910004,140.600006,139.770004,140.600006,118.535912,7905500
2019-11-21,139.639999,140.080002,139.119995,139.720001,117.793983,5980900
2019-11-22,140.100006,140.279999,139.679993,139.899994,117.945778,4664800
2019-11-25,140.300003,140.529999,140.179993,140.309998,118.291481,4157300
2019-11-26,141.000000,141.309998,140.940002,141.130005,118.982727,4281100
2019-11-27,140.600006,140.910004,140.419998,140.720001,118.637047,4095700
2019-11-29,140.619995,140.679993,139.779999,140.419998,118.384148,6251100
2019-12-02,138.139999,138.669998,137.949997,138.309998,116.805740,17702200
2019-12-03,140.039993,141.770004,139.929993,141.210007,119.254875,13062400
2019-12-04,140.339996,140.500000,139.210007,139.800003,118.064064,8586300
2019-12-05,138.660004,139.440002,138.600006,139.119995,117.489807,7273800
2019-12-06,138.029999,139.119995,137.860001,138.350006,116.839539,7931100
2019-12-09,138.990005,139.110001,138.570007,138.649994,117.092880,4016900
2019-12-10,139.179993,139.350006,138.410004,138.660004,117.101357,4947600
2019-12-11,139.300003,140.139999,139.229996,139.750000,118.021858,6256700
2019-12-12,139.190002,139.279999,136.610001,137.449997,116.079422,14857000
2019-12-13,138.119995,139.610001,137.229996,139.039993,117.422325,11335100
2019-12-16,138.399994,138.460007,137.429993,137.789993,116.366608,9156600
2019-12-17,138.210007,138.339996,137.210007,137.600006,116.206154,6179700
2019-12-18,137.300003,137.449997,136.279999,136.470001,115.251877,6244700
2019-12-19,136.000000,136.860001,135.759995,136.470001,115.436256,6591100
2019-12-20,136.130005,136.690002,135.929993,136.649994,115.588440,5455700
2019-12-23,136.809998,136.970001,136.000000,136.449997,115.419350,5175000
2019-12-24,135.919998,137.059998,135.889999,136.839996,115.749207,4667400
2019-12-26,136.910004,137.220001,136.509995,137.169998,116.028313,5290200
2019-12-27,137.440002,137.630005,137.289993,137.320007,116.155243,7300500
2019-12-30,135.889999,136.899994,135.660004,136.820007,115.732307,7979700
2019-12-31,136.210007,136.460007,135.380005,135.479996,114.598839,10707400
2020-01-02,136.789993,137.529999,136.669998,137.009995,115.892998,11034100
2020-01-03,138.270004,139.160004,137.880005,139.119995,117.677811,12366000
2020-01-06,139.690002,139.710007,138.149994,138.330002,117.009544,11369800
2020-01-07,138.220001,138.470001,137.639999,137.649994,116.434402,8381200
2020-01-08,137.929993,138.309998,136.320007,136.740005,115.664604,10621700
2020-01-09,136.000000,137.440002,135.910004,137.220001,116.070595,7411500
2020-01-10,137.669998,138.470001,137.630005,138.440002,117.102585,8776000
2020-01-13,137.880005,138.089996,137.389999,138.020004,116.747353,5966900
2020-01-14,138.179993,138.820007,138.139999,138.729996,117.347855,13920300
2020-01-15,139.520004,139.759995,139.020004,139.649994,118.126053,6290500
2020-01-16,139.259995,139.529999,138.740005,139.210007,117.753860,6798600
2020-01-17,137.580002,138.139999,137.360001,138.020004,116.747353,9693100
2020-01-21,138.809998,139.649994,138.770004,139.470001,117.973862,6794900
2020-01-22,139.720001,140.139999,139.589996,139.960007,118.388306,6317000
2020-01-23,140.850006,141.380005,140.779999,140.940002,119.217339,9747400
2020-01-24,141.419998,142.550003,141.300003,142.080002,120.181595,8585000
2020-01-27,143.949997,144.289993,143.500000,144.289993,122.050957,10935200
2020-01-28,143.929993,144.089996,142.820007,143.160004,121.095161,10612900
2020-01-29,143.440002,144.699997,143.429993,144.559998,122.279305,9566800
2020-01-30,144.899994,145.669998,144.289993,144.580002,122.296318,14711800
2020-01-31,145.169998,145.990005,145.089996,145.899994,123.412773,14538100
2020-02-03,144.949997,145.759995,144.119995,145.539993,123.312820,15309000
2020-02-04,143.990005,144.139999,143.059998,143.580002,121.652138,11388300
2020-02-05,142.300003,142.699997,141.899994,142.009995,120.321945,10782600
2020-02-06,142.179993,142.880005,142.000000,142.649994,120.864197,6683100
2020-02-07,144.220001,144.740005,143.869995,144.429993,122.372314,11374800
2020-02-10,145.100006,145.250000,144.679993,144.830002,122.711288,6699300
2020-02-11,144.589996,144.720001,143.940002,144.100006,122.092751,7784100
2020-02-12,143.369995,143.550003,142.990005,143.369995,121.474220,5595500
2020-02-13,143.440002,144.199997,143.270004,143.919998,121.940201,7883400
2020-02-14,144.759995,145.080002,144.449997,144.550003,122.474007,7137400
2020-02-18,145.339996,146.050003,144.919998,145.539993,123.312820,6909200
2020-02-19,145.119995,145.619995,144.979996,145.529999,123.304321,5707700
2020-02-20,146.080002,146.940002,146.000000,146.669998,124.270210,9332900
2020-02-21,147.800003,148.880005,147.649994,148.039993,125.431038,13860300
2020-02-24,150.830002,150.960007,150.000000,150.250000,127.303490,15929300
2020-02-25,150.210007,151.759995,150.139999,151.050003,127.981323,20802900
2020-02-26,149.949997,151.720001,149.580002,150.250000,127.303490,22589500
2020-02-27,152.699997,153.080002,150.830002,151.880005,128.684586,30687900
2020-02-28,154.449997,155.979996,154.160004,155.309998,131.590775,44935200
2020-03-02,155.300003,156.500000,153.759995,153.940002,130.622604,28152400
2020-03-03,153.809998,159.699997,152.360001,156.330002,132.650543,38608000
2020-03-04,156.410004,157.350006,154.190002,154.669998,131.241959,23463700
2020-03-05,157.130005,158.820007,156.809998,158.520004,134.508850,17786200
2020-03-06,167.300003,169.330002,164.110001,166.770004,141.509155,76288300
2020-03-09,179.100006,179.699997,170.339996,171.289993,145.344543,41552800
2020-03-10,169.639999,172.929993,162.029999,162.509995,137.894455,37728300
2020-03-11,165.429993,167.029999,155.630005,156.529999,132.820175,29519300
2020-03-12,163.509995,166.360001,155.660004,157.500000,133.643341,24361800
2020-03-13,155.000000,158.199997,152.190002,153.940002,130.622604,19812900
2020-03-16,160.380005,166.149994,157.809998,163.910004,139.082413,30496700
2020-03-17,163.500000,165.630005,152.710007,152.979996,129.807968,18570900
2020-03-18,152.839996,154.139999,139.009995,144.350006,122.485229,47061000
2020-03-19,146.949997,153.449997,145.250000,148.279999,125.819946,21175300
2020-03-20,153.300003,159.429993,152.110001,159.429993,135.280960,20863100
2020-03-23,157.500000,166.690002,156.570007,166.000000,140.855865,19971800
2020-03-24,161.250000,165.449997,160.410004,162.910004,138.233856,11948600
2020-03-25,163.589996,166.679993,161.619995,162.539993,137.919952,10750600
2020-03-26,164.000000,165.679993,162.270004,163.339996,138.598724,10576200
2020-03-27,165.520004,168.250000,164.589996,167.699997,142.298294,12550000
2020-03-30,168.300003,170.110001,165.940002,166.320007,141.127350,13473200
2020-03-31,165.699997,166.919998,164.559998,164.970001,139.981796,11464800
2020-04-01,168.479996,168.960007,166.399994,167.039993,141.943069,11334700
2020-04-02,168.830002,169.220001,167.259995,168.100006,142.843781,5771200
2020-04-03,168.550003,170.330002,168.139999,168.500000,143.183701,6570800
2020-04-06,167.000000,168.270004,166.529999,168.059998,142.809845,9434800
2020-04-07,164.960007,166.419998,163.710007,166.300003,141.314331,13811400
2020-04-08,165.110001,166.190002,164.130005,165.089996,140.286072,10147100
2020-04-09,164.279999,165.789993,163.779999,165.389999,140.540970,14259100
2020-04-13,164.750000,165.710007,163.880005,163.880005,139.257843,8750300
2020-04-14,163.839996,164.740005,163.479996,163.839996,139.223892,9019100
2020-04-15,166.800003,168.600006,166.740005,168.179993,142.911789,10027800
2020-04-16,169.259995,170.320007,169.020004,170.089996,144.534805,8265400
2020-04-17,169.820007,170.839996,167.270004,167.809998,142.597305,8612100
2020-04-20,168.440002,169.289993,167.960007,169.160004,143.744537,6462600
2020-04-21,171.929993,172.149994,170.779999,171.289993,145.554520,7850700
2020-04-22,169.970001,170.389999,168.710007,169.539993,144.067444,6230200
2020-04-23,169.869995,170.929993,169.610001,170.440002,144.832214,5968600
2020-04-24,169.610001,170.839996,169.570007,170.839996,145.172195,6211800
2020-04-27,169.660004,169.750000,167.440002,167.660004,142.469955,9039500
2020-04-28,168.550003,169.850006,168.449997,169.589996,144.109955,9905400
2020-04-29,169.529999,170.259995,167.960007,168.710007,143.362167,8619600
2020-04-30,168.740005,169.229996,166.710007,166.740005,141.688156,11606100
2020-05-01,167.500000,168.110001,166.440002,167.949997,142.901443,10209400
2020-05-04,167.559998,167.679993,166.479996,167.160004,142.229279,8300900
2020-05-05,165.570007,166.270004,165.270004,166.089996,141.318878,7831800
2020-05-06,163.229996,163.639999,162.050003,163.410004,139.038544,14721500
2020-05-07,163.559998,166.369995,163.339996,166.139999,141.361404,9164800
2020-05-08,164.490005,165.399994,163.679993,163.979996,139.523529,8129800
2020-05-11,163.660004,164.220001,162.100006,162.699997,138.434433,8713500
2020-05-12,163.160004,164.929993,163.130005,164.369995,139.855392,10057300
2020-05-13,165.089996,166.289993,164.830002,165.520004,140.833893,13305600
2020-05-14,167.320007,168.149994,167.050003,167.139999,142.212265,10080000
2020-05-15,168.300003,168.490005,166.330002,166.710007,141.846466,7225600
2020-05-18,164.929993,165.059998,162.419998,163.050003,138.732285,10073100
2020-05-19,162.520004,163.699997,162.479996,163.660004,139.251297,8639100
2020-05-20,163.169998,164.699997,162.880005,164.149994,139.668182,10927300
2020-05-21,164.860001,165.360001,164.289993,164.559998,140.017120,8920000
2020-05-22,164.720001,165.679993,164.610001,165.550003,140.859497,4956700
2020-05-26,163.710007,163.789993,162.979996,163.330002,138.970551,8098900
2020-05-27,162.789993,163.910004,162.589996,163.029999,138.715195,8047400
2020-05-28,161.960007,162.570007,161.660004,162.429993,138.204758,10272600
2020-05-29,162.710007,164.089996,162.350006,163.589996,139.191788,14632700
2020-06-01,162.100006,162.440002,161.669998,162.279999,138.254578,13341400
2020-06-02,161.669998,162.089996,161.250000,161.690002,137.751907,11517100
2020-06-03,160.179993,160.330002,158.940002,159.539993,135.920227,12255700
2020-06-04,158.919998,159.009995,157.190002,157.229996,133.952255,14038600
2020-06-05,154.610001,156.160004,153.160004,156.110001,132.998047,17778500
2020-06-08,155.070007,156.850006,155.050003,156.710007,133.509247,10346700
2020-06-09,159.050003,159.639999,158.300003,158.490005,135.025726,9095300
2020-06-10,159.240005,160.899994,159.050003,160.839996,137.027771,13135500
2020-06-11,163.250000,164.229996,162.630005,163.880005,139.617722,17086400
2020-06-12,162.410004,163.660004,162.050003,162.300003,138.271622,9716100
2020-06-15,163.889999,164.220001,162.139999,162.389999,138.348312,7759800
2020-06-16,159.410004,161.229996,158.699997,159.899994,136.226898,13698900
2020-06-17,160.270004,160.770004,159.339996,160.559998,136.789261,7113900
2020-06-18,162.039993,162.479996,161.610001,162.259995,138.237549,7691400
2020-06-19,161.000000,162.500000,160.910004,162.389999,138.348312,8565500
2020-06-22,163.190002,163.419998,162.070007,162.410004,138.365326,9319700
2020-06-23,161.479996,162.059998,161.119995,161.300003,137.419647,9088600
2020-06-24,161.529999,163.089996,161.520004,163.029999,138.893494,11436500
2020-06-25,164.210007,164.350006,163.399994,163.500000,139.293976,10968000
2020-06-26,164.250000,165.320007,164.179993,165.250000,140.784882,12119300
2020-06-29,164.850006,165.270004,164.380005,164.729996,140.341843,7274400
2020-06-30,165.229996,165.289993,163.479996,163.929993,139.660324,14841700
2020-07-01,162.809998,163.559998,162.149994,163.419998,139.389053,13181000
2020-07-02,162.699997,163.740005,162.240005,163.589996,139.534119,7599800
2020-07-06,162.330002,163.020004,161.750000,162.919998,138.962570,7972700
2020-07-07,163.419998,165.339996,163.199997,165.210007,140.915894,12791900
2020-07-08,164.320007,164.919998,163.830002,164.550003,140.352921,7253900
2020-07-09,164.660004,167.449997,164.600006,167.169998,142.587662,13373100
2020-07-10,167.949997,168.210007,166.160004,166.330002,141.871201,8478000
2020-07-13,165.500000,166.960007,165.229996,166.880005,142.340256,8054000
2020-07-14,167.929993,168.139999,166.979996,167.119995,142.544937,11344600
2020-07-15,165.919998,166.949997,165.830002,166.339996,141.879730,7840300
2020-07-16,167.399994,167.770004,167.039993,167.130005,142.553543,9107400
2020-07-17,167.270004,167.399994,166.470001,166.779999,142.255035,8549900
2020-07-20,167.509995,167.619995,166.800003,167.190002,142.604599,6907200
2020-07-21,167.300003,167.720001,167.080002,167.289993,142.689926,8454400
2020-07-22,168.259995,168.460007,167.690002,167.789993,143.116394,6592100
2020-07-23,168.919998,169.880005,168.479996,169.750000,144.788223,10471800
2020-07-24,169.009995,169.919998,168.869995,169.740005,144.779694,7520700
2020-07-27,170.250000,170.300003,168.990005,169.110001,144.242325,6146400
2020-07-28,169.539993,170.339996,169.429993,170.279999,145.240311,8520700
2020-07-29,170.050003,170.389999,168.979996,169.990005,144.992966,6733700
2020-07-30,171.050003,171.259995,170.750000,171.110001,145.948227,9376100
2020-07-31,170.149994,171.460007,169.940002,171.000000,145.854431,8886000
2020-08-03,169.240005,169.990005,168.970001,169.949997,145.120026,9066200
2020-08-04,170.830002,171.580002,170.720001,171.570007,146.503403,9878900
2020-08-05,170.059998,170.559998,169.690002,170.070007,145.222565,6954100
2020-08-06,171.380005,172.250000,170.619995,171.020004,146.033752,9481800
2020-08-07,171.279999,171.500000,169.580002,169.880005,145.060379,8176900
2020-08-10,170.220001,170.250000,169.070007,169.119995,144.411407,6408500
2020-08-11,167.169998,167.490005,165.880005,167.110001,142.695007,19234200
2020-08-12,165.699997,166.070007,164.990005,165.589996,141.397049,11744800
2020-08-13,165.309998,165.580002,163.169998,163.820007,139.885681,12744700
2020-08-14,163.809998,164.149994,163.160004,163.179993,139.339127,6398100
2020-08-17,163.970001,164.460007,163.429993,163.589996,139.689301,6901500
2020-08-18,164.360001,164.869995,164.089996,164.759995,140.688309,8140600
2020-08-19,165.369995,165.610001,163.300003,163.729996,139.808807,12497700
2020-08-20,165.389999,165.649994,164.929993,165.210007,141.072632,10319900
2020-08-21,165.770004,166.330002,165.009995,166.199997,141.917938,6836000
2020-08-24,166.320007,166.970001,165.860001,165.929993,141.687439,6490600
2020-08-25,164.350006,165.089996,163.830002,164.660004,140.602951,10518300
2020-08-26,164.050003,164.330002,163.279999,164.029999,140.064957,8276600
2020-08-27,164.759995,164.820007,161.160004,161.240005,137.682556,19860100
2020-08-28,161.770004,162.050003,160.639999,161.119995,137.580200,8415400
2020-08-31,161.600006,163.250000,161.559998,162.190002,138.493790,11388100
2020-09-01,161.759995,164.070007,161.179993,163.860001,140.077911,10587000
2020-09-02,163.509995,165.559998,163.490005,165.419998,141.411438,15167700
2020-09-03,165.750000,167.240005,165.440002,165.889999,141.813278,16416600
2020-09-04,164.410004,164.699997,162.449997,162.740005,139.120468,13780300
2020-09-08,164.369995,165.259995,163.740005,163.740005,139.975342,13790400
2020-09-09,163.940002,164.250000,162.759995,163.300003,139.599167,9558900
2020-09-10,162.460007,164.350006,161.949997,164.130005,140.308670,8847700
2020-09-11,164.309998,164.570007,164.080002,164.479996,140.607849,5458200
2020-09-14,164.789993,165.080002,164.229996,164.470001,140.599335,4274900
2020-09-15,164.169998,164.470001,163.789993,164.070007,140.257370,6928500
2020-09-16,164.779999,164.889999,162.979996,163.580002,139.838470,8815200
2020-09-17,164.899994,164.960007,163.800003,164.080002,140.265930,7813900
2020-09-18,164.169998,164.240005,163.339996,163.570007,139.830032,7246300
2020-09-21,164.889999,165.399994,164.139999,164.399994,140.539429,11086900
2020-09-22,164.440002,164.880005,163.869995,164.270004,140.428375,10524100
2020-09-23,164.300003,164.529999,163.479996,164.490005,140.616379,6224800
2020-09-24,164.960007,165.119995,164.619995,165.119995,141.154968,8278100
2020-09-25,165.110001,165.419998,164.710007,165.119995,141.154968,5140300
2020-09-28,164.869995,164.899994,164.369995,164.649994,140.753235,4470100
2020-09-29,164.800003,165.240005,164.559998,164.839996,140.915649,10297600
2020-09-30,164.000000,164.000000,162.550003,163.259995,139.564911,12971000
2020-10-01,162.509995,163.740005,162.100006,163.360001,139.795197,11523900
2020-10-02,163.610001,163.669998,162.179993,162.750000,139.273102,8828800
2020-10-05,160.949997,160.949997,159.520004,159.570007,136.551865,14726000
2020-10-06,159.330002,161.410004,158.679993,160.429993,137.287842,22419400
2020-10-07,159.559998,160.419998,158.860001,159.259995,136.286575,9429200
2020-10-08,159.970001,160.250000,159.660004,160.119995,137.022552,8431500
2020-10-09,159.520004,160.270004,158.809998,160.089996,136.996887,8441500
2020-10-12,160.429993,160.679993,160.110001,160.600006,137.433350,3962000
2020-10-13,161.210007,161.830002,161.179993,161.750000,138.417419,7914300
2020-10-14,162.330002,162.750000,161.970001,162.119995,138.734039,6954800
2020-10-15,163.039993,163.190002,161.639999,161.839996,138.494415,9458800
2020-10-16,161.660004,162.320007,161.100006,161.389999,138.109299,8416300
2020-10-19,160.500000,160.979996,160.050003,160.779999,137.587372,9286600
2020-10-20,159.860001,160.009995,158.949997,159.250000,136.278030,11189000
2020-10-21,158.789993,159.369995,158.369995,158.699997,135.807343,10453700
2020-10-22,158.289993,158.630005,156.970001,157.050003,134.395355,12664900
2020-10-23,156.809998,158.210007,156.750000,158.009995,135.216904,8783800
2020-10-26,159.210007,160.020004,159.009995,159.479996,136.474884,7227300
2020-10-27,160.229996,160.699997,159.899994,160.550003,137.390549,6062300
2020-10-28,161.380005,161.460007,160.199997,160.699997,137.518936,11765800
2020-10-29,160.729996,160.830002,158.470001,159.139999,136.183884,11932400
2020-10-30,159.029999,159.350006,157.570007,157.570007,134.840393,13095400
2020-11-02,158.699997,159.190002,158.330002,158.580002,135.850357,10810500
2020-11-03,157.850006,157.979996,157.039993,157.660004,135.062241,16228700
2020-11-04,161.639999,162.169998,160.539993,161.080002,137.992050,21570800
2020-11-05,161.639999,161.740005,160.580002,161.360001,138.231903,18537500
2020-11-06,159.619995,159.919998,158.940002,159.410004,136.561417,12408400
2020-11-09,155.970001,156.149994,154.630005,156.059998,133.691605,23245000
2020-11-10,154.960007,155.809998,154.779999,155.160004,132.920593,12561000
2020-11-11,155.020004,155.940002,154.970001,155.720001,133.400314,5888200
2020-11-12,156.940002,158.399994,156.710007,158.369995,135.670547,15999700
2020-11-13,158.360001,158.500000,157.910004,158.160004,135.490631,7344600
2020-11-16,157.729996,158.279999,157.610001,157.779999,135.165085,6310400
2020-11-17,158.770004,159.160004,158.589996,158.809998,136.047409,7444600
2020-11-18,159.440002,159.570007,158.350006,159.270004,136.441452,10333300
2020-11-19,159.970001,160.720001,159.839996,160.089996,137.143967,10637200
2020-11-20,160.529999,161.539993,160.389999,161.509995,138.360413,7246800
2020-11-23,160.820007,160.990005,160.279999,160.770004,137.726517,11300000
2020-11-24,159.990005,160.020004,159.009995,159.169998,136.355774,10891700
2020-11-25,159.250000,159.910004,158.619995,158.679993,135.936050,9145800
2020-11-27,159.610001,160.270004,159.580002,160.220001,137.255280,4708200
2020-11-30,160.029999,160.529999,159.759995,160.020004,137.083984,13071600
2020-12-01,158.550003,158.740005,156.679993,157.500000,135.062744,13662800
2020-12-02,156.880005,156.929993,155.479996,156.250000,133.990814,12114300
2020-12-03,156.940002,157.820007,156.580002,157.509995,135.071335,9626500
2020-12-04,155.690002,155.789993,154.770004,155.199997,133.090363,12734500
2020-12-07,156.350006,156.880005,156.179993,156.600006,134.291000,9316100
2020-12-08,157.570007,158.070007,157.199997,157.339996,134.925537,7397200
2020-12-09,156.550003,157.320007,156.009995,156.820007,134.479630,7750100
2020-12-10,157.240005,158.289993,156.830002,158.210007,135.671600,10025100
2020-12-11,158.649994,159.389999,158.320007,158.770004,136.151825,8135900
2020-12-14,157.490005,158.690002,157.110001,158.330002,135.774490,7535900
2020-12-15,157.779999,158.389999,157.309998,157.800003,135.320023,6847500
2020-12-16,156.580002,157.889999,156.389999,157.380005,134.959839,9954200
2020-12-17,158.130005,158.460007,156.429993,156.800003,134.602737,9422700
2020-12-18,157.119995,157.380005,156.179993,156.330002,134.199295,6505000
2020-12-21,157.199997,157.339996,156.449997,156.949997,134.731537,8988200
2020-12-22,157.559998,157.830002,157.080002,157.759995,135.426865,7370800
2020-12-23,156.619995,156.690002,155.460007,156.669998,134.491119,9266600
2020-12-24,156.899994,157.429993,156.850006,157.289993,135.023438,3117100
2020-12-28,156.380005,157.449997,156.100006,157.360001,135.083496,7791100
2020-12-29,156.389999,157.289993,156.360001,157.160004,134.911804,9030900
2020-12-30,156.820007,157.529999,156.679993,157.500000,135.203659,9097300
2020-12-31,157.460007,158.080002,157.449997,157.729996,135.401077,7742100
2021-01-04,156.669998,158.179993,156.539993,157.539993,135.237976,13152900
2021-01-05,156.949997,156.949997,155.660004,156.369995,134.233643,10458100
2021-01-06,153.820007,153.850006,152.289993,153.160004,131.478073,22827300
2021-01-07,151.789993,152.169998,151.259995,151.809998,130.319107,14651900
2021-01-08,151.479996,151.960007,150.660004,151.320007,129.898544,13622500
2021-01-11,151.000000,151.210007,150.490005,151.070007,129.683899,8370700
2021-01-12,150.789993,151.160004,149.929993,150.949997,129.580872,12186300
2021-01-13,151.660004,153.070007,151.570007,152.649994,131.040253,12533300
2021-01-14,152.580002,152.639999,150.789993,151.220001,129.812683,14835500
2021-01-15,152.190002,152.360001,151.470001,151.820007,130.327728,11624700
2021-01-19,151.619995,152.360001,151.509995,152.309998,130.748413,9575600
2021-01-20,151.990005,152.479996,151.789993,152.460007,130.877167,5368900
2021-01-21,151.440002,151.750000,151.100006,151.389999,129.958557,8162700
2021-01-22,151.850006,152.009995,151.419998,151.880005,130.379227,9507200
2021-01-25,152.759995,153.690002,152.639999,153.669998,131.915817,8712600
2021-01-26,153.100006,153.600006,152.919998,153.380005,131.666916,7690300
2021-01-27,154.070007,154.500000,153.529999,153.770004,132.001694,7895200
2021-01-28,153.399994,153.460007,152.160004,152.919998,131.271896,10667800
2021-01-29,151.419998,152.490005,151.300003,152.000000,130.482285,14965900
2021-02-01,151.660004,152.360001,151.490005,152.000000,130.633545,8165500
2021-02-02,150.740005,151.089996,150.520004,151.020004,129.791214,9177500
2021-02-03,150.429993,150.589996,149.580002,149.679993,128.639679,9633100
2021-02-04,149.160004,149.490005,148.800003,149.279999,128.295883,8262600
2021-02-05,149.100006,149.570007,148.020004,148.029999,127.221558,10258900
2021-02-08,148.300003,149.259995,148.039993,148.679993,127.780243,11574800
2021-02-09,149.220001,149.669998,148.660004,148.789993,127.874748,5218300
2021-02-10,149.279999,149.779999,149.139999,149.779999,128.725586,8079800
2021-02-11,149.679993,149.789993,148.750000,148.960007,128.020828,11962700
2021-02-12,147.699997,148.080002,147.029999,147.110001,126.430931,14088400
2021-02-16,145.220001,145.660004,144.660004,144.869995,124.505791,17789100
2021-02-17,145.949997,146.380005,144.979996,145.789993,125.296463,11199100
2021-02-18,144.610001,145.600006,144.320007,145.199997,124.789421,10755300
2021-02-19,144.059998,144.320007,142.850006,143.270004,123.130753,12741700
2021-02-22,143.029999,143.740005,141.720001,142.179993,122.193886,13203900
2021-02-23,141.520004,142.500000,141.139999,141.770004,121.841507,12658500
2021-02-24,139.350006,141.179993,139.160004,140.839996,121.042198,17363100
2021-02-25,139.520004,139.919998,136.610001,138.539993,119.065582,52621700
2021-02-26,140.770004,143.300003,139.679993,143.119995,123.001785,45423300
2021-03-01,140.660004,141.410004,140.089996,141.059998,121.377258,22048000
2021-03-02,140.399994,141.130005,140.289993,141.070007,121.385849,12482200
2021-03-03,139.380005,140.149994,138.759995,139.539993,120.069336,19763700
2021-03-04,139.630005,139.940002,137.960007,138.639999,119.294945,22366600
2021-03-05,138.169998,139.339996,137.990005,138.910004,119.527237,20598000
2021-03-08,138.830002,138.899994,137.830002,137.830002,118.597908,15236600
2021-03-09,139.270004,139.820007,138.970001,139.740005,120.241432,14463400
2021-03-10,139.800003,140.149994,139.279999,140.020004,120.482330,12387600
2021-03-11,139.169998,139.380005,138.460007,139.009995,119.613312,14150700
2021-03-12,136.399994,136.460007,135.649994,136.059998,117.074883,20402700
2021-03-15,136.490005,137.089996,136.410004,136.860001,117.763275,11366500
2021-03-16,137.020004,137.119995,135.750000,136.309998,117.289963,15567900
2021-03-17,135.149994,135.529999,134.149994,135.289993,116.412300,27107500
2021-03-18,133.309998,134.470001,133.190002,133.919998,115.233467,21615100
2021-03-19,134.080002,134.830002,133.800003,134.750000,115.947639,18685000
2021-03-22,135.690002,136.410004,135.369995,136.259995,117.246971,17047500
2021-03-23,136.589996,137.539993,136.149994,137.490005,118.305359,16768400
2021-03-24,137.059998,138.279999,136.949997,138.229996,118.942070,13863000
2021-03-25,138.389999,138.660004,137.089996,137.139999,118.004204,20782000
2021-03-26,136.419998,137.240005,136.220001,136.660004,117.591156,8433300
2021-03-29,136.830002,136.850006,134.970001,135.500000,116.593048,13968100
2021-03-30,135.300003,136.509995,135.009995,136.210007,117.203979,15020800
2021-03-31,136.339996,136.589996,134.979996,135.449997,116.550003,19271300
2021-04-01,136.550003,137.619995,136.300003,137.509995,118.484398,14885900
2021-04-05,136.550003,136.970001,135.940002,136.910004,117.967377,8243000
2021-04-06,137.160004,137.979996,137.009995,137.839996,118.768753,9282400
2021-04-07,137.449997,138.100006,136.880005,136.880005,117.941559,11052700
2021-04-08,137.389999,138.070007,137.360001,138.009995,118.915184,7847900
2021-04-09,137.500000,138.190002,137.089996,137.509995,118.484398,8717800
2021-04-12,137.460007,137.529999,137.100006,137.449997,118.432709,7659000
2021-04-13,137.300003,138.509995,137.199997,138.479996,119.320152,13232800
2021-04-14,138.029999,138.240005,137.570007,138.039993,118.941063,7293200
2021-04-15,139.490005,140.979996,139.460007,140.350006,120.931450,23896700
2021-04-16,139.100006,139.729996,138.929993,139.259995,119.992256,15238400
2021-04-19,138.740005,139.309998,138.550003,138.860001,119.647591,13886800
2021-04-20,138.449997,139.759995,138.429993,139.500000,120.199051,11476500
2021-04-21,139.539993,139.910004,139.070007,139.779999,120.440308,11902200
2021-04-22,140.000000,140.389999,139.199997,140.389999,120.965973,14156400
2021-04-23,140.380005,140.470001,139.490005,140.059998,120.681587,12302200
2021-04-26,140.149994,140.509995,139.850006,139.860001,120.509247,9103500
2021-04-27,139.589996,139.820007,138.529999,138.639999,119.458099,14137300
2021-04-28,138.649994,138.889999,137.960007,138.729996,119.535591,15263700
2021-04-29,137.449997,138.360001,137.130005,138.320007,119.182358,17178200
2021-04-30,138.509995,138.729996,137.979996,138.639999,119.458099,15692000
2021-05-03,138.699997,139.649994,138.279999,138.520004,119.529686,16447700
2021-05-04,139.490005,140.160004,139.160004,139.460007,120.340813,18639700
2021-05-05,139.029999,139.850006,138.919998,139.690002,120.539291,11127900
2021-05-06,139.250000,140.190002,139.199997,139.919998,120.737740,21907600
2021-05-07,140.100006,140.600006,138.910004,139.229996,120.142319,18346900
2021-05-10,138.949997,139.250000,137.690002,137.820007,118.925674,15146200
2021-05-11,137.229996,137.479996,136.770004,137.039993,118.252548,15158600
2021-05-12,136.669998,136.800003,135.360001,135.600006,117.010017,20859400
2021-05-13,135.929993,136.369995,135.630005,135.809998,117.191193,13073900
2021-05-14,136.529999,137.080002,136.220001,137.080002,118.287048,17566700
2021-05-17,136.830002,137.169998,136.570007,136.789993,118.036842,6113800
2021-05-18,136.399994,136.570007,136.070007,136.440002,117.734848,11423100
2021-05-19,136.539993,137.300003,135.619995,136.110001,117.450050,14296000
2021-05-20,136.759995,137.490005,136.669998,137.229996,118.416534,13310500
2021-05-21,137.660004,137.699997,137.059998,137.669998,118.796211,10171600
2021-05-24,137.990005,138.580002,137.889999,138.179993,119.236275,6868700
2021-05-25,138.630005,139.500000,138.619995,139.460007,120.340813,12346900
2021-05-26,139.589996,139.910004,138.880005,139.220001,120.133682,9793700
2021-05-27,138.500000,138.690002,137.990005,138.660004,119.650558,10695200
2021-05-28,138.580002,139.300003,138.339996,138.440002,119.460648,10258000
2021-06-01,137.820007,138.259995,137.250000,138.210007,119.433846,11778500
2021-06-02,138.550003,138.789993,138.320007,138.529999,119.710388,7347900
2021-06-03,138.509995,138.509995,137.850006,138.009995,119.260963,10994000
2021-06-04,138.520004,139.899994,138.520004,139.899994,120.894226,15773700
2021-06-07,139.589996,139.710007,139.320007,139.470001,120.522644,7799800
2021-06-08,140.660004,140.660004,140.210007,140.449997,121.369568,11230900
2021-06-09,141.759995,142.149994,141.250000,141.690002,122.441055,12768300
2021-06-10,140.830002,142.559998,140.679993,142.539993,123.175560,19698300
2021-06-11,142.309998,142.399994,141.839996,142.309998,122.976860,8646700
2021-06-14,142.100006,142.100006,141.009995,141.220001,122.034897,9401300
2021-06-15,140.800003,141.089996,140.479996,141.050003,121.888054,18207300
2021-06-16,141.399994,141.669998,140.210007,140.929993,121.784332,19676300
2021-06-17,141.860001,144.929993,141.639999,143.039993,123.607651,35225800
2021-06-18,144.279999,146.039993,144.119995,145.729996,125.932236,26616900
2021-06-21,144.389999,144.490005,143.020004,143.289993,123.823692,16485000
2021-06-22,142.169998,143.679993,142.119995,143.639999,124.126129,14530200
2021-06-23,143.110001,143.500000,142.710007,143.270004,123.806419,12040900
2021-06-24,143.419998,143.899994,143.330002,143.500000,124.005211,8788400
2021-06-25,143.259995,143.399994,141.369995,142.009995,122.717575,15562200
2021-06-28,142.720001,143.800003,142.699997,143.470001,123.979263,11460700
2021-06-29,143.100006,143.720001,143.039993,143.710007,124.186646,11217900
2021-06-30,144.250000,144.929993,144.070007,144.350006,124.739746,15708900
2021-07-01,143.979996,144.309998,143.529999,144.169998,124.746613,10810000
2021-07-02,144.229996,145.039993,144.110001,145.039993,125.499496,9650200
2021-07-06,145.720001,146.990005,145.720001,146.740005,126.970406,20037200
2021-07-07,147.570007,148.559998,147.220001,148.039993,128.095215,20964400
2021-07-08,148.880005,149.440002,148.169998,148.619995,128.597107,17487800
2021-07-09,146.869995,146.990005,146.490005,146.529999,126.788620,14483600
2021-07-12,147.089996,147.229996,146.169998,146.339996,126.624229,10610400
2021-07-13,146.820007,147.460007,144.639999,145.220001,125.655190,23340200
2021-07-14,146.009995,146.919998,145.809998,146.869995,127.082855,16038600
2021-07-15,147.949997,148.600006,147.029999,148.490005,128.484619,18462400
2021-07-16,147.339996,148.339996,147.320007,148.210007,128.242386,12787900
2021-07-19,150.949997,151.949997,150.619995,151.460007,131.054413,40203900
2021-07-20,152.529999,152.710007,149.759995,150.000000,129.791138,25674800
2021-07-21,148.179993,148.500000,146.669998,148.100006,128.147141,19988900
2021-07-22,148.110001,149.809998,148.059998,149.500000,129.358551,18136900
2021-07-23,147.940002,148.660004,147.889999,148.500000,128.493286,12639300
2021-07-26,149.000000,149.059998,147.880005,148.059998,128.112549,10737700
2021-07-27,149.330002,149.690002,148.990005,149.639999,129.479736,13036500
2021-07-28,148.669998,149.669998,148.270004,149.649994,129.488342,14346700
2021-07-29,148.779999,149.220001,148.529999,148.820007,128.770142,11532000
2021-07-30,149.130005,149.720001,149.059998,149.520004,129.375885,14342100
2021-08-02,149.449997,151.229996,149.179993,150.669998,130.529785,21232700
2021-08-03,150.750000,151.229996,150.389999,150.750000,130.599121,13361900
2021-08-04,151.500000,151.820007,149.720001,151.059998,130.867676,18267900
2021-08-05,150.759995,150.919998,150.000000,150.289993,130.200562,15345400
2021-08-06,148.320007,148.759995,147.690002,147.779999,128.026108,21144300
2021-08-09,148.149994,148.559998,147.229996,147.250000,127.566948,12942400
2021-08-10,147.490005,147.570007,146.559998,146.570007,126.977882,13716900
2021-08-11,146.410004,147.229996,145.710007,146.479996,126.899857,17227600
2021-08-12,146.089996,146.440002,145.429993,146.240005,126.691963,14709400
2021-08-13,146.830002,148.559998,146.809998,148.550003,128.693176,18653800
2021-08-16,149.190002,150.020004,148.809998,148.910004,129.005020,19170900
2021-08-17,148.880005,149.470001,148.669998,148.850006,128.953094,14126900
2021-08-18,148.710007,149.470001,148.449997,149.350006,129.386276,13144000
2021-08-19,150.309998,150.460007,149.809998,150.449997,130.339249,15474300
2021-08-20,150.589996,150.809998,150.110001,150.550003,130.425842,12388400
2021-08-23,150.199997,150.500000,149.919998,150.449997,130.339249,10615000
2021-08-24,149.759995,150.070007,149.279999,149.279999,129.325653,13835900
2021-08-25,149.210007,149.369995,147.580002,148.039993,128.251343,16743800
2021-08-26,147.970001,148.570007,147.509995,148.449997,128.606506,16657400
2021-08-27,148.570007,149.490005,148.330002,149.460007,129.481522,15384700
2021-08-30,148.990005,149.899994,148.929993,149.850006,129.819397,10596300
2021-08-31,149.669998,150.089996,148.500000,148.830002,128.935760,15262400
2021-09-01,149.270004,149.389999,148.490005,148.889999,129.151718,10807100
2021-09-02,149.240005,149.550003,148.750000,149.539993,129.715576,9765900
2021-09-03,148.270004,148.509995,147.940002,148.179993,128.535828,12928000
2021-09-07,147.259995,147.520004,146.660004,146.929993,127.451569,15547800
2021-09-08,147.660004,148.190002,147.389999,147.929993,128.319016,14533700
2021-09-09,148.169998,149.889999,147.850006,149.720001,129.871735,20324600
2021-09-10,148.899994,149.169998,148.160004,148.399994,128.726700,14894600
2021-09-13,149.039993,149.490005,148.949997,149.300003,129.507416,15036100
2021-09-14,149.729996,151.570007,149.580002,151.110001,131.077469,19918400
2021-09-15,151.210007,151.250000,149.929993,150.580002,130.617676,11940300
2021-09-16,149.669998,150.449997,149.500000,149.889999,130.019135,13328900
2021-09-17,149.179993,149.360001,148.699997,149.169998,129.394699,13782900
2021-09-20,150.570007,151.369995,150.229996,151.020004,130.999374,14660400
2021-09-21,150.710007,150.960007,150.199997,150.889999,130.886581,10035800
2021-09-22,150.789993,151.789993,150.440002,151.789993,131.667297,22277800
2021-09-23,150.419998,150.449997,148.339996,148.360001,128.692017,23853300
2021-09-24,147.839996,147.850006,146.740005,146.910004,127.434204,20203900
2021-09-27,146.059998,146.869995,145.880005,146.369995,126.965813,13464300
2021-09-28,144.330002,145.070007,143.639999,144.089996,124.988029,26613500
2021-09-29,144.800003,145.429993,143.690002,144.339996,125.204857,23569400
2021-09-30,144.100006,144.509995,143.649994,144.320007,125.187576,22567600
2021-10-01,144.850006,145.399994,144.199997,145.350006,126.241127,26151800
2021-10-04,144.669998,145.460007,144.100006,144.979996,125.919769,28027600
2021-10-05,144.600006,144.699997,143.460007,143.580002,124.703796,22659200
2021-10-06,144.229996,144.720001,144.029999,144.389999,125.407333,18696500
2021-10-07,143.190002,143.339996,142.589996,142.880005,124.095840,14856000
2021-10-08,142.259995,142.350006,141.529999,141.880005,123.227325,17257800
2021-10-11,141.600006,141.899994,141.449997,141.520004,122.914604,7213400
2021-10-12,142.630005,144.009995,142.479996,143.940002,125.016441,17968700
2021-10-13,144.610001,145.529999,144.580002,145.339996,126.232460,23584600
2021-10-14,145.369995,145.960007,144.949997,145.880005,126.701477,12946400
2021-10-15,145.000000,145.139999,144.470001,145.029999,125.963196,11811500
2021-10-18,145.000000,146.000000,144.520004,145.710007,126.553810,12115900
2021-10-19,144.660004,144.729996,143.649994,143.699997,124.808037,12156300
2021-10-20,143.250000,143.679993,142.509995,142.729996,123.965637,12782500
2021-10-21,143.000000,143.149994,142.229996,142.559998,123.817894,13660000
2021-10-22,143.449997,144.399994,143.210007,144.130005,125.181511,13740000
2021-10-25,143.669998,144.300003,143.630005,143.910004,124.990463,8137900
2021-10-26,144.619995,145.100006,143.740005,145.100006,126.023979,13671000
2021-10-27,146.399994,148.179993,145.929993,147.740005,128.316864,22092300
2021-10-28,147.789993,148.330002,146.839996,147.240005,127.882660,17497600
2021-10-29,146.470001,148.000000,146.320007,147.690002,128.273468,19087300
2021-11-01,145.800003,146.759995,145.699997,146.440002,127.349945,18035500
2021-11-02,146.500000,147.570007,146.500000,147.089996,127.915169,9836700
2021-11-03,147.820007,147.979996,145.529999,145.570007,126.593353,20639400
2021-11-04,145.869995,147.360001,145.850006,147.100006,127.923882,15922400
2021-11-05,148.520004,149.580002,148.130005,149.300003,129.837097,21513000
2021-11-08,148.960007,149.279999,148.509995,149.020004,129.593582,12083800
2021-11-09,150.800003,151.770004,150.639999,150.960007,131.280670,23430200
2021-11-10,150.830002,150.929993,147.029999,148.199997,128.880493,28170600
2021-11-11,148.509995,148.660004,147.889999,147.979996,128.689163,5552500
2021-11-12,148.000000,148.509995,146.759995,147.330002,128.123947,12712000
2021-11-15,146.889999,146.960007,145.220001,145.479996,126.515076,15232700
2021-11-16,145.690002,146.380005,144.850006,145.110001,126.193321,12998700
2021-11-17,144.570007,146.289993,144.460007,146.259995,127.193390,14239900
2021-11-18,145.990005,146.899994,145.949997,146.809998,127.671692,11054600
2021-11-19,147.580002,148.600006,147.580002,148.360001,129.019638,14022100
2021-11-22,147.399994,147.639999,146.130005,146.619995,127.506424,15266000
2021-11-23,145.929993,146.110001,144.500000,144.500000,125.662849,15318500
2021-11-24,144.940002,146.820007,144.789993,146.820007,127.680412,13769700
2021-11-26,148.830002,150.679993,148.669998,150.529999,130.906723,20064800
2021-11-29,148.309998,149.639999,148.169998,149.320007,129.854477,23234200
2021-11-30,150.830002,152.070007,150.250000,151.589996,131.828537,31481100
2021-12-01,150.490005,152.410004,149.789993,152.339996,132.641785,30826500
2021-12-02,152.929993,152.990005,150.759995,152.529999,132.807251,17754200
2021-12-03,151.679993,155.119995,151.350006,154.350006,134.391937,34427100
2021-12-06,154.050003,154.350006,151.929993,152.229996,132.545975,30924200
2021-12-07,151.720001,152.529999,150.860001,151.000000,131.475052,22115900
2021-12-08,150.470001,150.479996,148.360001,148.389999,129.202545,33633900
2021-12-09,149.339996,149.839996,148.479996,149.220001,129.925217,17544900
2021-12-10,149.919998,150.240005,148.809998,148.860001,129.611740,14298700
2021-12-13,150.389999,151.309998,150.309998,151.059998,131.527328,17860500
2021-12-14,150.369995,150.929993,149.309998,150.699997,131.213852,14015500
2021-12-15,149.610001,150.789993,149.130005,149.250000,129.951370,25383900
2021-12-16,148.750000,149.880005,148.729996,149.139999,130.001907,18677900
2021-12-17,150.339996,150.979996,150.160004,150.830002,131.475021,18093500
2021-12-20,150.750000,151.020004,149.600006,149.699997,130.490036,17147300
2021-12-21,148.139999,149.199997,147.619995,149.130005,129.993164,16598200
2021-12-22,149.729996,149.860001,149.020004,149.820007,130.594650,12253900
2021-12-23,149.589996,149.600006,148.029999,148.520004,129.461411,11642500
2021-12-27,148.460007,149.009995,148.320007,148.880005,129.775284,7821800
2021-12-28,149.600006,149.779999,148.009995,148.289993,129.260986,9174600
2021-12-29,146.910004,147.309998,146.410004,146.669998,127.848801,11771200
2021-12-30,147.250000,147.970001,146.449997,147.899994,128.921021,10355000
2021-12-31,147.809998,149.029999,147.429993,148.190002,129.173752,13402300
2022-01-03,146.410004,146.940002,144.279999,144.300003,125.782951,33860400
2022-01-04,143.610001,144.130005,142.740005,143.699997,125.259987,21996400
2022-01-05,144.139999,144.160004,142.710007,142.919998,124.580063,20911700
2022-01-06,142.589996,143.440002,142.289993,143.289993,124.902573,18996400
2022-01-07,143.130005,143.240005,141.559998,142.259995,124.004753,18756800
2022-01-10,141.649994,142.809998,141.360001,142.610001,124.309868,13775800
2022-01-11,142.880005,143.630005,142.699997,143.559998,125.137947,24388700
2022-01-12,143.899994,144.009995,143.000000,143.009995,124.658516,14440600
2022-01-13,143.389999,144.419998,143.029999,144.279999,125.765541,15166000
2022-01-14,143.419998,143.460007,141.789993,142.100006,123.865273,22997500
2022-01-18,140.960007,141.309998,140.020004,140.100006,122.121971,21171700
2022-01-19,140.529999,141.710007,140.309998,141.070007,122.967445,17930500
2022-01-20,141.369995,141.990005,141.089996,141.940002,123.725769,13959000
2022-01-21,143.399994,144.100006,142.669998,143.630005,125.198959,28916600
2022-01-24,144.300003,144.369995,142.429993,142.449997,124.170372,25001600
2022-01-25,143.110001,143.710007,141.800003,142.220001,123.969933,15599000
2022-01-26,142.259995,142.570007,140.490005,140.500000,122.470573,23655500
2022-01-27,142.410004,143.369995,142.330002,143.080002,124.719521,21501800
2022-01-28,142.089996,143.460007,141.850006,143.130005,124.763176,12826500
2022-01-31,142.179993,142.949997,141.960007,142.389999,124.118065,13998400
2022-02-01,142.279999,142.360001,141.059998,141.720001,123.706100,20806100
2022-02-02,141.949997,143.570007,141.929993,142.199997,124.125076,18404600
2022-02-03,140.440002,141.479996,140.179993,141.089996,123.156151,17234100
2022-02-04,139.850006,140.139999,138.779999,139.009995,121.340591,23609800
2022-02-07,138.910004,139.309998,138.550003,139.100006,121.419052,12962400
2022-02-08,138.210007,138.580002,137.820007,138.169998,120.607315,16269200
2022-02-09,138.720001,139.369995,138.190002,138.429993,120.834206,14349100
2022-02-10,137.660004,137.830002,135.839996,136.229996,118.913902,30896200
2022-02-11,136.869995,138.509995,135.360001,138.250000,120.677185,43210300
2022-02-14,137.130005,137.740005,135.970001,136.529999,119.175758,23157400
2022-02-15,135.600006,135.839996,134.940002,134.979996,117.822800,18198500
2022-02-16,135.949997,136.070007,134.509995,135.779999,118.521111,16473700
2022-02-17,136.449997,137.570007,135.899994,136.789993,119.402695,24508200
2022-02-18,137.520004,138.369995,137.160004,138.229996,120.659714,17522600
2022-02-22,137.690002,138.669998,137.470001,138.589996,120.973907,19534000
2022-02-23,137.679993,137.850006,136.570007,136.679993,119.306694,17757800
2022-02-24,139.100006,139.369995,136.250000,136.770004,119.385239,28150400
2022-02-25,136.860001,137.309998,136.179993,136.869995,119.472572,15025400
2022-02-28,138.429993,140.039993,138.320007,139.869995,122.091240,25817700
2022-03-01,140.360001,142.330002,140.000000,141.300003,123.502815,35664400
2022-03-02,139.839996,140.419998,136.410004,136.470001,119.281181,30397400
2022-03-03,137.490005,138.699997,137.020004,137.860001,120.496117,20649100
2022-03-04,140.360001,140.820007,139.309998,140.240005,122.576302,25853100
2022-03-07,139.119995,140.639999,138.770004,139.169998,121.641113,23710900
2022-03-08,137.509995,138.250000,137.250000,137.770004,120.417465,28331300
2022-03-09,137.070007,137.339996,136.130005,136.419998,119.237457,18819200
2022-03-10,134.830002,135.169998,133.720001,134.460007,117.524315,26868900
2022-03-11,134.330002,135.449997,134.210007,134.910004,117.917648,15583800
2022-03-14,132.699997,132.889999,131.720001,131.759995,115.164398,24385000
2022-03-15,132.860001,133.149994,131.190002,131.529999,114.963371,17518800
2022-03-16,131.830002,133.130005,130.320007,132.820007,116.090889,25857700
2022-03-17,132.820007,133.339996,131.070007,131.830002,115.225578,19330600
2022-03-18,132.570007,133.539993,132.570007,133.440002,116.632813,55891700
2022-03-21,131.279999,131.669998,129.750000,130.350006,113.932022,26122000
2022-03-22,128.960007,129.339996,128.339996,128.679993,112.472359,21830900
2022-03-23,129.369995,131.600006,128.860001,131.500000,114.937126,21266100
2022-03-24,129.649994,131.179993,129.600006,130.470001,114.036896,17141600
2022-03-25,129.500000,129.520004,127.650002,128.660004,112.454857,25684500
2022-03-28,129.389999,130.559998,129.039993,129.759995,113.416298,17657800
2022-03-29,130.559998,131.550003,129.740005,130.740005,114.272858,19319700
2022-03-30,130.070007,132.009995,129.990005,131.759995,115.164398,16310200
2022-03-31,131.979996,132.669998,131.660004,132.080002,115.444077,19901000
2022-04-01,130.009995,132.960007,129.710007,132.380005,115.883575,23489700
2022-04-04,131.929993,131.979996,130.710007,131.460007,115.078178,13609900
2022-04-05,130.759995,130.779999,128.289993,128.490005,112.478317,25196900
2022-04-06,126.430000,128.300003,126.400002,127.449997,111.567894,22952000
2022-04-07,126.110001,126.669998,125.410004,126.489998,110.727524,23458800
2022-04-08,125.449997,125.830002,124.260002,125.120003,109.528267,26859200
2022-04-11,123.919998,124.190002,122.559998,123.139999,107.794983,30020700
2022-04-12,124.050003,124.160004,122.669998,122.970001,107.646149,23124200
2022-04-13,123.050003,124.300003,122.889999,123.220001,107.865005,17189500
2022-04-14,122.860001,122.930000,120.379997,120.750000,105.702820,34274500
2022-04-18,120.870003,121.080002,119.690002,120.150002,105.177559,18784300
2022-04-19,119.150002,119.720001,118.669998,119.250000,104.389755,26012300
2022-04-20,120.220001,121.970001,119.919998,121.650002,106.490654,31423200
2022-04-21,120.830002,120.910004,119.169998,120.750000,105.702820,23323200
2022-04-22,120.070000,121.440002,119.809998,119.989998,105.037498,19773400
2022-04-25,121.379997,122.190002,121.129997,121.190002,106.088020,25418900
2022-04-26,122.440002,123.029999,121.760002,122.410004,107.155937,26931300
2022-04-27,122.190002,122.320000,120.769997,120.839996,105.781593,14560500
2022-04-28,120.389999,121.070000,120.010002,121.019997,105.939140,16892500
2022-04-29,119.309998,120.970001,119.110001,119.449997,104.564827,26153400
2022-05-02,117.860001,118.269997,116.930000,117.180000,102.752304,29233900
2022-05-03,119.040001,119.309998,117.889999,117.970001,103.445045,21256700
2022-05-04,117.970001,118.970001,117.349998,118.620003,104.014992,25575700
2022-05-05,116.349998,116.470001,114.019997,115.370003,101.165146,48384500
2022-05-06,114.139999,115.040001,113.309998,113.669998,99.674484,32790500
2022-05-09,112.860001,114.709999,112.620003,114.669998,100.551346,26773000
2022-05-10,115.889999,116.959999,115.480003,115.709999,101.463303,33640800
2022-05-11,114.739998,117.940002,114.440002,117.940002,103.418724,34173600
2022-05-12,118.019997,118.889999,117.660004,117.720001,103.225822,26405700
2022-05-13,116.980003,117.150002,115.900002,115.980003,101.700043,20782700
2022-05-16,116.209999,116.940002,115.849998,115.860001,101.594841,11050600
2022-05-17,114.709999,115.349998,114.360001,114.459999,100.367226,15040800
2022-05-18,114.720001,117.000000,114.610001,116.900002,102.506767,21337300
2022-05-19,118.639999,118.720001,116.849998,117.180000,102.752304,21937500
2022-05-20,117.089996,119.019997,117.059998,118.510002,103.918556,22780900
2022-05-23,117.709999,118.250000,116.540001,116.559998,102.208633,15925200
2022-05-24,117.900002,119.639999,117.860001,118.860001,104.225471,23388200
2022-05-25,119.610001,119.620003,118.589996,119.330002,104.637573,14410800
2022-05-26,119.019997,119.089996,117.800003,118.790001,104.164101,14912900
2022-05-27,119.360001,119.739998,118.739998,119.080002,104.418373,11190400
2022-05-31,117.180000,117.230003,115.930000,116.559998,102.208633,28393700
2022-06-01,117.029999,117.339996,115.690002,116.220001,102.091812,15544800
2022-06-02,116.629997,116.709999,115.459999,116.279999,102.144524,9832000
2022-06-03,115.089996,116.059998,114.870003,116.029999,101.924911,15330400
2022-06-06,115.150002,115.510002,113.809998,113.889999,100.045029,20815400
2022-06-07,114.610001,115.779999,114.580002,115.120003,101.125519,14278700
2022-06-08,114.680000,115.129997,114.080002,114.099998,100.229523,11476100
2022-06-09,113.839996,114.709999,113.680000,114.480003,100.563332,15527300
2022-06-10,114.360001,114.610001,112.970001,113.769997,99.939621,21917100
2022-06-13,111.489998,111.669998,109.239998,110.199997,96.803627,36968300
2022-06-14,110.529999,110.980003,108.589996,108.809998,95.582611,21865900
2022-06-15,110.089996,110.989998,109.029999,110.839996,97.365829,25202800
2022-06-16,108.449997,111.720001,108.120003,111.720001,98.138878,26067300
2022-06-17,112.010002,112.830002,110.959999,112.080002,98.455101,21614300
2022-06-21,110.089996,111.019997,109.809998,110.180000,96.786079,17663800
2022-06-22,112.690002,113.309998,112.379997,113.209999,99.447723,23703800
2022-06-23,113.900002,115.169998,113.489998,114.139999,100.264694,20669200
2022-06-24,113.459999,114.169998,112.500000,112.559998,98.876717,18161300
2022-06-27,111.220001,112.220001,111.160004,111.599998,98.033432,12053000
2022-06-28,111.290001,112.180000,110.870003,112.120003,98.490211,13706600
2022-06-29,112.379997,113.900002,112.169998,113.870003,100.027489,12925400
2022-06-30,114.860001,115.769997,114.750000,114.870003,100.905930,25802100
2022-07-01,115.900002,117.589996,115.220001,115.820000,101.941910,21858800
2022-07-05,116.889999,117.750000,116.169998,116.730003,102.742851,16689700
2022-07-06,117.389999,117.540001,114.769997,114.769997,101.017693,20205400
2022-07-07,115.099998,115.169998,113.510002,113.760002,100.128738,13088000
2022-07-08,113.500000,113.500000,112.050003,112.500000,99.019699,15320000
2022-07-11,113.790001,114.790001,113.699997,114.440002,100.727234,13639900
2022-07-12,115.510002,116.230003,114.970001,115.120003,101.325783,18547300
2022-07-13,113.769997,116.650002,113.449997,116.440002,102.487617,20594800
2022-07-14,115.080002,116.160004,114.470001,115.489998,101.651421,15665000
2022-07-15,115.839996,116.820000,115.599998,116.139999,102.223526,16022600
2022-07-18,115.250000,115.320000,114.180000,114.930000,101.158531,15838300
2022-07-19,114.910004,115.150002,113.660004,114.309998,100.612808,9276800
2022-07-20,115.480003,115.550003,114.050003,114.610001,100.876869,9117300
2022-07-21,115.190002,116.720001,115.010002,116.589996,102.619606,14754900
2022-07-22,118.290001,119.269997,117.970001,118.550003,104.344749,17715300
2022-07-25,116.709999,117.540001,116.470001,117.389999,103.323792,24868100
2022-07-26,118.860001,119.239998,117.400002,117.480003,103.402992,13536000
2022-07-27,118.010002,118.489998,116.709999,116.820000,102.822067,15725600
2022-07-28,118.050003,118.919998,117.320000,117.750000,103.640648,16637900
2022-07-29,117.699997,119.309998,117.330002,117.430000,103.358948,16655900
2022-08-01,118.250000,120.099998,118.080002,120.040001,105.848206,17974600
2022-08-02,120.150002,120.690002,117.290001,117.500000,103.608498,17896300
2022-08-03,117.169998,119.489998,116.330002,119.349998,105.239799,16731200
2022-08-04,118.980003,119.550003,118.540001,119.309998,105.204552,11003000
2022-08-05,117.070000,117.110001,115.889999,116.470001,102.700264,19492300
2022-08-08,117.639999,118.529999,117.559998,118.349998,104.358017,17476300
2022-08-09,117.730003,118.360001,117.459999,117.889999,103.952408,8223200
2022-08-10,117.730003,118.910004,116.730003,117.120003,103.273445,14665300
2022-08-11,116.870003,117.059998,114.089996,114.389999,100.866196,20663800
2022-08-12,115.099998,115.570000,114.430000,115.550003,101.889084,12178400
2022-08-15,116.330002,116.750000,115.449997,115.449997,101.800873,9031800
2022-08-16,115.250000,116.019997,114.239998,115.930000,102.224121,11066000
2022-08-17,115.059998,115.099998,114.309998,114.720001,101.157188,14131300
2022-08-18,114.970001,115.639999,114.589996,114.889999,101.307083,10738200
2022-08-19,113.230003,113.339996,112.739998,113.040001,99.675789,16330900
2022-08-22,112.860001,112.959999,112.129997,112.660004,99.340706,10457200
2022-08-23,112.190002,113.480003,111.739998,112.040001,98.793991,17813200
2022-08-24,111.489998,111.870003,110.860001,111.220001,98.070984,13971600
2022-08-25,111.320000,113.089996,110.989998,112.769997,99.437706,21429700
2022-08-26,112.300003,113.989998,112.010002,113.620003,100.187241,18764400
2022-08-29,112.940002,113.010002,112.129997,112.680000,99.358353,14278300
2022-08-30,112.620003,113.510002,112.209999,112.959999,99.605240,14346600
2022-08-31,112.690002,113.339996,111.580002,111.879997,98.652946,13623500
2022-09-01,109.870003,110.250000,108.940002,109.599998,96.846756,22490400
2022-09-02,109.680000,110.559998,109.470001,110.220001,97.394646,13024400
2022-09-06,108.900002,108.970001,107.419998,107.489998,94.982307,24648500
2022-09-07,108.320000,109.480003,108.209999,109.190002,96.484482,17050100
2022-09-08,108.839996,109.519997,108.050003,108.070000,95.494827,14671400
2022-09-09,108.330002,108.800003,107.629997,108.309998,95.706879,12529800
2022-09-12,108.629997,108.889999,106.919998,107.419998,94.920448,14806900
2022-09-13,106.559998,107.739998,106.239998,107.669998,95.141365,22158900
2022-09-14,107.339996,108.209999,107.120003,108.040001,95.468323,13077800
2022-09-15,107.849998,108.190002,107.580002,107.970001,95.406448,10260200
2022-09-16,107.029999,108.050003,106.769997,107.070000,94.611168,18903800
2022-09-19,106.959999,107.820000,106.800003,107.320000,94.832092,11084400
2022-09-20,105.690002,106.839996,105.400002,106.250000,93.886604,20133800
2022-09-21,106.699997,108.040001,105.970001,108.029999,95.459488,23132900
2022-09-22,105.790001,105.959999,104.730003,105.269997,93.020630,29030600
2022-09-23,105.339996,106.430000,104.559998,105.699997,93.400597,23042200
2022-09-26,105.360001,105.410004,103.220001,103.680000,91.615646,25104600
2022-09-27,102.709999,102.980003,100.900002,100.949997,89.203323,34609500
2022-09-28,103.129997,104.449997,102.480003,104.330002,92.190010,39283100
2022-09-29,102.900002,104.230003,102.800003,103.790001,91.712837,19127100
2022-09-30,104.269997,104.860001,102.230003,102.449997,90.528748,26485700
2022-10-03,103.849998,104.680000,103.150002,103.830002,91.967232,27192200
2022-10-04,104.150002,104.650002,103.300003,103.540001,91.710335,13788700
2022-10-05,102.730003,102.839996,101.580002,102.550003,90.833458,20522100
2022-10-06,102.589996,102.839996,101.529999,101.980003,90.328583,13965700
2022-10-07,100.809998,101.620003,100.470001,100.989998,89.451683,14814800
2022-10-10,100.500000,100.510002,98.800003,99.419998,88.061081,15652600
2022-10-11,99.739998,100.900002,98.989998,99.860001,88.450783,33246700
2022-10-12,99.279999,100.540001,99.190002,100.349998,88.884804,21447600
2022-10-13,98.360001,100.379997,98.339996,99.389999,88.034508,30292500
2022-10-14,100.190002,100.190002,98.250000,98.570000,87.308167,18728200
2022-10-17,99.290001,99.660004,97.940002,98.089996,86.883011,18969900
2022-10-18,97.949997,98.459999,96.870003,98.320000,87.086731,16931500
2022-10-19,97.190002,97.419998,96.320000,96.529999,85.501266,25431600
2022-10-20,95.930000,96.330002,94.739998,94.879997,84.039803,25434900
2022-10-21,93.019997,93.930000,92.260002,93.169998,82.525124,46280300
2022-10-24,92.820000,93.550003,91.849998,92.400002,81.843132,31332600
2022-10-25,94.580002,95.230003,94.440002,95.089996,84.225761,31213100
2022-10-26,95.769997,96.690002,95.769997,96.459999,85.439262,24843900
2022-10-27,96.980003,97.900002,96.220001,97.470001,86.333885,20270000
2022-10-28,96.860001,97.629997,96.410004,96.800003,85.740417,22244100
2022-10-31,96.360001,96.620003,95.029999,96.110001,85.129234,23956700
2022-11-01,97.379997,97.419998,96.209999,96.769997,85.924820,17585100
2022-11-02,96.910004,97.629997,95.959999,96.349998,85.551895,25010500
2022-11-03,95.169998,96.379997,95.089996,95.830002,85.090157,29097500
2022-11-04,95.099998,95.660004,94.220001,94.220001,83.660599,23561400
2022-11-07,94.800003,94.860001,93.239998,93.279999,82.825935,14522800
2022-11-08,93.800003,94.959999,93.769997,94.300003,83.731628,20360600
2022-11-09,93.820000,95.019997,93.690002,94.610001,84.006905,15637500
2022-11-10,96.730003,98.430000,96.639999,98.250000,87.238968,45380900
2022-11-11,97.570000,98.370003,97.540001,97.889999,86.919312,15943100
2022-11-14,97.910004,97.989998,97.089996,97.650002,86.706223,13741100
2022-11-15,98.250000,99.300003,98.110001,99.230003,88.109138,26608200
2022-11-16,100.019997,101.449997,99.739998,101.400002,90.035927,28507700
2022-11-17,100.199997,100.570000,99.779999,100.330002,89.085854,24528900
2022-11-18,100.599998,100.889999,99.550003,99.639999,88.473175,14941300
2022-11-21,100.690002,100.820000,99.800003,100.059998,88.846107,15534000
2022-11-22,100.650002,101.620003,100.529999,101.480003,90.106987,18103100
2022-11-23,102.139999,103.250000,102.080002,103.250000,91.678619,23234600
2022-11-25,102.610001,102.930000,102.430000,102.900002,91.367844,9486100
2022-11-28,103.610001,103.809998,102.690002,103.190002,91.625351,14563200
2022-11-29,102.150002,102.959999,101.910004,101.980003,90.550934,16576400
2022-11-30,101.620003,102.730003,101.370003,102.730003,91.216911,21581700
2022-12-01,103.150002,105.809998,103.099998,105.760002,94.130898,53156800
2022-12-02,105.300003,107.099998,104.610001,107.089996,95.314651,24479500
2022-12-05,105.839996,105.989998,104.900002,105.589996,93.979584,20159700
2022-12-06,106.500000,107.389999,106.190002,106.949997,95.190048,21754500
2022-12-07,108.370003,109.680000,108.199997,109.470001,97.432938,30546700
2022-12-08,108.699997,109.449997,108.470001,109.169998,97.165955,13377300
2022-12-09,107.940002,108.169998,106.269997,106.330002,94.638199,25872200
2022-12-12,107.860001,108.110001,106.260002,106.669998,94.940796,16897100
2022-12-13,109.040001,109.080002,107.459999,107.699997,95.857559,23854700
2022-12-14,107.660004,108.320000,106.889999,108.160004,96.266983,19517500
2022-12-15,108.389999,109.120003,108.160004,108.320000,96.642593,20246200
2022-12-16,106.599998,107.830002,106.309998,107.110001,95.563049,20838300
2022-12-19,105.830002,105.839996,104.980003,105.309998,93.957085,26126800
2022-12-20,103.379997,103.809998,103.099998,103.440002,92.288689,28869000
2022-12-21,104.290001,104.400002,102.959999,103.699997,92.520630,15894100
2022-12-22,103.669998,104.120003,103.379997,103.680000,92.502808,11322500
2022-12-23,102.580002,102.809998,102.019997,102.160004,91.146683,15408900
2022-12-27,100.489998,101.070000,100.010002,100.139999,89.344437,26475700
2022-12-28,100.650002,100.779999,99.349998,99.550003,88.818069,17302900
2022-12-29,99.860001,100.989998,99.790001,100.680000,89.826233,16593000
2022-12-30,99.870003,100.550003,99.370003,99.559998,88.826965,20810200
2023-01-03,102.199997,102.339996,100.839996,101.459999,90.522148,25313200
2023-01-04,103.220001,103.480003,102.209999,102.849998,91.762283,21678200
2023-01-05,101.870003,103.290001,101.779999,103.279999,92.145966,14771100
2023-01-06,102.699997,105.300003,102.639999,105.180000,93.841133,27473700
2023-01-09,104.410004,105.930000,104.269997,105.739998,94.340744,21472200
2023-01-10,104.529999,104.820000,103.500000,103.989998,92.779396,20545200
2023-01-11,104.970001,105.720001,104.699997,105.680000,94.287193,18794000
2023-01-12,105.820000,107.809998,104.559998,107.760002,96.142975,32029600
2023-01-13,107.099998,107.800003,106.379997,106.750000,95.241829,17750800
2023-01-17,105.669998,106.660004,105.650002,106.059998,94.626244,13911700
2023-01-18,108.459999,108.769997,107.120003,108.629997,96.919159,35497200
2023-01-19,108.099998,108.370003,107.440002,107.949997,96.312492,17194700
2023-01-20,106.959999,107.239998,106.110001,106.199997,94.751137,22754100
2023-01-23,105.570000,106.199997,105.489998,105.699997,94.305054,12961500
2023-01-24,106.120003,107.449997,105.389999,107.220001,95.661171,16417200
2023-01-25,107.370003,107.910004,106.639999,107.480003,95.893158,11906500
2023-01-26,107.139999,107.650002,106.489998,106.980003,95.447044,15549400
2023-01-27,106.190002,106.959999,106.110001,106.709999,95.206177,11845500
2023-01-30,106.459999,107.160004,106.190002,106.320000,94.858208,11459700
2023-01-31,106.980003,107.279999,105.870003,107.169998,95.616547,13705300
2023-02-01,107.550003,108.589996,106.419998,108.180000,96.766014,25305800
2023-02-02,108.919998,109.349998,108.089996,108.320000,96.891220,19548400
2023-02-03,106.769997,107.110001,106.080002,106.699997,95.442154,20619500
2023-02-06,105.750000,106.309998,105.680000,105.910004,94.735519,15182400
2023-02-07,105.330002,106.230003,105.000000,105.059998,93.975182,18290300
2023-02-08,105.040001,105.580002,104.389999,105.559998,94.422432,13530700
2023-02-09,106.470001,106.620003,104.389999,104.559998,93.527939,20469900
2023-02-10,104.400002,104.440002,103.120003,103.389999,92.481377,16598300
2023-02-13,103.709999,104.419998,103.580002,104.260002,93.259590,13134300
2023-02-14,104.199997,104.830002,103.139999,104.019997,93.044907,15440300
2023-02-15,103.550003,103.949997,102.500000,103.050003,92.177269,15246900
2023-02-16,102.070000,102.220001,101.330002,101.589996,90.871315,19267300
2023-02-17,101.099998,102.379997,100.970001,102.379997,91.577934,19560900
2023-02-21,101.010002,101.199997,100.279999,100.389999,89.797913,22728000
2023-02-22,100.989998,101.690002,100.949997,101.309998,90.620865,15165400
2023-02-23,101.540001,102.589996,101.470001,102.300003,91.506386,15829100
2023-02-24,101.440002,101.800003,100.559998,100.970001,90.316727,21403600
2023-02-27,101.290001,101.699997,100.910004,101.250000,90.567184,14209200
2023-02-28,100.570000,101.720001,100.279999,101.709999,90.978645,14955700
2023-03-01,100.820000,101.029999,99.959999,100.370003,90.001236,19000000
2023-03-02,99.059998,99.650002,98.879997,99.480003,89.203186,23763600
2023-03-03,100.930000,101.900002,100.570000,101.889999,91.364212,30877300
2023-03-06,102.220001,102.339996,100.989998,101.099998,90.655838,16631900
2023-03-07,101.459999,102.370003,100.879997,101.720001,91.211777,23096500
2023-03-08,102.400002,102.970001,101.419998,101.820000,91.301453,20252400
2023-03-09,101.550003,102.519997,101.330002,102.070000,91.525650,21550400
2023-03-10,104.029999,105.690002,104.000000,105.589996,94.681999,43921500
2023-03-13,108.199997,109.099998,105.040001,105.830002,94.897217,51502500
2023-03-14,105.139999,105.610001,103.750000,104.089996,93.336945,38417800
2023-03-15,106.779999,107.709999,105.349998,106.099998,95.139297,45164100
2023-03-16,107.379997,108.029999,105.040001,105.269997,94.395027,43089300
2023-03-17,106.650002,107.730003,106.459999,106.849998,95.811829,38129000
2023-03-20,106.879997,106.959999,105.720001,105.910004,94.968948,24242800
2023-03-21,105.080002,105.419998,104.540001,105.000000,94.152939,18934900
2023-03-22,104.660004,106.449997,104.440002,106.400002,95.408318,26388500
2023-03-23,105.360001,106.550003,104.820000,106.400002,95.408318,25475100
2023-03-24,107.089996,107.430000,106.260002,106.849998,95.811829,23652700
2023-03-27,105.050003,105.760002,104.330002,104.339996,93.561119,22224500
2023-03-28,104.239998,104.680000,104.019997,104.529999,93.731491,17794300
2023-03-29,103.699997,104.449997,103.599998,104.320000,93.543182,16804400
2023-03-30,104.459999,105.050003,104.269997,104.800003,93.973587,14315800
2023-03-31,105.349998,106.559998,105.080002,106.370003,95.381409,25396700
2023-04-03,105.879997,107.099998,105.699997,106.599998,95.829994,18234800
2023-04-04,105.779999,107.800003,105.750000,107.129997,96.306458,18052400
2023-04-05,107.769997,108.370003,107.410004,108.250000,97.313293,23047700
2023-04-06,108.419998,108.870003,108.389999,108.529999,97.564995,16447300
2023-04-10,107.639999,107.760002,106.559998,106.779999,95.991806,19134400
2023-04-11,107.050003,107.089996,106.510002,107.000000,96.189583,13971200
2023-04-12,107.050003,107.169998,105.879997,106.889999,96.090714,20563000
2023-04-13,107.050003,107.389999,105.879997,106.050003,95.335571,22079400
2023-04-14,105.389999,105.550003,104.769997,105.080002,94.463585,19801900
2023-04-17,104.419998,104.589996,103.709999,103.830002,93.339867,19528800
2023-04-18,103.809998,104.589996,103.800003,104.199997,93.672462,15922600
2023-04-19,103.910004,104.239998,103.480003,104.099998,93.582565,16093900
2023-04-20,104.830002,105.279999,104.750000,104.989998,94.382675,16450100
2023-04-21,105.300003,105.459999,104.269997,104.400002,93.852280,15244700
2023-04-24,104.959999,105.489998,104.839996,105.410004,94.760239,17034300
2023-04-25,106.330002,107.129997,106.279999,106.959999,96.153618,21899900
2023-04-26,106.790001,107.239998,105.669998,105.820000,95.128807,19610400
2023-04-27,105.199997,105.269997,104.610001,104.769997,94.184891,20247600
2023-04-28,106.209999,106.760002,105.860001,106.459999,95.704155,26954100
2023-05-01,105.269997,105.419998,102.839996,103.129997,92.944542,32487300
2023-05-02,104.000000,105.699997,103.889999,105.699997,95.260750,30057800
2023-05-03,106.000000,106.599998,105.279999,106.290001,95.792488,23656200
2023-05-04,105.220001,106.449997,105.150002,105.239998,94.846169,25110500
2023-05-05,104.349998,104.900002,104.110001,104.889999,94.530731,15096500
2023-05-08,103.519997,103.870003,103.320000,103.419998,93.205894,20587000
2023-05-09,103.500000,103.639999,103.000000,103.050003,92.872444,19182500
2023-05-10,103.669998,104.239998,103.639999,104.050003,93.773705,22886800
2023-05-11,105.300003,105.519997,104.720001,105.150002,94.765060,19147200
2023-05-12,105.050003,105.250000,104.250000,104.269997,93.971954,14198500
2023-05-15,103.389999,103.470001,103.120003,103.190002,92.998627,20085300
2023-05-16,102.400002,102.900002,102.110001,102.879997,92.719246,29251700
2023-05-17,103.080002,103.160004,102.349998,102.580002,92.448875,21340900
2023-05-18,102.199997,102.260002,101.750000,101.820000,91.763931,25536600
2023-05-19,101.260002,101.860001,100.930000,101.099998,91.115059,29038000
2023-05-22,101.250000,101.709999,100.669998,100.739998,90.790604,20131100
2023-05-23,100.430000,101.250000,100.279999,101.029999,91.051971,21749500
2023-05-24,101.279999,101.360001,100.529999,100.529999,90.601341,18473400
2023-05-25,100.699997,100.800003,100.029999,100.279999,90.376038,22492800
2023-05-26,100.120003,101.169998,100.000000,101.089996,91.106033,17030300
2023-05-30,101.400002,102.239998,101.250000,102.099998,92.016289,23125200
2023-05-31,101.989998,103.180000,101.870003,102.989998,92.818382,23787000
2023-06-01,103.279999,103.629997,102.629997,103.120003,93.182556,21040400
2023-06-02,103.000000,103.070000,101.940002,101.989998,92.161430,19136500
2023-06-05,101.349998,102.440002,101.209999,101.800003,91.989761,14433200
2023-06-06,101.839996,102.470001,101.389999,102.400002,92.531944,14332100
2023-06-07,102.169998,102.430000,100.779999,100.879997,91.158417,25251100
2023-06-08,100.870003,102.139999,100.800003,102.059998,92.224686,23845100
2023-06-09,101.599998,102.269997,101.339996,101.919998,92.098190,22147400
2023-06-12,102.239998,102.300003,101.120003,102.220001,92.369278,19010300
2023-06-13,102.110001,102.330002,100.970001,101.209999,91.456619,25910800
2023-06-14,101.629997,102.290001,101.459999,102.019997,92.188553,29094200
2023-06-15,103.029999,103.629997,102.599998,103.000000,93.074112,25732000
2023-06-16,102.440002,102.830002,102.029999,102.599998,92.712662,16759100
2023-06-20,103.110001,103.660004,103.110001,103.309998,93.354225,17162900
2023-06-21,102.809998,103.650002,102.339996,103.559998,93.580147,19720100
2023-06-22,102.800003,103.250000,102.199997,102.309998,92.450600,23630700
2023-06-23,103.830002,103.949997,102.980003,103.330002,93.372307,22901900
2023-06-26,103.620003,103.800003,103.160004,103.440002,93.471710,12894900
2023-06-27,103.589996,103.949997,102.760002,103.169998,93.227722,18105700
2023-06-28,103.410004,103.839996,102.830002,103.610001,93.625328,23826800
2023-06-29,102.169998,102.339996,101.449997,101.739998,91.935539,41091600
2023-06-30,102.059998,103.059998,101.870003,102.940002,93.019897,32024900
2023-07-03,102.839996,103.260002,102.059998,102.080002,92.492554,16011800
2023-07-05,101.889999,102.000000,100.739998,101.110001,91.613663,28170300
2023-07-06,100.199997,100.379997,99.470001,99.680000,90.317955,41375700
2023-07-07,99.180000,99.599998,98.989998,99.080002,89.774323,28996500
2023-07-10,98.860001,99.529999,98.849998,99.209999,89.892120,24665200
2023-07-11,99.570000,99.970001,99.290001,99.720001,90.354202,20485500
2023-07-12,100.099998,101.120003,99.769997,100.830002,91.359947,31928000
2023-07-13,101.309998,101.970001,101.029999,101.889999,92.320419,32441500
2023-07-14,101.720001,101.940002,101.239998,101.290001,91.776756,18569000
2023-07-17,101.230003,101.489998,100.919998,101.339996,91.822060,18822000
2023-07-18,101.800003,102.070000,101.570000,101.800003,92.238869,15407400
2023-07-19,102.000000,102.980003,101.730003,102.949997,93.280846,27192500
2023-07-20,102.220001,102.309998,101.279999,101.699997,92.148239,56951200
2023-07-21,102.160004,102.349998,101.629997,101.730003,92.175430,20657500
2023-07-24,101.989998,102.150002,101.300003,101.360001,91.840179,17546700
2023-07-25,100.830002,101.500000,100.800003,101.169998,91.668022,17160600
2023-07-26,101.680000,101.690002,100.930000,101.269997,91.758644,19310700
2023-07-27,100.709999,100.930000,98.910004,99.300003,89.973679,44794400
2023-07-28,99.400002,99.860001,99.150002,99.809998,90.435760,27434000
2023-07-31,99.650002,100.330002,99.620003,100.050003,90.653229,28663800
2023-08-01,98.839996,98.919998,97.900002,98.139999,89.167679,34943400
2023-08-02,97.040001,97.239998,96.410004,97.089996,88.213699,38121300
2023-08-03,95.190002,95.320000,94.540001,94.849998,86.178482,59394800
2023-08-04,95.150002,96.680000,95.129997,96.529999,87.704872,42071800
2023-08-07,96.110001,96.199997,95.500000,95.580002,86.841721,35862900
2023-08-08,96.860001,97.370003,96.440002,96.690002,87.850288,24010500
2023-08-09,96.879997,97.290001,96.839996,97.190002,88.304550,20151100
2023-08-10,97.040001,97.360001,95.589996,95.589996,86.850830,37253200
2023-08-11,95.300003,95.870003,95.199997,95.370003,86.650948,26753500
2023-08-14,95.209999,95.930000,94.900002,95.160004,86.460136,19072000
2023-08-15,94.800003,95.199997,94.559998,94.580002,85.933174,24125000
2023-08-16,94.279999,94.790001,93.720001,93.839996,85.260818,23076700
2023-08-17,93.500000,93.610001,93.019997,93.440002,84.897400,32244900
2023-08-18,93.430000,94.190002,93.300003,93.769997,85.197212,24181700
2023-08-21,92.660004,92.760002,92.230003,92.519997,84.061501,29254100
2023-08-22,92.639999,93.279999,92.459999,93.230003,84.706581,21308700
2023-08-23,94.300003,95.550003,94.230003,95.540001,86.805412,38294700
2023-08-24,95.129997,95.550003,94.889999,94.910004,86.232994,22300800
2023-08-25,94.660004,95.510002,94.510002,95.220001,86.514648,23865200
2023-08-28,95.650002,95.660004,94.889999,95.320000,86.605537,16037300
2023-08-29,94.970001,96.510002,94.940002,96.309998,87.505013,28478100
2023-08-30,96.160004,96.400002,95.879997,96.209999,87.414139,17550100
2023-08-31,96.540001,97.050003,96.430000,96.639999,87.804802,26959700
2023-09-01,95.800003,95.820000,94.620003,94.849998,86.436974,32469700
2023-09-05,94.279999,94.290001,93.489998,93.519997,85.224945,29435900
2023-09-06,94.089996,94.110001,93.459999,93.750000,85.434540,23636300
2023-09-07,94.000000,94.070000,93.680000,94.010002,85.671486,18091500
2023-09-08,94.379997,94.900002,94.169998,94.370003,85.999535,17052100
2023-09-11,93.699997,93.980003,93.550003,93.690002,85.379837,17061500
2023-09-12,93.889999,94.239998,93.580002,94.230003,85.871979,20034300
2023-09-13,93.919998,94.529999,93.820000,94.209999,85.853722,23332300
2023-09-14,93.940002,94.209999,93.400002,93.529999,85.234047,27800600
2023-09-15,93.459999,93.480003,92.959999,92.959999,84.714622,25642900
2023-09-18,92.849998,93.529999,92.820000,93.489998,85.197617,17963400
2023-09-19,93.080002,93.430000,92.800003,92.800003,84.568817,24941800
2023-09-20,93.290001,93.599998,93.040001,93.089996,84.833076,29451200
2023-09-21,91.290001,91.370003,90.690002,90.699997,82.655075,59958700
2023-09-22,90.809998,91.610001,90.669998,91.430000,83.320320,29524500
2023-09-25,89.660004,90.040001,89.150002,89.180000,81.269890,45587900
2023-09-26,89.430000,89.620003,88.709999,88.870003,80.987389,38104100
2023-09-27,89.540001,89.620003,88.089996,88.410004,80.568184,47111200
2023-09-28,87.620003,88.730003,87.099998,88.680000,80.814224,60238000
2023-09-29,89.269997,89.489998,88.129997,88.690002,80.823357,49010100
2023-10-02,87.820000,87.930000,86.709999,86.930000,79.470360,44704300
2023-10-03,86.309998,86.650002,84.889999,85.059998,77.760811,71362600
2023-10-04,85.769997,86.309998,85.370003,86.260002,78.857849,56281600
2023-10-05,86.110001,86.190002,85.639999,85.830002,78.464752,35758800
2023-10-06,84.199997,85.690002,84.059998,84.790001,77.514000,62787900
2023-10-09,85.500000,86.800003,84.949997,86.779999,79.333214,29424900
2023-10-10,85.849998,87.169998,85.519997,86.660004,79.223534,54743900
2023-10-11,87.849998,88.470001,87.599998,88.470001,80.878212,58517700
2023-10-12,88.050003,88.190002,85.930000,86.070000,78.684151,66986700
2023-10-13,87.599998,87.830002,87.169998,87.610001,80.092003,44183800
2023-10-16,86.190002,86.370003,85.900002,86.199997,78.802986,38309800
2023-10-17,84.889999,85.629997,84.500000,85.250000,77.934517,52949100
2023-10-18,84.379997,84.720001,83.849998,84.500000,77.248856,63724600
2023-10-19,83.879997,84.570000,82.739998,82.769997,75.667328,87696900
2023-10-20,82.989998,83.540001,82.769997,83.239998,76.096992,52188800
2023-10-23,82.809998,84.860001,82.419998,84.239998,77.011177,70890400
2023-10-24,84.440002,85.349998,84.089996,85.349998,78.025932,46267700
2023-10-25,84.019997,84.129997,83.129997,83.449997,76.288971,60737200
2023-10-26,83.480003,84.820000,83.400002,84.730003,77.459129,49704100
2023-10-27,84.190002,84.970001,83.739998,84.370003,77.130035,32362300
2023-10-30,83.809998,84.500000,83.239998,83.989998,76.782631,45026900
2023-10-31,84.370003,84.769997,83.550003,83.580002,76.407845,37269200
2023-11-01,84.040001,85.120003,84.019997,85.099998,78.064514,72308500
2023-11-02,86.680000,87.309998,86.220001,87.040001,79.844124,69739400
2023-11-03,88.809998,89.050003,87.580002,87.629997,80.385361,77692300
2023-11-06,87.070000,87.199997,86.599998,86.779999,79.605614,41341900
2023-11-07,87.610001,88.500000,87.589996,88.059998,80.779800,37834200
2023-11-08,88.480003,89.620003,88.449997,89.559998,82.155792,53893400
2023-11-09,88.940002,89.029999,86.739998,87.500000,80.266090,88975100
2023-11-10,88.230003,88.430000,87.769997,87.989998,80.715599,36516400
2023-11-13,87.220001,87.940002,86.900002,87.790001,80.532120,25661500
2023-11-14,90.000000,90.150002,89.290001,89.779999,82.357597,65666800
2023-11-15,89.010002,89.139999,88.309998,88.519997,81.201767,56205300
2023-11-16,89.300003,89.959999,89.250000,89.620003,82.210831,49473900
2023-11-17,90.160004,90.430000,89.639999,90.040001,82.596123,44091400
2023-11-20,89.620003,90.660004,89.610001,90.589996,83.100624,40477800
2023-11-21,90.500000,90.800003,89.889999,90.550003,83.063957,27721000
2023-11-22,91.120003,91.320000,90.379997,90.870003,83.357475,31197500
2023-11-24,90.099998,90.260002,89.790001,89.800003,82.375938,20199600
2023-11-27,90.300003,91.339996,90.209999,91.300003,83.751945,39804400
2023-11-28,90.910004,91.529999,90.790001,91.480003,83.917076,44989300
2023-11-29,92.110001,92.699997,91.779999,92.629997,84.971970,61647800
2023-11-30,91.970001,92.290001,91.160004,91.559998,83.990456,60520900
2023-12-01,91.309998,93.059998,91.129997,92.989998,85.572296,64172200
2023-12-04,92.489998,92.830002,92.089996,92.620003,85.231827,33766300
2023-12-05,93.629997,94.620003,93.570000,94.610001,87.063095,73588600
2023-12-06,95.080002,96.050003,94.870003,95.870003,88.222618,61606100
2023-12-07,95.180000,96.080002,95.059998,95.320000,87.716454,47970200
2023-12-08,94.419998,94.720001,93.910004,94.540001,86.998672,44809200
2023-12-11,94.010002,94.440002,93.529999,94.339996,86.814629,33909700
2023-12-12,94.150002,94.699997,93.900002,94.620003,87.072311,36996900
2023-12-13,95.169998,96.980003,95.019997,96.839996,89.115211,70828500
2023-12-14,97.660004,99.040001,97.419998,99.040001,91.433357,87798600
2023-12-15,98.690002,99.349998,98.580002,99.150002,91.534904,59941300
2023-12-18,98.500000,98.500000,98.019997,98.360001,90.805588,34746000
2023-12-19,98.860001,99.260002,98.660004,98.889999,91.294876,30018400
2023-12-20,99.110001,99.690002,98.580002,99.559998,91.913429,51229400
2023-12-21,99.739998,99.839996,98.750000,98.930000,91.331810,65231200
2023-12-22,99.379997,99.379997,98.239998,98.480003,90.916374,29244200
2023-12-26,98.540001,98.870003,98.480003,98.760002,91.174873,24019700
2023-12-27,99.779999,100.529999,99.500000,100.510002,92.790451,45082800
2023-12-28,100.089996,100.570000,99.559998,99.779999,92.116524,36213000
2023-12-29,99.129997,99.820000,98.800003,98.879997,91.285652,41616200
2024-01-02,98.230003,98.650002,98.000000,98.309998,90.759430,47797400
2024-01-03,97.379997,98.849998,97.150002,98.720001,91.137955,58159500
2024-01-04,97.419998,97.639999,97.070000,97.220001,89.753143,52604500
2024-01-05,96.500000,97.680000,96.209999,96.290001,88.894554,45894800
2024-01-08,96.230003,97.379997,96.089996,97.239998,89.771622,39485800
2024-01-09,96.639999,97.169998,96.589996,96.620003,89.199234,34374000
2024-01-10,96.919998,97.050003,96.120003,96.169998,88.783783,48227800
2024-01-11,96.169998,96.830002,95.709999,96.709999,89.282310,78858900
2024-01-12,96.779999,97.269997,96.269997,96.519997,89.106895,38883900
2024-01-16,95.620003,95.790001,94.510002,94.820000,87.537476,61716700
2024-01-17,94.599998,95.000000,94.160004,94.669998,87.398994,55506800
2024-01-18,94.459999,94.580002,93.510002,93.790001,86.586563,77339100
2024-01-19,93.709999,94.169998,93.260002,94.089996,86.863533,47030900
2024-01-22,94.820000,95.080002,94.389999,94.650002,87.380531,35756400
2024-01-23,93.889999,93.989998,93.430000,93.900002,86.688141,35786700
2024-01-24,94.510002,94.540001,93.099998,93.349998,86.180359,54574900
2024-01-25,94.000000,94.220001,93.570000,93.959999,86.743523,57019400
2024-01-26,93.930000,94.070000,93.489998,93.779999,86.577347,29276900
2024-01-29,94.309998,95.169998,94.120003,94.860001,87.574402,38243600
2024-01-30,95.480003,95.839996,94.739998,95.720001,88.368347,40151400
2024-01-31,96.220001,96.910004,96.000000,96.660004,89.236160,80646700
2024-02-01,97.419998,98.669998,97.190002,98.239998,90.986610,84291200
2024-02-02,96.269997,96.620003,95.690002,96.070000,88.976830,63823300
2024-02-05,94.629997,94.849998,94.019997,94.129997,87.180069,53827400
2024-02-06,94.239998,95.150002,94.209999,95.050003,88.032143,33411500
2024-02-07,94.570000,95.230003,94.519997,94.589996,87.606117,40120200
2024-02-08,94.019997,94.300003,93.660004,94.040001,87.096733,50087700
2024-02-09,93.760002,94.010002,93.660004,93.849998,86.920731,27951300
2024-02-12,93.900002,94.139999,93.500000,93.959999,87.022598,27890300
2024-02-13,92.860001,93.059998,92.330002,92.349998,85.531502,49768500
2024-02-14,92.300003,93.050003,92.230003,92.820000,85.966782,44191600
2024-02-15,93.559998,93.720001,93.000000,93.300003,86.411354,49598500
2024-02-16,92.480003,92.849998,92.339996,92.760002,85.911209,33116800
2024-02-20,92.790001,93.190002,92.720001,92.839996,85.985298,24469300
2024-02-21,92.830002,92.900002,92.010002,92.180000,85.374046,36343100
2024-02-22,92.330002,92.760002,92.269997,92.629997,85.790817,45190700
2024-02-23,92.750000,94.000000,92.750000,93.870003,86.939262,38406700
2024-02-26,94.000000,94.029999,93.190002,93.589996,86.679939,27855000
2024-02-27,93.239998,93.470001,92.849998,92.930000,86.068687,30242000
2024-02-28,93.080002,93.599998,92.900002,93.519997,86.615112,34574200
2024-02-29,93.820000,94.300003,93.779999,94.180000,87.226379,51038600
2024-03-01,93.440002,94.510002,93.010002,94.470001,87.769890,45832800
2024-03-04,93.699997,94.160004,93.680000,94.089996,87.416832,23864200
2024-03-05,95.230003,95.680000,94.970001,95.430000,88.661797,37721900
2024-03-06,95.489998,96.169998,95.410004,95.989998,89.182083,40571600
2024-03-07,96.360001,96.400002,95.480003,95.900002,89.098473,39075000
2024-03-08,95.800003,96.050003,95.480003,95.730003,88.940506,25023200
2024-03-11,95.959999,96.010002,95.370003,95.680000,88.894073,17787900
2024-03-12,95.040001,95.209999,94.690002,94.879997,88.150803,29566000
2024-03-13,94.500000,94.739998,94.209999,94.419998,87.723427,38270100
2024-03-14,93.730003,93.750000,92.860001,92.970001,86.376266,58365600
2024-03-15,93.059998,93.190002,92.790001,92.940002,86.348389,34997700
2024-03-18,92.730003,92.989998,92.500000,92.660004,86.088234,29519500
2024-03-19,92.849998,93.269997,92.690002,92.919998,86.329803,26953100
2024-03-20,93.099998,93.790001,92.290001,92.889999,86.301926,43460100
2024-03-21,93.269997,93.430000,92.730003,93.089996,86.487762,34276600
2024-03-22,94.190002,94.209999,93.779999,93.980003,87.314629,30262300
2024-03-25,93.709999,93.750000,93.300003,93.510002,86.877960,24011800
2024-03-26,93.510002,93.870003,93.279999,93.769997,87.119545,34423000
2024-03-27,93.989998,94.699997,93.940002,94.699997,87.983559,50157800
2024-03-28,94.489998,95.019997,94.320000,94.620003,87.909256,34540400
2024-04-01,93.290001,93.300003,92.459999,92.550003,86.270523,48945400
2024-04-02,91.570000,92.199997,91.339996,92.040001,85.795135,43086300
2024-04-03,91.260002,92.050003,91.050003,92.019997,85.776489,45494400
2024-04-04,92.629997,92.760002,92.040001,92.680000,86.391701,47957400
2024-04-05,91.690002,92.180000,91.379997,91.389999,85.189232,42495900
2024-04-08,91.230003,91.589996,91.129997,91.379997,85.179901,37879800
2024-04-09,91.870003,92.360001,91.839996,92.230003,85.972252,32522000
2024-04-10,91.199997,91.300003,90.050003,90.220001,84.098618,74368900
2024-04-11,90.379997,90.440002,89.510002,89.809998,83.716438,65751200
2024-04-12,90.639999,90.949997,90.279999,90.290001,84.163879,47900100
2024-04-15,89.220001,89.260002,88.519997,88.889999,82.858856,55993100
2024-04-16,88.050003,88.580002,87.790001,88.300003,82.308891,45103200
2024-04-17,88.870003,89.379997,88.459999,89.279999,83.222389,57947000
2024-04-18,89.239998,89.269997,88.589996,88.830002,82.802917,43839500
2024-04-19,89.389999,89.389999,88.910004,89.150002,83.101234,44826800
2024-04-22,88.680000,89.120003,88.650002,89.000000,82.961380,24969000
2024-04-23,88.730003,89.540001,88.550003,89.029999,82.989357,27222700
2024-04-24,88.559998,88.629997,87.500000,88.400002,82.402100,48986800
2024-04-25,87.459999,87.900002,87.339996,87.779999,81.824173,49282600
2024-04-26,88.250000,88.610001,88.050003,88.239998,82.252960,31589800
2024-04-29,88.660004,89.019997,88.480003,88.980003,82.942757,39228600
2024-04-30,88.419998,88.730003,88.099998,88.220001,82.234322,41054700
2024-05-01,88.599998,89.209999,88.239998,88.559998,82.840454,59679500
2024-05-02,88.209999,89.010002,88.029999,88.940002,83.195930,58925400
2024-05-03,89.930000,90.120003,89.269997,89.839996,84.037796,50066100
2024-05-06,89.870003,90.250000,89.669998,90.190002,84.365196,23868200
2024-05-07,90.900002,91.239998,90.610001,90.739998,84.879654,30525800
2024-05-08,90.309998,90.459999,90.160004,90.190002,84.365196,31171700
2024-05-09,89.870003,90.769997,89.820000,90.629997,84.776749,39606700
2024-05-10,90.279999,90.379997,89.959999,90.120003,84.299721,21913800
2024-05-13,90.550003,90.610001,90.309998,90.349998,84.514870,23157500
2024-05-14,90.650002,90.919998,90.419998,90.860001,84.991936,25746400
2024-05-15,91.870003,92.260002,91.629997,92.099998,86.151848,65142900
2024-05-16,92.389999,92.419998,91.940002,92.010002,86.067665,37902400
2024-05-17,91.639999,91.800003,91.339996,91.389999,85.487694,24755000
2024-05-20,91.080002,91.320000,91.010002,91.120003,85.235146,17922800
2024-05-21,91.730003,91.769997,91.430000,91.589996,85.674767,15334400
2024-05-22,91.269997,91.779999,91.260002,91.699997,85.777664,38073700
2024-05-23,91.800003,91.800003,90.820000,91.110001,85.225777,51294700
2024-05-24,90.970001,91.470001,90.900002,91.379997,85.478333,19164400
2024-05-28,91.330002,91.360001,90.029999,90.070000,84.252945,45973700
2024-05-29,89.339996,89.400002,88.680000,88.980003,83.233345,45508400
2024-05-30,89.599998,89.970001,89.440002,89.839996,84.037796,29548600
2024-05-31,90.480003,90.660004,90.250000,90.449997,84.608398,41308800
2024-06-03,90.639999,91.669998,90.610001,91.599998,85.976898,42272100
2024-06-04,92.199997,92.800003,91.989998,92.669998,86.981209,42581500
2024-06-05,93.000000,93.349998,92.389999,93.349998,87.619469,43153900
2024-06-06,92.919998,93.430000,92.860001,93.209999,87.488075,22891900
2024-06-07,91.830002,91.830002,91.400002,91.500000,85.883041,35240500
2024-06-10,91.000000,91.059998,90.650002,90.889999,85.310493,20586500
2024-06-11,91.029999,91.870003,90.919998,91.830002,86.192787,30329200
2024-06-12,93.019997,93.570000,92.489998,92.519997,86.840401,42554600
2024-06-13,93.220001,93.989998,92.949997,93.879997,88.116943,33093800
2024-06-14,94.419998,94.839996,94.239998,94.669998,88.858414,28776700
2024-06-17,93.519997,93.809998,93.279999,93.730003,87.976135,31040200
2024-06-18,93.889999,94.599998,93.730003,94.589996,88.783318,26881000
2024-06-20,93.410004,94.000000,93.339996,93.959999,88.192032,30246300
2024-06-21,94.239998,94.480003,93.589996,93.959999,88.192032,22596400
2024-06-24,94.050003,94.339996,93.739998,94.339996,88.548691,56939100
2024-06-25,94.070000,94.550003,94.040001,94.500000,88.698875,22890200
2024-06-26,93.279999,93.470001,93.110001,93.150002,87.431755,38489100
2024-06-27,93.519997,93.709999,93.419998,93.519997,87.779045,23140800
2024-06-28,93.730003,93.769997,91.779999,91.779999,86.145844,55119600
2024-07-01,90.419998,91.080002,89.820000,89.910004,84.659073,49735400
2024-07-02,90.680000,90.809998,90.080002,90.610001,85.318161,34204700
2024-07-03,91.169998,91.889999,91.089996,91.800003,86.438683,35563300
2024-07-05,92.269997,92.730003,91.900002,92.559998,87.154312,34895500
2024-07-08,92.540001,92.849998,92.220001,92.760002,87.342628,16095700
2024-07-09,92.470001,92.680000,91.870003,92.349998,86.956566,30289800
2024-07-10,92.449997,92.680000,92.260002,92.639999,87.229622,23572500
2024-07-11,93.680000,94.139999,93.470001,93.540001,88.077072,49761800
2024-07-12,93.529999,93.940002,93.339996,93.940002,88.453705,27796500
2024-07-15,93.000000,93.300003,92.779999,92.860001,87.436783,37918900
2024-07-16,93.529999,94.209999,93.389999,94.169998,88.670265,36383700
2024-07-17,93.919998,94.400002,93.690002,94.190002,88.689095,29036800
2024-07-18,93.680000,94.139999,93.379997,93.470001,88.011162,34553100
2024-07-19,93.040001,93.160004,92.820000,92.919998,87.493271,32164700
2024-07-22,93.400002,93.519997,92.300003,92.650002,87.239037,36160400
2024-07-23,92.809998,93.029999,92.489998,92.519997,87.116631,23498000
2024-07-24,92.589996,92.849998,91.470001,91.519997,86.175026,50757100
2024-07-25,92.029999,92.860001,91.959999,92.269997,86.881256,44999100
2024-07-26,92.949997,93.150002,92.709999,92.989998,87.559189,34423800
2024-07-29,93.669998,93.690002,93.220001,93.489998,88.029991,25801300
2024-07-30,93.750000,94.050003,93.300003,93.849998,88.368973,28169800
2024-07-31,94.529999,94.839996,94.239998,94.809998,89.272888,47445300
2024-08-01,95.139999,95.910004,95.120003,95.309998,90.042847,77254200
2024-08-02,97.000000,98.370003,96.889999,98.279999,92.848709,91912900
2024-08-05,99.690002,99.940002,97.900002,98.800003,93.340012,90686300
2024-08-06,98.150002,98.410004,96.589996,96.589996,91.252113,61316900
2024-08-07,95.949997,96.449997,95.500000,95.910004,90.609711,51337100
2024-08-08,95.120003,95.400002,94.839996,95.320000,90.052307,37815800
2024-08-09,96.510002,96.540001,96.089996,96.260002,90.940361,32141800
2024-08-12,96.029999,96.820000,95.879997,96.610001,91.271011,24261400
2024-08-13,97.300003,97.360001,96.980003,97.279999,91.903976,30366900
2024-08-14,97.550003,98.160004,97.510002,97.889999,92.480270,31334100
2024-08-15,96.410004,97.099998,96.209999,97.099998,91.733925,38723700
2024-08-16,97.440002,97.540001,97.010002,97.440002,92.055153,28541000
2024-08-19,97.419998,98.160004,97.410004,97.889999,92.480270,25322100
2024-08-20,98.320000,98.860001,98.120003,98.669998,93.217155,25239300
2024-08-21,98.669998,99.199997,98.209999,98.730003,93.273857,29230000
2024-08-22,98.230003,98.300003,97.430000,97.750000,92.348015,33453800
2024-08-23,98.190002,98.669998,97.959999,98.389999,92.952644,32005100
2024-08-26,98.690002,98.699997,98.080002,98.139999,92.716461,23198700
2024-08-27,97.489998,98.080002,97.410004,97.970001,92.555855,21507700
2024-08-28,98.010002,98.199997,97.730003,97.849998,92.442490,18501400
2024-08-29,97.370003,97.639999,97.129997,97.529999,92.140167,24988200
2024-08-30,97.680000,97.989998,96.470001,96.489998,91.157631,42896200
2024-09-03,97.559998,98.059998,97.419998,97.750000,92.648552,48947900
2024-09-04,97.879997,99.029999,97.809998,99.010002,93.842804,40885200
2024-09-05,99.339996,99.680000,98.779999,99.570000,94.373573,47450900
2024-09-06,99.550003,100.779999,99.190002,99.559998,94.364082,57406400
2024-09-09,99.400002,100.099998,99.160004,99.989998,94.771637,26961400
2024-09-10,99.870003,100.910004,99.820000,100.690002,95.435127,31703400
2024-09-11,100.489998,101.239998,100.349998,100.610001,95.359283,39497100
2024-09-12,100.360001,100.550003,99.690002,100.139999,94.913803,41618700
2024-09-13,100.459999,100.610001,100.019997,100.410004,95.169746,25722100
2024-09-16,100.629997,101.370003,100.410004,101.330002,96.041725,30866300
2024-09-17,101.470001,101.639999,100.739998,100.839996,95.577278,31699400
2024-09-18,100.239998,100.730003,99.540001,99.589996,94.392540,48897000
2024-09-19,98.919998,99.309998,98.769997,99.260002,94.079758,39979800
2024-09-20,98.989998,99.250000,98.720001,98.879997,93.719574,37067600
2024-09-23,98.500000,99.089996,98.019997,98.669998,93.520523,35703900
2024-09-24,98.000000,98.889999,97.849998,98.650002,93.501572,31005400
2024-09-25,98.260002,98.320000,97.790001,97.830002,92.724380,36738200
2024-09-26,98.070000,98.250000,97.419998,98.059998,92.942375,33332300
2024-09-27,98.540001,98.760002,98.209999,98.570000,93.425743,28317600
2024-09-30,98.639999,98.709999,97.879997,98.099998,92.980270,34175500
2024-10-01,98.800003,99.330002,98.389999,98.489998,93.651604,45254200
2024-10-02,97.360001,97.730003,97.059998,97.660004,92.862389,35810800
2024-10-03,97.339996,97.510002,96.739998,96.739998,91.987579,39677800
2024-10-04,95.440002,95.959999,95.400002,95.550003,90.856026,56954100
2024-10-07,94.980003,95.269997,94.760002,94.830002,90.171402,42606600
2024-10-08,94.389999,95.029999,94.339996,94.989998,90.323540,33709600
2024-10-09,94.669998,94.910004,94.230003,94.449997,89.810059,35807700
2024-10-10,93.879997,94.089996,93.410004,94.080002,89.458252,53667400
2024-10-11,93.480003,94.070000,93.419998,93.699997,89.096916,27406400
2024-10-14,93.040001,93.779999,92.980003,93.769997,89.163467,28795300
2024-10-15,94.459999,95.000000,94.370003,94.910004,90.247475,46429100
2024-10-16,95.389999,95.620003,95.139999,95.309998,90.627815,32281500
2024-10-17,94.290001,94.440002,93.669998,93.800003,89.192009,43427200
2024-10-18,94.050003,94.279999,93.860001,93.870003,89.258568,25258600
2024-10-21,93.019997,93.089996,92.230003,92.230003,87.699135,49504700
2024-10-22,92.650002,92.760002,92.089996,92.320000,87.784714,32096900
2024-10-23,91.839996,92.370003,91.660004,92.070000,87.546989,33354200
2024-10-24,92.230003,93.000000,91.959999,92.660004,88.108009,32507400
2024-10-25,92.989998,93.040001,92.019997,92.139999,87.613541,28667100
2024-10-28,92.269997,92.290001,91.419998,91.889999,87.375824,33156500
2024-10-29,91.169998,92.059998,90.980003,92.029999,87.508949,46545200
2024-10-30,92.839996,93.290001,92.160004,92.300003,87.765701,41951100
2024-10-31,92.199997,92.940002,91.870003,92.449997,87.908318,52173800
2024-11-01,92.260002,92.519997,90.800003,90.839996,86.668961,80402000
2024-11-04,92.279999,92.570000,91.629997,92.250000,88.014229,49747600
2024-11-05,92.029999,92.900002,91.599998,92.739998,88.481728,46986000
2024-11-06,89.639999,90.720001,89.550003,90.199997,86.058350,98895700
2024-11-07,90.750000,91.620003,90.650002,91.330002,87.136467,56221400
2024-11-08,92.000000,92.599998,91.839996,92.489998,88.243187,56756200
2024-11-11,92.250000,92.300003,91.620003,92.040001,87.813873,22369200
2024-11-12,91.370003,91.849998,90.510002,90.660004,86.497238,57908400
2024-11-13,91.519997,91.540001,89.720001,89.800003,85.676720,49009100
2024-11-14,90.559998,91.029999,90.269997,90.320000,86.172844,53328300
2024-11-15,89.919998,90.650002,89.510002,90.080002,85.943871,73722400
2024-11-18,89.660004,90.589996,89.419998,90.239998,86.096512,36010600
2024-11-19,90.820000,91.070000,90.620003,90.699997,86.535408,29585100
2024-11-20,90.150002,90.830002,90.110001,90.410004,86.258728,27755400
2024-11-21,90.449997,90.849998,90.000000,90.339996,86.191910,28365700
2024-11-22,90.510002,90.699997,90.150002,90.389999,86.239639,21547500
2024-11-25,92.199997,92.779999,91.989998,92.730003,88.472191,56858000
2024-11-26,92.160004,92.440002,91.809998,92.370003,88.128700,31122200
2024-11-27,93.040001,93.379997,92.669998,93.010002,88.739319,39442200
2024-11-29,93.779999,93.989998,93.440002,93.970001,89.655258,31905700
2024-12-02,93.269997,94.150002,93.000000,93.870003,89.870659,39406000
2024-12-03,93.930000,94.029999,92.989998,93.059998,89.095169,32768900
2024-12-04,92.610001,94.190002,92.540001,94.059998,90.052574,35851100
2024-12-05,93.720001,94.389999,93.660004,94.250000,90.234482,23695800
2024-12-06,94.720001,94.849998,94.019997,94.389999,90.368507,31761500
2024-12-09,93.989998,94.040001,93.470001,93.519997,89.535568,30509600
2024-12-10,93.019997,93.300003,92.910004,93.080002,89.114319,28706500
2024-12-11,93.070000,93.290001,92.110001,92.199997,88.271797,38748400
2024-12-12,91.639999,91.750000,91.000000,91.080002,87.199524,45368400
2024-12-13,90.800003,90.849998,90.080002,90.150002,86.309158,39486000
2024-12-16,90.550003,90.620003,90.050003,90.419998,86.567650,23482300
2024-12-17,90.519997,90.989998,90.459999,90.639999,86.778275,23839900
2024-12-18,89.970001,90.370003,89.139999,89.160004,85.693176,61328400
2024-12-19,88.070000,88.389999,87.510002,87.809998,84.395668,99083300
2024-12-20,88.529999,88.910004,88.290001,88.309998,84.876221,45542400
2024-12-23,88.160004,88.230003,87.440002,87.500000,84.097717,32764600
2024-12-24,87.040001,87.889999,86.980003,87.870003,84.453339,22377600
2024-12-26,87.209999,87.959999,87.199997,87.820000,84.405289,19981800
2024-12-27,87.480003,87.779999,87.059998,87.099998,83.713272,27262300
2024-12-30,87.830002,88.040001,87.669998,87.800003,84.386063,48519600
2024-12-31,88.129997,88.279999,87.260002,87.330002,83.934334,31917300
2025-01-02,87.800003,88.120003,87.209999,87.570000,84.164993,27841300
2025-01-03,87.720001,87.879997,87.180000,87.290001,83.895889,21962200
2025-01-06,87.050003,87.230003,86.669998,86.900002,83.521049,30231500
2025-01-07,86.599998,86.769997,85.790001,85.919998,82.579155,41757200
2025-01-08,85.470001,86.199997,85.339996,86.029999,82.684868,44590800
2025-01-10,85.279999,85.849998,85.160004,85.459999,82.137039,47115800
2025-01-13,85.529999,85.660004,85.040001,85.430000,82.108200,33258900
2025-01-14,85.230003,85.360001,84.889999,85.290001,81.973656,33412900
2025-01-15,86.699997,86.980003,86.400002,86.760002,83.386497,54120700
2025-01-16,86.639999,87.400002,86.279999,87.040001,83.655609,34651100
2025-01-17,87.430000,87.480003,87.040001,87.190002,83.799789,29875600
2025-01-21,87.889999,88.169998,87.629997,87.970001,84.549446,30548600
2025-01-22,87.870003,87.980003,87.320000,87.510002,84.107346,25278400
2025-01-23,86.639999,86.989998,86.529999,86.830002,83.453781,31949000
2025-01-24,86.720001,87.279999,86.599998,87.220001,83.828606,21110400
2025-01-27,88.160004,88.430000,87.849998,88.250000,84.818542,42864200
2025-01-28,87.839996,88.199997,87.660004,88.190002,84.760895,25519100
2025-01-29,88.430000,88.620003,87.629997,88.010002,84.587906,25342800
2025-01-30,88.410004,88.709999,88.169998,88.339996,84.905067,25094900
2025-01-31,88.379997,88.660004,87.430000,87.760002,84.347626,48790100
2025-02-03,88.580002,89.099998,87.800003,88.160004,85.034378,70657200
2025-02-04,87.550003,88.449997,87.480003,88.430000,85.294792,33414000
2025-02-05,89.449997,90.180000,89.389999,89.889999,86.703041,48331200
2025-02-06,89.860001,90.150002,89.550003,89.849998,86.664444,22509900
2025-02-07,89.239998,89.449997,88.940002,89.269997,86.105019,31171200
2025-02-10,89.260002,89.529999,88.849998,89.000000,85.844589,22736100
2025-02-11,88.529999,88.680000,88.379997,88.430000,85.294792,21513000
2025-02-12,87.290001,87.599998,86.860001,87.230003,84.137344,48536200
2025-02-13,88.089996,88.889999,88.070000,88.680000,85.535919,42718100
2025-02-14,89.379997,89.680000,89.120003,89.150002,85.989281,27460700
2025-02-18,88.540001,88.839996,88.040001,88.099998,84.976501,29429200
2025-02-19,87.949997,88.449997,87.889999,88.209999,85.082596,20584300
2025-02-20,88.449997,88.760002,88.449997,88.540001,85.400894,27913400
2025-02-21,88.870003,89.930000,88.820000,89.610001,86.432968,46912300
2025-02-24,89.330002,90.059998,89.260002,89.870003,86.683754,26218000
2025-02-25,90.970001,91.500000,90.800003,91.419998,88.178795,50125100
2025-02-26,91.419998,92.059998,91.199997,91.959999,88.699646,32220200
2025-02-27,91.309998,91.790001,91.139999,91.309998,88.072693,53373600
2025-02-28,91.849998,92.480003,91.470001,92.430000,89.152985,49388600
2025-03-03,91.410004,92.709999,91.370003,92.570000,89.569046,42904200
2025-03-04,92.440002,92.790001,91.269997,91.430000,88.466003,56722000
2025-03-05,91.559998,91.800003,90.610001,90.699997,87.759674,50215900
2025-03-06,90.480003,90.800003,89.730003,90.400002,87.469391,42827500
2025-03-07,91.139999,91.160004,89.989998,90.110001,87.188789,36903600
2025-03-10,91.080002,91.629997,90.910004,91.050003,88.098320,41440800
2025-03-11,90.970001,91.489998,90.139999,90.400002,87.469391,40555700
2025-03-12,90.000000,90.379997,89.779999,89.860001,86.946899,32734600
2025-03-13,89.580002,90.709999,89.379997,90.650002,87.711281,38675400
2025-03-14,90.010002,90.410004,89.860001,90.169998,87.246849,24658000
2025-03-17,90.800003,91.180000,90.379997,90.620003,87.682266,26700300
2025-03-18,90.139999,91.019997,90.120003,90.709999,87.769333,23654700
2025-03-19,90.680000,91.220001,90.379997,91.180000,88.224113,31378700
2025-03-20,92.199997,92.239998,91.160004,91.239998,88.282150,35645800
2025-03-21,91.330002,91.440002,90.620003,90.699997,87.759674,29192100
2025-03-24,90.199997,90.260002,89.699997,89.769997,86.859810,27985600
2025-03-25,89.570000,90.080002,89.510002,89.760002,86.850136,22333800
2025-03-26,89.389999,89.599998,89.089996,89.169998,86.279274,25095600
2025-03-27,88.849998,89.029999,88.629997,88.910004,86.027710,23674500
2025-03-28,89.879997,90.339996,89.809998,90.139999,87.217819,39869400
2025-03-31,91.230003,91.339996,90.360001,91.029999,88.078972,38824300
2025-04-01,91.250000,91.910004,91.209999,91.489998,88.842216,39800100
2025-04-02,92.370003,92.370003,90.660004,91.430000,88.783958,43488400
2025-04-03,92.519997,92.730003,91.839996,91.849998,89.191795,57467400
2025-04-04,93.650002,94.089996,92.820000,92.849998,90.162865,92794200
2025-04-07,91.879997,92.190002,89.800003,90.050003,87.443901,124987600
2025-04-08,89.279999,90.199997,88.220001,88.349998,85.793091,73861900
2025-04-09,87.269997,88.910004,85.889999,88.870003,86.298050,131353500
2025-04-10,87.739998,88.180000,86.349998,86.419998,83.918953,78592000
2025-04-11,85.870003,87.300003,85.000000,86.889999,84.375351,94814100
2025-04-14,87.400002,87.709999,86.820000,87.510002,84.977409,37596400
2025-04-15,87.150002,88.190002,87.040001,87.820000,85.278427,22553900
2025-04-16,87.800003,88.500000,87.470001,88.309998,85.754250,35607300
2025-04-17,88.040001,88.199997,87.230003,87.529999,84.996834,31758400
2025-04-21,86.599998,87.070000,85.980003,86.000000,83.511101,39343200
2025-04-22,86.820000,87.019997,86.400002,86.480003,83.977211,32552100
2025-04-23,88.879997,89.059998,87.169998,87.320000,84.792900,44082200
2025-04-24,88.029999,88.349998,87.760002,88.239998,85.686279,24190800
2025-04-25,88.900002,89.110001,88.599998,88.889999,86.317467,22513900
2025-04-28,88.660004,89.529999,88.610001,89.449997,86.861259,20130500
2025-04-29,89.320000,90.209999,89.300003,90.199997,87.589546,22129500
2025-04-30,89.779999,90.050003,89.330002,89.470001,86.880692,42630600
2025-05-01,89.260002,89.279999,88.300003,88.690002,86.440155,29932800
2025-05-02,87.709999,88.070000,87.540001,87.730003,85.504509,32090400
2025-05-05,87.349998,87.410004,86.830002,87.239998,85.026924,22862800
2025-05-06,86.800003,87.529999,86.639999,87.529999,85.309578,21095200
2025-05-07,87.919998,88.209999,87.820000,87.900002,85.670189,23161600
2025-05-08,88.019997,88.059998,86.889999,86.919998,84.715050,25483700
2025-05-09,87.000000,87.309998,86.919998,87.050003,84.841751,17007900
2025-05-12,86.379997,86.779999,86.190002,86.239998,84.052299,32115000
2025-05-13,86.129997,86.290001,85.500000,85.889999,83.711182,53912200
2025-05-14,85.750000,85.870003,85.199997,85.320000,83.155640,42119800
2025-05-15,85.629997,86.320000,85.480003,86.070000,83.886604,59448000
2025-05-16,86.870003,86.889999,86.199997,86.300003,84.110779,31778200
2025-05-19,84.910004,86.120003,84.830002,86.050003,83.867111,49361900
2025-05-20,85.430000,85.599998,85.059998,85.430000,83.262848,35493100
2025-05-21,84.680000,85.059998,83.760002,83.970001,81.839882,77053100
2025-05-22,83.519997,84.430000,83.300003,84.410004,82.268730,61747900
2025-05-23,84.769997,84.820000,84.309998,84.550003,82.405167,47139200
2025-05-27,85.349998,86.029999,85.150002,85.730003,83.555237,56773400
2025-05-28,85.410004,85.540001,84.970001,85.360001,83.194618,34806800
2025-05-29,85.769997,86.260002,85.639999,86.150002,83.964592,38933200
2025-05-30,86.089996,86.470001,85.879997,86.279999,84.091286,49042100
2025-06-02,85.290001,85.470001,84.790001,85.160004,83.308678,46213100
2025-06-03,85.440002,85.739998,84.889999,85.010002,83.161942,33731300
2025-06-04,85.790001,86.650002,85.650002,86.389999,84.511932,57441500
2025-06-05,86.680000,86.930000,86.220001,86.449997,84.570625,37664700
2025-06-06,85.790001,85.930000,85.279999,85.349998,83.494530,38130100
2025-06-09,85.040001,85.639999,85.040001,85.440002,83.582588,26560800
2025-06-10,86.099998,86.180000,85.519997,85.879997,84.013023,24857000
2025-06-11,85.809998,86.400002,85.709999,86.139999,84.267365,36334800
2025-06-12,86.889999,87.199997,86.599998,87.169998,85.274979,43017800
2025-06-13,86.730003,86.879997,85.779999,86.330002,84.453247,49374000
2025-06-16,86.080002,86.430000,85.459999,85.459999,83.602158,36496600
2025-06-17,86.000000,86.660004,85.750000,86.500000,84.619537,34521600
2025-06-18,86.879997,87.089996,86.349998,86.650002,84.766289,38589000
2025-06-20,86.139999,86.790001,85.949997,86.489998,84.609756,26001900
2025-06-23,86.930000,87.440002,86.769997,86.769997,84.883667,36851800
2025-06-24,86.470001,87.589996,86.430000,87.400002,85.499977,32959100
2025-06-25,87.110001,87.510002,86.800003,87.510002,85.607590,26345300
2025-06-26,87.589996,87.949997,87.199997,87.949997,86.038017,30467500
2025-06-27,87.570000,88.160004,87.239998,87.389999,85.490196,74993500
2025-06-30,87.860001,88.440002,87.610001,88.250000,86.331497,53695200
2025-07-01,88.129997,88.309998,87.660004,88.139999,86.545547,38960600
2025-07-02,87.190002,87.589996,87.099998,87.580002,85.995697,39382200
2025-07-03,87.169998,87.290001,86.849998,86.970001,85.396721,26729100
2025-07-07,86.540001,86.559998,85.919998,86.139999,84.581734,38314700
2025-07-08,85.570000,86.040001,85.440002,86.029999,84.473717,31407000
2025-07-09,86.190002,86.930000,86.180000,86.930000,85.357445,29821900
2025-07-10,86.830002,87.059998,86.489998,86.989998,85.416359,24525500
2025-07-11,86.230003,86.269997,85.639999,85.790001,84.238075,40764800
2025-07-14,85.540001,85.879997,85.320000,85.610001,84.061325,24609500
2025-07-15,85.889999,85.910004,84.900002,85.010002,83.472183,40455000
2025-07-16,85.279999,85.660004,84.190002,85.129997,83.590012,65987700
2025-07-17,85.220001,85.489998,84.989998,85.110001,83.570374,31875500
2025-07-18,85.430000,85.459999,85.099998,85.239998,83.698013,27534900
2025-07-21,86.220001,86.510002,85.959999,86.000000,84.444267,40019500
2025-07-22,86.169998,86.769997,86.110001,86.519997,84.954857,35190300
2025-07-23,86.050003,86.199997,85.790001,86.040001,84.483543,31008500
2025-07-24,85.550003,86.239998,85.510002,85.889999,84.336258,25164800
2025-07-25,85.800003,86.440002,85.720001,86.430000,84.866486,27196200
2025-07-28,85.989998,86.199997,85.830002,85.870003,84.316620,26812500
2025-07-29,86.230003,87.339996,86.199997,87.320000,85.740387,47828300
2025-07-30,86.769997,86.959999,86.559998,86.870003,85.298531,40670900
2025-07-31,87.129997,87.410004,86.839996,86.919998,85.347626,49814100
2025-08-01,87.559998,87.930000,87.519997,87.820000,86.560974,63434500
2025-08-04,87.959999,88.150002,87.650002,88.059998,86.797531,36425200
2025-08-05,87.849998,88.449997,87.779999,88.330002,87.063667,28586100
2025-08-06,87.839996,88.050003,86.919998,87.820000,86.560974,42589300
2025-08-07,87.919998,88.250000,87.589996,87.669998,86.413116,29213100
2025-08-08,87.360001,87.389999,87.150002,87.290001,86.038567,21596300
2025-08-11,87.540001,87.669998,87.279999,87.389999,86.137131,20100900
2025-08-12,86.900002,86.970001,86.550003,86.949997,85.703438,41052300
2025-08-13,87.440002,87.809998,87.430000,87.669998,86.413116,30817500
2025-08-14,87.510002,87.510002,86.889999,87.019997,85.772446,33397400
2025-08-15,86.660004,86.779999,86.250000,86.400002,85.161331,36343600
2025-08-18,86.500000,86.540001,85.989998,86.150002,84.914917,26777500
2025-08-19,86.449997,86.750000,86.449997,86.650002,85.407753,28780600
2025-08-20,86.589996,86.970001,86.559998,86.839996,85.595016,25912500
2025-08-21,86.559998,86.680000,86.110001,86.410004,85.171188,28643900
2025-08-22,86.830002,87.300003,86.720001,87.050003,85.802017,49871900
2025-08-25,86.730003,87.050003,86.650002,86.800003,85.555603,27011900
2025-08-26,86.510002,86.790001,86.220001,86.750000,85.506317,30259300
2025-08-27,86.110001,86.660004,86.000000,86.650002,85.407753,38142800
2025-08-28,86.779999,87.260002,86.660004,87.220001,85.969582,32205900
2025-08-29,86.760002,86.860001,86.440002,86.599998,85.358467,41686400
2025-09-02,85.629997,85.839996,85.480003,85.629997,84.723259,48760600
2025-09-03,85.930000,86.809998,85.889999,86.570000,85.653305,52499500
2025-09-04,87.019997,87.239998,86.580002,87.230003,86.306320,40501600
2025-09-05,88.220001,88.610001,88.139999,88.559998,87.622238,69668000
2025-09-08,89.169998,89.760002,89.120003,89.739998,88.789742,54538700
2025-09-09,89.400002,89.550003,88.989998,89.230003,88.285149,37126400
2025-09-10,89.400002,90.070000,89.190002,89.739998,88.789742,40713600
2025-09-11,89.910004,90.480003,89.900002,90.339996,89.383385,46694400
2025-09-12,89.830002,89.980003,89.489998,89.949997,88.997513,32968600
2025-09-15,90.150002,90.459999,90.070000,90.160004,89.205292,24820100
2025-09-16,90.089996,90.500000,90.040001,90.349998,89.393280,26794200
2025-09-17,90.709999,91.040001,89.870003,90.120003,89.165718,49121800
2025-09-18,89.260002,89.470001,88.900002,89.190002,88.245560,55717900
2025-09-19,89.070000,89.230003,88.790001,89.019997,88.077362,32509200
2025-09-22,88.820000,88.910004,88.540001,88.699997,87.760750,24758200
2025-09-23,88.970001,89.360001,88.750000,89.320000,88.374184,26689000
2025-09-24,89.080002,89.160004,88.699997,88.980003,88.037796,28098000
2025-09-25,88.849998,89.029999,88.459999,88.980003,88.037796,29882500
2025-09-26,88.989998,89.470001,88.690002,88.900002,87.958641,30955100
2025-09-29,89.290001,89.739998,89.260002,89.629997,88.680908,32286200
2025-09-30,89.660004,90.040001,89.209999,89.370003,88.423660,38584000
2025-10-01,89.449997,89.639999,89.089996,89.290001,88.652016,39408900
2025-10-02,89.309998,89.690002,89.190002,89.550003,88.910164,23208300
2025-10-03,89.629997,89.720001,89.269997,89.379997,88.741371,25884500
2025-10-06,88.709999,89.160004,88.650002,88.669998,88.036446,28371000
2025-10-07,88.970001,89.379997,88.809998,89.180000,88.542801,29103300
2025-10-08,89.599998,89.620003,89.129997,89.250000,88.612305,22506200
2025-10-09,89.169998,89.290001,89.010002,89.180000,88.542801,21578700
2025-10-10,89.980003,90.720001,89.900002,90.620003,89.972519,59389400
2025-10-13,90.279999,90.580002,89.860001,90.570000,89.922867,28035500
2025-10-14,90.650002,90.919998,90.430000,90.860001,90.210808,29800000
2025-10-15,90.959999,91.300003,90.470001,90.660004,90.012238,31333900
2025-10-16,90.519997,91.500000,90.449997,91.339996,90.687370,39631200
2025-10-17,91.250000,91.290001,90.900002,91.199997,90.548370,40240400
2025-10-20,91.459999,91.559998,91.279999,91.550003,90.895874,28429300
2025-10-21,91.989998,92.190002,91.910004,92.000000,91.342659,24514300
2025-10-22,91.989998,92.180000,91.820000,92.059998,91.402222,30496200
2025-10-23,91.610001,91.790001,91.290001,91.430000,90.776733,28275100
2025-10-24,91.589996,91.599998,91.160004,91.470001,90.816444,28266000
2025-10-27,91.320000,91.790001,91.089996,91.779999,91.124222,30033600
2025-10-28,91.849998,92.180000,91.809998,92.019997,91.362511,23564500
2025-10-29,91.879997,91.889999,91.019997,91.089996,90.439156,39551600
2025-10-30,90.389999,90.970001,90.349998,90.559998,89.912941,42649200
2025-10-31,90.559998,90.660004,90.199997,90.290001,89.644867,38247300
2025-11-03,89.620003,89.820000,89.419998,89.739998,89.420670,40752300
2025-11-04,89.779999,90.059998,89.739998,89.940002,89.619965,26383800
2025-11-05,89.510002,89.550003,88.879997,88.959999,88.643448,44643400
2025-11-06,89.559998,89.849998,89.529999,89.760002,89.440605,33027400
2025-11-07,89.360001,89.870003,89.360001,89.570000,89.251282,28530100
2025-11-10,89.489998,89.669998,89.389999,89.550003,89.231354,24093500
2025-11-11,89.949997,90.070000,89.779999,89.959999,89.639893,18942300
2025-11-12,89.949997,90.320000,89.879997,90.120003,89.799324,23594900
2025-11-13,89.800003,89.940002,89.379997,89.379997,89.061951,33825900
2025-11-14,89.790001,89.839996,88.870003,88.870003,88.553772,38550500
2025-11-17,89.080002,89.300003,88.980003,89.089996,88.772987,25605800
2025-11-18,89.349998,89.449997,88.800003,89.059998,88.743095,31967400
2025-11-19,89.230003,89.309998,88.849998,88.879997,88.563736,25782400
2025-11-20,88.989998,89.419998,88.989998,89.230003,88.912491,32945000
2025-11-21,89.650002,89.669998,89.199997,89.500000,89.181526,41938600
2025-11-24,89.949997,90.070000,89.779999,90.010002,89.689713,30865700
2025-11-25,90.309998,90.589996,90.129997,90.239998,89.918892,36503300
2025-11-26,90.150002,90.639999,89.830002,90.639999,90.317474,34099000
2025-11-28,90.459999,90.529999,89.949997,90.209999,89.889000,40704300
2025-12-01,88.849998,88.989998,88.709999,88.769997,88.769997,47086600
2025-12-02,88.580002,88.959999,88.459999,88.809998,88.809998,27605700
2025-12-03,88.919998,89.160004,88.739998,89.059998,89.059998,23278600
2025-12-04,88.910004,88.930000,88.480003,88.580002,88.580002,25541500
2025-12-05,88.550003,88.550003,88.050003,88.169998,88.169998,32808100
2025-12-08,88.190002,88.199997,87.559998,87.879997,87.879997,32255200
2025-12-09,88.339996,88.349998,87.839996,87.970001,87.970001,25771800
2025-12-10,88.000000,88.519997,87.860001,88.309998,88.309998,46833500
2025-12-11,88.690002,88.830002,88.160004,88.190002,88.190002,26778700
2025-12-12,87.379997,87.500000,87.190002,87.339996,87.339996,47030100
2025-12-15,87.720001,87.879997,87.389999,87.400002,87.400002,28611800
2025-12-16,87.190002,87.919998,87.169998,87.879997,87.879997,41018700
2025-12-17,87.629997,87.989998,87.580002,87.800003,87.800003,24668300
2025-12-18,88.129997,88.379997,88.070000,88.220001,88.220001,39041600