,0
2006-08-08,-0.0007322871223297126
2006-08-09,0.001093709574281408
2006-08-10,-0.0012474545250529398
2006-08-11,-0.000572110975096805
2006-08-14,-0.001244052201074024
2006-08-15,-0.000836157519901796
2006-08-16,0.0005817537913075595
2006-08-17,-0.0029041294707500736
2006-08-18,0.001463602038378881
2006-08-21,0.0021149260255443015
2006-08-22,-0.0003313220912217901
2006-08-23,-0.001158314101365812
2006-08-24,-0.00045217408112876805
2006-08-25,0.0003591138104515837
2006-08-28,-0.0006792804517489544
2006-08-29,0.0001517919479628479
2006-08-30,0.0018519689787497903
2006-08-31,0.0026355452339101334
2006-09-01,0.0015215197701043488
2006-09-05,0.004311617575558341
2006-09-06,-0.004071989586811646
2006-09-07,-0.007467535132904075
2006-09-08,0.00024864498970026945
2006-09-11,-0.0022102322924476593
2006-09-12,0.0023374323300094507
2006-09-13,0.002311716880055053
2006-09-14,-0.0031918548456762283
2006-09-15,-0.00010120981491177012
2006-09-18,0.0026290695793689633
2006-09-19,-0.0037241788320864664
2006-09-20,0.002796269123183829
2006-09-21,3.0085589472811283e-06
2006-09-22,-0.0003934183359634735
2006-09-25,0.0029601762065298797
2006-09-26,0.0029422007006814485
2006-09-27,0.0013658765619519143
2006-09-28,-0.00013901577473724943
2006-09-29,-0.000746288330391769
2006-10-02,-0.002280874756899034
2006-10-03,-0.0005447868615107722
2006-10-04,0.0011168968335605297
2006-10-05,0.0018640959405294153
2006-10-06,-0.0002499789188012572
2006-10-09,0.00048480544998544543
2006-10-10,2.978745272502292e-05
2006-10-11,-0.000766645924503789
2006-10-12,0.004543652572501708
2006-10-13,0.0026092487615639415
2006-10-16,0.001278789465282218
2006-10-17,-0.00217713700302581
2006-10-18,0.00010351344756187855
2006-10-19,0.0018623613584160036
2006-10-20,-0.0018536784829832453
2006-10-23,0.0004665080511136563
2006-10-24,0.0011171006176080287
2006-10-25,0.0031256062447822105
2006-10-26,0.0021320715731714497
2006-10-27,-0.0024491881909335547
2006-10-30,0.001060402384013103
2006-10-31,0.0009211582448249591
2006-11-01,-0.0013109899704031205
2006-11-02,0.002012118966113063
2006-11-03,0.0007687995152908057
2006-11-06,0.002691851750464519
2006-11-07,0.002127829839696654
2006-11-08,-0.001415183126380052
2006-11-09,0.0008961417155680588
2006-11-10,-0.00013116593641436666
2006-11-13,0.0013355095719039145
2006-11-14,0.0027791637498589656
2006-11-15,0.0016539282444479456
2006-11-16,0.00043119872098597984
2006-11-17,0.0013615246089307936
2006-11-20,0.00033747660840608687
2006-11-21,0.0013048466065422072
2006-11-22,0.001765471547722367
2006-11-24,6.618695926795823e-05
2006-11-27,-0.005712385320358399
2006-11-28,0.0014588053199186906
2006-11-29,0.002377993949599554
2006-11-30,0.0025353997770496827
2006-12-01,-0.002581629351745561
2006-12-04,0.0037423633714872722
2006-12-05,0.0010406398898492324
2006-12-06,-0.004315818337355412
2006-12-07,-0.00223837737121403
2006-12-08,-0.00034098532450639336
2006-12-11,0.002836394350155861
2006-12-12,-0.0006689867434123401
2006-12-13,0.0003527145373095536
2006-12-14,0.002627167700184895
2006-12-15,-0.004117768924936276
2006-12-18,-0.0018493684185605388
2006-12-19,0.0020342382711066214
2006-12-20,-0.0006108884032155129
2006-12-21,-0.0024683832800478315
2006-12-22,-0.001873708207411502
2006-12-26,0.0033824452511053357
2006-12-27,0.0029750391218122353
2006-12-28,0.001089098402048172
2006-12-29,-0.00038593752444282233
2007-01-03,-0.003010421480653787
2007-01-04,-0.0011741824461722295
2007-01-05,-0.006658972568157952
2007-01-08,0.0019371610534409233
2007-01-09,0.0003298148756602573
2007-01-10,0.0004838832899536458
2007-01-11,0.002116142818269953
2007-01-12,0.005506981039299192
2007-01-16,-0.0009435457737978373
2007-01-17,0.001144395120623402
2007-01-18,-0.004231092324859218
2007-01-19,0.002402833714024409
2007-01-22,-0.0019676871033731764
2007-01-23,0.005933491960425944
2007-01-24,0.004168740926041247
2007-01-25,-0.0047859609920050715
2007-01-26,-0.0002570244113740333
2007-01-29,-0.000798075094905772
2007-01-30,0.0023524013381388395
2007-01-31,0.0042796203438081465
2007-02-01,0.0031060297835726934
2007-02-02,-0.0006953473318499891
2007-02-05,0.00013762349943833703
2007-02-06,0.001285419375768446
2007-02-07,0.0007588843244315752
2007-02-08,0.0012944514928286065
2007-02-09,-0.0019984744297214803
2007-02-12,-0.002851396627945919
2007-02-13,0.0033479396155548184
2007-02-14,0.003910595033972323
2007-02-15,0.0006551831674223712
2007-02-16,-0.00047145986268121675
2007-02-20,-0.0011736299989226493
2007-02-21,0.007005572548212787
2007-02-22,-0.0004682006106275658
2007-02-23,-0.0006050170599213433
2007-02-26,0.0014503098803936468
2007-02-27,-0.023811566774201674
2007-02-28,0.0070241693848771755
2007-03-01,-0.0022788668290774187
2007-03-02,-0.008386512930193
2007-03-05,-0.004695170251969443
2007-03-06,0.00898748272773802
2007-03-07,0.0003591913722242281
2007-03-08,0.00071388118385559
2007-03-09,-0.0002763091510011087
2007-03-12,0.00030230497948956035
2007-03-13,-0.0011271868679571897
2007-03-14,0.0013034386375928855
2007-03-15,6.592071049862968e-06
2007-03-16,0.0007823817625624715
2007-03-19,0.0002140257279734896
2007-03-20,0.0007597854918024793
2007-03-21,0.001959425569406486
2007-03-22,-0.00032968960237901774
2007-03-23,-0.00030476579725081585
2007-03-26,0.00018732777677523676
2007-03-27,-0.0008795770022308552
2007-03-28,-0.001915446896404736
2007-03-29,-0.0011891075115879972
2007-03-30,0.00026601606341941544
2007-04-02,0.0003213677715796365
2007-04-03,0.003131642336755397
2007-04-04,0.0029662177901873484
2007-04-05,0.0011114962954496817
2007-04-09,-0.00019445206192747743
2007-04-10,0.002484911250785992
2007-04-11,-0.001558306521380501
2007-04-12,0.0015324266761046453
2007-04-13,0.004383584368332601
2007-04-16,0.003699655035434351
2007-04-17,-0.000593835768107426
2007-04-18,0.0012956234313510745
2007-04-19,-0.0017688541459439909
2007-04-20,0.005288421576284114
2007-04-23,-0.0018413562859090498
2007-04-24,-0.0007723686056753364
2007-04-25,0.003685859712865223
2007-04-26,-0.0027855271830358732
2007-04-27,0.002068261631853913
2007-04-30,-0.004163597629114826
2007-05-01,-0.0002492151059193912
2007-05-02,0.0017573867307435127
2007-05-03,0.0047563625125931295
2007-05-04,0.003245109689607756
2007-05-07,0.00019306049083854805
2007-05-08,-0.0010083613555163604
2007-05-09,-0.00019667873904336193
2007-05-10,-0.007009089487356855
2007-05-11,0.004842095606109902
2007-05-14,-0.0013594508892575666
2007-05-15,0.0004983580800893658
2007-05-16,-0.001222509359335786
2007-05-17,-0.0020506770571806997
2007-05-18,0.004056947224127231
2007-05-21,0.0005806341115888426
2007-05-22,-0.0007606572687778364
2007-05-23,0.0008461932773886913
2007-05-24,-0.005462275775946163
2007-05-25,0.001966727498553279
2007-05-29,0.0015796673091743037
2007-05-30,0.0011168115527280715
2007-05-31,0.003337752943300372
2007-06-01,0.0029338707693091857
2007-06-04,0.0005611994687157996
2007-06-05,-0.0015308574692530135
2007-06-06,-0.0030720890198927013
2007-06-07,-0.00803696274124921
2007-06-08,0.00042004065166431235
2007-06-11,0.0013279183792267808
2007-06-12,-0.004551315383748762
2007-06-13,0.0055458063166036724
2007-06-14,0.00197281370345064
2007-06-15,0.0015611070037959828
2007-06-18,8.954141009639792e-05
2007-06-19,0.0019486510847568043
2007-06-20,-0.005568773783133598
2007-06-21,0.0017697909475820465
2007-06-22,-0.002051683807143025
2007-06-25,-0.0022014979231831985
2007-06-26,-0.0047530949090520665
2007-06-27,0.004536370343122166
2007-06-28,0.0020836165756205885
2007-06-29,0.00025164475416678976
2007-07-02,0.00470753224225186
2007-07-03,0.00010826546396320896
2007-07-05,-0.0008616492059356579
2007-07-06,0.003018794880891837
2007-07-09,0.0008501825343439
2007-07-10,-0.0030317540617381495
2007-07-11,0.0018805408326573977
2007-07-12,0.005819133812806269
2007-07-13,0.001094601669070033
2007-07-16,-0.0005942888830612242
2007-07-17,0.00016911910154112928
2007-07-18,0.0026885788294347982
2007-07-19,0.0026051795133853334
2007-07-20,-0.0013737650423380334
2007-07-23,0.0002663709821307953
2007-07-24,-0.0047250420202207336
2007-07-25,-0.0014783068849827643
2007-07-26,-0.010659598600948606
2007-07-27,-0.006218011828685021
2007-07-30,0.005886683197869405
2007-07-31,-0.003060671627443456
2007-08-01,0.00223706567514382
2007-08-02,-3.038056956119201e-05
2007-08-03,0.002789425386298262
2007-08-06,-0.0007866715931450243
2007-08-07,2.1137522527058227e-05
2007-08-08,0.0013137556339023388
2007-08-09,-0.0037075436611711983
2007-08-10,0.0018103695954306445
2007-08-13,-0.001138216592128113
2007-08-14,-0.00021413246124847598
2007-08-15,-0.0019590606508662397
2007-08-16,-0.0029330017107079957
2007-08-17,0.0008957000171326999
2007-08-20,0.0003491461495392321
2007-08-21,-8.512389370887113e-05
2007-08-22,0.0011700313793594384
2007-08-23,-0.0003121499368960835
2007-08-24,0.0026307906694851132
2007-08-27,-0.00044763851337964737
2007-08-28,-0.001984695676105585
2007-08-29,0.0037002824934078966
2007-08-30,-0.0007734657115809373
2007-08-31,0.002840541922056514
2007-09-04,0.0034415630222047904
2007-09-05,0.000300232054088618
2007-09-06,0.006309034911858457
2007-09-07,0.0018375895780630893
2007-09-10,0.0004628909318168002
2007-09-11,0.00214911458881753
2007-09-12,-0.00021239930923568518
2007-09-13,-0.001256136244366847
2007-09-14,-0.00015995828941821376
2007-09-17,0.0030224881679223286
2007-09-18,0.004151555018583127
2007-09-19,-0.0007854882739460765
2007-09-20,0.002912848346193194
2007-09-21,-0.002176521293420194
2007-09-24,-0.0004278941647577165
2007-09-25,6.795959261193749e-05
2007-09-26,3.3171014974807444e-05
2007-09-27,0.004443302910862576
2007-09-28,0.0012694290037946745
2007-10-01,0.005372753287457073
2007-10-02,-0.004388158054836903
2007-10-03,-0.0027873210085247683
2007-10-04,0.0033143766855762034
2007-10-05,0.0047104555424916025
2007-10-08,-0.0036673217406939657
2007-10-09,0.003544157161646581
2007-10-10,0.0011730675314457126
2007-10-11,-0.0008266487923038891
2007-10-12,0.00336851541010501
2007-10-15,-0.001778106925882079
2007-10-16,-0.0019488139602299639
2007-10-17,-0.00047458600151357327
2007-10-18,0.002817832868756243
2007-10-19,-0.0075532902441431595
2007-10-22,0.0002748073201691973
2007-10-23,0.0020898884403468317
2007-10-24,-0.00010269628264470646
2007-10-25,0.0005720401415121594
2007-10-26,0.006476551412134768
2007-10-29,0.0019403907732909811
2007-10-30,-0.00331605666636317
2007-10-31,0.0059204725451430205
2007-11-01,-0.007258819327404597
2007-11-02,0.005587492193872673
2007-11-05,-0.002163396184451339
2007-11-06,0.007227320477987435
2007-11-07,-0.004093293407324873
2007-11-08,-0.002727936883307567
2007-11-09,-0.003164272439985724
2007-11-12,-0.0032621358156387247
2007-11-13,0.0022229788236391595
2007-11-14,0.0022124921174347897
2007-11-15,-0.00635770503163232
2007-11-16,-0.0002604961093543522
2007-11-19,-0.0012968809623598095
2007-11-20,0.005031090665066582
2007-11-21,-0.00036970281654329816
2007-11-23,0.002766179616438587
2007-11-26,-0.00010519958607411634
2007-11-27,0.0013095955529018823
2007-11-28,-0.0005729517041407361
2007-11-29,-0.0025474910882367315
2007-11-30,-0.0020356407353033395
2007-12-03,0.001054653585123273
2007-12-04,0.0010820020339154647
2007-12-05,-0.0027497669662793775
2007-12-06,0.004928550286578178
2007-12-07,-0.001295793593804975
2007-12-10,0.003915629272726455
2007-12-11,-0.00975653945999088
2007-12-12,0.005248243902380105
2007-12-13,-0.003438100302897589
2007-12-14,-0.0026800465958705466
2007-12-17,-0.0016990571509455643
2007-12-18,0.0025424460726739305
2007-12-19,-2.323773890668578e-05
2007-12-20,-0.0003116316610088343
2007-12-21,0.00196247188254988
2007-12-24,0.00024373804953051
2007-12-26,0.00365386028939727
2007-12-27,-0.0027484850030794136
2007-12-28,0.0020048855196399197
2007-12-31,-0.0009400962316020228
2008-01-02,0.0009458589696740224
2008-01-03,0.0008033639503048204
2008-01-04,-0.005880533968631291
2008-01-07,-0.0004606277428625821
2008-01-08,-0.0015117409326027766
2008-01-09,0.0021307388617505998
2008-01-10,0.0010636536815212439
2008-01-11,0.0006454660692818864
2008-01-14,0.0007083251449170133
2008-01-15,-0.0005841182239423152
2008-01-16,-0.0012004364624095781
2008-01-17,0.00011048662297141198
2008-01-18,-0.00034932351767753833
2008-01-22,-0.0009079941683957267
2008-01-23,0.0039803091916380436
2008-01-24,0.0015440078535715624
2008-01-25,0.0005670491561891624
2008-01-28,0.0010130793533991542
2008-01-29,-0.0008492257550762086
2008-01-30,-0.00010189146241477783
2008-01-31,-0.0015242649897520796
2008-02-01,-0.0034712433926473493
2008-02-04,-3.100830147713526e-05
2008-02-05,-0.0022453515736852495
2008-02-06,0.0030808230521161693
2008-02-07,0.0008548842851787998
2008-02-08,0.00031453612470028506
2008-02-11,-0.00040077948639153553
2008-02-12,-0.0021067627648325322
2008-02-13,-0.0005583648347851857
2008-02-14,0.0011033699951196593
2008-02-15,-0.0003369348410452545
2008-02-19,0.00252518381484477
2008-02-20,0.0027556040605454506
2008-02-21,0.0001940666246191113
2008-02-22,4.958396969141573e-05
2008-02-25,-0.0007975079635414034
2008-02-26,0.0004985064157291019
2008-02-27,0.001866777489694129
2008-02-28,0.0014790785299149945
2008-02-29,0.0006844650620164426
2008-03-03,0.000834210613267277
2008-03-04,-0.0031984068520822763
2008-03-05,0.0038347576911548836
2008-03-06,-0.00023247681354753686
2008-03-07,-0.0004606301290947872
2008-03-10,-0.0022003582833448835
2008-03-11,0.006959091714202188
2008-03-12,0.0033341826466978717
2008-03-13,0.0013769513454785155
2008-03-14,0.0007435395080323985
2008-03-17,0.0006100788055443163
2008-03-18,-0.003148748330296287
2008-03-19,-0.003696876279393558
2008-03-20,-0.0032608444148396016
2008-03-24,-0.00014518160405297488
2008-03-25,0.003493926599681783
2008-03-26,0.001816698370167159
2008-03-27,-0.00028366256625479187
2008-03-28,-0.002808153148451852
2008-03-31,-0.0026144995950220457
2008-04-01,-0.0071091561390418485
2008-04-02,0.008401292725864493
2008-04-03,0.00014682157683816867
2008-04-04,0.0013663969484920262
2008-04-07,0.0020824717472355016
2008-04-08,-0.001162926173611356
2008-04-09,0.0018187327805190981
2008-04-10,0.0004947321844060726
2008-04-11,-0.00035766995180291515
2008-04-14,-0.0009631543717243859
2008-04-15,0.0010921654950233318
2008-04-16,0.005445578082894141
2008-04-17,-0.0016860115997403974
2008-04-18,-0.00400396003367022
2008-04-21,-0.00040449271250206804
2008-04-22,0.00032451605180630584
2008-04-23,-0.0016847547774308954
2008-04-24,-0.00044271357042933795
2008-04-25,-0.00057602081499632
2008-04-28,0.0010108080950858352
2008-04-29,-0.005076124214877581
2008-04-30,0.0031064505680022925
2008-05-01,0.00011122469284908891
2008-05-02,0.0020843356856330014
2008-05-05,0.004220853219896665
2008-05-06,0.0013548559456246767
2008-05-07,-0.0015406472757550495
2008-05-08,0.003562802894025347
2008-05-09,0.00016849134347631165
2008-05-12,-0.0004156176548880831
2008-05-13,-0.001315165141747941
2008-05-14,-0.0004920669510217921
2008-05-15,0.0039824387946580395
2008-05-16,0.005342543595416755
2008-05-19,1.4816052604189574e-05
2008-05-20,0.0011194551916591424
2008-05-21,0.0004021193942069746
2008-05-22,-0.0005230537295449267
2008-05-23,-0.002845721506220527
2008-05-27,-0.0006107804389859695
2008-05-28,-0.00030766061971690124
2008-05-29,-0.004136436265600016
2008-05-30,0.0017254705510807438
2008-06-02,0.0009320381122788218
2008-06-03,-0.0025312282692609212
2008-06-04,-0.0003720459456310511
2008-06-05,-0.00025988496344255734
2008-06-06,0.004509735591851527
2008-06-09,-0.0010083773988209658
2008-06-10,-0.0034545075499095345
2008-06-11,0.003167647693380001
2008-06-12,-0.000675836286847259
2008-06-13,0.0001512603079588364
2008-06-16,0.0016333374215737302
2008-06-17,0.0007163644243863745
2008-06-18,0.001167871508970316
2008-06-19,0.0005106625689265565
2008-06-20,0.0012340042634760968
2008-06-23,-0.003191707413703695
2008-06-24,6.77008970730239e-05
2008-06-25,0.0006484881523558149
2008-06-26,0.004834777436921158
2008-06-27,-0.0002982723353564553
2008-06-30,0.0006844577971056504
2008-07-01,0.0019298144208679115
2008-07-02,0.0008681787945964229
2008-07-03,-0.0010753715421055448
2008-07-07,-0.0010144828297624924
2008-07-08,0.0032493016921009326
2008-07-09,0.0020070813515888374
2008-07-10,0.002767863018806653
2008-07-11,0.0018041799476251252
2008-07-14,0.0005539374080145694
2008-07-15,0.00014305222700514755
2008-07-16,0.00489228652060377
2008-07-17,-0.0005929310376623984
2008-07-18,0.0007032091921362318
2008-07-21,0.0009966913355167703
2008-07-22,-0.002022123079365681
2008-07-23,-0.002713359275440065
2008-07-24,0.0011658695339933135
2008-07-25,0.0007684403286423903
2008-07-28,0.0004612584365694372
2008-07-29,0.003337727741004287
2008-07-30,-0.00213248085835927
2008-07-31,0.0011967855270495647
2008-08-01,-0.0007684338235429964
2008-08-04,-0.002915113013749051
2008-08-05,-0.0039972503777448865
2008-08-06,0.0007669196600688641
2008-08-07,-0.00045369058047856287
2008-08-08,-0.002681681881274947
2008-08-11,-0.006834196849094403
2008-08-12,-0.0005121612559949196
2008-08-13,0.0009832704549490418
2008-08-14,-0.0032831178048755498
2008-08-15,-0.003978773795728675
2008-08-18,0.0026284665314663877
2008-08-19,0.0032929116206077942
2008-08-20,-0.0004710411147355869
2008-08-21,0.004493622561347487
2008-08-22,-0.0015356064059719678
2008-08-25,-2.055159027867945e-05
2008-08-26,0.00020951300201444234
2008-08-27,0.0002815475818440736
2008-08-28,0.0010598769683868264
2008-08-29,-0.0007181168835889996
2008-09-02,-0.006111699935658723
2008-09-03,-0.0012605647073406481
2008-09-04,-0.0007517352138523705
2008-09-05,0.001644281469252358
2008-09-08,-0.00015574557740297883
2008-09-09,-0.004077652443282965
2008-09-10,-0.005102358030109339
2008-09-11,-0.0027420939430659926
2008-09-12,0.005221916427161834
2008-09-15,0.00423140848043059
2008-09-16,-0.0004651265041423049
2008-09-17,0.01807939557938991
2008-09-18,-0.002625109804186836
2008-09-19,0.0003833917888243592
2008-09-22,0.004769522418766639
2008-09-23,-0.002600031266094064
2008-09-24,-0.001180138812465431
2008-09-25,-0.0011113895621727601
2008-09-26,0.0006343673755669253
2008-09-29,0.008225789565228453
2008-09-30,0.01281138470000048
2008-10-01,0.001248946465676421
2008-10-02,-0.0009586189243276462
2008-10-03,-0.0004131521345658381
2008-10-06,-0.0008985733444012918
2008-10-07,-0.011353529766484797
2008-10-08,-0.006659566994833872
2008-10-09,-0.019342584726254365
2008-10-10,-0.011321216846005172
2008-10-13,0.032321461201725216
2008-10-14,0.0011768520302141638
2008-10-15,0.0023749801532509853
2008-10-16,-0.0015842757799208475
2008-10-17,-0.0032862224657340183
2008-10-20,0.0022776403134090253
2008-10-21,-0.002033177181549838
2008-10-22,-0.009945414342707244
2008-10-23,-0.0024477858992826055
2008-10-24,0.004171529320739361
2008-10-27,-0.00014721156217583828
2008-10-28,0.03054240646132056
2008-10-29,0.0022461571689574014
2008-10-30,-0.004294429232152863
2008-10-31,-0.00347457371758184
2008-11-03,-0.00019413500357465233
2008-11-04,0.008031419666097404
2008-11-05,-0.009473331565959585
2008-11-06,-0.0019030637769983894
2008-11-07,0.0008418504732298764
2008-11-10,0.002389177122265414
2008-11-11,-0.005297590532329731
2008-11-12,-0.0033479359631264235
2008-11-13,0.016541271981434427
2008-11-14,0.0029054460429516057
2008-11-17,-0.0010252123370540491
2008-11-18,0.002961075107084056
2008-11-19,-1.6143552637784748e-05
2008-11-20,0.0019435631845899466
2008-11-21,0.02008854247533909
2008-11-24,0.004645558609289497
2008-11-25,4.623538696623908e-05
2008-11-26,-0.0007461228526490199
2008-11-28,9.356965822168557e-05
2008-12-01,-0.002403878369838473
2008-12-02,0.010317673437060877
2008-12-03,-0.0018310529772540966
2008-12-04,-0.00012027336201433361
2008-12-05,-0.001986509545476191
2008-12-08,0.003096399041296306
2008-12-09,0.0002415220390982286
2008-12-10,0.005231312338219226
2008-12-11,0.001375400410846368
2008-12-12,0.0005925848191799936
2008-12-15,0.0019835919118889006
2008-12-16,0.00137274920446126
2008-12-17,0.0010532920287082113
2008-12-18,-0.0013902002948743808
2008-12-19,-0.001271138307291567
2008-12-22,0.00045318387547496484
2008-12-23,-0.0008048701793039314
2008-12-24,0.0017984615747061745
2008-12-26,0.001012996700381952
2008-12-29,0.0005997995916015497
2008-12-30,-0.00022295911336413774
2008-12-31,-0.0008655434140056619
2009-01-02,-0.0007710147140613139
2009-01-05,0.0011791325760269365
2009-01-06,0.0005046965701921097
2009-01-07,-0.005109780392799272
2009-01-08,0.002994435500537989
2009-01-09,-0.0003521184506799811
2009-01-12,-0.003620191203772102
2009-01-13,0.0005438621237548163
2009-01-14,-0.003218907370929327
2009-01-15,0.0018148160748920755
2009-01-16,0.005849294141441641
2009-01-20,0.0031885669474245827
2009-01-21,0.008358414201077273
2009-01-22,0.0005641950676329166
2009-01-23,0.003886484560482216
2009-01-26,5.612353203150615e-05
2009-01-27,-0.0006081302315251898
2009-01-28,-0.0014716121443577002
2009-01-29,0.0026986527659608236
2009-01-30,0.0019371321214913225
2009-02-02,-0.0027134734406136308
2009-02-03,-0.0007842715440131209
2009-02-04,0.0017647441245868382
2009-02-05,0.0007309154736094541
2009-02-06,-0.0014236548151281975
2009-02-09,-0.001251051199642222
2009-02-10,0.002444387682312588
2009-02-11,0.004205455557327794
2009-02-12,0.0004666614570866128
2009-02-13,-0.0006993266705455889
2009-02-17,0.003232130363018521
2009-02-18,0.0025764552896364906
2009-02-19,-0.0023900532304488116
2009-02-20,-0.0028294435996303467
2009-02-23,-0.005776560297668935
2009-02-24,0.010546399234636452
2009-02-25,-0.003775257892695739
2009-02-26,-0.00012381268578701222
2009-02-27,-0.0007135229877223122
2009-03-02,-0.003516507450816617
2009-03-03,-0.003327803551952684
2009-03-04,-0.00017640508387215242
2009-03-05,0.008049016647975044
2009-03-06,0.0001346713867655701
2009-03-09,-0.0022114391834987344
2009-03-10,-0.0044028446078718045
2009-03-11,0.0034121091087051746
2009-03-12,0.0021957252390519474
2009-03-13,0.0002581454880102634
2009-03-16,-0.0004432117011887547
2009-03-17,-0.0012182041620826044
2009-03-18,0.009018122130680374
2009-03-19,0.0001848417885755484
2009-03-20,-0.000631196174061767
2009-03-23,-0.002134554390438826
2009-03-24,-0.00291599914578215
2009-03-25,0.002595053014016051
2009-03-26,-0.00033753312023823126
2009-03-27,-0.0021080404868667212
2009-03-30,-0.0016840251395094374
2009-03-31,0.0007982905847336928
2009-04-01,0.0026601815454259424
2009-04-02,-0.004610595706460311
2009-04-03,-0.002456677987063268
2009-04-06,-0.005808529689315892
2009-04-07,0.0032645684550065366
2009-04-08,4.153156350287764e-07
2009-04-09,-0.0008254421562549262
2009-04-13,0.004854647670249054
2009-04-14,-0.0007593175582274911
2009-04-15,0.00013306015096804934
2009-04-16,-0.0017640686123934345
2009-04-17,-0.0009664893174452773
2009-04-20,0.0032459395657914547
2009-04-21,0.0034797882168144264
2009-04-22,0.0005258746908415652
2009-04-23,0.0031180822179169383
2009-04-24,0.002028973106437433
2009-04-27,-0.0006417002785584596
2009-04-28,-0.003054040243521613
2009-04-29,0.00139723697819584
2009-04-30,-0.0014355862276296276
2009-05-01,-0.0004313620315901529
2009-05-04,0.0024564406403523183
2009-05-05,-0.0012115430004068007
2009-05-06,0.0018225649180908974
2009-05-07,-0.00014633478838591043
2009-05-08,0.0012395769509626117
2009-05-11,-0.00025436179859469475
2009-05-12,0.0009203628282048445
2009-05-13,0.0017496682711562995
2009-05-14,0.0001191007314281815
2009-05-15,0.0007710212856620837
2009-05-18,-0.004396804275300592
2009-05-19,0.0016942812615895913
2009-05-20,0.0031467990002307044
2009-05-21,0.006407386161816538
2009-05-22,0.001040496474615592
2009-05-26,-0.0012306180080676739
2009-05-27,-0.001175642071678889
2009-05-28,0.0033215007095596617
2009-05-29,0.007205813451479387
2009-06-01,-0.0017087183181382103
2009-06-02,0.0030190301823586592
2009-06-03,-0.008836993752919534
2009-06-04,0.008597784157931995
2009-06-05,-0.00414786327452449
2009-06-08,-0.0003823396095090206
2009-06-09,0.0005002779184046874
2009-06-10,2.9700393388447472e-05
2009-06-11,-0.00024112125928830202
2009-06-12,-0.0024884277433568046
2009-06-15,-0.0023052741139562506
2009-06-16,0.0010095833267871595
2009-06-17,0.0013579364060569612
2009-06-18,0.0005535593145104444
2009-06-19,0.000711379058213373
2009-06-22,-0.0031235045735614367
2009-06-23,0.0009049989571965689
2009-06-24,0.0030728028599473715
2009-06-25,0.0018248286580414272
2009-06-26,2.4857600305941047e-06
2009-06-29,-0.0004890319373956313
2009-06-30,-0.002334667066150622
2009-07-01,0.003911912058507004
2009-07-02,-0.003132977522237603
2009-07-06,-0.0015879398646610515
2009-07-07,-0.004446521167890427
2009-07-08,-0.0046314216272182115
2009-07-09,0.0007171913970109457
2009-07-10,0.00015723738263120183
2009-07-13,0.001227816290361634
2009-07-14,0.0011776957030164722
2009-07-15,0.0022171029203339318
2009-07-16,-0.00022866847200783303
2009-07-17,-4.5000814354650347e-08
2009-07-20,0.0016773281198978203
2009-07-21,-5.350952392851886e-05
2009-07-22,0.0004365601130425836
2009-07-23,0.005869981211617442
2009-07-24,0.000688510624342649
2009-07-27,0.0013570828407746347
2009-07-28,-0.003134438517038334
2009-07-29,-0.001574670476860625
2009-07-30,0.0034925777816219236
2009-07-31,0.003427873508960954
2009-08-03,0.006332093501357412
2009-08-04,0.0020933760280481047
2009-08-05,-0.0008165636135449779
2009-08-06,-0.002068459095644747
2009-08-07,0.0020203299833034026
2009-08-10,-0.001954589827610437
2009-08-11,-0.00348293023097108
2009-08-12,0.0039034290702576976
2009-08-13,0.00323471348982559
2009-08-14,-0.0035377970802503746
2009-08-17,-0.009752763469079025
2009-08-18,0.004475584569971778
2009-08-19,0.003384428276141399
2009-08-20,0.0024396699470876962
2009-08-21,0.007144775053555907
2009-08-24,-0.00372072323127655
2009-08-25,0.0013771664190983105
2009-08-26,-7.319498959041377e-06
2009-08-27,0.0011803687395188236
2009-08-28,0.0013711790370014906
2009-08-31,-0.00350952745415345
2009-09-01,-0.005290898397330875
2009-09-02,0.00665045059313136
2009-09-03,0.0056957983022723375
2009-09-04,0.0040307520398024065
2009-09-08,0.0021311557825301262
2009-09-09,0.0009084993440220417
2009-09-10,0.0045303043715088625
2009-09-11,0.0017218352018052994
2009-09-14,-0.001802126559344276
2009-09-15,0.0026309603797772495
2009-09-16,0.007628332911728902
2009-09-17,-0.0017674800969663964
2009-09-18,-0.001812511800206256
2009-09-21,-0.001216639855157764
2009-09-22,0.003554394148206707
2009-09-23,-0.0040507566639280445
2009-09-24,-0.0073133945792013474
2009-09-25,-0.003464958202826672
2009-09-28,0.005619979255110491
2009-09-29,-2.651723295274129e-05
2009-09-30,0.001861720928561277
2009-10-01,-0.01030769701874852
2009-10-02,-0.0005260382805224168
2009-10-05,0.0065853200192086715
2009-10-06,0.007702376951437777
2009-10-07,0.0008729783062008228
2009-10-08,0.00502406562009153
2009-10-09,-0.00014299185575765644
2009-10-12,0.001988577326623241
2009-10-13,0.0013567714208903142
2009-10-14,0.004463351566468993
2009-10-15,-0.0023572797026851487
2009-10-16,-0.0012617905055857877
2009-10-19,0.003751688784981634
2009-10-20,-0.002313977333191065
2009-10-21,-0.001399262995796057
2009-10-22,0.002905322419320141
2009-10-23,-0.003462118049006781
2009-10-26,-0.005175202524653624
2009-10-27,-0.0020971609066416912
2009-10-28,-0.01072700069146024
2009-10-29,0.013423343787846754
2009-10-30,-0.007518763161514616
2009-11-02,0.005136363476389969
2009-11-03,0.006138265668768737
2009-11-04,0.0017339292588071996
2009-11-05,0.005350977891981869
2009-11-06,0.0014241665789252026
2009-11-09,0.0079004776171161
2009-11-10,0.00038606513992597787
2009-11-11,0.0029779034988728806
2009-11-12,-0.004363299324034065
2009-11-13,0.005169168583856493
2009-11-16,0.006149649881362081
2009-11-17,0.001135235925106165
2009-11-18,0.0002703902202945023
2009-11-19,-0.003545552681662298
2009-11-20,0.00027395676312973356
2009-11-23,0.00510267325399291
2009-11-24,0.0012055015304331135
2009-11-25,0.005963534076622316
2009-11-27,-0.008325355169208508
2009-11-30,0.002391917265623339
2009-12-01,0.006252048266512
2009-12-02,0.00462921655362913
2009-12-03,-0.003353530430207409
2009-12-04,-0.005054342605205379
2009-12-07,-0.0018118795145880533
2009-12-08,-0.0071479017414454345
2009-12-09,0.0011741947641760986
2009-12-10,0.0014971685428284422
2009-12-11,-0.0015118797155091567
2009-12-14,0.0034342404592457767
2009-12-15,-0.0013944841368575484
2009-12-16,0.002443211646467174
2009-12-17,-0.009774889169553238
2009-12-18,0.0038310555675530843
2009-12-21,0.000586369301738293
2009-12-22,-0.0003116529488970815
2009-12-23,0.0017118888673901263
2009-12-24,0.004674522397612415
2009-12-28,0.0008226854940005205
2009-12-29,-0.0024767740038559244
2009-12-30,-0.0005759459208123055
2009-12-31,-0.0020381664671148734
2010-01-04,0.009136262083774549
2010-01-05,0.0004620685239839357
2010-01-06,0.0021771562493807964
2010-01-07,0.00011139925804565893
2010-01-08,0.0017855263131323928
2010-01-11,0.0033353913412895175
2010-01-12,-0.0050481791199951664
2010-01-13,0.003387855308621151
2010-01-14,0.0011983155211149486
2010-01-15,-0.00429531250672238
2010-01-19,0.0046497294301252904
2010-01-20,-0.007675881208068698
2010-01-21,-0.005996082785070163
2010-01-22,-0.008212950889164449
2010-01-25,0.0017709245992778913
2010-01-26,-0.0007630870313664443
2010-01-27,-0.0008263406812270497
2010-01-28,-0.003023643455847084
2010-01-29,-0.003864145778171703
2010-02-01,0.008085744549191302
2010-02-02,0.0044255970298324974
2010-02-03,-0.0016547651673798152
2010-02-04,-0.013833072659026297
2010-02-05,0.001712480663393389
2010-02-08,-0.002429507079021296
2010-02-09,0.005702545630228255
2010-02-10,-0.0008775971760686903
2010-02-11,0.0024882939256824356
2010-02-12,-8.146987000968149e-05
2010-02-16,0.0032291908447113324
2010-02-17,-8.682249796747722e-05
2010-02-18,0.0020695207028542982
2010-02-19,-0.0005396707515640507
2010-02-22,-0.0004532282744471188
2010-02-23,-0.0014674827861541207
2010-02-24,-0.00090682694747947
2010-02-25,0.0012476130859100398
2010-02-26,0.001830038918664808
2010-03-01,0.0002451532442973293
2010-03-02,0.0025102661077461273
2010-03-03,0.0008480576403240344
2010-03-04,-0.00014250865511155752
2010-03-05,0.0031103643711701567
2010-03-08,-0.001783876622079752
2010-03-09,0.0002483103682036322
2010-03-10,-0.0018604953575256176
2010-03-11,0.0011725816309451282
2010-03-12,-0.0008878512671613383
2010-03-15,0.0007676099933631557
2010-03-16,0.006064038829315333
2010-03-17,-0.001071352238075596
2010-03-18,0.0013146516156288574
2010-03-19,-0.0054881385983503225
2010-03-22,0.0008105663178308142
2010-03-23,0.0026693217423049104
2010-03-24,-0.00610480261317436
2010-03-25,0.0005888882778751324
2010-03-26,0.0030323182500067874
2010-03-29,0.0017733810745852775
2010-03-30,-0.001355916477436263
2010-03-31,0.001156494772603657
2010-04-01,0.003697774626940024
2010-04-05,0.0032524173215163193
2010-04-06,0.0009069699935132738
2010-04-07,0.0010820046610560156
2010-04-08,0.0012206454247935949
2010-04-09,0.003136968536566666
2010-04-12,-0.0005770640927088811
2010-04-13,-0.00018879799844585246
2010-04-14,0.00362880708241913
2010-04-15,0.0011208122527501222
2010-04-16,-0.007432084437354885
2010-04-19,0.0005063472293185788
2010-04-20,0.002415211759268789
2010-04-21,0.0027097594327756764
2010-04-22,0.0003164078835200128
2010-04-23,0.003213126726416226
2010-04-26,-0.0013135116058462777
2010-04-27,-0.003008616515076309
2010-04-28,-3.324377712585875e-05
2010-04-29,0.00311055066471246
2010-04-30,-0.001783899660005112
2010-05-03,0.004607890182058682
2010-05-04,-0.007140393797980217
2010-05-05,-0.0006772838187302449
2010-05-06,-0.0003178872800499574
2010-05-07,-0.0036416453341165155
2010-05-10,0.008282353805926713
2010-05-11,0.007008702190499596
2010-05-12,0.003229201878133286
2010-05-13,-0.001330498003149912
2010-05-14,-0.000843033169810273
2010-05-17,-0.000397787430738403
2010-05-18,0.0001606301405311587
2010-05-19,-0.006916198385226518
2010-05-20,-0.009040332220885633
2010-05-21,0.002281630400116334
2010-05-24,0.0024441807722657078
2010-05-25,0.0008058731103446896
2010-05-26,0.00168461131219149
2010-05-27,0.0010354325466867555
2010-05-28,-0.0021423376830329247
2010-06-01,0.0007482277276342431
2010-06-02,0.0005960317259828857
2010-06-03,-0.0013629169505074837
2010-06-04,0.0014770979874598397
2010-06-07,0.0005290427974715454
2010-06-08,-0.0004451308441229153
2010-06-09,-0.00043517889028564326
2010-06-10,-0.0014003361017516356
2010-06-11,0.0016319241154987114
2010-06-14,-0.0006307222511710682
2010-06-15,0.0028615646064505825
2010-06-16,-0.0009450036227082419
2010-06-17,0.0024408660110549272
2010-06-18,0.002477601511293596
2010-06-21,-0.005687240380474262
2010-06-22,0.0011587435667529428
2010-06-23,-0.0019095316649526792
2010-06-24,-0.003146046378769933
2010-06-25,0.0030118842451568083
2010-06-28,-0.003073888718618245
2010-06-29,0.00026256266937585817
2010-06-30,-0.000886148092505992
2010-07-01,-0.009366915593116368
2010-07-02,0.0010803039492056513
2010-07-06,0.0002411455424311832
2010-07-07,0.0014870226404465718
2010-07-08,-0.0003197055855856543
2010-07-09,0.0012670720023865308
2010-07-12,-0.0011209087914215384
2010-07-13,0.0010119884178868468
2010-07-14,-5.9920470376818234e-05
2010-07-15,-3.7980220371272126e-05
2010-07-16,-0.006845384816311245
2010-07-19,0.0002269369127284582
2010-07-20,0.0009092253825824172
2010-07-21,-0.0012393191149513854
2010-07-22,0.0015434602400180729
2010-07-23,-0.0008488645527424595
2010-07-26,0.0014844053260131152
2010-07-27,-0.002280404160094572
2010-07-28,-0.0007689492629773125
2010-07-29,0.0005674166908232988
2010-07-30,0.0011199262293587137
2010-08-02,0.0047590227231852425
2010-08-03,0.0008531707744589731
2010-08-04,0.0014534506913164331
2010-08-05,0.0006287807936958386
2010-08-06,0.0008924093515503741
2010-08-09,0.0007439970697582765
2010-08-10,0.00015279114689137395
2010-08-11,-0.0012811734225112064
2010-08-12,0.00011857743720034941
2010-08-13,-0.0006213962969925819
2010-08-16,0.0013444739608994387
2010-08-17,0.0025746752801767817
2010-08-18,0.0006611669546836421
2010-08-19,0.0001344466785557864
2010-08-20,-0.0005537970274035238
2010-08-23,-0.0003312881140164156
2010-08-24,-0.002455568285663011
2010-08-25,0.003290123894106149
2010-08-26,-0.0005404740044993544
2010-08-27,0.0002674900343565211
2010-08-30,-0.00014961516633753058
2010-08-31,0.0028688125949700993
2010-09-01,-0.00262082743058446
2010-09-02,0.0012676394534376309
2010-09-03,-0.001496400985663822
2010-09-07,-1.8183598378883076e-05
2010-09-08,-6.754413624157308e-05
2010-09-09,-0.0019581161472773125
2010-09-10,0.0002950645349594808
2010-09-13,-0.00016964289757963755
2010-09-14,0.0042855623024348885
2010-09-15,0.0005371233281723042
2010-09-16,0.0011835920135307351
2010-09-17,-0.001088475994764576
2010-09-20,0.0037743746290639078
2010-09-21,0.0016619469463058489
2010-09-22,-0.0005153724963998935
2010-09-23,-0.0013604801223420925
2010-09-24,0.00502254339271504
2010-09-27,-0.0010859295791108064
2010-09-28,0.003270657245715543
2010-09-29,4.374618185560517e-05
2010-09-30,-0.0008656232000258795
2010-10-01,0.003808331728823728
2010-10-04,-0.0028877312511186816
2010-10-05,0.01075045931833181
2010-10-06,0.0022927127070706903
2010-10-07,-0.003034435401452731
2010-10-08,0.004040246962662428
2010-10-11,0.0009266132584075963
2010-10-12,0.00019083036662087538
2010-10-13,0.004308630436877606
2010-10-14,0.0006547630858507321
2010-10-15,-0.0007046330174627668
2010-10-18,0.0024297699077930343
2010-10-19,-0.008289746672823178
2010-10-20,0.004975991143221012
2010-10-21,-0.002051269034111035
2010-10-22,0.0010333580945247056
2010-10-25,0.001762447178418539
2010-10-26,0.0002943240093674814
2010-10-27,-0.0028137393836237885
2010-10-28,0.0037446451389254653
2010-10-29,0.0019085589557937745
2010-11-01,-0.0008132755341746361
2010-11-02,0.0028387287425598938
2010-11-03,-0.0006976914634248136
2010-11-04,0.012324742183974773
2010-11-05,0.0010159147932659884
2010-11-08,0.0007162926101208836
2010-11-09,-0.002688977553770706
2010-11-10,0.00239675747979532
2010-11-11,-0.0009592079943881329
2010-11-12,-0.008919786077191197
2010-11-15,-0.0017396441980677526
2010-11-16,-0.005680712704221579
2010-11-17,-0.0008884780679206067
2010-11-18,0.005809566745180633
2010-11-19,0.0008057984384138313
2010-11-22,0.0018257614248290567
2010-11-23,-0.0028975047546876058
2010-11-24,0.00375662037808364
2010-11-26,-0.004275685594827187
2010-11-29,0.0010870929944753953
2010-11-30,0.0007336345799763859
2010-12-01,0.004890140425956627
2010-12-02,0.002583890845732421
2010-12-03,0.006555909591664199
2010-12-06,0.0009796019251294898
2010-12-07,-0.0012977741889758376
2010-12-08,-0.0018730331846723894
2010-12-09,0.001341401891448199
2010-12-10,0.0013890039617586638
2010-12-13,0.0002896209753298465
2010-12-14,0.0004056411259246355
2010-12-15,-0.0030400752436933647
2010-12-16,7.686240448566526e-05
2010-12-17,0.00024808568529915195
2010-12-20,0.0017353787117891871
2010-12-21,0.0017631254695691318
2010-12-22,0.0002133965374903256
2010-12-23,-0.0009165865933440435
2010-12-27,0.0007049345881480748
2010-12-28,0.002017149877256824
2010-12-29,0.0010794335634371796
2010-12-30,-0.0015525470221435175
2010-12-31,0.0026881658126876942
2011-01-03,0.0020672646318390473
2011-01-04,-0.005554190690671666
2011-01-05,0.0004840147623228397
2011-01-06,-0.0009700198968328629
2011-01-07,-0.0008569497954705623
2011-01-10,0.0005929659323739999
2011-01-11,0.0016837789070193682
2011-01-12,0.0037409516610908047
2011-01-13,-0.0018856000600862718
2011-01-14,0.00011051011546776499
2011-01-18,0.0013438962684473549
2011-01-19,-0.002339075098373273
2011-01-20,-0.0034980713126116243
2011-01-21,-0.00024209817478657164
2011-01-24,0.00128075770062669
2011-01-25,-0.00017927849387146063
2011-01-26,0.002882189328462746
2011-01-27,-0.0032608568989060073
2011-01-28,-0.0016734489321686258
2011-01-31,0.0013207561091012649
2011-02-01,0.005398472681847375
2011-02-02,-0.0015645524782687428
2011-02-03,0.0036110915814256423
2011-02-04,-0.0007277904535513537
2011-02-07,0.0015972228308679334
2011-02-08,0.0030976533985246453
2011-02-09,-0.0006582330981888289
2011-02-10,-0.00011019146301593889
2011-02-11,0.0009942375562565337
2011-02-14,0.001401554006348451
2011-02-15,0.0005897373969477346
2011-02-16,0.001970617527160258
2011-02-17,0.0017625108466980091
2011-02-18,0.0007785467127265675
2011-02-22,-0.004866304189645046
2011-02-23,0.0005256179794970038
2011-02-24,-0.0015756351892893892
2011-02-25,0.0046672440675952515
2011-02-28,0.001828388691891893
2011-03-01,-0.00010695612405139422
2011-03-02,0.0006589740392532868
2011-03-03,0.0006061056104185109
2011-03-04,0.00037397090266662845
2011-03-07,-0.0017830722671409124
2011-03-08,0.0015959749665814444
2011-03-09,-0.0004905470507401144
2011-03-10,-0.006057467005959324
2011-03-11,0.0021939067330693884
2011-03-14,-0.00047372990522906173
2011-03-15,-0.005667779981155111
2011-03-16,-0.004541140723602442
2011-03-17,0.004119043496436471
2011-03-18,0.0016694407441846162
2011-03-21,0.005773258571908234
2011-03-22,-0.0007879565714152385
2011-03-23,0.0022729735895219184
2011-03-24,0.0007395180213308615
2011-03-25,0.0006909711651157295
2011-03-28,-0.0015008490064398468
2011-03-29,0.0010872763873239532
2011-03-30,0.002492069492981573
2011-03-31,0.001980303220283685
2011-04-01,-0.00018663936306638062
2011-04-04,0.0012759199590342363
2011-04-05,0.0037662415676785414
2011-04-06,0.0012804809336203235
2011-04-07,-0.00035391335093977493
2011-04-08,0.0005851238376515057
2011-04-11,-0.001906598944872013
2011-04-12,-0.002939581089654024
2011-04-13,0.0007897908771635516
2011-04-14,0.0023656315168769605
2011-04-15,0.0033325649320118914
2011-04-18,-0.0015102537547105966
2011-04-19,0.0014127635417598683
2011-04-20,0.004118849330202881
2011-04-21,0.0016479314617324425
2011-04-25,2.964037520092909e-05
2011-04-26,0.001312037885417409
2011-04-27,0.007507941440486884
2011-04-28,0.0019808664816118055
2011-04-29,0.006246059198008186
2011-05-02,-0.004080326290652275
2011-05-03,-0.0021974076117523868
2011-05-04,-0.0056667013151557345
2011-05-05,-0.012175205480125522
2011-05-06,0.004815657260179632
2011-05-09,0.003611153896908972
2011-05-10,0.0031971201052844256
2011-05-11,-0.0038736487737321803
2011-05-12,0.0014236178363809901
2011-05-13,-0.003206392259852039
2011-05-16,-0.0032696449934744667
2011-05-17,-0.0005514216817876675
2011-05-18,0.003368879678858033
2011-05-19,0.0007079411757929305
2011-05-20,0.0006662210690107058
2011-05-23,-0.0008631752843386656
2011-05-24,0.00019922320087387244
2011-05-25,0.0010092342769551475
2011-05-26,0.0008657791845382999
2011-05-27,0.003060106321992507
2011-05-31,0.00258014677578561
2011-06-01,-0.005176890881153276
2011-06-02,-0.0007232976654380735
2011-06-03,0.0006391865139197324
2011-06-06,-0.002494796616216627
2011-06-07,-0.0003713101885006215
2011-06-08,-0.0021416273133861557
2011-06-09,0.002724092261385082
2011-06-10,-0.001791976671709364
2011-06-13,-0.0020592943364679474
2011-06-14,0.0015552496537239765
2011-06-15,-0.0032682434162285704
2011-06-16,-4.1384407826224284e-05
2011-06-17,0.0013758599386169861
2011-06-20,0.00027552034821038654
2011-06-21,0.0007171873721430756
2011-06-22,-0.0010822677748640536
2011-06-23,-0.002997739553922926
2011-06-24,-0.004983529511170382
2011-06-27,-0.00035042460770732923
2011-06-28,0.001233426408753744
2011-06-29,0.00246885447823918
2011-06-30,-0.0021502635251519305
2011-07-01,-0.001740013661673537
2011-07-05,0.0052790175767649505
2011-07-06,0.0031031560625771008
2011-07-07,0.0030988666963652593
2011-07-08,-0.0004589011519815238
2011-07-11,-0.0031322346527960627
2011-07-12,-8.948286931523904e-05
2011-07-13,0.0024715404412776537
2011-07-14,-0.0014034092791854328
2011-07-15,0.002591342673211387
2011-07-18,-0.0004667331568477108
2011-07-19,0.0022570420806675576
2011-07-20,0.0011264070732180064
2011-07-21,0.0021561544547891217
2011-07-22,0.0019179776865214716
2011-07-25,1.1679660982055447e-05
2011-07-26,-0.0002720389858456668
2011-07-27,-0.006230042091441896
2011-07-28,-0.0002699241424044358
2011-07-29,-5.0414408397190776e-05
2011-08-01,-0.0017955987944588826
2011-08-02,-0.0005939754893751264
2011-08-03,0.00022759335943430039
2011-08-04,-0.0029980801466699346
2011-08-05,0.0012009221966890534
2011-08-08,-0.008301654011908254
2011-08-09,0.013787446476502667
2011-08-10,0.00796746830706713
2011-08-11,-0.0002060125898899431
2011-08-12,0.0004455472162234537
2011-08-15,-0.0013349312311249522
2011-08-16,0.0008125559194480651
2011-08-17,0.00017788533255285775
2011-08-18,0.0012255189536275186
2011-08-19,-0.0024519502540824275
2011-08-22,0.0017567812111743825
2011-08-23,0.0035350573461964156
2011-08-24,-0.001834173393667116
2011-08-25,0.0008760250894443648
2011-08-26,0.0012037031161424097
2011-08-29,-0.001871931220791584
2011-08-30,0.004165264047734823
2011-08-31,-0.002349943669911336
2011-09-01,0.00010354411400676595
2011-09-02,0.003794212775129374
2011-09-06,-0.0005013207913803635
2011-09-07,0.005902971875467185
2011-09-08,0.0031523263878651757
2011-09-09,-0.0007007688233019888
2011-09-12,-0.002380219892241534
2011-09-13,0.0012283020384256296
2011-09-14,-0.0016102821281530314
2011-09-15,-0.0018639099734421107
2011-09-16,0.0013677147487200813
2011-09-19,-0.002065972968116558
2011-09-20,0.0024349657919093422
2011-09-21,-0.00349287331692853
2011-09-22,-0.010439084893434543
2011-09-23,-0.00853348660912421
2011-09-26,-0.0036575627776074702
2011-09-27,0.00481828224279909
2011-09-28,-0.009052688517506628
2011-09-29,0.0026026105895628634
2011-09-30,0.0005141791922562779
2011-10-03,0.004435576519184679
2011-10-04,-0.0008571127524004459
2011-10-05,0.0027374225288837794
2011-10-06,0.0009275626064929838
2011-10-07,-0.0024802076393933854
2011-10-10,0.0041397396024017725
2011-10-11,-0.0005219189835860946
2011-10-12,0.0010242514753068149
2011-10-13,-0.0011943747749551315
2011-10-14,0.0011308978048419503
2011-10-17,-0.0008446790397118776
2011-10-18,-0.00036071187158085235
2011-10-19,-0.0035533033032285125
2011-10-20,-0.0031029842899372305
2011-10-21,0.002504381960183726
2011-10-24,0.0022255541974427993
2011-10-25,0.004866056720222785
2011-10-26,0.0013633345261219714
2011-10-27,0.002292050699833016
2011-10-28,7.440559507102963e-05
2011-10-31,-0.0025013492909346682
2011-11-01,-0.0010496872079037653
2011-11-02,0.0028465983808884454
2011-11-03,0.006441196035366579
2011-11-04,-0.0008538187355098616
2011-11-07,0.0028335416846190257
2011-11-08,-0.0015955746961515236
2011-11-09,-0.009006126009308255
2011-11-10,0.00147624125048882
2011-11-11,0.005079106608950508
2011-11-14,-0.0004331653047228661
2011-11-15,0.00015721961530053025
2011-11-16,-0.0022767531732513792
2011-11-17,-0.007271048285878368
2011-11-18,0.00018237222449403012
2011-11-21,-0.0084078005101175
2011-11-22,0.001110448207636711
2011-11-23,-0.004956264246248545
2011-11-25,-0.0016468800156841372
2011-11-28,0.010805987358431936
2011-11-29,0.0005938180719535326
2011-11-30,0.003273613168253686
2011-12-01,-0.0005369963748781949
2011-12-02,0.00016982895906864233
2011-12-05,-0.001993870484015385
2011-12-06,0.0008541504376322937
2011-12-07,0.0014873278973462822
2011-12-08,-0.002562504944516898
2011-12-09,0.004151977100531002
2011-12-12,-0.004499817678302822
2011-12-13,-0.0036982257588580696
2011-12-14,-0.011264222294109645
2011-12-15,0.00016506647731579687
2011-12-16,0.0030484709556213904
2011-12-19,-0.0002638289271275535
2011-12-20,0.009047874185526762
2011-12-21,0.00028315214504844976
2011-12-22,-0.0013691222649564775
2011-12-23,0.0002912189729904514
2011-12-27,-0.0012953436102760712
2011-12-28,-0.0037666923668604525
2011-12-29,-0.0008086611510343213
2011-12-30,0.0019918981788358166
2012-01-03,0.005167130718879077
2012-01-04,0.0010219370482777777
2012-01-05,0.001183264740541662
2012-01-06,-0.0007222014488513821
2012-01-09,0.00014473837028134047
2012-01-10,0.0027307786417727228
2012-01-11,0.001180052128384609
2012-01-12,0.0009543142248464517
2012-01-13,-0.0017175357514268288
2012-01-17,0.0017896027195456105
2012-01-18,0.005046699609911527
2012-01-19,0.0011039824477033387
2012-01-20,0.0007063573274105153
2012-01-23,0.0019072800558260965
2012-01-24,-0.001501927558410454
2012-01-25,0.006968102724599204
2012-01-26,-0.0008431364358686424
2012-01-27,0.0013307788560586672
2012-01-30,-0.0013148418037621462
2012-01-31,0.0017207649977566265
2012-02-01,0.002943375178684195
2012-02-02,0.0025137637290094396
2012-02-03,-0.0005012089654313585
2012-02-06,-0.001401614203170036
2012-02-07,0.003366414568364411
2012-02-08,-0.0007792922158669025
2012-02-09,0.0002786107637190949
2012-02-10,-0.002949173392891464
2012-02-13,0.002528772834063619
2012-02-14,-0.0004993844197415733
2012-02-15,-0.00036311190451723797
2012-02-16,0.003442076931011076
2012-02-17,-9.841257756420537e-05
2012-02-21,0.004202429707896097
2012-02-22,0.0008592359464179898
2012-02-23,0.001433330811610388
2012-02-24,-9.664298327943669e-06
2012-02-27,-0.00020745790636577803
2012-02-28,0.0045132584671881155
2012-02-29,-0.01641060530659782
2012-03-01,0.0055441764022527255
2012-03-02,-0.0009142775811394118
2012-03-05,-0.0022637801021941776
2012-03-06,-0.007613990935372866
2012-03-07,0.003326190989150688
2012-03-08,0.004366293261240366
2012-03-09,0.0021454406113391427
2012-03-12,-0.0004195232699696865
2012-03-13,0.002869251077164089
2012-03-14,-0.004309818995094247
2012-03-15,0.0030500403094027313
2012-03-16,-0.00048795983391333514
2012-03-19,0.0015371530816324754
2012-03-20,-0.003320333065661759
2012-03-21,-0.0002713357096297444
2012-03-22,-0.0023157508172460717
2012-03-23,0.0016263955051124678
2012-03-26,0.0059921585894452695
2012-03-27,-0.0008988246672345791
2012-03-28,-0.003534487008325364
2012-03-29,-0.0007457311885996702
2012-03-30,0.0014469552346431664
2012-04-02,0.0028693313797903052
2012-04-03,-0.0034387071853396204
2012-04-04,-0.005284061536898336
2012-04-05,0.0019256689063165931
2012-04-09,-0.0017096245520718024
2012-04-10,-0.002938245779985275
2012-04-11,0.002234120909983761
2012-04-12,0.004698951361315235
2012-04-13,-0.006292388897805299
2012-04-16,-0.0013891184282878342
2012-04-17,0.004899545338599214
2012-04-18,-0.0021189686252917586
2012-04-19,-0.001648679025724389
2012-04-20,0.0002379127805834762
2012-04-23,-0.002980911048544974
2012-04-24,0.000863301433757231
2012-04-25,0.004678752842669475
2012-04-26,0.002875490291722872
2012-04-27,0.0008534334185384196
2012-04-30,-0.0007246732851984867
2012-05-01,0.0011674377020134473
2012-05-02,-0.001117811535293142
2012-05-03,-0.0034478284954216117
2012-05-04,-0.005170329872460355
2012-05-07,0.00010098544501941338
2012-05-08,-0.002883427089541362
2012-05-09,-0.003501909137012973
2012-05-10,0.0006628820803545573
2012-05-11,-0.002033043294700874
2012-05-14,-0.005177085168523193
2012-05-15,-0.003540325317045967
2012-05-16,-0.0019752047303701926
2012-05-17,-0.0007575905441442512
2012-05-18,-0.001566930853448295
2012-05-21,0.0063889889180016235
2012-05-22,-0.0021887545344264304
2012-05-23,-0.0005011910918521489
2012-05-24,-8.865366144077827e-05
2012-05-25,0.0010532757712803397
2012-05-29,-0.0012770766260940935
2012-05-30,0.0008959280272290159
2012-05-31,-0.0003345729696962082
2012-06-01,0.006485376294075789
2012-06-04,0.000628856547079933
2012-06-05,0.0017029085869475272
2012-06-06,0.00017703587981172684
2012-06-07,-0.0009419104972722457
2012-06-08,0.0006764113931303663
2012-06-11,0.00012107291178469702
2012-06-12,0.001558803480463528
2012-06-13,0.000314859068659269
2012-06-14,0.00047246286270943144
2012-06-15,0.00028116659966328453
2012-06-18,0.0003200342471677653
2012-06-19,-0.00025161887379425906
2012-06-20,-0.0008789024704127635
2012-06-21,-0.004201985218043349
2012-06-22,0.001593814409396988
2012-06-25,-1.6746180153356417e-06
2012-06-26,0.0002557663151015613
2012-06-27,0.00031877999728118953
2012-06-28,-0.0018959656135237434
2012-06-29,0.005138272043526772
2012-07-02,2.0645323534321448e-05
2012-07-03,0.0038063208291549563
2012-07-05,-0.0032373335710172485
2012-07-06,-0.004250637757992609
2012-07-09,-0.00015076202947649468
2012-07-10,-0.003813161313310661
2012-07-11,0.0003907073619026438
2012-07-12,-0.001810934788345292
2012-07-13,0.005665108972039106
2012-07-16,-0.0004953345708954181
2012-07-17,0.0010033580859390124
2012-07-18,0.0017359662441059518
2012-07-19,0.0012662204991338616
2012-07-20,-0.002212459614126836
2012-07-23,-0.003736307066488797
2012-07-24,-0.0018506785554868272
2012-07-25,0.0034735198927013265
2012-07-26,0.004940769868965496
2012-07-27,0.005283596127271946
2012-07-30,-0.00011528647259324174
2012-07-31,-0.002251403211452116
2012-08-01,-0.002184736063240031
2012-08-02,-0.00172822575331795
2012-08-03,0.0022026542590233697
2012-08-06,0.0013851478341503198
2012-08-07,0.0014641397599109327
2012-08-08,0.00039597344141671697
2012-08-09,0.0007312798511945245
2012-08-10,0.0005437677136140248
2012-08-13,-0.0007723656141270156
2012-08-14,-0.0010487605543028856
2012-08-15,0.001017723461839082
2012-08-16,0.0030297469958250776
2012-08-17,0.0006617753880901812
2012-08-20,0.00048685646754875506
2012-08-21,0.0015434144312986655
2012-08-22,0.0026272971549981057
2012-08-23,-0.0005254391729263158
2012-08-24,0.0018635009202471915
2012-08-27,-0.0007861968101787059
2012-08-28,0.00019842962308898722
2012-08-29,-0.001651614526322632
2012-08-30,-0.0024605744718150225
2012-08-31,0.006524862155686125
2012-09-04,7.476262090042718e-05
2012-09-05,-0.0005311066857653897
2012-09-06,0.006548824331897043
2012-09-07,0.011591416139346509
2012-09-10,-0.0036330404145342174
2012-09-11,0.0011964915771032567
2012-09-12,0.0010053870958383825
2012-09-13,0.006438558392197702
2012-09-14,0.0020235403230931277
2012-09-17,-0.002477161330743656
2012-09-18,0.000646318699098133
2012-09-19,0.0002527230492202402
2012-09-20,-0.00020085153839003746
2012-09-21,-0.0009072768759335124
2012-09-24,-0.0021831656301114794
2012-09-25,-0.0036820619656189753
2012-09-26,-0.0035978571353633138
2012-09-27,0.005986127333466686
2012-09-28,-0.001901798902903346
2012-10-01,0.0009963757414187034
2012-10-02,0.0001592750167846514
2012-10-03,0.0015822822716695805
2012-10-04,0.0032464183305763684
2012-10-05,-0.0018061514169025034
2012-10-08,-0.0018908722931435782
2012-10-09,-0.004146953212992453
2012-10-10,-0.002170274206769775
2012-10-11,0.0003779297092918667
2012-10-12,-0.0020397039456142305
2012-10-15,-0.0004547976716558159
2012-10-16,0.004999314515357426
2012-10-17,0.001204712031245645
2012-10-18,-0.0021210891393616043
2012-10-19,-0.007895572384609896
2012-10-22,0.001820932374061713
2012-10-23,-0.005770935951177737
2012-10-24,-0.0012386091254987914
2012-10-25,0.0024334271707404953
2012-10-26,-0.0002479904377035866
2012-10-31,0.001455713737587406
2012-11-01,0.0011619356773249368
2012-11-02,-0.007645526741451243
2012-11-05,0.0015352134132655256
2012-11-06,0.006347516261281797
2012-11-07,-0.005362810945736284
2012-11-08,-0.0020164407324211337
2012-11-09,0.00024902673565046216
2012-11-12,-0.0001113305392060002
2012-11-13,-0.0009228968577808236
2012-11-14,-0.0031192900917244542
2012-11-15,-0.001258281685939745
2012-11-16,0.0007540134267706111
2012-11-19,0.005467350255573826
2012-11-20,-0.0007272510983511554
2012-11-21,0.0004943410948321524
2012-11-23,0.004317407646589214
2012-11-26,-0.0007127267042411651
2012-11-27,-0.0015325597880259485
2012-11-28,-0.001542547563886658
2012-11-29,0.0016142940497535017
2012-11-30,-0.001219747407582247
2012-12-03,-0.00095638522678887
2012-12-04,-0.0021727559327206366
2012-12-05,-0.0002916863076116653
2012-12-06,0.00121947699988257
2012-12-07,0.0013690076544761777
2012-12-10,0.0005480269734909397
2012-12-11,0.0012996516374200987
2012-12-12,0.0001131070642091859
2012-12-13,-0.002427878664276753
2012-12-14,-0.0012064636760870332
2012-12-17,0.0029815290994594447
2012-12-18,0.001092789199212726
2012-12-19,-0.0018466719315021697
2012-12-20,-0.0007288401760904794
2012-12-21,-0.002663532434262969
2012-12-24,-0.0003767060138561098
2012-12-26,-0.0005602293323859795
2012-12-27,3.278981879686004e-05
2012-12-28,-0.003006556290580798
2012-12-31,0.004827225852012434
2013-01-02,0.006974105304383529
2013-01-03,-0.004064602215739036
2013-01-04,2.475116745812684e-05
2013-01-07,-0.0007903818940540794
2013-01-08,0.000693029699896579
2013-01-09,-9.040911727072017e-05
2013-01-10,0.00138464533352363
2013-01-11,-0.0007987273344382389
2013-01-14,8.774302035422803e-05
2013-01-15,0.0011818472789419253
2013-01-16,0.00020869350351856005
2013-01-17,0.0019994798117226355
2013-01-18,0.000235577655488181
2013-01-22,0.00191340162248283
2013-01-23,-0.0001812190328309587
2013-01-24,-0.0019855207916950387
2013-01-25,0.0009956919081408225
2013-01-28,-0.000344402975182407
2013-01-29,0.001142527661720314
2013-01-30,0.00034243275598983946
2013-01-31,-0.0017280702624516587
2013-02-01,0.003236243855808501
2013-02-04,-0.0024890417917703407
2013-02-05,0.003286173410134409
2013-02-06,0.0006354733976879398
2013-02-07,-0.0006788982102792766
2013-02-08,0.0013586645348906885
2013-02-11,-0.0017403981583557601
2013-02-12,0.00019580484262397344
2013-02-13,-0.00043689471193724094
2013-02-14,-0.00018051295022848812
2013-02-15,-0.0010491591062689641
2013-02-19,0.0016627707544087107
2013-02-20,-0.006257060391656921
2013-02-21,-0.0007760614177506303
2013-02-22,0.002560723981121693
2013-02-25,-0.0031788090566167724
2013-02-26,0.0032443556030828714
2013-02-27,0.0010570581560341396
2013-02-28,-0.001880139054149997
2013-03-01,0.0003210489597653412
2013-03-04,0.0010511367398066875
2013-03-05,0.002229792855497164
2013-03-06,0.001424818629181977
2013-03-07,0.0002617583322335151
2013-03-08,0.0008757680761207604
2013-03-11,0.0011054040248807654
2013-03-12,0.0002092940127544847
2013-03-13,-0.0005612602027101412
2013-03-14,0.0011160933032429371
2013-03-15,-0.0009873591512483502
2013-03-18,0.0007382939086767102
2013-03-19,-0.00010940839641145734
2013-03-20,0.0011151319002919188
2013-03-21,-0.0015004528456962073
2013-03-22,0.0016771423063383032
2013-03-25,-0.0009712151625498596
2013-03-26,0.001570928535509244
2013-03-27,0.0005749804130986497
2013-03-28,0.00020634270501508926
2013-04-01,-0.0009357627118072157
2013-04-02,0.00021416962568393408
2013-04-03,-0.0027882628468626296
2013-04-04,0.0006315367619100646
2013-04-05,-0.000325228421217698
2013-04-08,0.0013143913632403094
2013-04-09,0.00229208271188312
2013-04-10,-0.003473524846199805
2013-04-11,0.0008179546506071943
2013-04-12,-0.005227791230494638
2013-04-15,-0.02207609252455204
2013-04-16,0.006473649887155437
2013-04-17,-0.003763055525274627
2013-04-18,0.00022767111830285843
2013-04-19,0.0045875235804242204
2013-04-22,0.004484626319616651
2013-04-23,0.0012541015307269072
2013-04-24,0.001824462185385422
2013-04-25,0.003510933980747791
2013-04-26,-0.0010217471434233755
2013-04-29,0.0028023315882260173
2013-04-30,0.0009387486694221951
2013-05-01,-0.004307147524400083
2013-05-02,0.003225250873299108
2013-05-03,0.00273609756512853
2013-05-06,0.0007099517897774584
2013-05-07,0.0007749060475569697
2013-05-08,0.0023322734974535303
2013-05-09,-0.0009834059234067295
2013-05-10,0.00041826658661043637
2013-05-13,-0.0007547254975346611
2013-05-14,0.0017893177684013132
2013-05-15,-0.004805949487417828
2013-05-16,-0.0018317961565633939
2013-05-17,-0.001052760472391081
2013-05-20,0.005474591998005201
2013-05-21,-0.001054704320361906
2013-05-22,-0.003442570805163434
2013-05-23,0.0028280499277989765
2013-05-24,-0.0009518811381679356
2013-05-28,0.0014857943284779954
2013-05-29,0.00017162154070665052
2013-05-30,0.0027344274694338726
2013-05-31,-0.007825472322204869
2013-06-03,0.00554543647344645
2013-06-04,-0.0019465203390644538
2013-06-05,-0.003648554154778906
2013-06-06,0.002977509294300562
2013-06-07,0.0019070545388393428
2013-06-10,0.0008481253305415357
2013-06-11,-0.003186289438464005
2013-06-12,-0.001924578796013239
2013-06-13,0.004166268848862304
2013-06-14,-0.0012557471982879939
2013-06-17,0.0018359494990421521
2013-06-18,0.0006425535980487923
2013-06-19,-0.004975887535778947
2013-06-20,-0.012827655258675345
2013-06-21,0.001362380014003411
2013-06-24,-0.004543320052423891
2013-06-25,0.001496750413351121
2013-06-26,-0.008926758669041732
2013-06-27,-0.002214560395517989
2013-06-28,0.004141466538005501
2013-07-01,0.00345595563049173
2013-07-02,-0.0017960676228806751
2013-07-03,0.0012644951913878346
2013-07-05,-0.001253796493643771
2013-07-08,0.002721701581809988
2013-07-09,0.0031570585483071366
2013-07-10,0.0005384560293560635
2013-07-11,0.00690745286549432
2013-07-12,0.00015402794492701003
2013-07-15,0.0010309348007533595
2013-07-16,-0.0002570183778332904
2013-07-17,2.8373653146277346e-05
2013-07-18,0.0017281842852636211
2013-07-19,5.477186223002003e-05
2013-07-22,0.006133594160471014
2013-07-23,-0.0007674264067349699
2013-07-24,-0.0008319516759523773
2013-07-25,0.0014300123113889932
2013-07-26,0.00055267399857489
2013-07-29,-0.0008554450194355091
2013-07-30,0.0003045325108293057
2013-07-31,0.00017250649610919269
2013-08-01,0.0023152447670944072
2013-08-02,0.0005475430864133471
2013-08-05,-0.0011465593482190362
2013-08-06,-0.003511059735682793
2013-08-07,-0.0006353928303213868
2013-08-08,0.003387645794105865
2013-08-09,-0.0009189741152266397
2013-08-12,0.0015352523037408042
2013-08-13,0.0005201274822315142
2013-08-14,-0.0008713630926468452
2013-08-15,-0.002815644198883617
2013-08-16,-0.0001872482070716402
2013-08-19,-0.0019901967204881067
2013-08-20,0.0018290849405457356
2013-08-21,-0.0007514394195941715
2013-08-22,0.0012618018173417749
2013-08-23,0.0027520154480028705
2013-08-26,-0.0004309366559835181
2013-08-27,-0.0002534011384368927
2013-08-28,0.00032275545586731507
2013-08-29,-0.000919314823206335
2013-08-30,-0.0018804952886015782
2013-09-03,0.0015562967942264
2013-09-04,-0.00013978684992019264
2013-09-05,-0.0017405761405783972
2013-09-06,0.002087435377700396
2013-09-09,0.0026053418459917755
2013-09-10,-0.00015172003308131302
2013-09-11,0.0006066006050333163
2013-09-12,-0.004631222784767172
2013-09-13,0.000687770695117919
2013-09-16,0.0004703986498854633
2013-09-17,0.0017622754999773883
2013-09-18,0.012255560418021706
2013-09-19,-0.0002682396840193587
2013-09-20,-0.006041188437766479
2013-09-23,-0.0016637213510485005
2013-09-24,-0.0005404216267629998
2013-09-25,0.00028673672446249824
2013-09-26,0.0006976818244176326
2013-09-27,-0.0006679724363686413
2013-09-30,-0.0021283869486066987
2013-10-01,8.309408935065418e-05
2013-10-02,0.0031653557894700986
2013-10-03,-0.0033328698672448927
2013-10-04,0.0023466148249620274
2013-10-07,-0.0022692434701568846
2013-10-08,-0.004791804582200602
2013-10-09,-0.0011446675806243874
2013-10-10,-0.0007023921434674083
2013-10-11,0.0011052300503112096
2013-10-14,0.0015929680624657914
2013-10-15,-0.0009312518038294877
2013-10-16,0.004247653051699186
2013-10-17,0.005113656582842808
2013-10-18,0.001703448879516416
2013-10-21,0.0001722599145055556
2013-10-22,0.0024632757494184023
2013-10-23,-0.0018108208246110018
2013-10-24,0.0016268947223305485
2013-10-25,0.002334018940557681
2013-10-28,0.0004515776882180778
2013-10-29,0.0011313102127041203
2013-10-30,-0.0013670477366644089
2013-10-31,-0.0019582687930406184
2013-11-01,5.9664134265061813e-05
2013-11-04,0.000858436765978136
2013-11-05,-0.0011607051290166048
2013-11-06,0.002284417138597161
2013-11-07,-0.005789263885728805
2013-11-08,0.002709178723545436
2013-11-11,-0.00046828747515846776
2013-11-12,-0.002292739764031288
2013-11-13,0.00338074494134308
2013-11-14,0.0029340723476231753
2013-11-15,0.0013301745137888172
2013-11-18,-0.0030041176075556496
2013-11-19,-0.0008115602705847183
2013-11-20,-0.0056558190052266154
2013-11-21,0.002421435383686262
2013-11-22,0.0015369474332262672
2013-11-25,0.0006859754217932437
2013-11-26,-0.00026043697796098006
2013-11-27,0.0006951151194804092
2013-11-29,0.002031481473117543
2013-12-02,-0.00411156589477752
2013-12-03,-0.0006010720838334108
2013-12-04,0.004222013132721976
2013-12-05,-0.0024423564161911724
2013-12-06,0.003727122759739191
2013-12-09,0.0021636221019653377
2013-12-10,0.0005736154681724582
2013-12-11,-0.004541298142038383
2013-12-12,-0.004394530936929442
2013-12-13,0.0003953260850447778
2013-12-16,0.002172134070473299
2013-12-17,-0.0015375782748023132
2013-12-18,0.004649708248086031
2013-12-19,-0.0028553051338710464
2013-12-20,0.002341997811611449
2013-12-23,0.0017676546103400732
2013-12-24,0.0012601922101721657
2013-12-26,0.0027734339407903584
2013-12-27,0.0001048531535631029
2013-12-30,-0.0010864177521193433
2013-12-31,0.0025364067655781154
2014-01-02,-0.0005417099234918134
2014-01-03,0.00023653589084499338
2014-01-06,-0.0009706478064445483
2014-01-07,0.0016721871549164992
2014-01-08,-0.00020945229636239063
2014-01-09,0.0001622249626300719
2014-01-10,0.002028073392056807
2014-01-13,-0.003556731880740196
2014-01-14,0.0032356182424101427
2014-01-15,0.0015437034657509114
2014-01-16,-0.0001964228228387517
2014-01-17,-0.0004263289913137776
2014-01-21,0.00043700271297538644
2014-01-22,-4.292448754211113e-05
2014-01-23,0.002016783786404699
2014-01-24,-0.005324017624410129
2014-01-27,-0.004316688346899522
2014-01-28,0.0013402953663212119
2014-01-29,0.00011567143062330039
2014-01-30,-0.0010643259079281498
2014-01-31,-0.0007987485910927274
2014-02-03,-0.004354769664127271
2014-02-04,0.001382674082271221
2014-02-05,0.0002776459359441003
2014-02-06,0.00014418556275379134
2014-02-07,0.00413691147093012
2014-02-10,0.002230346706248651
2014-02-11,0.004261165592143623
2014-02-12,0.0003119416097246498
2014-02-13,0.0024767098205401676
2014-02-14,0.004359349520606083
2014-02-18,0.0008843620706916989
2014-02-19,-0.0026676564430579046
2014-02-20,0.00483151924792368
2014-02-21,-0.0003377663620928176
2014-02-24,0.002721014820931963
2014-02-25,0.00023491717213575567
2014-02-26,-0.0012542476453459065
2014-02-27,0.0016013245202497668
2014-02-28,-0.00014433372986759612
2014-03-03,0.0033308365811848435
2014-03-04,0.0008131401957638049
2014-03-05,0.0005937781811915814
2014-03-06,0.002029889696671068
2014-03-07,-0.0011020675153435957
2014-03-10,-1.122926777065165e-05
2014-03-11,-0.0008220148250512884
2014-03-12,0.0018124034444225849
2014-03-13,-0.0028498962811148595
2014-03-14,-0.0005023679690449923
2014-03-17,0.0005467652117026353
2014-03-18,0.0004523161099669235
2014-03-19,-0.0053438297738286275
2014-03-20,0.0009404791529869026
2014-03-21,-0.0017709952853573244
2014-03-24,-0.004714342762970722
2014-03-25,0.001612735898257704
2014-03-26,-0.0036216907235727576
2014-03-27,-0.0018005749027564834
2014-03-28,0.0011010889862772828
2014-03-31,0.0011476895787194729
2014-04-01,0.0021475089055988184
2014-04-02,0.002429298687137272
2014-04-03,-0.0009878404342657486
2014-04-04,-0.0015911199723573641
2014-04-07,-0.003612681624893076
2014-04-08,0.0020771505840313253
2014-04-09,0.002902284265977064
2014-04-10,-0.004201663357984222
2014-04-11,-0.0025578005345587964
2014-04-14,0.0029339263098328806
2014-04-15,-0.0009087899436245304
2014-04-16,0.0022234471072909105
2014-04-17,-0.0005920108984122435
2014-04-21,0.00039251777295420476
2014-04-22,0.0006481135411127153
2014-04-23,-0.0006339860846166504
2014-04-24,0.001703063810051439
2014-04-25,-0.00021080390179922803
2014-04-28,0.0003497146669326853
2014-04-29,0.0009906902392889912
2014-04-30,-0.00028188348339411415
2014-05-01,-0.00013701102087860606
2014-05-02,-1.2749198851384085e-05
2014-05-05,0.0010462561130298886
2014-05-06,-0.0023712625139936452
2014-05-07,-0.0009714627438309944
2014-05-08,-0.00023352778278288428
2014-05-09,0.00032440414295296374
2014-05-12,0.0028032098106873394
2014-05-13,-6.42636023465864e-05
2014-05-14,-0.00019574634601320757
2014-05-15,-0.0032112096369535385
2014-05-16,0.0007902460167074812
2014-05-19,0.0010213987127384837
2014-05-20,-0.0013019120861652185
2014-05-21,0.0018365778727382491
2014-05-22,0.0007085406924998935
2014-05-23,0.0009921679466400595
2014-05-27,-6.766734717047465e-05
2014-05-28,-0.0011770363987597399
2014-05-29,0.0012887327712068064
2014-05-30,-0.0002623467158293247
2014-06-02,-0.0004382811990136947
2014-06-03,0.0002443543288808594
2014-06-04,8.0716230450665e-05
2014-06-05,0.002668502386541134
2014-06-06,0.0011537962914789908
2014-06-09,0.0002016805591256887
2014-06-10,0.00097855379755901
2014-06-11,-0.0006314243068516294
2014-06-12,-0.0008463333391389658
2014-06-13,0.000836653141611639
2014-06-16,-0.0003860300568298222
2014-06-17,0.0005482811666088126
2014-06-18,0.0019475795527097526
2014-06-19,0.0025405878713302987
2014-06-20,-0.0011252647268193364
2014-06-23,0.0006444892409221514
2014-06-24,-0.0010130425458497773
2014-06-25,0.0012117197529422177
2014-06-26,-0.00045491068817051574
2014-06-27,0.0005366740306639265
2014-06-30,0.0030658746193085104
2014-07-01,0.0013109717314860377
2014-07-02,0.0002730956453021072
2014-07-03,0.0005651799489555392
2014-07-07,-0.0010369630046098786
2014-07-08,-0.001869379857596161
2014-07-09,0.0028348853343386775
2014-07-10,0.0006990859714451831
2014-07-11,0.0010162315873188505
2014-07-14,-0.0028382769844993694
2014-07-15,-0.0038032809320026626
2014-07-16,0.002442190508395377
2014-07-17,0.0005691628636148409
2014-07-18,-0.00014665910183609245
2014-07-21,-0.00011377614425386444
2014-07-22,-0.00040935966276858956
2014-07-23,0.0005236837589996894
2014-07-24,-0.0018943822972332673
2014-07-25,0.001011022563349686
2014-07-28,-9.600986002818546e-05
2014-07-29,-0.001591212969208841
2014-07-30,-0.0006226269135478787
2014-07-31,-0.007766593832395419
2014-08-01,0.0003045926648563189
2014-08-04,0.0008543654858401756
2014-08-05,-0.0021914069450618685
2014-08-06,0.003344933170781379
2014-08-07,5.411235966579046e-05
2014-08-08,0.0024694122689808682
2014-08-11,0.00045386645238840184
2014-08-12,-0.00023834974798808705
2014-08-13,0.0020271649579948633
2014-08-14,0.0012392553564216653
2014-08-15,-0.0009648174975701411
2014-08-18,0.0006665460486251762
2014-08-19,0.0007089001175635849
2014-08-20,-0.0006710909136118037
2014-08-21,-0.0019056881458385353
2014-08-22,0.00014286957428388713
2014-08-25,0.0004069828553479631
2014-08-26,0.000770239707815136
2014-08-27,-0.0001424224903953891
2014-08-28,0.0003107597479670625
2014-08-29,0.00036197155846465754
2014-09-02,-0.0038824908054073152
2014-09-03,0.00032638768344222483
2014-09-04,-0.000737389111858315
2014-09-05,0.0016845118946291974
2014-09-08,-0.0004592507731498818
2014-09-09,-0.0017802712004323276
2014-09-10,0.0010175158444664933
2014-09-11,-0.00011724842859981238
2014-09-12,-0.0017989409755067294
2014-09-15,-0.0007221217237492214
2014-09-16,0.0021009242997860446
2014-09-17,-0.0005617770456397336
2014-09-18,0.0016566549125659573
2014-09-19,-0.0018935200819886096
2014-09-22,-0.0022263604614391093
2014-09-23,-0.00033429416783087155
2014-09-24,0.0008801562223670933
2014-09-25,-0.003446357465877
2014-09-26,0.0018082718859176873
2014-09-29,-0.00037342291451439714
2014-09-30,-0.0010180335569532103
2014-10-01,0.00016708845688160045
2014-10-02,1.7760197296505223e-05
2014-10-03,0.0006934279250524671
2014-10-06,0.0011628592889134906
2014-10-07,-0.0027087621592435727
2014-10-08,0.0023092497856949086
2014-10-09,-0.003842821905046353
2014-10-10,-0.001305961111155332
2014-10-13,-0.00014694899297716885
2014-10-14,0.00033664032510977214
2014-10-15,2.1779997185331795e-05
2014-10-16,-6.744774960585642e-05
2014-10-17,0.002010692215348533
2014-10-20,0.0006601186685435528
2014-10-21,0.0004104012003177252
2014-10-22,-0.0005678742070955174
2014-10-23,-8.761035562758447e-05
2014-10-24,-5.311739814957906e-05
2014-10-27,-0.00024002747631047093
2014-10-28,0.0002384229131680954
2014-10-29,-0.003051103228359783
2014-10-30,4.516542996977854e-05
2014-10-31,-4.204478612792684e-05
2014-11-03,-0.0005728761751819266
2014-11-04,-0.0005443728784267322
2014-11-05,-0.0051474996108695865
2014-11-06,0.0009183704334486421
2014-11-07,0.005745506438081342
2014-11-10,-0.0032856383671602775
2014-11-11,0.003073756799737976
2014-11-12,-0.0009965786230214768
2014-11-13,0.0005695172374347225
2014-11-14,0.0019745154082278266
2014-11-17,-0.00030361703375347566
2014-11-18,0.0020536725153993468
2014-11-19,-0.004123767423390445
2014-11-20,0.0013048990924057328
2014-11-21,0.0013536239014851933
2014-11-24,0.0005224573921539035
2014-11-25,0.0001951368085327813
2014-11-26,0.00021156265933761423
2014-11-28,-0.0026965985275559374
2014-12-01,0.006650444861032199
2014-12-02,0.0004112193342569732
2014-12-03,0.002022751324443091
2014-12-04,-0.0012270590671054845
2014-12-05,-0.001056402451315569
2014-12-08,-0.0004644054406836714
2014-12-09,0.002392196759401733
2014-12-10,-0.004227925863574177
2014-12-11,0.0011149579496066559
2014-12-12,-0.004072228114773685
2014-12-15,-0.00497684855482993
2014-12-16,-0.0017330117737847882
2014-12-17,0.004205025676020593
2014-12-18,0.005652789189025006
2014-12-19,-0.0004594827193057057
2014-12-22,-0.0012635945673583804
2014-12-23,0.0003191983054888984
2014-12-24,0.00011820872636744521
2014-12-26,0.0030589126107201953
2014-12-29,-0.0019185146724699418
2014-12-30,-0.00026701160060901147
2014-12-31,-0.004603450135408627
2015-01-02,3.3977327620249265e-05
2015-01-05,-0.0027038872804641817
2015-01-06,-0.001629090191159012
2015-01-07,0.002429793791939688
2015-01-08,0.0032860913201188152
2015-01-09,0.0002408445168947369
2015-01-12,-0.0006338874191902836
2015-01-13,-0.0007259652632301188
2015-01-14,-0.001336756652782346
2015-01-15,0.0022257266821318236
2015-01-16,0.0034765870865578227
2015-01-20,0.0005474355706518481
2015-01-21,0.0010937924600033083
2015-01-22,0.0031872838467824805
2015-01-23,-0.0015238079082780843
2015-01-26,-0.0002911831595473063
2015-01-27,-0.002046991121328941
2015-01-28,-0.004268334691063275
2015-01-29,-0.001083900349100081
2015-01-30,-4.109535773736328e-05
2015-02-02,0.0014608878133371838
2015-02-03,0.001077698581138925
2015-02-04,0.00029530098633989157
2015-02-05,0.0022816763516404874
2015-02-06,-0.0017453306416149875
2015-02-09,-0.00020444561416280648
2015-02-10,0.0015379826213467388
2015-02-11,-0.001643832739346073
2015-02-12,0.002475943015098127
2015-02-13,0.0018298960051936737
2015-02-17,-0.004736755634936568
2015-02-18,0.0005980662328500616
2015-02-19,-0.0005531646207546888
2015-02-20,0.0004990896217966638
2015-02-23,0.00025489271962077464
2015-02-24,0.0002781028782316107
2015-02-25,0.0004493406105905079
2015-02-26,0.0006619344078861102
2015-02-27,-0.0007620268003075651
2015-03-02,0.0012276471112553512
2015-03-03,-0.001278977772122479
2015-03-04,-0.0015807320790588437
2015-03-05,0.00016220931990510245
2015-03-06,-0.007074241099747957
2015-03-09,0.0011425205913147966
2015-03-10,-0.004762384481928145
2015-03-11,-0.0020445423212682116
2015-03-12,0.0028032361213641975
2015-03-13,-0.0009733956345569542
2015-03-16,0.002729178007890611
2015-03-17,-0.001557661738596133
2015-03-18,0.00806401570936276
2015-03-19,-0.0008095972968212653
2015-03-20,0.0022263282838903575
2015-03-23,0.0010045831626992953
2015-03-24,-0.0010380284929634592
2015-03-25,-0.003863130717457243
2015-03-26,-1.0970398345927978e-06
2015-03-27,0.00016521162743202356
2015-03-30,-0.0007953507318164075
2015-03-31,-0.0002801475042414087
2015-04-01,0.0029952678416313634
2015-04-02,0.00040638779591016516
2015-04-06,0.002481441470891121
2015-04-07,-0.0016841492263438647
2015-04-08,0.00045326277559533845
2015-04-09,0.00023748340159794417
2015-04-10,0.002289749039137176
2015-04-13,-0.001535604509653606
2015-04-14,-0.0004665777926704729
2015-04-15,0.003607782934404487
2015-04-16,-0.00046397176818875895
2015-04-17,-0.002140526553051292
2015-04-20,0.001339256746563537
2015-04-21,0.0005055594109032381
2015-04-22,-0.0014977546874353311
2015-04-23,0.0013318674438806465
2015-04-24,-0.0006591501928023506
2015-04-27,0.0020887780406245453
2015-04-28,0.0013527456309055043
2015-04-29,-0.0017447001917612127
2015-04-30,-0.004477921645042416
2015-05-01,0.002219374503701178
2015-05-04,0.0018750007018757376
2015-05-05,-0.0025669031919487296
2015-05-06,-0.0012228934980569245
2015-05-07,0.00010250508528009583
2015-05-08,0.0033831511192427876
2015-05-11,-0.0013452100396240609
2015-05-12,0.00014412765774972152
2015-05-13,0.003492773834695911
2015-05-14,0.0033323162157963913
2015-05-15,0.0004559876762909971
2015-05-18,0.0006869343375535379
2015-05-19,-0.0019296594353968473
2015-05-20,0.00021248664064999265
2015-05-21,0.00039890720749164983
2015-05-22,-0.0005198345444273365
2015-05-26,-0.0040092202771037574
2015-05-27,0.0021682975273930533
2015-05-28,-0.00010380783576108719
2015-05-29,-0.0011423614935877555
2015-06-01,0.0003285358770885961
2015-06-02,0.00032585652874681626
2015-06-03,-0.0010940883321272226
2015-06-04,-0.00274065208130758
2015-06-05,-0.0008980562555431906
2015-06-08,-0.001014968922045847
2015-06-09,0.0001741196564824531
2015-06-10,0.003687135830144678
2015-06-11,0.00013267486874536666
2015-06-12,-0.001727790004286963
2015-06-15,-0.000748085501558221
2015-06-16,0.0010432742252909528
2015-06-17,0.0005624898980444817
2015-06-18,0.0030900426658492996
2015-06-19,-0.0022096502215912797
2015-06-22,-0.00012020696682716507
2015-06-23,-0.0008106060156811152
2015-06-24,-0.002078737025973206
2015-06-25,-0.000765435267085765
2015-06-26,-0.00024974108548530513
2015-06-29,-0.004092148857823167
2015-06-30,7.155107119940184e-05
2015-07-01,-0.00013481098494132586
2015-07-02,-0.000402596418396202
2015-07-06,-0.00021412373138731186
2015-07-07,-0.000286535952446513
2015-07-08,-0.0031972307420161062
2015-07-09,0.0004901939879968144
2015-07-10,0.003020353149773805
2015-07-13,0.0015285646605343332
2015-07-14,0.0006210418744733871
2015-07-15,-0.0011387192657423572
2015-07-16,0.001715073024538087
2015-07-17,-0.0007451081461069763
2015-07-20,-0.002124605581105321
2015-07-21,-0.001213096524873032
2015-07-22,-0.002049794847904086
2015-07-23,-0.0018736784784534667
2015-07-24,-0.0003136415526613745
2015-07-27,-0.0021744241138926335
2015-07-28,0.0026583559292401022
2015-07-29,0.001658963553214958
2015-07-30,-0.0015794962003133342
2015-07-31,0.0010261092953083068
2015-08-03,-0.0022818037363983115
2015-08-04,0.00035398245939471256
2015-08-05,-0.0002889800907691473
2015-08-06,-0.0009468505586528541
2015-08-07,0.0004417007848194862
2015-08-10,0.0019842590251559675
2015-08-11,0.0001872496752343557
2015-08-12,0.0013810480654357332
2015-08-13,-0.0007996313444289998
2015-08-14,2.812415104388037e-05
2015-08-17,0.0004439539302393517
2015-08-18,-0.00011629310818839336
2015-08-19,0.00018079742196594343
2015-08-20,0.0008917162935041591
2015-08-21,-0.0051780602975193355
2015-08-24,-0.007847918803112603
2015-08-25,-0.00435627774973717
2015-08-26,0.0012657376473506647
2015-08-27,-0.00029332887668209664
2015-08-28,0.0014261302307472315
2015-08-31,0.00045143735808136134
2015-09-01,0.0004037351756413271
2015-09-02,-0.000411847503969981
2015-09-03,-0.0007959354171397929
2015-09-04,-0.00037821191850745037
2015-09-08,-0.00011620463874260814
2015-09-09,-0.0032057111406275617
2015-09-10,0.0005598374299869381
2015-09-11,-0.0003268188135854035
2015-09-14,7.980553658160681e-05
2015-09-15,-0.0006035601701083146
2015-09-16,0.0027156683319334847
2015-09-17,0.001605652055567119
2015-09-18,0.0010608078610727968
2015-09-21,-0.0008198950251498818
2015-09-22,-0.0009747179956559848
2015-09-23,0.00099845355038448
2015-09-24,0.00537191367621263
2015-09-25,-0.0017095292248692489
2015-09-28,-0.005825469628847273
2015-09-29,-0.0006851258205780094
2015-09-30,-3.4031819974299736e-05
2015-10-01,-0.00015735564464941848
2015-10-02,0.0031148594746974777
2015-10-05,-0.00046470456204316475
2015-10-06,0.0015771063683705257
2015-10-07,-0.0003693176866965686
2015-10-08,-0.000808011442444043
2015-10-09,0.004223086745792504
2015-10-12,0.0005550343618721445
2015-10-13,0.0006493422829193801
2015-10-14,0.0024105450442439896
2015-10-15,-0.0007071850437860238
2015-10-16,-0.0009577375548711583
2015-10-19,-0.0010245035740196642
2015-10-20,0.0008426013309308592
2015-10-21,-0.0020720188831146505
2015-10-22,0.0007271624528524105
2015-10-23,-0.00014686966184797618
2015-10-26,-0.0004754944904235713
2015-10-27,0.0003784947688277549
2015-10-28,-0.0017890384924076153
2015-10-29,-0.0010732144685486591
2015-10-30,-0.0006785942430308888
2015-11-02,-0.0005034706609200325
2015-11-03,-0.0018090920516621858
2015-11-04,-0.002739057752161223
2015-11-05,-0.0006752897845797724
2015-11-06,-0.0023048379187922195
2015-11-09,-0.0012247877640263949
2015-11-10,-5.432194875883232e-05
2015-11-11,-0.001097196175083648
2015-11-12,-0.0022940889218780835
2015-11-13,-0.00296330965301054
2015-11-16,0.003046912466025488
2015-11-17,-0.0011510023195380325
2015-11-18,0.0005341423580461144
2015-11-19,0.0013103697433594719
2015-11-20,-0.00071897741747566
2015-11-23,-0.0014818388546826238
2015-11-24,0.0015808439656403354
2015-11-25,-0.0011404594722407865
2015-11-27,-0.002309446719707622
2015-11-30,0.0007432449488778477
2015-12-01,0.002198917442282804
2015-12-02,-0.00402590220986757
2015-12-03,-0.0008181582116830815
2015-12-04,0.0032861005100286137
2015-12-07,-0.001821595183136847
2015-12-08,-0.0007515512641683396
2015-12-09,-0.0016668242188921498
2015-12-10,2.4720567160681613e-05
2015-12-11,-0.002626693624208731
2015-12-14,-0.0021115815797986526
2015-12-15,-0.0005266401050053769
2015-12-16,0.003551255195564655
2015-12-17,-0.004862725572758592
2015-12-18,0.00251879069339097
2015-12-21,0.0017599800691572576
2015-12-22,-0.0005060295178699525
2015-12-23,-0.000579448542051325
2015-12-24,0.0007905179588692593
2015-12-28,-0.0008480908978614253
2015-12-29,0.0001666422155646311
2015-12-30,-0.0027097193594539494
2015-12-31,-0.00042428487484886927
2016-01-04,-0.0006830626564073316
2016-01-05,0.0005117358886936925
2016-01-06,0.0014861777270729192
2016-01-07,0.00025592950307421576
2016-01-08,-0.0020933633329058925
2016-01-11,-0.0010650207316113196
2016-01-12,-2.5321545349282033e-05
2016-01-13,0.0013946843580490086
2016-01-14,-0.0019024937180429759
2016-01-15,0.0017987618741605329
2016-01-19,-0.00012247309795679147
2016-01-20,0.0014941072554730229
2016-01-21,0.00011686815501429568
2016-01-22,-0.0007176948601495343
2016-01-25,0.0013312409984475746
2016-01-26,0.0016238469527401276
2016-01-27,0.0007051476433156366
2016-01-28,-0.0013190043469664555
2016-01-29,0.00038174319750807287
2016-02-01,0.0014019529970377897
2016-02-02,0.0003499082103479795
2016-02-03,0.0014342506487370994
2016-02-04,0.0013502002308942703
2016-02-05,0.0021230779617743287
2016-02-08,0.001207875723998792
2016-02-09,-0.00013310824659042543
2016-02-10,0.0016438727624712044
2016-02-11,0.0029419393544762532
2016-02-12,0.002874983190073405
2016-02-16,0.00350301624926217
2016-02-17,0.001334206066493653
2016-02-18,0.0011912859946103815
2016-02-19,-0.0011739458149640086
2016-02-22,0.002133354546515198
2016-02-23,0.0017928100417202333
2016-02-24,0.0006254683979223289
2016-02-25,0.000259526050834203
2016-02-26,-0.0008436107135980889
2016-02-29,0.0016805237818353475
2016-03-01,-4.9960102824414445e-05
2016-03-02,0.0012498147670190313
2016-03-03,0.0025832119756959222
2016-03-04,-0.00047711082393116574
2016-03-07,0.0005955824803362112
2016-03-08,-0.0003123640338607737
2016-03-09,-0.0008081149400131754
2016-03-10,0.001972081716590051
2016-03-11,-0.001988670829418092
2016-03-14,-0.0010265630060578884
2016-03-15,6.481658121557888e-05
2016-03-16,0.0036367954977830864
2016-03-17,-0.00017849363458515135
2016-03-18,-0.00033088430743740695
2016-03-21,-0.0005308444868322158
2016-03-22,0.0002897437949082928
2016-03-23,-0.0064427375427134025
2016-03-24,-0.00022253562100632383
2016-03-28,0.00044236284411238466
2016-03-29,0.004573311109406801
2016-03-30,-0.0009571888194922645
2016-03-31,0.0004079038320788434
2016-04-01,-0.0006221307967211754
2016-04-04,-0.0013682915755770112
2016-04-05,0.0006973045321209768
2016-04-06,0.00042974313193930736
2016-04-07,-0.0009384865613417603
2016-04-08,0.00040834343701778885
2016-04-11,0.0008257728586223724
2016-04-12,0.0018520869174655345
2016-04-13,-0.00019357152858663954
2016-04-14,-0.0024568110976005827
2016-04-15,0.0004205312731739766
2016-04-18,0.0010545019990131045
2016-04-19,0.00273189149144071
2016-04-20,-0.0010179705418061158
2016-04-21,-0.000349481473183136
2016-04-22,-0.0020319301475478684
2016-04-25,0.0001328991327486613
2016-04-26,0.000820694623770806
2016-04-27,0.000875509322889658
2016-04-28,0.0022950509789768786
2016-04-29,0.002629199401605593
2016-05-02,0.000678873024305091
2016-05-03,-0.0018526416039955464
2016-05-04,-0.0027188179189733524
2016-05-05,-0.0002538387017662206
2016-05-06,0.0019117888715890234
2016-05-09,-0.002556504521108968
2016-05-10,0.0029358709331591196
2016-05-11,0.0007065526699557162
2016-05-12,-0.0011809496301988917
2016-05-13,-0.001106001132310202
2016-05-16,0.0024285179356456957
2016-05-17,-0.001604458231177423
2016-05-18,-0.0023398504460800593
2016-05-19,-0.0009183767258889094
2016-05-20,0.0010220323169581192
2016-05-23,-0.0007729825315337809
2016-05-24,-0.000345155948577995
2016-05-25,0.0006407098275002468
2016-05-26,-0.0007433679092994574
2016-05-27,-0.0009994786869274516
2016-05-31,0.0005357061809751003
2016-06-01,7.860278899424986e-05
2016-06-02,9.433973328784844e-05
2016-06-03,0.006109964251267171
2016-06-06,0.0012562589526529245
2016-06-07,0.00010649657244725288
2016-06-08,0.003396955142952382
2016-06-09,0.001201302276276978
2016-06-10,-0.0016874721833203981
2016-06-13,-0.0008149253733824703
2016-06-14,-0.00022880606945717123
2016-06-15,0.0008535776711918071
2016-06-16,-0.0009740391323596932
2016-06-17,0.001115233988891338
2016-06-20,0.0009169255142766377
2016-06-21,-0.002295583361985908
2016-06-22,-0.0002518302848839469
2016-06-23,0.0026110106147115286
2016-06-24,-0.0007515892670534596
2016-06-27,-0.0010286982785275328
2016-06-28,0.003354991784346217
2016-06-29,0.0007627598167794676
2016-06-30,0.0033411467786416274
2016-07-01,0.0027785136510396734
2016-07-05,-0.00037709082017438333
2016-07-06,0.0020781754939100433
2016-07-07,-0.0006270157345574179
2016-07-08,0.003808889249714129
2016-07-11,-0.00010418065078546474
2016-07-12,-7.225313720653583e-05
2016-07-13,0.0018564294693743392
2016-07-14,0.0005667597991564396
2016-07-15,-0.00053716604298724
2016-07-18,0.0010282457562647402
2016-07-19,-0.00010916790222975466
2016-07-20,-0.0013220412002488179
2016-07-21,0.0017824818145724683
2016-07-22,0.000553248969240185
2016-07-25,-0.0014455452362434188
2016-07-26,0.0008382648184671727
2016-07-27,0.005219838939933284
2016-07-28,-0.0008190397142723194
2016-07-29,0.002883302379213582
2016-08-01,0.0007404863818236165
2016-08-02,0.0013802965905422237
2016-08-03,-0.0008809420926639011
2016-08-04,0.0005373442217329856
2016-08-05,-0.0023667301968095756
2016-08-08,-0.0003107398319482959
2016-08-09,0.0008564399580782915
2016-08-10,0.0010423831182729548
2016-08-11,2.0506204617351488e-05
2016-08-12,-0.0005995403733060679
2016-08-15,0.0020005059079377763
2016-08-16,-0.0005709304827400518
2016-08-17,0.0006356449605785968
2016-08-18,0.001857448537686472
2016-08-19,-0.0018811722400355914
2016-08-22,-0.00021932936438519318
2016-08-23,0.0005128658716585867
2016-08-24,-0.004614749947578843
2016-08-25,-0.000395659790946862
2016-08-26,-0.0005749501152870813
2016-08-29,0.0015728624084257428
2016-08-30,-0.003249236269217735
2016-08-31,-0.0012133645779433804
2016-09-01,0.001119171491607192
2016-09-02,0.003577964698029662
2016-09-06,0.002965911509675745
2016-09-07,-0.0010328527073916825
2016-09-08,-0.0016033708097904428
2016-09-09,-0.008441492664552065
2016-09-12,0.004296653684100467
2016-09-13,-0.004080256490701618
2016-09-14,0.0007801908304435345
2016-09-15,0.0014250974231186726
2016-09-16,-0.0022127879755607194
2016-09-19,0.00020425106888090846
2016-09-20,0.00026896066499634103
2016-09-21,0.005259521610339535
2016-09-22,0.0021490724937693775
2016-09-23,-0.001133264701338837
2016-09-26,-0.002244415525962846
2016-09-27,0.0010384909338384263
2016-09-28,0.00020714375528079333
2016-09-29,-0.0024788129630748156
2016-09-30,0.0012491440679216943
2016-10-03,-0.0011242066582602154
2016-10-04,-0.010023074601138212
2016-10-05,0.0006944035930145544
2016-10-06,-0.0016818988354240717
2016-10-07,-0.0007593736233131037
2016-10-10,0.0018994182416529008
2016-10-11,-0.0044698950410094595
2016-10-12,0.00025107719636611656
2016-10-13,0.00016940431983681652
2016-10-14,-0.0006985871636508688
2016-10-17,0.0001743905259937953
2016-10-18,0.0011920433314844226
2016-10-19,0.0013150385066593411
2016-10-20,-0.0004689983080271274
2016-10-21,0.0002599911042381684
2016-10-24,0.00021564195734721277
2016-10-25,0.0005517680377199917
2016-10-26,-0.001518376551244695
2016-10-27,-0.00011646817403039084
2016-10-28,-0.00011507868374248793
2016-10-31,0.0008181698233759958
2016-11-01,-0.0009560646069846767
2016-11-02,0.0004268406827946914
2016-11-03,-0.00017078804063096176
2016-11-04,-0.00038900963505374044
2016-11-07,0.0038199469638118388
2016-11-08,0.0004482566899194454
2016-11-09,0.0023033659665864926
2016-11-10,5.3855729552038856e-05
2016-11-11,-0.002664111600921988
2016-11-14,-0.0012897564302080783
2016-11-15,0.0033984707253389874
2016-11-16,-0.0009769064875771666
2016-11-17,0.0004927441006204124
2016-11-18,-0.002196456654511072
2016-11-21,0.0028325713047562943
2016-11-22,0.00043690901854947833
2016-11-23,-0.003669694602224238
2016-11-25,1.850657993329849e-05
2016-11-28,0.0008969771791237586
2016-11-29,5.393999227759638e-05
2016-11-30,-0.0033846868498234894
2016-12-01,-0.0023446613618820257
2016-12-02,0.0012050948280061175
2016-12-05,0.00044090553861555136
2016-12-06,0.0005476110366949647
2016-12-07,0.004054860507426249
2016-12-08,0.0001286606760859192
2016-12-09,-0.00047917330389161657
2016-12-12,0.0003418396466611574
2016-12-13,0.0013239162363937415
2016-12-14,-0.004587531675676443
2016-12-15,-0.001657595747141854
2016-12-16,-0.0008143580965938621
2016-12-19,0.0016928319457017449
2016-12-20,-0.0004088609035965594
2016-12-21,-0.0005144004296306805
2016-12-22,-0.0009543902146516689
2016-12-23,0.0009353894901406866
2016-12-27,0.001871719802359
2016-12-28,-0.001722723133332241
2016-12-29,0.001804724371179478
2016-12-30,-0.0017652141916394814
2017-01-03,0.003795441153845469
2017-01-04,0.002101323444138732
2017-01-05,0.0014166223989855258
2017-01-06,0.0006310882331863066
2017-01-09,0.00018522730413956157
2017-01-10,0.0004864939702641846
2017-01-11,0.0010079780245096572
2017-01-12,-0.00031197671843112427
2017-01-13,0.0011766749634451604
2017-01-17,0.0002812353303306734
2017-01-18,-0.00012744151086879134
2017-01-19,-0.0008708501801649283
2017-01-20,0.0011207601953980289
2017-01-23,5.753193676642744e-05
2017-01-24,0.0013937808628305681
2017-01-25,0.001760973058989891
2017-01-26,-0.001428457580307396
2017-01-27,0.00016621905385623133
2017-01-30,-0.0012130195681599276
2017-01-31,0.0017342699980760503
2017-02-01,0.00012149861788005668
2017-02-02,0.0008364695917372267
2017-02-03,0.001986671681529537
2017-02-06,0.0013982595947681692
2017-02-07,-0.0002371741166944618
2017-02-08,0.001182094634983086
2017-02-09,0.000719068720265616
2017-02-10,0.001690178344404712
2017-02-13,0.0007499679615037591
2017-02-14,0.0012474232085356262
2017-02-15,0.0024881035432018726
2017-02-16,0.0005370688366196553
2017-02-17,0.0002814240579997191
2017-02-21,0.0018069807636410472
2017-02-22,0.00013852612590290137
2017-02-23,0.0009190376518861483
2017-02-24,0.0012151971539932313
2017-02-27,-2.110229306157875e-05
2017-02-28,-0.000601876294120281
2017-03-01,0.0034845334001548435
2017-03-02,-0.0030167017998702543
2017-03-03,0.00023851590557689837
2017-03-06,-0.0015864423012309301
2017-03-07,-0.0020321413720897435
2017-03-08,-0.0018396467967757514
2017-03-09,-0.0003171837938743305
2017-03-10,0.001271618502049166
2017-03-13,0.00023621303719164498
2017-03-14,-0.0015929689947748078
2017-03-15,0.004416803525931013
2017-03-16,0.00012562180973836785
2017-03-17,-0.0009335662210391805
2017-03-20,0.0005565507580649121
2017-03-21,-0.00211180987488838
2017-03-22,0.0012891675064296945
2017-03-23,-0.0005008666933693592
2017-03-24,0.00015982235237629357
2017-03-27,0.0005882653339006785
2017-03-28,0.000659446948800195
2017-03-29,0.0007517724133173625
2017-03-30,-0.00017669461722431726
2017-03-31,-0.00020860567951604093
2017-04-03,4.183869542965417e-05
2017-04-04,0.000830762330482741
2017-04-05,-0.0008508316483979302
2017-04-06,0.00016384090233220793
2017-04-07,5.439289255558503e-05
2017-04-10,0.0001373509672692951
2017-04-11,0.0010983122725929102
2017-04-12,0.0007362238147333928
2017-04-13,-0.000850409093558453
2017-04-17,0.001770462837245728
2017-04-18,0.0001286652724361314
2017-04-19,-0.00244140626558504
2017-04-20,0.0023908532148128932
2017-04-21,0.00017843207323770915
2017-04-24,0.0003616006918027185
2017-04-25,-0.00028146964490176384
2017-04-26,0.001587840744080453
2017-04-27,-0.00021514341362808913
2017-04-28,0.0005828956811951461
2017-05-01,-0.0018115714817256157
2017-05-02,0.00012592757780637224
2017-05-03,-0.004467770022229335
2017-05-04,-0.0016057010490174654
2017-05-05,0.0012454012459763649
2017-05-08,-0.0002997960051838615
2017-05-09,-0.0010516873211197653
2017-05-10,0.0003558216464451345
2017-05-11,0.00028785956816030327
2017-05-12,0.00018034890926955005
2017-05-15,0.0015967412199586997
2017-05-16,0.0004989631358802302
2017-05-17,-0.003864073163238193
2017-05-18,-0.0007050238162734431
2017-05-19,0.0025394165351017156
2017-05-22,0.0017561458550211574
2017-05-23,-0.0015842044198771915
2017-05-24,0.0012381582885491894
2017-05-25,0.0009773769686970556
2017-05-26,0.0020322500519196086
2017-05-30,-0.0014007481199599914
2017-05-31,0.0008189682939522842
2017-06-01,0.0018725470389965566
2017-06-02,0.0027146111399333588
2017-06-05,6.916266510623292e-05
2017-06-06,0.0023697389135626076
2017-06-07,-0.0011361655204936434
2017-06-08,-0.0012734953129542145
2017-06-09,-0.0028049229989932476
2017-06-12,-0.0004975430647699796
2017-06-13,0.0015258946784395477
2017-06-14,-0.0018231940047337435
2017-06-15,-0.0009454848891876682
2017-06-16,-0.00106743969341828
2017-06-19,0.0011297377336837594
2017-06-20,-0.002110795511182714
2017-06-21,0.0010251128388879876
2017-06-22,0.0005308687735179404
2017-06-23,0.0011980085952531185
2017-06-26,-0.0010704830248245637
2017-06-27,-0.001638408784111564
2017-06-28,0.002855943121820001
2017-06-29,-0.0029818877638464816
2017-06-30,-0.00012188121261791227
2017-07-03,-0.004206737963612916
2017-07-05,0.001217133627549235
2017-07-06,-0.001838098282926557
2017-07-07,0.0005101348354577061
2017-07-10,0.0004011994763153497
2017-07-11,2.9798323042804476e-05
2017-07-12,0.002486333045804535
2017-07-13,0.00023128942884101373
2017-07-14,0.0017847282390091503
2017-07-17,0.00017336280282149273
2017-07-18,0.0006191345774611556
2017-07-19,0.0011626508447138547
2017-07-20,0.00031731538279727834
2017-07-21,0.0010223197077611835
2017-07-24,0.00025277015107404773
2017-07-25,-0.0002489482049291894
2017-07-26,0.001595562244714101
2017-07-27,-0.0006819857988656288
2017-07-28,0.001563333546435482
2017-07-31,-5.518057705652696e-05
2017-08-01,0.0003105019862680958
2017-08-02,-0.00036624713561857143
2017-08-03,4.351850603763843e-06
2017-08-04,-0.0016729556675933804
2017-08-07,0.00036608322608479185
2017-08-08,-1.8759468226856838e-05
2017-08-09,0.005485891926803174
2017-08-10,-0.0017819272613078417
2017-08-11,0.002580384933001797
2017-08-14,0.0008956075956528563
2017-08-15,-0.00169570805135464
2017-08-16,0.0026303075403071446
2017-08-17,-0.0027905407659886356
2017-08-18,-0.0003027223150733287
2017-08-21,0.0013935695107700759
2017-08-22,0.0012918245650952401
2017-08-23,0.0001434602099487772
2017-08-24,-0.0011839805110130063
2017-08-25,0.0011971594881058265
2017-08-28,0.005528434209388808
2017-08-29,-0.0005760235698713778
2017-08-30,0.0010535681875430674
2017-08-31,0.005175017528538532
2017-09-01,0.0009755264771223789
2017-09-05,0.000818696988500842
2017-09-06,-0.0003776361221581161
2017-09-07,0.0024809981868497283
2017-09-08,-0.0007398967200707438
2017-09-11,0.0008116571662470078
2017-09-12,0.0012418314797143669
2017-09-13,-0.001717375838536159
2017-09-14,0.00046460618860788376
2017-09-15,-0.001331188428351218
2017-09-18,-0.0013141096278717309
2017-09-19,0.000743779553868738
2017-09-20,-0.0019492673356537472
2017-09-21,-0.0025001832509345613
2017-09-22,0.0009853523394926457
2017-09-25,0.0013978871825517172
2017-09-26,-0.0014120244820400932
2017-09-27,-0.0014775847424257152
2017-09-28,0.0007718535962687503
2017-09-29,-0.0004444773010869147
2017-10-02,-0.0009681513079551723
2017-10-03,0.0006819131958186064
2017-10-04,0.0013405893185319557
2017-10-05,0.00020957034109392834
2017-10-06,0.0006837951976619611
2017-10-09,0.000815781084166335
2017-10-10,0.0008834772816061724
2017-10-11,0.001087029978649485
2017-10-12,-0.0002978543317735704
2017-10-13,0.0017694511140761654
2017-10-16,-0.0006074272054639071
2017-10-17,-0.0008793059924271664
2017-10-18,-0.0008497467859925932
2017-10-19,0.0008424298799107489
2017-10-20,0.00018382318792440244
2017-10-23,-0.0010458331933564922
2017-10-24,-0.00017424263983203763
2017-10-25,-0.001292642652242236
2017-10-26,-0.001818364801241703
2017-10-27,0.006611939016028053
2017-10-30,-0.0001229385462094241
2017-10-31,-0.0006879267821972187
2017-11-01,0.0014093735295287852
2017-11-02,0.0001830569446117184
2017-11-03,8.374516102076842e-05
2017-11-06,0.002866925448272167
2017-11-07,-0.000738812112447094
2017-11-08,0.0012210350359274993
2017-11-09,0.0005678400031944868
2017-11-10,-0.0011597085032894001
2017-11-13,0.0004752485594180981
2017-11-14,-0.00036871052375270956
2017-11-15,-0.0016731704027208136
2017-11-16,0.0024890549857897776
2017-11-17,0.0009581997787906911
2017-11-20,-0.005076231187373594
2017-11-21,0.002124803037986865
2017-11-22,0.002884426934600195
2017-11-24,-0.00011820947789995689
2017-11-27,0.0006366079317790342
2017-11-28,0.0022629136983519475
2017-11-29,-0.0030033782295949447
2017-11-30,0.0002168638208091488
2017-12-01,0.000300656696040641
2017-12-04,-0.0014294994321210743
2017-12-05,-0.0021551806851045586
2017-12-06,-4.506432101665308e-05
2017-12-07,-0.00021829573179052604
2017-12-08,0.001356869288995352
2017-12-11,0.0005416886748410443
2017-12-12,0.0004745368215978025
2017-12-13,0.0008456314754205306
2017-12-14,-0.001276866135398117
2017-12-15,0.001921794124141574
2017-12-18,0.002446355542103671
2017-12-19,-0.001077526664885623
2017-12-20,-7.062074569167225e-05
2017-12-21,0.0005421147883849823
2017-12-22,0.00021072181766360493
2017-12-26,0.000629058270860862
2017-12-27,0.0016558673297827084
2017-12-28,0.0020109582415876394
2017-12-29,0.0008536097020851005
2018-01-02,0.008185696264729998
2018-01-03,0.0008863866597385579
2018-01-04,0.0031100761329798175
2018-01-05,0.0017517663822486026
2018-01-08,0.0006329961973434281
2018-01-09,-0.00045676916994323526
2018-01-10,0.00045359853183432424
2018-01-11,0.0029572039023800087
2018-01-12,0.0044426266410867166
2018-01-16,-0.00042415732387851427
2018-01-17,0.0005092700879997924
2018-01-18,-0.0010661668206388341
2018-01-19,0.002576695206215064
2018-01-22,0.0030131725404050637
2018-01-23,0.002054808457370163
2018-01-24,0.0020383851494970443
2018-01-25,-0.0019569808774262884
2018-01-26,0.0038045525638975156
2018-01-29,-0.0034241914028148948
2018-01-30,-0.004037158129555414
2018-01-31,0.0030053237070008236
2018-02-01,0.0005740508578473695
2018-02-02,-0.009166618769497254
2018-02-05,-0.01136713552357062
2018-02-06,0.0006140830073552385
2018-02-07,-0.0029016922224907593
2018-02-08,-0.0019836788179193134
2018-02-09,0.0035257585957292697
2018-02-12,0.00124738273256177
2018-02-13,0.0013621490399438913
2018-02-14,0.004205654625261326
2018-02-15,0.0005244214210120351
2018-02-16,-0.0006329491903113829
2018-02-20,-0.002205737867298435
2018-02-21,-0.0012775204974572242
2018-02-22,0.0007189943555093881
2018-02-23,0.00021606038879497304
2018-02-26,0.0030331258417996007
2018-02-27,-0.005788913967234108
2018-02-28,-0.002423520733739117
2018-03-01,-0.004182055667094022
2018-03-02,0.002810070224437791
2018-03-05,0.0017748982230987218
2018-03-06,0.0033523065668205863
2018-03-07,-0.0014704140125647838
2018-03-08,0.0007057324569705347
2018-03-09,0.0038897475404525987
2018-03-12,-6.900341903962815e-05
2018-03-13,-0.001503279743426502
2018-03-14,-0.0011565398988087287
2018-03-15,-0.0012163300651411297
2018-03-16,-0.0006550502082987858
2018-03-19,-0.0009418173542369224
2018-03-20,-0.00043784423859565295
2018-03-21,0.004023035726420313
2018-03-22,-0.002064415193499859
2018-03-23,-0.0031303745557657576
2018-03-26,0.009550277106576075
2018-03-27,-0.0019426955335286411
2018-03-28,-0.0038888184903691464
2018-03-29,0.00029104619286801246
2018-04-02,0.002881614199364081
2018-04-03,0.0005518944282041777
2018-04-04,0.002321958327079473
2018-04-05,0.00012148202301405682
2018-04-06,-0.003076655971168488
2018-04-09,0.0017470310851766093
2018-04-10,0.0038642996680094137
2018-04-11,0.0004170944754893213
2018-04-12,-0.00042036761189772807
2018-04-13,0.0006909014914120645
2018-04-16,0.0017691607103453345
2018-04-17,0.002188611795554095
2018-04-18,0.0002836164863816746
2018-04-19,-0.0013918260482812413
2018-04-20,-0.0030723231597357846
2018-04-23,-0.001642096636837324
2018-04-24,-0.0017393161630369222
2018-04-25,-0.0016252785556279989
2018-04-26,0.0006960888533353931
2018-04-27,0.001522326593264958
2018-04-30,-0.0038527355312731586
2018-05-01,-0.001690655870497949
2018-05-02,-0.00033270995425550983
2018-05-03,0.00042347512486778016
2018-05-04,0.0008805432489893027
2018-05-07,0.00021378699675049997
2018-05-08,7.778444239496615e-06
2018-05-09,-0.00016427729941705484
2018-05-10,0.003172724983009442
2018-05-11,7.080402055206444e-05
2018-05-14,-0.00046070552322975244
2018-05-15,-0.004021014298377571
2018-05-16,0.0007362246583826465
2018-05-17,-0.00017125194424291913
2018-05-18,-4.5760471274045974e-05
2018-05-21,0.00026743258394236295
2018-05-22,-0.0004932761866266193
2018-05-23,0.0009547011084658401
2018-05-24,0.00038590362819474486
2018-05-25,-5.4548162650603564e-05
2018-05-29,-0.0001869719325714036
2018-05-30,0.0026237757318751903
2018-05-31,-0.0010965825595785758
2018-06-01,0.001662122849813338
2018-06-04,0.001002927528948385
2018-06-05,0.0009839751010720025
2018-06-06,0.001666786741954445
2018-06-07,-0.00037392947127984095
2018-06-08,0.0005197790512713015
2018-06-11,0.00017867070878819973
2018-06-12,-0.0002502824801864678
2018-06-13,-0.0003760380852383274
2018-06-14,0.0008090719592927691
2018-06-15,-0.0007571738187948446
2018-06-18,-0.0004249616055356625
2018-06-19,-0.0009265261624622128
2018-06-20,-0.00022289621801174222
2018-06-21,-0.00147406224097341
2018-06-22,0.0003667961536380596
2018-06-25,-0.003154943247875329
2018-06-26,0.00020489807710926132
2018-06-27,-0.002346398821993604
2018-06-28,0.0010806146775112781
2018-06-29,0.0004387812559748924
2018-07-02,0.00014278425331461513
2018-07-03,-0.000381747105418164
2018-07-05,0.0021390262241288358
2018-07-06,0.0014319719491465996
2018-07-09,0.0017703370513790764
2018-07-10,0.00026500401345068143
2018-07-11,-0.0016759996966880873
2018-07-12,0.0026060837726980743
2018-07-13,-5.022456684934429e-05
2018-07-16,-0.0002361516962099007
2018-07-17,-0.0001792102447813231
2018-07-18,0.0002975221001548945
2018-07-19,-0.0007408000640096992
2018-07-20,0.0001104763107896575
2018-07-23,0.0001874794807164618
2018-07-24,0.0008879030584962671
2018-07-25,0.002643611692385147
2018-07-26,-0.0015185447749262479
2018-07-27,-0.001349203718832367
2018-07-30,-0.001340362959157528
2018-07-31,0.0015059133340255021
2018-08-01,-0.0014616365857269063
2018-08-02,3.6005080543929143e-06
2018-08-03,0.0010046427480330784
2018-08-06,-0.0003305320741022659
2018-08-07,0.0007847112789776268
2018-08-08,0.0004651972803378658
2018-08-09,-0.00028039760561827
2018-08-10,-0.0012160914709798878
2018-08-13,-0.0018972850578046578
2018-08-14,0.0011985090828097148
2018-08-15,-0.00428457106084479
2018-08-16,0.001137919412612696
2018-08-17,0.0018568668490135326
2018-08-20,0.0014551440436904525
2018-08-21,0.0006331077077303388
2018-08-22,0.00040505611206742597
2018-08-23,-0.0012576399604389509
2018-08-24,0.0038848169812009652
2018-08-27,0.0017558084098173736
2018-08-28,-0.0006363594699359799
2018-08-29,0.0022240312705251535
2018-08-30,-0.0011596120436850519
2018-08-31,-7.2183274712157e-05
2018-09-04,-0.0009640205882188238
2018-09-05,-0.00029235768016962465
2018-09-06,-0.0005807194397776611
2018-09-07,-0.000708371635286361
2018-09-10,0.00023695030708901675
2018-09-11,0.0007068957153393696
2018-09-12,0.00163954116507976
2018-09-13,0.0007089677355939046
2018-09-14,-0.0006764193827339852
2018-09-17,-0.0006362947063788412
2018-09-18,0.001042704919153029
2018-09-19,0.000297449876334808
2018-09-20,0.0015326389640445658
2018-09-21,-0.001168308263079058
2018-09-24,-0.00035080226496572595
2018-09-25,0.00016517061292829568
2018-09-26,-0.001094719264987379
2018-09-27,0.00033834944842443256
2018-09-28,0.0005737135222014056
2018-10-01,0.00043066138441207616
2018-10-02,0.000892306393161181
2018-10-03,-0.001757335402732335
2018-10-04,-0.001575073954080216
2018-10-05,-0.0008330895573439221
2018-10-08,-0.0011036847397691697
2018-10-09,-0.00014292080456549248
2018-10-10,-0.004321609677653273
2018-10-11,-0.001961728853664978
2018-10-12,0.001093025160461307
2018-10-15,0.0008966334131332641
2018-10-16,-0.0003052196867907932
2018-10-17,-2.1361105046024465e-05
2018-10-18,1.1521785197676342e-05
2018-10-19,4.870921164521165e-05
2018-10-22,-0.00017073237429340654
2018-10-23,0.0006350279511101068
2018-10-24,-0.003178392685073819
2018-10-25,0.002806036817314305
2018-10-26,0.00035685034650031425
2018-10-29,-0.0003310682670189224
2018-10-30,-0.00029936239181756294
2018-10-31,-0.0012201077741785513
2018-11-01,0.0003855487571206752
2018-11-02,-5.555854653200192e-05
2018-11-05,-0.00028509414544842886
2018-11-06,-0.00030210021929381013
2018-11-07,8.051173549127532e-05
2018-11-08,-0.0004962924539328988
2018-11-09,-0.002607845521648355
2018-11-12,-0.002734514456485619
2018-11-13,4.336318961785931e-05
2018-11-14,0.0011584269463038668
2018-11-15,0.0014912938913130215
2018-11-16,0.0020289704929362675
2018-11-19,0.00029112087963029484
2018-11-20,-0.00036545826609203787
2018-11-21,0.000755773063366764
2018-11-23,-0.00013094078628999168
2018-11-26,0.00020988518852944806
2018-11-27,-0.0004751084688005626
2018-11-28,0.0010073342389436647
2018-11-29,0.0007024206344857714
2018-11-30,-0.00016735370533211912
2018-12-03,0.0022195887227431277
2018-12-04,-0.0035123113148098246
2018-12-06,9.48300050319204e-05
2018-12-07,0.001978241725774892
2018-12-10,-0.00046999717272683006
2018-12-11,-0.0001251779355454348
2018-12-12,0.00023548360748913973
2018-12-13,-0.00017385742689241082
2018-12-14,2.480854262771595e-06
2018-12-17,-0.0015182868159627817
2018-12-18,9.546305418054853e-05
2018-12-19,-0.00212491418395524
2018-12-20,0.003699758330486224
2018-12-21,-0.0039039735019941162
2018-12-24,-0.0007559140626750972
2018-12-26,0.005264183086680076
2018-12-27,0.0035507616617525568
2018-12-28,0.001406628924069503
2018-12-31,0.0005392182259999364
2019-01-02,8.593286108047898e-05
2019-01-03,0.0023674564402791803
2019-01-04,-0.0018568067524410547
2019-01-07,0.0007785093247492355
2019-01-08,-0.0006120902350595146
2019-01-09,0.001086855889963654
2019-01-10,-0.0011212124868349078
2019-01-11,0.0005734491656268398
2019-01-14,0.0005411224587340318
2019-01-15,-0.0005539360471037299
2019-01-16,0.0005935923459029456
2019-01-17,-0.0002177814180445192
2019-01-18,-0.0016949708299015863
2019-01-22,0.0008264017312210538
2019-01-23,-0.00029117075131372065
2019-01-24,-0.00043809772222139004
2019-01-25,0.0047043239381850685
2019-01-28,0.0016663544896070887
2019-01-29,0.0021841589527068954
2019-01-30,0.002881794393632688
2019-01-31,0.0002478020170436574
2019-02-01,-0.0009222345366426419
2019-02-04,-0.0019091435076801922
2019-02-05,0.0009521945721378931
2019-02-06,-0.0029762800233191482
2019-02-07,0.0005357435364764311
2019-02-08,0.0010590906393799205
2019-02-11,-0.0021484180623312734
2019-02-12,0.0006574656494904293
2019-02-13,-0.0014458184935203654
2019-02-14,0.0015200716477204272
2019-02-15,0.002805732287110092
2019-02-19,0.00860041917022509
2019-02-20,-0.000412457827657841
2019-02-21,-0.003263418408309856
2019-02-22,0.002091313138544897
2019-02-25,1.3770386045756667e-05
2019-02-26,0.0004223910645409948
2019-02-27,-0.002634548028412044
2019-02-28,-0.0023026885437956906
2019-03-01,-0.005993601214380404
2019-03-04,-0.0012522143460568067
2019-03-05,0.00020622393824012736
2019-03-06,-0.0011718461842907695
2019-03-07,-0.0016690784968754868
2019-03-08,0.00240320157892711
2019-03-11,0.0011949757917789202
2019-03-12,0.0020716120566281033
2019-03-13,0.002501932142307718
2019-03-14,-0.0013653106661794048
2019-03-15,0.0013074202065494697
2019-03-18,0.0006447966411458775
2019-03-19,0.0006312932007177712
2019-03-20,0.0006401012188024238
2019-03-21,0.0010262578100203503
2019-03-22,-0.0026156253842977545
2019-03-25,0.0013716109180862662
2019-03-26,-0.0006537167112047168
2019-03-27,-0.002214108008336528
2019-03-28,-0.003545175796130613
2019-03-29,0.0011417322621960076
2019-04-01,0.0007156919290130523
2019-04-02,0.0013007941803182556
2019-04-03,-7.2197524066389e-05
2019-04-04,0.0011137529368376831
2019-04-05,0.0006254970093237766
2019-04-08,0.0010561897947138415
2019-04-09,0.000809620909703758
2019-04-10,0.0012015494217145224
2019-04-11,-0.0026189616415059564
2019-04-12,0.0009814008149462558
2019-04-15,-0.00039605643902136146
2019-04-16,-0.0012376271075734606
2019-04-17,-0.0007866990943157791
2019-04-18,0.000490679890998791
2019-04-22,0.0002339585439000088
2019-04-23,0.0013654889467715962
2019-04-24,0.00011190934447559485
2019-04-25,0.00040376841580616466
2019-04-26,0.0027571315370320316
2019-04-29,-0.0007571145089197257
2019-04-30,0.0004081650854301803
2019-05-01,-0.0036069508324509036
2019-05-02,-0.0015324628187778227
2019-05-03,0.003723981155546994
2019-05-06,-0.000593380417745518
2019-05-07,-0.0026094796389835623
2019-05-08,-0.0007071546408202946
2019-05-09,-0.00019031390396293197
2019-05-10,0.0010560548623138374
2019-05-13,-0.002785029247373771
2019-05-14,0.0013190150467234205
2019-05-15,0.0008654694140066859
2019-05-16,-0.0009251866968249599
2019-05-17,-0.0022470971489687774
2019-05-20,-0.001514517322634934
2019-05-21,0.001160070955996369
2019-05-22,-0.0007152733911381172
2019-05-23,-0.0002860973476934471
2019-05-24,0.000526597616902964
2019-05-28,-0.0020291110621854795
2019-05-29,-0.001075616727393904
2019-05-30,0.0022354505086225615
2019-05-31,0.0027000147134328785
2019-06-03,0.004627308794481238
2019-06-04,0.003682134931125325
2019-06-05,0.002067801175321983
2019-06-06,0.0020040351341361995
2019-06-07,0.002738071478470743
2019-06-10,-0.0017375768073633231
2019-06-11,-0.0002524116098505427
2019-06-12,0.0010795699599030445
2019-06-13,0.0021859458231289243
2019-06-14,-0.0003129669702061126
2019-06-17,-2.306281283837616e-05
2019-06-18,0.0028863365326126126
2019-06-19,0.00238978455289946
2019-06-20,0.007581126617921688
2019-06-21,-0.00023500746044776148
2019-06-24,0.002240333914988998
2019-06-25,-0.0019277831939727508
2019-06-26,-0.0016266288704138681
2019-06-27,0.0004414462364754984
2019-06-28,0.0014300488920111127
2019-07-01,-0.0030201148141014637
2019-07-02,0.008034651086115285
2019-07-03,0.0021368266039336163
2019-07-05,-0.002875231566842283
2019-07-08,-0.0023350841609766602
2019-07-09,0.0011643445186983476
2019-07-10,0.005327450301128199
2019-07-11,-0.0004783975517610756
2019-07-12,0.0019922143033856456
2019-07-15,0.00020433464728602797
2019-07-16,-0.001652909576194571
2019-07-17,0.0017656052793830613
2019-07-18,0.0011718038282699512
2019-07-19,-0.0017383919238158122
2019-07-22,0.001062096706809991
2019-07-23,0.0005973605406192829
2019-07-24,0.0025189649073386797
2019-07-25,-0.0025832534006889852
2019-07-26,0.002203102737089099
2019-07-29,0.0011361533485054489
2019-07-30,0.00018264516086169533
2019-07-31,-0.0056176257610691315
2019-08-01,0.004159225261683025
2019-08-02,-0.0030225144894948128
2019-08-05,-0.0033564378412038313
2019-08-06,0.004549447041223747
2019-08-07,0.0024486604143899426
2019-08-08,0.005036582949119803
2019-08-09,-0.0018187382573773845
2019-08-12,-0.0007208156747468299
2019-08-13,0.001596836957680135
2019-08-14,-0.0045131447639652714
2019-08-15,0.0010082475161197054
2019-08-16,-0.000859219679010208
2019-08-19,-0.0016833628318408819
2019-08-20,0.0012045834570078326
2019-08-21,0.000945113498294409
2019-08-22,-0.0005424759658555373
2019-08-23,-0.0011100513739456144
2019-08-26,0.002482993465158316
2019-08-27,0.0009629422586507176
2019-08-28,0.0006216162172991446
2019-08-29,0.0006958735313397197
2019-08-30,-0.0006458925808737859
2019-09-03,0.0022737177541248383
2019-09-04,0.0043135952297651626
2019-09-05,-0.0028108385955908353
2019-09-06,-0.001963930049815784
2019-09-09,-0.0008052408250835738
2019-09-10,-0.0017099194181967137
2019-09-11,0.0032627780070443495
2019-09-12,0.001072013006368995
2019-09-13,-0.0030247987603609916
2019-09-16,0.000773094099130564
2019-09-17,0.00108216943749721
2019-09-18,-0.0007768872940948945
2019-09-19,0.0006009924938503755
2019-09-20,-0.00046654496363030397
2019-09-23,0.001167224823950128
2019-09-24,-0.0011762323872187173
2019-09-25,-0.0003891897844505608
2019-09-26,-0.0005973986228839663
2019-09-27,-0.0025237773492634615
2019-09-30,-0.0016774617359575578
2019-10-01,-0.00152830754686492
2019-10-02,0.0023275176665458813
2019-10-03,0.002986401903311265
2019-10-04,0.00032178900658471477
2019-10-07,-0.001286240393834407
2019-10-08,0.0004895554772037562
2019-10-09,0.0010563361054390812
2019-10-10,-0.0008984257398681819
2019-10-11,-0.0004325068437469285
2019-10-14,0.0007251712700901798
2019-10-15,-0.0009118063684369585
2019-10-16,0.0006465065463830733
2019-10-17,0.0002939708569860548
2019-10-18,-0.0013366240253057926
2019-10-21,0.00103650450011139
2019-10-22,0.00012953144763805982
2019-10-23,0.0006464780300466528
2019-10-24,0.002326428753457277
2019-10-25,0.000594403164061676
2019-10-28,0.0003520986849923362
2019-10-29,-0.0009928869815611337
2019-10-30,0.0027221134582169617
2019-10-31,0.001936716374173702
2019-11-01,0.0024387072921447732
2019-11-04,0.00027768171448930724
2019-11-05,-0.004830698420309851
2019-11-06,0.0014501565565721549
2019-11-07,-0.0013792124451322703
2019-11-08,-0.00023541053245125932
2019-11-11,-0.0008725662849515263
2019-11-12,0.001025085416058274
2019-11-13,0.0011471480596805224
2019-11-14,0.0010025567983151678
2019-11-15,0.001241894674044081
2019-11-18,0.0007286800163540013
2019-11-19,0.00018494520278554777
2019-11-20,-0.000979185582321867
2019-11-21,-0.001413855662341448
2019-11-22,9.177169555025204e-05
2019-11-25,0.0013983714474597314
2019-11-26,0.0018403339522271827
2019-11-27,-0.00026817211547241885
2019-11-29,0.0006944859973994999
2019-12-02,-0.0027052170905049557
2019-12-03,0.0010482390281215117
2019-12-04,0.0007525154556259266
2019-12-05,0.0005505334186864643
2019-12-06,0.0007686021948275135
2019-12-09,-0.0008320420557241586
2019-12-10,0.0001600002380563369
2019-12-11,0.003429795928981319
2019-12-12,0.0014238990606969255
2019-12-13,0.000958422599502661
2019-12-16,0.001741071781996441
2019-12-17,3.1210654581064144e-05
2019-12-18,6.581091245316436e-05
2019-12-19,0.001442712210470932
2019-12-20,0.00028883328060124174
2019-12-23,0.0011124532975303858
2019-12-24,0.003524846596166221
2019-12-26,0.00321042320997535
2019-12-27,-0.00019961367948646277
2019-12-30,-0.0006754481691741424
2019-12-31,0.0011418773589487118
2020-01-02,0.004853865467689585
2020-01-03,0.002349792117700311
2020-01-06,0.005589089341437056
2020-01-07,0.0011033312647859219
2020-01-08,-0.001046730147060991
2020-01-09,-0.00021653590361950985
2020-01-10,0.0013661161753664264
2020-01-13,0.00033897563356264813
2020-01-14,-0.0007836819052293189
2020-01-15,0.0023095073869336996
2020-01-16,0.0016709427358669315
2020-01-17,0.0012615646012452087
2020-01-21,-2.1096625445764694e-06
2020-01-22,0.00020620486866588866
2020-01-23,0.0008249657813596079
2020-01-24,2.7568318518736076e-05
2020-01-27,-0.002915400875214391
2020-01-28,0.0008527719885071854
2020-01-29,0.0015948128711516822
2020-01-30,0.0007516388365163319
2020-01-31,-0.0021959101113768957
2020-02-03,-0.0004706678595449631
2020-02-04,-0.0003809129324870452
2020-02-05,0.0028237720376064297
2020-02-06,0.002706391323438934
2020-02-07,-0.00017854905465207352
2020-02-10,0.0024684656364677036
2020-02-11,-0.0004644124454535096
2020-02-12,0.0014529756277716342
2020-02-13,0.0010774048046268989
2020-02-14,0.0019267372206150863
2020-02-18,0.0023279218048347975
2020-02-19,0.0032171627898306947
2020-02-20,-0.00021500613202393292
2020-02-21,0.000872427780942635
2020-02-24,-0.0059601790968527475
2020-02-25,-0.010195704708046191
2020-02-26,0.0008529640344245236
2020-02-27,-0.009052191670087396
2020-02-28,-0.008939785568723399
2020-03-02,0.00929777883697805
2020-03-03,0.004280902754309992
2020-03-04,0.0023675463435745988
2020-03-05,0.0025702230486894153
2020-03-06,-0.0001786059110036966
2020-03-09,-0.001550346306579754
2020-03-10,0.009773260875292823
2020-03-11,-0.0007881628677908641
2020-03-12,-0.0030887239790893988
2020-03-13,0.012375723478558653
2020-03-16,-0.0006983728443073381
2020-03-17,0.004753736272988497
2020-03-18,-0.004388506310051134
2020-03-19,-0.0034143500823091673
2020-03-20,0.0027937103795263635
2020-03-23,0.007916439818139545
2020-03-24,0.017855499430249205
2020-03-25,-0.0010991617107156948
2020-03-26,0.0008347794231448153
2020-03-27,-0.0008572265832801498
2020-03-30,0.0008109787918939009
2020-03-31,-0.003584372594717104
2020-04-01,0.0018490197153063531
2020-04-02,0.00239257104544113
2020-04-03,0.0006343538184386007
2020-04-06,0.003167845949159191
2020-04-07,-0.0004536771646114386
2020-04-08,-1.6012660645371777e-05
2020-04-09,0.004028080454964306
2020-04-13,0.003159865691962811
2020-04-14,0.0008032645489190865
2020-04-15,-0.0004956883820786938
2020-04-16,0.00028390442258263693
2020-04-17,-0.00108730786144835
2020-04-20,0.00048260927086814654
2020-04-21,-0.0019135795048433202
2020-04-22,0.0023306737287784344
2020-04-23,0.0002955479692010828
2020-04-24,0.00025032486790913205
2020-04-27,-0.0007279592403503503
2020-04-28,-0.0010675140587118415
2020-04-29,0.0032665093427619394
2020-04-30,-0.001364381029287823
2020-05-01,0.0005981816499138485
2020-05-04,0.001000642231719467
2020-05-05,0.0011389041729163289
2020-05-06,-0.0013519449475878744
2020-05-07,0.002420029417602875
2020-05-08,-0.0006506384893864582
2020-05-11,-0.0007616176615764994
2020-05-12,0.00044515249329074916
2020-05-13,0.002205107156757498
2020-05-14,0.003019601375794588
2020-05-15,0.0012193627223048087
2020-05-18,-0.0011045049780952821
2020-05-19,0.0019030564984570944
2020-05-20,0.0014743342641550625
2020-05-21,-0.004998356369759383
2020-05-22,0.0013369424171321691
2020-05-26,-0.0029229490659992046
2020-05-27,0.0007239139168400215
2020-05-28,0.0006025555228960171
2020-05-29,0.0029365243925427984
2020-06-01,0.0018480078221391888
2020-06-02,-0.001099852358875017
2020-06-03,-0.0030983633702264864
2020-06-04,0.0030435481715968757
2020-06-05,7.9184645822147e-05
2020-06-08,0.004554809774982725
2020-06-09,0.0011250834790421152
2020-06-10,0.002463708220261741
2020-06-11,-0.010346056863709601
2020-06-12,0.002210452385922327
2020-06-15,0.001109111161455373
2020-06-16,0.0028093060717708776
2020-06-17,5.183868002915903e-05
2020-06-18,-0.00010954865492893076
2020-06-19,5.9904813395200316e-05
2020-06-22,0.0024328524325808757
2020-06-23,0.0023935805768641894
2020-06-24,-0.0045323726997748915
2020-06-25,0.001631839070782435
2020-06-26,-0.0024647174703738436
2020-06-29,0.0005274506466745175
2020-06-30,0.0030885509563024823
2020-07-01,-6.24986484359896e-05
2020-07-02,0.0014017386503387564
2020-07-06,0.0044917711543587275
2020-07-07,0.0002377996078884914
2020-07-08,0.0028404484667374132
2020-07-09,-0.0012049674649760051
2020-07-10,0.00047742734297761646
2020-07-13,-0.0011348171501159138
2020-07-14,0.0030422455259469677
2020-07-15,0.001401135025268165
2020-07-16,-0.002695607221898784
2020-07-17,0.003500665746192246
2020-07-20,0.0026759153793388707
2020-07-21,0.0030323021206640705
2020-07-22,0.006239539024865664
2020-07-23,0.0011278016619036676
2020-07-24,0.00133128656297917
2020-07-27,0.008423049741736202
2020-07-28,0.001432634931928916
2020-07-29,0.004937587366388744
2020-07-30,-0.0028357706204923485
2020-07-31,0.004913795935912061
2020-08-03,0.0014269985190528706
2020-08-04,0.006012840063591257
2020-08-05,0.00433295473051359
2020-08-06,0.0060848352001196225
2020-08-07,-0.004812205236391861
2020-08-10,-9.221946153508954e-05
2020-08-11,-0.0010249997517151766
2020-08-12,0.001962700211921771
2020-08-13,0.00323340532320179
2020-08-14,-0.0005544973061644774
2020-08-17,0.003357822824571059
2020-08-18,0.003022442653790973
2020-08-19,-0.004646355962248281
2020-08-20,0.0019261843501093994
2020-08-21,0.00022467131052131398
2020-08-24,0.0006952816269609917
2020-08-25,0.0008475227395716318
2020-08-26,0.0037742322910136843
2020-08-27,-0.0009667015436818723
2020-08-28,0.004907135044203823
2020-08-31,0.00015084846478773253
2020-09-01,0.001953948910931787
2020-09-02,7.598052044843458e-05
2020-09-03,-0.007510782101772327
2020-09-04,-0.0009350320319324541
2020-09-08,-0.004847953425845427
2020-09-09,0.005102346402875465
2020-09-10,-0.0030426605758743517
2020-09-11,-0.00022086446844797472
2020-09-14,0.0016586156406879974
2020-09-15,-0.00015757120488377375
2020-09-16,-6.192050990419659e-05
2020-09-17,-0.001183911941821975
2020-09-18,-4.650192092459592e-05
2020-09-21,-0.004207335515370449
2020-09-22,0.00023497674665117537
2020-09-23,-0.010569798856091193
2020-09-24,0.0012532091674640814
2020-09-25,0.0016581859540138713
2020-09-28,0.005078267532435697
2020-09-29,0.002573428296705422
2020-09-30,-0.0008317716731785986
2020-10-01,0.0038585759782888977
2020-10-02,-0.0017753400478043894
2020-10-05,0.004131996680587807
2020-10-06,-0.006455060325480217
2020-10-07,0.00262910891587871
2020-10-08,0.0018296198342198397
2020-10-09,0.004247175228603417
2020-10-12,0.002250164662088083
2020-10-13,-0.004042985692389638
2020-10-14,-0.00011539953215717919
2020-10-15,0.0008425825356108895
2020-10-16,-0.0009550583060843488
2020-10-19,-0.002585459710364718
2020-10-20,0.0019391360583224894
2020-10-21,0.001265288138701989
2020-10-22,-0.0012709644146021181
2020-10-23,0.00026811728104464687
2020-10-26,-0.0028173552911346738
2020-10-27,0.00029770095509812296
2020-10-28,-0.011186636535201173
2020-10-29,0.0008060773871315006
2020-10-30,-0.00012121216600506027
2020-11-02,0.0027327174770787836
2020-11-03,0.0035895791917466453
2020-11-04,0.003139951029851014
2020-11-05,0.00952782125006383
2020-11-06,0.0002521890268974802
2020-11-09,-0.007043786982444441
2020-11-10,-0.0005911639654245114
2020-11-11,0.00048281029343060985
2020-11-12,-0.0005302903356922306
2020-11-13,0.002927853044083029
2020-11-16,0.0017760627897338945
2020-11-17,-0.0014788682780275035
2020-11-18,-0.003126483367339953
2020-11-19,0.0007509618825734194
2020-11-20,-0.0009811664339637732
2020-11-23,-0.0011655526149636415
2020-11-24,0.00021143944815067098
2020-11-25,-0.00020963250254674588
2020-11-27,-0.0016604045477712692
2020-11-30,-0.0017749560577756287
2020-12-01,0.006345973279115522
2020-12-02,0.0027461238700185182
2020-12-03,0.0018097150552739468
2020-12-04,0.0010912121824881394
2020-12-07,0.0020031529686041385
2020-12-08,0.0009731231807972026
2020-12-09,-0.004350806877666277
2020-12-10,-0.0001906561989426896
2020-12-11,0.00010095587393101909
2020-12-14,-0.0015313321604483658
2020-12-15,0.005237009949694107
2020-12-16,0.001996450612030679
2020-12-17,0.003186004065423701
2020-12-18,-0.0017465339799771604
2020-12-21,-0.0012116421400622606
2020-12-22,-0.0015685515548302575
2020-12-23,0.0025368677159986106
2020-12-24,0.0015851969474885306
2020-12-28,0.0005100977983168527
2020-12-29,0.0009321095667899589
2020-12-30,0.0029009384741639464
2020-12-31,0.001823384321326472
2021-01-04,0.002994638246125765
2021-01-05,0.0024648010781752345
2021-01-06,-0.003528316687060277
2021-01-07,0.002291708435548128
2021-01-08,-0.004768262547335274
2021-01-11,-0.0017910376862674997
2021-01-12,0.0014718621967899632
2021-01-13,-0.0006197634263129278
2021-01-14,-0.0008665125405234436
2021-01-15,-0.0038549635394977766
2021-01-19,0.00354184987528295
2021-01-20,0.0070991027984198506
2021-01-21,0.000225499307861246
2021-01-22,-0.0017488324725797775
2021-01-25,0.0010632593309767688
2021-01-26,-0.0006184462180078092
2021-01-27,-0.006411895881090033
2021-01-28,0.0017700031523546602
2021-01-29,-0.003915753207575413
2021-02-01,0.004704698573197581
2021-02-02,0.0008405720201405066
2021-02-03,-0.00013890094064388452
2021-02-04,-0.0007910819875499566
2021-02-05,0.0022079138767485368
2021-02-08,0.0033162054074444645
2021-02-09,0.00012910173011904222
2021-02-10,0.000249933983942471
2021-02-11,-0.0004922886492568408
2021-02-12,0.0006421150368972942
2021-02-16,-0.0017516927587230128
2021-02-17,-0.0018713513738666159
2021-02-18,-0.0008824764865098196
2021-02-19,0.00017803376939934986
2021-02-22,0.00032556712271255965
2021-02-23,-0.00029656108794060503
2021-02-24,0.0016554386742968156
2021-02-25,-0.0048444425177493165
2021-02-26,-0.003237027266610466
2021-03-01,0.0038569070531174867
2021-03-02,-0.0005751027567539528
2021-03-03,-0.0066516333222848036
2021-03-04,-0.004971818025951565
2021-03-05,0.003455076202258558
2021-03-08,-0.003184428923176042
2021-03-09,0.008774547861683808
2021-03-10,0.0022635830391414687
2021-03-11,0.0022994531874721185
2021-03-12,7.552896526408985e-05
2021-03-15,0.0018380376835911722
2021-03-16,-5.9086794898393835e-05
2021-03-17,0.0013666567967051384
2021-03-18,-0.003242421494736162
2021-03-19,-0.00034565103885018716
2021-03-22,0.0012417097165321202
2021-03-23,-0.0021159405923435993
2021-03-24,-0.0005754015303685401
2021-03-25,0.000491464656897933
2021-03-26,0.003043419005033481
2021-03-29,-0.0013379539623388358
2021-03-30,-0.0030347543812757906
2021-03-31,0.00681573469632812
2021-04-01,0.004024444835559857
2021-04-05,0.0028614645029246873
2021-04-06,0.0007200198720582
2021-04-07,-0.00027749885950792397
2021-04-08,0.002216833502576514
2021-04-09,0.0007135944730820343
2021-04-12,-0.0005234817902287057
2021-04-13,0.001629330017365424
2021-04-14,-0.0018284639953717466
2021-04-15,0.004930196632936994
2021-04-16,0.0013982272577781041
2021-04-19,-0.001807223415496112
2021-04-20,-0.000993828009972491
2021-04-21,0.004091603341477332
2021-04-22,-0.0035828835448654447
2021-04-23,0.0016413749303028679
2021-04-26,0.0008999117587969325
2021-04-27,-0.0005417667622953685
2021-04-28,0.0002710298553489372
2021-04-29,0.0004887871305069218
2021-04-30,-0.0021944744992019273
2021-05-03,0.0026890021555821394
2021-05-04,-0.004138651450256223
2021-05-05,0.0005732793742662206
2021-05-06,0.0041107374492043575
2021-05-07,0.004996185492485645
2021-05-10,-0.001230808848407631
2021-05-11,-0.0014411467350898747
2021-05-12,-0.004997571113932658
2021-05-13,0.0037555463995054316
2021-05-14,0.003854968385024044
2021-05-17,0.0011348981507285066
2021-05-18,-0.0011641784259177068
2021-05-19,-0.00028356608961339994
2021-05-20,0.002824628751010633
2021-05-21,-0.00016528037487387656
2021-05-24,0.0023806773205572234
2021-05-25,0.000741752618492334
2021-05-26,-0.00019692381058533594
2021-05-27,8.200680117559546e-05
2021-05-28,0.00106725471227979
2021-06-01,-0.0007390501300211887
2021-06-02,0.0011575203607127223
2021-06-03,-0.004960071416987811
2021-06-04,0.004110489013741632
2021-06-07,0.0005032532654265178
2021-06-08,-0.00012930521752904225
2021-06-09,-0.0005247281654007137
2021-06-10,0.0019580898318444524
2021-06-11,-0.001856694203271157
2021-06-14,-0.0001178719530553269
2021-06-15,-0.001131260791845748
2021-06-16,-0.005797561903170461
2021-06-17,-0.004178472541636027
2021-06-18,-0.003953889785360637
2021-06-21,0.00448542017527488
2021-06-22,0.00046345623051328815
2021-06-23,-0.00030281699677527275
2021-06-24,0.0011723247878688513
2021-06-25,0.001017139594588851
2021-06-28,0.0008919935495863793
2021-06-29,-0.0008473016053985348
2021-06-30,0.0012084762667083169
2021-07-01,0.0014479898823515208
2021-07-02,0.0027772040279469687
2021-07-06,0.00044623205748649947
2021-07-07,0.001098757016767587
2021-07-08,-0.0017422821525490187
2021-07-09,0.0024656744323794575
2021-07-12,0.0006832817558779668
2021-07-13,-0.00044567104869872834
2021-07-14,0.002259772236927879
2021-07-15,-0.0009372812392161979
2021-07-16,-0.0027020050432452402
2021-07-19,-0.002823094331827757
2021-07-20,0.0029376905006103394
2021-07-21,0.0015299745571444143
2021-07-22,0.0007155765392778097
2021-07-23,0.002211950187027884
2021-07-26,0.0002476413903298708
2021-07-27,-0.0011708192009906712
2021-07-28,0.0010099498829770905
2021-07-29,0.0012246332443258266
2021-07-30,-0.0027749191933153505
2021-08-02,-0.000383494702202619
2021-08-03,0.0015383003705552061
2021-08-04,-0.0006955107022619821
2021-08-05,0.0012782707145978177
2021-08-06,-0.0009594686388736537
2021-08-09,-0.0019793879523115183
2021-08-10,1.5321495489846457e-05
2021-08-11,0.0035913673967152716
2021-08-12,0.0006564978816970362
2021-08-13,0.0014973856022628886
2021-08-16,0.0013151606834355648
2021-08-17,-0.0017133896769860072
2021-08-18,-0.00216695768395964
2021-08-19,0.00024264044836626547
2021-08-20,0.0017259753948447607
2021-08-23,0.0035857411324118336
2021-08-24,0.00021432716518970704
2021-08-25,-0.0005586539014512731
2021-08-26,-0.0010576046252283762
2021-08-27,0.004368857153627177
2021-08-30,0.0003069096834638163
2021-08-31,8.396642677947785e-07
2021-09-01,0.0001725452572636781
2021-09-02,-8.861491229834569e-06
2021-09-03,0.0017006794403613315
2021-09-07,-0.003941040696437529
2021-09-08,-0.0009970585645140517
2021-09-09,2.2055447154220326e-05
2021-09-10,-0.002572527914866201
2021-09-13,0.0008615541882559988
2021-09-14,1.051831449007455e-05
2021-09-15,0.0007291311819764204
2021-09-16,-0.0046174647463216095
2021-09-17,-0.0027637472828864326
2021-09-20,-0.0023795251795907957
2021-09-21,0.0022115073553077335
2021-09-22,0.0011559517824970642
2021-09-23,0.00029069010673481795
2021-09-24,1.8884614009301943e-05
2021-09-27,-0.00019864646250734576
2021-09-28,-0.00506269020521611
2021-09-29,-0.0003317867085349022
2021-09-30,0.0008234738794832555
2021-10-01,0.00213424444271945
2021-10-04,-0.0015979005374185066
2021-10-05,0.0010873747043869198
2021-10-06,0.00046868471558553487
2021-10-07,-0.00033292939697380066
2021-10-08,-0.00026311060293574944
2021-10-11,-0.0017172439873396157
2021-10-12,0.0005185389379716654
2021-10-13,0.0037187044351247563
2021-10-14,0.003292405935646849
2021-10-15,-0.00102159220096969
2021-10-18,0.00028028936355717094
2021-10-19,0.0015998221813750488
2021-10-20,0.0023004367433752037
2021-10-21,0.00038892375347618835
2021-10-22,0.00039907682778102043
2021-10-25,0.0035997254028450375
2021-10-26,-0.0006261713945023109
2021-10-27,-0.00038238458012481325
2021-10-28,0.0018019268306728045
2021-10-29,-0.0008397650054841146
2021-11-01,0.0011201704818778553
2021-11-02,0.0003927389449656986
2021-11-03,2.4958820239336143e-05
2021-11-04,0.0029394900269068642
2021-11-05,0.002545416162477012
2021-11-08,0.0005710571587964248
2021-11-09,-9.50686310903458e-05
2021-11-10,-0.000498167425929257
2021-11-11,0.0016523264324176065
2021-11-12,0.0019835906831153923
2021-11-15,-0.00040251492102486356
2021-11-16,-0.00040127616662805033
2021-11-17,0.0027215295506059873
2021-11-18,0.0004807294679717176
2021-11-19,-0.001116270614687905
2021-11-22,-0.0042384638328917135
2021-11-23,-0.0028304525810118855
2021-11-24,0.000275241619948285
2021-11-26,-0.004600874054071055
2021-11-29,0.00301060937661255
2021-11-30,-0.004797658995366436
2021-12-01,-0.0014448277322944114
2021-12-02,0.0019585159669455975
2021-12-03,-0.0004606979671020301
2021-12-06,0.0016701740286794203
2021-12-07,0.004129223574466047
2021-12-08,0.0006782740213346974
2021-12-09,-0.0015984709212798045
2021-12-10,0.002314031361471086
2021-12-13,-0.001468990208763503
2021-12-14,-0.0025129852943494646
2021-12-15,0.0033320752087314595
2021-12-16,-0.001277623276552945
2021-12-17,-0.0028501279487882715
2021-12-20,-0.0027613023082442047
2021-12-21,0.0026239558699546485
2021-12-22,0.0034604310048419983
2021-12-23,0.0014262633861443792
2021-12-27,0.002825543898998897
2021-12-28,-0.0012458205107354322
2021-12-29,3.7426923314660504e-05
2021-12-30,0.0020911751284718523
2021-12-31,0.0017196976697295783
2022-01-03,-0.0039050470848937292
2022-01-04,0.0015234837881167931
2022-01-05,-0.004596524744062196
2022-01-06,-0.006637106473202381
2022-01-07,-0.00040672677398449937
2022-01-10,0.00028055684859164465
2022-01-11,0.002991467333757273
2022-01-12,0.0009688452327826801
2022-01-13,-0.0031462155135912207
2022-01-14,-0.00022316321084794676
2022-01-18,-0.0032385908506375447
2022-01-19,0.004275865481266125
2022-01-20,-0.002920743010454232
2022-01-21,-0.004717246251252049
2022-01-24,0.0024931607675614297
2022-01-25,0.0012414499342494304
2022-01-26,-0.005319390697681171
2022-01-27,-0.00569089120693932
2022-01-28,0.0037879272416790565
2022-01-31,0.0007013248800156034
2022-02-01,1.674097534065097e-05
2022-02-02,0.0007150720824878527
2022-02-03,-0.0006726218442764973
2022-02-04,0.0006816416167402267
2022-02-07,0.001130389644529471
2022-02-08,0.0003897434565869635
2022-02-09,0.0003019225470758015
2022-02-10,-0.0006014516261178798
2022-02-11,0.006913770097197271
2022-02-14,0.001102427263013163
2022-02-15,-0.0030455733816661243
2022-02-16,0.003061780101470428
2022-02-17,0.004517639206837558
2022-02-18,-0.00030560664196926403
2022-02-22,0.0003016418658487788
2022-02-23,-0.0009734918716746198
2022-02-24,0.0018359175378165331
2022-02-25,-0.0009009524997207543
2022-02-28,0.002637874526950514
2022-03-01,0.009357048774314172
2022-03-02,-0.0032065614013876186
2022-03-03,0.0022985955106906006
2022-03-04,0.0036624923963292934
2022-03-07,0.00425831023634028
2022-03-08,0.006032626389334831
2022-03-09,0.0013097587408983495
2022-03-10,0.0005058106386747536
2022-03-11,-0.00033885117269629307
2022-03-14,-0.0018953242284065054
2022-03-15,-0.001923831031675673
2022-03-16,0.0007192731553031993
2022-03-17,2.01400308347173e-05
2022-03-18,-0.0020409424782105653
2022-03-21,0.001384698118570972
2022-03-22,-0.0012596099183102985
2022-03-23,0.002359729812476383
2022-03-24,0.0007952989897385368
2022-03-25,-0.0004919618259016983
2022-03-28,-0.002520763325426778
2022-03-29,-2.3125787828162916e-05
2022-03-30,0.0013212880588192282
2022-03-31,-0.00010293395816875895
2022-04-01,-0.0011693584677139664
2022-04-04,0.002648451173554586
2022-04-05,-0.003850126177486682
2022-04-06,-0.0017278460916722803
2022-04-07,0.0016776590039800632
2022-04-08,0.0005669260768252493
2022-04-11,-0.002710635908016375
2022-04-12,0.0004686780222043957
2022-04-13,0.0034584828948112396
2022-04-14,-0.0005273445185638224
2022-04-18,0.0005434200070738379
2022-04-19,-0.0027103569239258327
2022-04-20,0.0016915294340051348
2022-04-21,-0.0006961448884976817
2022-04-22,-0.002629174697247777
2022-04-25,-0.0025171361412739007
2022-04-26,0.0007070230361585284
2022-04-27,-0.002332913528081187
2022-04-28,0.0009204600106094811
2022-04-29,0.0014205091963889495
2022-05-02,-0.005212893997615964
2022-05-03,0.0006453693507193564
2022-05-04,0.0026554978615329124
2022-05-05,0.00035004712079307024
2022-05-06,0.0003184092737461516
2022-05-09,-0.0024780841071295303
2022-05-10,-0.0007535199620294224
2022-05-11,0.0023939039354829153
2022-05-12,-0.0030096745836752257
2022-05-13,0.0024214769518905777
2022-05-16,0.0021632258161707525
2022-05-17,-0.0011184496921046389
2022-05-18,0.000926173170576764
2022-05-19,0.0027863700502215004
2022-05-20,0.0001458638043091586
2022-05-23,0.0003472837728552949
2022-05-24,0.0014125756543550674
2022-05-25,-0.0010167201310134944
2022-05-26,-0.0008232275899812157
2022-05-27,-0.0006601742284934001
2022-05-31,-0.0018093177160450576
2022-06-01,0.0014633511322550332
2022-06-02,0.0022804347485208378
2022-06-03,-0.003155994792921795
2022-06-06,-0.0009276875745313621
2022-06-07,0.000575016755413216
2022-06-08,-4.308011935863794e-05
2022-06-09,-0.000385002527621841
2022-06-10,0.0011885105479580074
2022-06-13,-0.01283642187786091
2022-06-14,-0.0016564107569997156
2022-06-15,0.005240151173400716
2022-06-16,0.0021174898778545657
2022-06-17,-0.0014745652355519275
2022-06-21,-0.0008059841478241414
2022-06-22,0.0007573466252382263
2022-06-23,-0.0009440435576630875
2022-06-24,-0.000916953818353353
2022-06-27,4.05098428784609e-05
2022-06-28,1.2327583875410876e-05
2022-06-29,-0.00015303579119076103
2022-06-30,-0.0006167315188849352
2022-07-01,-0.00024153730928100473
2022-07-05,-0.0032805860654267992
2022-07-06,-0.003679323155818084
2022-07-07,-0.00045998883760179574
2022-07-08,5.117044994045243e-05
2022-07-11,-0.00047868784175006385
2022-07-12,-0.0008190831789273052
2022-07-13,0.0013249332638543504
2022-07-14,-0.003236426253128588
2022-07-15,0.0033183592138734245
2022-07-18,0.00035467779251221695
2022-07-19,0.0003816660966462292
2022-07-20,-0.00196280990743849
2022-07-21,0.002443980058914794
2022-07-22,0.0005116869133043663
2022-07-25,-0.0003556413143329141
2022-07-26,0.0001460666439987214
2022-07-27,0.0023340058538134185
2022-07-28,0.0010684607885253334
2022-07-29,-0.00011040438929152678
2022-08-01,0.00048487328209498987
2022-08-02,-0.0004926578959242174
2022-08-03,0.0005834201751166844
2022-08-04,0.0013812975496971796
2022-08-05,-0.00091573589513663
2022-08-08,0.0007124439621190635
2022-08-09,0.00014627871867028687
2022-08-10,0.00038231207059726094
2022-08-11,-0.0002521544132779839
2022-08-12,0.0021116110826034573
2022-08-15,-0.00105166023201586
2022-08-16,-0.0001643620161615167
2022-08-17,-0.001222637390431959
2022-08-18,-0.00020145092428274048
2022-08-19,-0.001039045539718484
2022-08-22,-0.001701898973526191
2022-08-23,0.0004151952347171172
2022-08-24,0.001339977274864531
2022-08-25,0.00042968103607818613
2022-08-26,-0.0007503958660127739
2022-08-29,-0.0003248159744763669
2022-08-30,-0.001071987486530338
2022-08-31,-0.0026638921612234323
2022-09-01,-0.000485914028733643
2022-09-02,0.0013731547498564073
2022-09-06,-0.0010633143225107712
2022-09-07,0.005495829585220563
2022-09-08,-0.000868402450542716
2022-09-09,0.00027056006126867485
2022-09-12,0.00023095421048110375
2022-09-13,-0.0001766785854668059
2022-09-14,-0.00018039141396526323
2022-09-15,-0.0022207202122961683
2022-09-16,0.0005846361141656048
2022-09-19,0.0016467370842963727
2022-09-20,-0.00016370408085238176
2022-09-21,0.001099941913580611
2022-09-22,-0.0023868766515324413
2022-09-23,-0.006009882042784973
2022-09-26,-0.0042432289433499675
2022-09-27,-0.0001826772191912233
2022-09-28,0.009310762033787896
2022-09-29,0.000989567156250795
2022-09-30,0.0004489998105637692
2022-10-03,0.006476379984219428
2022-10-04,0.0005587211369710702
2022-10-05,-0.00043446963438899825
2022-10-06,0.00014231082334146303
2022-10-07,-0.0007261634662210298
2022-10-10,-0.0013183512496114016
2022-10-11,0.0002472414342494793
2022-10-12,5.553201803101728e-06
2022-10-13,0.004990681434103097
2022-10-14,-0.000602087173947068
2022-10-17,0.0008250716740496074
2022-10-18,0.00010553900195633205
2022-10-19,-0.0016792691447887545
2022-10-20,-9.805784274136644e-05
2022-10-21,0.00215695230408488
2022-10-24,-0.0003352568703573647
2022-10-25,-0.00023248470291268317
2022-10-26,0.0016208433766326585
2022-10-27,-0.00018612735738940427
2022-10-28,-0.0003277909501228064
2022-10-31,-0.0005935472413654355
2022-11-01,0.0021326762110173056
2022-11-02,-0.0012882022134792868
2022-11-03,-0.0011325388994109088
2022-11-04,0.006706938394437092
2022-11-07,-0.000599561543548658
2022-11-08,0.004340519203317916
2022-11-09,-0.0007703195202929515
2022-11-10,0.0033712800324961632
2022-11-11,0.00014306773428456805
2022-11-14,0.00024743571212596774
2022-11-15,0.00012819391731398855
2022-11-16,5.899831830062793e-05
2022-11-17,-0.0002652544652238802
2022-11-18,-0.0003697498316126143
2022-11-21,-0.0001883480506309895
2022-11-22,0.0003335062262006251
2022-11-23,0.0008086247276319009
2022-11-25,0.0001968776170843619
2022-11-28,-0.00037947345772486665
2022-11-29,3.659782288070745e-05
2022-11-30,0.0018251131443211507
2022-12-01,0.000488737202538711
2022-12-02,-0.0003381714007755513
2022-12-05,-0.001359624998333872
2022-12-06,-0.002954970783641299
2022-12-07,0.0015253666534084586
2022-12-08,0.001791751932886642
2022-12-09,0.00045783641535350163
2022-12-12,-0.0006954728309739317
2022-12-13,0.002327682220121837
2022-12-14,-0.00041910224816111766
2022-12-15,-0.0016238634485813853
2022-12-16,0.0007879006159673522
2022-12-19,-0.0020178391974758547
2022-12-20,0.002588950261697858
2022-12-21,0.002547478389355586
2022-12-22,-0.0009424103203309612
2022-12-23,0.0016074727865020926
2022-12-27,0.0013365596871964885
2022-12-28,-0.0010254681483841757
2022-12-29,0.005858660827416518
2022-12-30,0.000757264456726473
2023-01-03,0.0017065978477507119
2023-01-04,0.0012541580870992497
2023-01-05,-0.0013618918266041888
2023-01-06,0.003324333569911565
2023-01-09,8.763947590551991e-05
2023-01-10,0.00028266192533488757
2023-01-11,-0.0005949250056977544
2023-01-12,0.0011025136509856886
2023-01-13,0.0011024348070720338
2023-01-17,-0.0010290463989000196
2023-01-18,-6.691316299557411e-05
2023-01-19,0.0037905871935327235
2023-01-20,0.0032940767777832093
2023-01-23,-6.32646905237823e-05
2023-01-24,0.0005831050246812056
2023-01-25,0.0007359297570977111
2023-01-26,-0.0016138272926089431
2023-01-27,0.0001364288460063042
2023-01-30,-0.0029188204198077102
2023-01-31,0.0013864797636021467
2023-02-01,0.005834202236021659
2023-02-02,0.0005097560994312684
2023-02-03,-0.007697837957593583
2023-02-06,-0.0006045674088000708
2023-02-07,0.003013446324980429
2023-02-08,-0.0017442458399767932
2023-02-09,-0.003821494166769475
2023-02-10,0.0006541467437538309
2023-02-13,0.0012096824237354436
2023-02-14,8.470024554146756e-05
2023-02-15,-0.002380005655318374
2023-02-16,-0.0029520647859729533
2023-02-17,-0.00025423569017421184
2023-02-21,-0.004799818211738523
2023-02-22,-0.0014824254191243297
2023-02-23,0.000864079478330409
2023-02-24,-0.0018772526928860246
2023-02-27,0.0010228529757521849
2023-02-28,0.0011908388319771576
2023-03-01,0.0013497641435021317
2023-03-02,-0.00015532622670168806
2023-03-03,0.0022556781550890784
2023-03-06,-0.0008682215816859924
2023-03-07,-0.005307835181471467
2023-03-08,0.00013253233465844154
2023-03-09,0.0013056740006753358
2023-03-10,-0.0007327040732725753
2023-03-13,0.0057340128713059685
2023-03-14,0.0023824313345949455
2023-03-15,0.0022424892422664064
2023-03-16,0.0012185464918637139
2023-03-17,0.007854224612943158
2023-03-20,0.0001876703601072371
2023-03-21,-0.002176671518035296
2023-03-22,0.0013664022704403655
2023-03-23,0.001917713744051446
2023-03-24,-0.00046515596736492284
2023-03-27,-0.002249446890165728
2023-03-28,0.00017041491667423356
2023-03-29,-0.00039780185979318666
2023-03-30,0.00282964111841481
2023-03-31,0.002327145092830025
2023-04-03,0.0019113847181931988
2023-04-04,0.004262478431013322
2023-04-05,-0.0011612225806162113
2023-04-06,0.0003669097016608248
2023-04-10,-0.0004970122399211604
2023-04-11,0.000502096450217194
2023-04-12,-0.0005406684908152982
2023-04-13,0.006289471813032391
2023-04-14,-0.002312709052218477
2023-04-17,0.00033746521674007517
2023-04-18,0.0006323921677845157
2023-04-19,-0.001271600699165976
2023-04-20,-0.0008682447498449559
2023-04-21,-0.001488127002305113
2023-04-24,0.0006703114903083039
2023-04-25,-0.0031305348715934224
2023-04-26,-0.002261826615647363
2023-04-27,0.006856658937070237
2023-04-28,0.002135163731684019
2023-05-01,-0.0013426845549476402
2023-05-02,0.0027540530864108327
2023-05-03,0.0011399815868655754
2023-05-04,0.0015419519203266714
2023-05-05,0.0003970374933649568
2023-05-08,0.0004952897029203462
2023-05-09,-2.5221281012945953e-05
2023-05-10,0.0003059541071898992
2023-05-11,-0.0016319042074415618
2023-05-12,-0.0007373702668399389
2023-05-15,0.001337543554220255
2023-05-16,-0.0040625341428575665
2023-05-17,-0.00020351546507570172
2023-05-18,6.590470720613424e-05
2023-05-19,0.001729069203764268
2023-05-22,-0.0002563271937457369
2023-05-23,-0.0027219403355460575
2023-05-24,-0.004449103876645459
2023-05-25,0.0009319748565615174
2023-05-26,0.0051063516714409726
2023-05-30,0.002024045066896543
2023-05-31,-0.0011098445628811703
2023-06-01,0.004463425083000147
2023-06-02,0.0003455395537525605
2023-06-05,0.0011167403346299344
2023-06-06,0.0007141607410237412
2023-06-07,-0.0037571488027127098
2023-06-08,0.004428664319549359
2023-06-09,0.0001971073711887198
2023-06-12,0.0025299198119200024
2023-06-13,0.0009557497429371573
2023-06-14,0.0007433726429770008
2023-06-15,0.004177283709614155
2023-06-16,-0.0020196295385794894
2023-06-20,-0.002234582856794713
2023-06-21,-0.002097385281279791
2023-06-22,3.560734218267087e-05
2023-06-23,-0.0014885985968045622
2023-06-26,-0.0010326682453138348
2023-06-27,0.0029924141716283817
2023-06-28,-0.00041782657429091966
2023-06-29,0.00043176222156221284
2023-06-30,0.004623495426036479
2023-07-03,0.0006208266465105342
2023-07-05,-0.001070606642795768
2023-07-06,-0.0026391321620733987
2023-07-07,0.0013551191818362827
2023-07-10,0.0006654581777804297
2023-07-11,0.002045896456645228
2023-07-12,0.003935542843302113
2023-07-13,0.0024714448020943555
2023-07-14,-0.0005610352927308566
2023-07-17,0.001494667048965463
2023-07-18,0.0034100851342497053
2023-07-19,0.0004867892144315745
2023-07-20,-0.0033416544574731027
2023-07-21,-0.0007897692882898737
2023-07-24,0.00020002113282790058
2023-07-25,0.002409057213965403
2023-07-26,0.0011623374950004435
2023-07-27,-0.007392763693965951
2023-07-28,0.00596759088874263
2023-07-31,0.0010100812104427675
2023-08-01,-0.00405932426523627
2023-08-02,-0.004719899938471025
2023-08-03,-0.0007353821438850488
2023-08-04,-0.0001316346607511433
2023-08-07,0.001924620922046238
2023-08-08,-0.002040346104934178
2023-08-09,-0.002754193817532511
2023-08-10,4.702182306446601e-05
2023-08-11,-0.0003010294272322945
2023-08-14,0.0007485706488978336
2023-08-15,-0.0029506854782851213
2023-08-16,-0.0035129497829719638
2023-08-17,-0.0025403982302908672
2023-08-18,-3.3800537817048237e-06
2023-08-21,0.001692402022879743
2023-08-22,-0.00043181757991818046
2023-08-23,0.0033700841264653076
2023-08-24,-0.0033022478162707592
2023-08-25,0.001552200538640927
2023-08-28,0.0018092173732122219
2023-08-29,0.005333222296959647
2023-08-30,0.0018478172042973523
2023-08-31,-0.0010503305902060573
2023-09-01,0.00047013528162790106
2023-09-05,-0.0029965821733412773
2023-09-06,-0.002872936093908678
2023-09-07,-0.0004414649445700987
2023-09-08,0.00039427116513918414
2023-09-11,0.0019106616846019352
2023-09-12,-0.0022799314045337466
2023-09-13,0.00024868870309551286
2023-09-14,0.00188458648698087
2023-09-15,-0.0032495083244933774
2023-09-18,0.0008403931320018333
2023-09-19,-0.000617268218091969
2023-09-20,-0.002148157707610295
2023-09-21,-0.007676281166615018
2023-09-22,-0.0004198725841800024
2023-09-25,0.0003109319215683432
2023-09-26,-0.003837551729722959
2023-09-27,-0.0014022751195933185
2023-09-28,0.0009524856524745351
2023-09-29,-0.0004239927871302012
2023-10-02,-0.0002701238814294965
2023-10-03,-0.0003585952983857591
2023-10-04,0.001859007238411644
2023-10-05,-0.0001144738503073502
2023-10-06,0.0004383606826170333
2023-10-09,0.0008578022234679968
2023-10-10,0.000101794636152885
2023-10-11,0.0008483987458637897
2023-10-12,-0.0007658657659970196
2023-10-13,0.0059763531360163165
2023-10-16,-8.20527736010736e-05
2023-10-17,0.0003153921991190633
2023-10-18,0.003973006256833911
2023-10-19,0.0021534622366167055
2023-10-20,-0.0030406369141068508
2023-10-23,-0.0004463023145920911
2023-10-24,0.0015450367678783627
2023-10-25,0.0004430274571414136
2023-10-26,-0.001291223996475084
2023-10-27,0.0010986665358765078
2023-10-30,0.0014097299908065507
2023-10-31,-0.0009710065213562921
2023-11-01,-0.000723024743281353
2023-11-02,0.0010619428603487907
2023-11-03,0.0027219562996411164
2023-11-06,-0.002023895055853507
2023-11-07,-5.9637747041872994e-05
2023-11-08,-0.0017740781271771305
2023-11-09,-0.0010107965310102798
2023-11-10,0.0021676295755319254
2023-11-13,0.0005470679714883265
2023-11-14,0.005955400603129145
2023-11-15,4.724456015829388e-05
2023-11-16,0.0018483229542625617
2023-11-17,0.00021599216896410155
2023-11-20,0.001515666259101553
2023-11-21,0.00017198024846319735
2023-11-22,-0.0005530231093879671
2023-11-24,0.0005207510199589099
2023-11-27,0.0004969556818781446
2023-11-28,0.0030996590571557513
2023-11-29,0.00028804100273231486
2023-11-30,-0.0007227207512366905
2023-12-01,0.0068628117300934014
2023-12-04,-0.007922491651607782
2023-12-05,-0.0012120649499936984
2023-12-06,0.0002264295298869967
2023-12-07,0.0025173044775907553
2023-12-08,-0.0015220364056370934
2023-12-11,-0.001021598259749287
2023-12-12,0.0010297093319141678
2023-12-13,0.009960626845900517
2023-12-14,0.0020866249602047356
2023-12-15,-0.002535602680154262
2023-12-18,0.002202742809675535
2023-12-19,0.002655438950284161
2023-12-20,-0.005075726823276419
2023-12-21,0.003910090513330314
2023-12-22,0.0011912172998918406
2023-12-26,0.0020150134745327555
2023-12-27,0.0014406575902907455
2023-12-28,-0.0021023977250385615
2023-12-29,-0.001271553036610925
2024-01-02,-0.0024236333904135796
2024-01-03,-0.0043037535516019555
2024-01-04,-0.0007646646936647982
2024-01-05,0.0003615674137463557
2024-01-08,0.0019719749301362072
2024-01-09,-0.00015406375173309644
2024-01-10,0.0007137010975386823
2024-01-11,0.0003681121234700707
2024-01-12,0.001953746759316717
2024-01-16,-0.0020441785352077147
2024-01-17,-0.003419795199504286
2024-01-18,0.003986827459748427
2024-01-19,0.0034143175627761135
2024-01-22,-0.0008281318347354089
2024-01-23,0.001551836334370644
2024-01-24,-0.0019017431302883032
2024-01-25,0.0018555830420914337
2024-01-26,-0.0006019254166930667
2024-01-29,0.0038170536330351286
2024-01-30,0.00017387638965048115
2024-01-31,-0.004106028219036837
2024-02-01,0.006188007396245148
2024-02-02,-0.0006601789595992217
2024-02-05,-0.002000373157805202
2024-02-06,0.0016456660202691705
2024-02-07,0.0019271546036279538
2024-02-08,3.263844287793171e-05
2024-02-09,0.0009341296940637875
2024-02-12,-0.0006274582322905208
2024-02-13,-0.006091848160144211
2024-02-14,0.0020824669676261028
2024-02-15,0.002629601898732347
2024-02-16,-0.0005652104689882953
2024-02-20,-0.00023249676232543347
2024-02-21,4.909168629672956e-06
2024-02-22,0.004686970902190736
2024-02-23,0.0008929141116030682
2024-02-26,-0.0013489679190676158
2024-02-27,0.00020487725458716289
2024-02-28,0.00010754590825189884
2024-02-29,0.0024352817388663918
2024-03-01,0.011920632568183407
2024-03-04,0.0047250624034716505
2024-03-05,-0.0013054349343962655
2024-03-06,0.004235167285454814
2024-03-07,0.0040413725858244156
2024-03-08,-0.0004700584537099437
2024-03-11,-4.810694861611851e-05
2024-03-12,0.0008745294758101809
2024-03-13,0.0004768534333980173
2024-03-14,-0.0011047042595560468
2024-03-15,-0.002812056088045077
2024-03-18,0.0020378619581608356
2024-03-19,0.0010820740268851546
2024-03-20,0.004325721130432211
2024-03-21,0.0006802664359858171
2024-03-22,-0.0014993891667108576
2024-03-25,-0.00011883641610949331
2024-03-26,0.0002837559460049416
2024-03-27,0.0035661220556003543
2024-03-28,0.0027832590196214743
2024-04-01,0.0020252499848332074
2024-04-02,0.0016821136215693614
2024-04-03,0.0022600414288114767
2024-04-04,-0.0041473789488316645
2024-04-05,0.0054458628009383826
2024-04-08,0.001046230520592924
2024-04-09,0.0011395874847136118
2024-04-10,-0.00380808001026872
2024-04-11,0.0051841168508984705
2024-04-12,-0.005409949532461874
2024-04-15,0.001731361853500167
2024-04-16,-0.0001719171267154016
2024-04-17,-0.0024463959580627694
2024-04-18,-0.00031549643428962213
2024-04-19,-0.0027823481885720525
2024-04-22,-0.0008261895050130572
2024-04-23,0.0021564433059235353
2024-04-24,-0.0005006152021859435
2024-04-25,0.0003993197111259528
2024-04-26,0.002891768560151278
2024-04-29,0.0003250225440313733
2024-04-30,-0.008462459395660996
2024-05-01,0.001715181122080828
2024-05-02,0.0019150611688402562
2024-05-03,0.0026122624156983748
2024-05-06,0.004479008786122169
2024-05-07,-0.0006031032446058183
2024-05-08,-0.0005203217237932622
2024-05-09,0.004668419984563865
2024-05-10,0.0011046608974360386
2024-05-13,-0.0017869814330565821
2024-05-14,0.002619370471688339
2024-05-15,0.006166793781409238
2024-05-16,-0.001127552356865615
2024-05-17,0.0029791029233944975
2024-05-20,0.0016291485332633705
2024-05-21,0.0003727410168286332
2024-05-22,-0.0033057813630416083
2024-05-23,-0.005020855486264291
2024-05-24,0.002225403808972976
2024-05-28,0.0026228376776813622
2024-05-29,-0.005220540687983784
2024-05-30,-0.0015126106237736343
2024-05-31,0.0004534551881540936
2024-06-03,0.002474867317438085
2024-06-04,-0.001314826508159101
2024-06-05,0.005832039808098358
2024-06-06,0.0013508402464305124
2024-06-07,-0.005165193435006703
2024-06-10,0.0020720609870897595
2024-06-11,0.0011813452014482564
2024-06-12,0.0031742184749562236
2024-06-13,-3.991238665523281e-06
2024-06-14,0.0015546741883553047
2024-06-17,0.0019092944775294957
2024-06-18,0.0010754670855195453
2024-06-20,0.00081524736805771
2024-06-21,-0.0022964810586148243
2024-06-24,-0.001204421021395893
2024-06-25,0.0014420340361765756
2024-06-26,-0.0008439330307728264
2024-06-27,0.0023887928763545617
2024-06-28,-0.0011290664032324001
2024-07-01,0.0012343574197853898
2024-07-02,0.0020961825537165165
2024-07-03,0.002866729224699262
2024-07-05,0.0035241308116455245
2024-07-08,-0.0005461400006503386
2024-07-09,0.000378403585320052
2024-07-10,0.0032187868435985447
2024-07-11,-0.0007914309025205792
2024-07-12,0.0017352754306251637
2024-07-15,0.0010712366447060441
2024-07-16,0.006469308858300684
2024-07-17,-0.004629783124008096
2024-07-18,-0.0030447315934349654
2024-07-19,-0.0057638801434265405
2024-07-22,0.0029478100573843273
2024-07-23,2.6823415694191075e-05
2024-07-24,-0.0074126870288689604
2024-07-25,-0.004006845828413415
2024-07-26,0.004568837033797536
2024-07-29,-0.0001710604541050574
2024-07-30,0.0010358510125387547
2024-07-31,0.009206620680263511
2024-08-01,-0.004007834215032539
2024-08-02,-0.00497080400348218
2024-08-05,-0.009605648201277336
2024-08-06,0.00024084263548565694
2024-08-07,-0.0016136661989881419
2024-08-08,0.008110660862308024
2024-08-09,0.0013311078542022862
2024-08-12,0.0031988061552710874
2024-08-13,0.003298762293556
2024-08-14,-0.000715052615638942
2024-08-15,0.004227896191550298
2024-08-16,0.004190203081445758
2024-08-19,0.0018579202173946855
2024-08-20,0.00017277883787117875
2024-08-21,0.0002617508773545529
2024-08-22,-0.003894770191668465
2024-08-23,0.004816427728769385
2024-08-26,-0.0001613778813054779
2024-08-27,0.0007772230354801502
2024-08-28,-0.0028844536120600757
2024-08-29,0.0012041217763163084
2024-08-30,0.0004660035785827583
2024-09-03,-0.005554038848734708
2024-09-04,-0.00031191005193065405
2024-09-05,0.0016241765677398043
2024-09-06,-0.005511800505915022
2024-09-09,0.003710580510319925
2024-09-10,0.0014566705393993908
2024-09-11,0.0018514183440200278
2024-09-12,0.0050490947187403976
2024-09-13,0.0020720991102452877
2024-09-16,0.00015578040629184045
2024-09-17,-0.0007598585530473452
2024-09-18,-0.0025842197370316592
2024-09-19,0.008424910111701395
2024-09-20,0.0012290532471336602
2024-09-23,0.0010841838127633096
2024-09-24,0.0027802923288199055
2024-09-25,-0.0006019439584596892
2024-09-26,0.002067154254418664
2024-09-27,-0.0021739087722656837
2024-09-30,-0.0009068469893995963
2024-10-01,0.00011842698062640346
2024-10-02,0.00019514335550008816
2024-10-03,-0.0005203803221808503
2024-10-04,0.0016200588665680436
2024-10-07,-0.002681425412325921
2024-10-08,0.0010856126516680545
2024-10-09,0.0001985996147952152
2024-10-10,0.0009697915513192637
2024-10-11,0.004780003357894272
2024-10-14,0.0016160294706052734
2024-10-15,-0.0014225270482703908
2024-10-16,0.0021609951235743337
2024-10-17,0.0010584686556349846
2024-10-18,0.0029327758380068604
2024-10-21,-0.0002554489455572859
2024-10-22,0.0015786941418815586
2024-10-23,-0.0052645474376309545
2024-10-24,0.0020955270154842266
2024-10-25,0.0004914914159397075
2024-10-28,0.0006037318140380953
2024-10-29,0.003419710172896946
2024-10-30,0.0010403486457825175
2024-10-31,-0.009145033569262623
2024-11-01,-0.00014158877742414936
2024-11-04,-0.00013132467760547064
2024-11-05,0.0031683438272027626
2024-11-06,-0.002258409446660424
2024-11-07,0.0075320210757042734
2024-11-08,-0.00033191814916207934
2024-11-11,-0.005028412547807263
2024-11-12,-0.0018360529843144775
2024-11-13,-0.0025056522018928125
2024-11-14,-0.0021999203447265296
2024-11-15,-0.0045534694064513805
2024-11-18,0.004123884634306641
2024-11-19,0.0035928415621349474
2024-11-20,0.0006290014395430866
2024-11-21,0.002219622038653545
2024-11-22,0.0021446210127690655
2024-11-25,-0.0027800914615292425
2024-11-26,0.0014830649096082677
2024-11-27,-0.0003749572155561162
2024-11-29,0.004117011770028367
2024-12-02,-0.0008793612074113433
2024-12-03,0.0005695983880825846
2024-12-04,0.0025196054925671176
2024-12-05,-0.001713415412523208
2024-12-06,0.0009928997763145406
2024-12-09,-0.0004657074963959469
2024-12-10,0.0036697422906946213
2024-12-11,0.003219915178944715
2024-12-12,-0.003740809922729422
2024-12-13,-0.0012504964826552075
2024-12-16,0.0020296323208078212
2024-12-17,-0.0015380370994797692
2024-12-18,-0.010434405455905283
2024-12-19,-4.11312310191189e-05
2024-12-20,0.00412775078644435
2024-12-23,0.0005500521182747026
2024-12-24,0.002865682220524824
2024-12-26,0.0015212767830254219
2024-12-27,-0.004739081544887891
2024-12-30,-0.0034338121543751017
2024-12-31,0.00025629542792845344
2025-01-02,0.0033543306326236093
2025-01-03,0.0010448960688935346
2025-01-06,0.0009814895617253163
2025-01-07,-0.0015464238012261483
2025-01-08,0.0014832872294075605
2025-01-10,-0.001991545748965407
2025-01-13,-0.0010707351743964734
2025-01-14,0.0009082563762623092
2025-01-15,0.005414873282960311
2025-01-16,0.000671557426412403
2025-01-17,0.0010107594788385998
2025-01-21,0.007269382111946629
2025-01-22,0.0024030943645610525
2025-01-23,0.0008611169893500652
2025-01-24,0.00030690562760403743
2025-01-27,-0.006190892800958709
2025-01-28,0.003137743678280581
2025-01-29,-0.0021263958212299396
2025-01-30,0.004752516626886544
2025-01-31,-0.00032602271859110115
2025-02-03,0.0002727783964247472
2025-02-04,0.00516300358082167
2025-02-05,0.003039020719066961
2025-02-06,-0.00010403846374179506
2025-02-07,-0.00162714596783729
2025-02-10,0.006676842728635687
2025-02-11,-0.0009170266063605379
2025-02-12,-0.0004234930169021187
2025-02-13,0.003986474145475894
2025-02-14,-0.0021251167274315137
2025-02-18,0.0050718078674895336
2025-02-19,0.0005791990598632724
2025-02-20,-0.0008183422805881399
2025-02-21,-0.004164122305680189
2025-02-24,-0.0005270788723399717
2025-02-25,-0.0036100590009189386
2025-02-26,0.0004803734224004494
2025-02-27,-0.006003930149408912
2025-02-28,0.0018513008379545258
2025-03-03,0.002550723704103474
2025-03-04,-0.000750639264102278
2025-03-05,0.0006251848149785614
2025-03-06,-0.0015149356023512652
2025-03-07,0.0003177456543500816
2025-03-10,-0.0014720600701297348
2025-03-11,0.0021553866195727486
2025-03-12,0.00202209640892291
2025-03-13,0.0031591603592859784
2025-03-14,0.00035602797063381646
2025-03-17,0.0008010492561028175
2025-03-18,0.001940394351648753
2025-03-19,0.000666277493756825
2025-03-20,-0.00020026366311782102
2025-03-21,-0.0012291483552919363
2025-03-24,-0.0006538826788363466
2025-03-25,0.0007194680413173356
2025-03-26,-0.0003927798842893411
2025-03-27,0.0030685126981270486
2025-03-28,0.0015285211626005673
2025-03-31,0.006180003271582082
2025-04-01,-0.0007569409957105086
2025-04-02,0.0005718496858766615
2025-04-03,-0.0011426968070552851
2025-04-04,-0.00621991196442285
2025-04-07,-0.006703054983888471
2025-04-08,-0.0009596360232246343
2025-04-09,0.03266855579089829
2025-04-10,0.008916458624970182
2025-04-11,0.0004591847115448688
2025-04-14,-0.0003824892160974146
2025-04-15,0.0005186705761294216
2025-04-16,0.006677083496136679
2025-04-17,-0.00026253851913190455
2025-04-21,-0.0015174327039085634
2025-04-22,0.0037433255010575405
2025-04-23,0.0011367766635521173
2025-04-24,0.0013692609537490018
2025-04-25,-0.001336154318744894
2025-04-28,0.001910575669351081
2025-04-29,-0.001006689771394279
2025-04-30,-0.000775819620561661
2025-05-01,-0.003283440256149927
2025-05-02,0.00024862002583894715
2025-05-05,0.004994035095745751
2025-05-06,0.004091787832970748
2025-05-07,-0.00041378045171425437
2025-05-08,-0.00218307254192897
2025-05-09,0.0008325878121052092
2025-05-12,-0.0037572209604127002
2025-05-13,0.0008656562334663012
2025-05-14,-0.004466006804702513
2025-05-15,0.0028124107196993483
2025-05-16,-0.001145317303913844
2025-05-19,0.0022780507175579993
2025-05-20,0.0023767138681904227
2025-05-21,-8.029755226361104e-06
2025-05-22,-0.0008618446590890426
2025-05-23,0.002673982341087576
2025-05-27,0.0026650606185876767
2025-05-28,-0.0004607565703285783
2025-05-29,0.0010685266465164797
2025-05-30,-0.001340256283517657
2025-06-02,0.004579155043579802
2025-06-03,-0.00016675734541117364
2025-06-04,0.0010725617938068025
2025-06-05,-0.0019539620342671864
2025-06-06,0.0006975151306872365
2025-06-09,0.0013328343130210277
2025-06-10,0.0012897294680374366
2025-06-11,8.379687729943982e-05
2025-06-12,0.0015790519597293391
2025-06-13,-0.0008367931013758849
2025-06-16,0.0005830180845747136
2025-06-17,-0.0016845783009694281
2025-06-18,-0.0011201084292913174
2025-06-20,-0.0011054742018094777
2025-06-23,0.0023644144712729265
2025-06-24,-0.00026131527631180354
2025-06-25,0.0005304872821845403
2025-06-26,0.001601789115375747
2025-06-27,-0.003992439766352757
2025-06-30,0.00454796345534905
2025-07-01,0.0009582439232963309
2025-07-02,0.0024996285595168016
2025-07-03,0.0008172257300778365
2025-07-07,-0.0016031738693550479
2025-07-08,-0.0019912980971057105
2025-07-09,0.0023093284093841046
2025-07-10,0.0007199253995336331
2025-07-11,0.002358806448188942
2025-07-14,-0.00015936023096408455
2025-07-15,-0.0015335415425572396
2025-07-16,0.002046544289388885
2025-07-17,0.0009492083281209585
2025-07-18,6.560128527815064e-05
2025-07-21,0.004908790365770416
2025-07-22,0.0013215725872096516
2025-07-23,-0.001630224807958359
2025-07-24,-0.0009257577870726218
2025-07-25,-0.0007094440697643301
2025-07-28,-0.0010279530876497005
2025-07-29,5.6840277079842636e-05
2025-07-30,-0.005894138446350431
2025-07-31,0.0005905454178179493
2025-08-01,0.0007477119279584235
2025-08-04,0.006947081150380169
2025-08-05,-0.0010248077211596333
2025-08-06,0.0017941120371562514
2025-08-07,0.001404299127721488
2025-08-08,0.0018572049100868653
2025-08-11,-0.0029477267628637473
2025-08-12,0.0025095843666431195
2025-08-13,0.0014856709547584866
2025-08-14,-0.0011817839899176232
2025-08-15,-0.0005133289809942294
2025-08-18,-0.0003515616338968611
2025-08-19,-0.002844752789911478
2025-08-20,0.00217100635981511
2025-08-21,-0.0016171827548373799
2025-08-22,0.00523750124431625
2025-08-25,-0.001189563045105587
2025-08-26,0.0022567936360242086
2025-08-27,0.001656799447771463
2025-08-28,0.002647882743620702
2025-08-29,0.0019319207563615606
2025-09-02,0.006700704599700999
2025-09-03,0.003679991542304967
2025-09-04,0.0004376244647625292
2025-09-05,0.00397087077325938
2025-09-08,0.003688085835260093
2025-09-09,-2.8810404372941263e-05
2025-09-10,0.0019065704239616273
2025-09-11,0.001686487601519185
2025-09-12,0.00043062653709241403
2025-09-15,0.004480838244470128
2025-09-16,-1.2400822686443956e-05
2025-09-17,-0.0015015355383482826
2025-09-18,0.000758892964458175
2025-09-19,0.0023885256161334687
2025-09-22,0.0038679857891015107
2025-09-23,-0.0008831808357266122
2025-09-24,-0.003256337554900242
2025-09-25,-0.000554489293654019
2025-09-26,0.002585996297101138
2025-09-29,0.006677545376080679
2025-09-30,0.0027153939000463586
2025-10-01,0.0013463755092596747
2025-10-02,-0.00022208554452297251
2025-10-03,0.0014333131430284561
2025-10-06,0.00547084224900664
2025-10-07,0.00033752740362096197
2025-10-08,0.0045317812656821225
2025-10-09,-0.004604216079023412
2025-10-10,-0.006735527320096594
2025-10-13,0.0109605168614214
2025-10-14,0.0016790435487357143
2025-10-15,0.0036763450192585224
2025-10-16,0.002021257850001704
2025-10-17,-0.0014999459923029626
2025-10-20,-0.0011114996198238868
2025-10-21,-0.003672436867875173
2025-10-22,-0.0013355107244312839
2025-10-23,0.0020297827498588854
2025-10-24,0.0015948848454310311
2025-10-27,-0.00016741350487764093
2025-10-28,-0.00037883965785004783
2025-10-29,-0.0008476978652299757
2025-10-30,0.0010969589154062281
2025-10-31,0.0006775710787419189
2025-11-03,0.0008763522592240677
2025-11-04,-0.006424511343485894
2025-11-05,0.0034337098420104115
2025-11-06,-0.002715294075213363
2025-11-07,0.0007659347900201433
2025-11-10,0.00783277223894183
2025-11-11,0.0004967596813162751
2025-11-12,0.0016593174192884139
2025-11-13,-0.004864035427048524
2025-11-14,-0.0017468119612870426
2025-11-17,-0.0034766049458410673
2025-11-18,-0.0010575111591447977
2025-11-19,0.001336492603941113
2025-11-20,-0.003581154804596926
2025-11-21,0.0023584124922571216
2025-11-24,0.006056095852611916
2025-11-25,0.0019717790197643745
2025-11-26,0.0028853185084993793
2025-11-28,0.003298602808639493
2025-12-01,-0.00021759360600662604
2025-12-02,-0.0007100853761329938
2025-12-03,0.0005602500851714522
2025-12-04,0.0002646087951344232
2025-12-05,0.0002272654531723892
