Time,Open,High,Low,Close,Volume
2004-11-18 05:00:00,44.43,44.49,44.07,44.38,5992000.0
2004-11-19 05:00:00,44.49,44.92,44.47,44.78,11655300.0
2004-11-22 05:00:00,44.75,44.97,44.74,44.95,11996000.0
2004-11-23 05:00:00,44.88,44.92,44.72,44.75,3169200.0
2004-11-24 05:00:00,44.93,45.05,44.79,45.05,6105100.0
2004-11-26 05:00:00,45.25,45.6,45.06,45.29,3097700.0
2004-11-29 05:00:00,45.1,45.5,45.08,45.4,3759000.0
2004-11-30 05:00:00,45.37,45.41,44.82,45.12,3859100.0
2004-12-01 05:00:00,45.28,45.59,45.26,45.38,2037500.0
2004-12-02 05:00:00,45.55,45.57,44.68,44.95,6457800.0
2004-12-03 05:00:00,45.04,46.0,44.8,45.6,4218300.0
2004-12-06 05:00:00,45.39,45.47,45.11,45.17,3103000.0
2004-12-07 05:00:00,45.3,45.32,45.07,45.11,3809400.0
2004-12-08 05:00:00,43.8,44.02,43.36,44.01,6150500.0
2004-12-09 05:00:00,43.75,43.9,43.2,43.78,3553400.0
2004-12-10 05:00:00,43.37,43.6,43.31,43.44,2464300.0
2004-12-13 05:00:00,43.61,44.014,43.51,43.91,1445100.0
2004-12-14 05:00:00,43.76,43.8,43.51,43.55,2240600.0
2004-12-15 05:00:00,44.1,44.17,43.92,43.99,2641400.0
2004-12-16 05:00:00,43.99,44.05,43.58,43.68,3269800.0
2004-12-17 05:00:00,43.93,44.22,43.78,44.19,1889300.0
2004-12-20 05:00:00,44.33,44.37,44.13,44.34,1942100.0
2004-12-21 05:00:00,44.13,44.24,44.05,44.22,1373400.0
2004-12-22 05:00:00,44.2,44.23,43.89,44.02,2706800.0
2004-12-23 05:00:00,44.17,44.35,44.05,44.27,639800.0
2004-12-27 05:00:00,44.29,44.56,44.27,44.48,2643700.0
2004-12-28 05:00:00,44.42,44.47,44.29,44.37,773200.0
2004-12-29 05:00:00,43.92,44.02,43.35,43.66,5633500.0
2004-12-30 05:00:00,43.5,43.88,43.49,43.83,1289700.0
2004-12-31 05:00:00,43.85,43.94,43.73,43.8,531600.0
2005-01-03 05:00:00,42.98,43.17,42.74,43.02,4750500.0
2005-01-04 05:00:00,42.8,42.91,42.46,42.74,3456800.0
2005-01-05 05:00:00,42.75,42.88,42.6,42.67,2108700.0
2005-01-06 05:00:00,42.48,42.56,42.07,42.15,2556400.0
2005-01-07 05:00:00,42.09,42.39,41.7,41.84,4492700.0
2005-01-10 05:00:00,41.99,42.07,41.89,41.95,1026100.0
2005-01-11 05:00:00,42.21,42.28,42.12,42.21,1507300.0
2005-01-12 05:00:00,42.52,42.79,42.48,42.6,1738000.0
2005-01-13 05:00:00,42.39,42.6,42.34,42.6,718300.0
2005-01-14 05:00:00,42.19,42.32,42.13,42.32,1262300.0
2005-01-18 05:00:00,42.22,42.38,42.15,42.32,666800.0
2005-01-19 05:00:00,42.65,42.65,42.2,42.26,1578900.0
2005-01-20 05:00:00,42.12,42.32,42.11,42.25,1276200.0
2005-01-21 05:00:00,42.32,42.82,42.29,42.74,889800.0
2005-01-24 05:00:00,42.74,42.82,42.67,42.77,2294900.0
2005-01-25 05:00:00,42.53,42.56,42.1,42.24,1332500.0
2005-01-26 05:00:00,42.59,42.78,42.56,42.69,541800.0
2005-01-27 05:00:00,42.48,42.65,42.4,42.62,571200.0
2005-01-28 05:00:00,42.71,42.73,42.43,42.69,1149100.0
2005-01-31 05:00:00,42.21,42.3,41.96,42.22,1692400.0
2005-02-01 05:00:00,42.09,42.14,41.95,42.1,1088900.0
2005-02-02 05:00:00,42.22,42.23,42.02,42.16,956500.0
2005-02-03 05:00:00,41.56,41.74,41.5,41.68,2446400.0
2005-02-04 05:00:00,41.59,41.65,41.39,41.47,1819400.0
2005-02-07 05:00:00,41.55,41.55,41.21,41.27,1754000.0
2005-02-08 05:00:00,41.19,41.4,41.05,41.26,1296800.0
2005-02-09 05:00:00,41.03,41.36,41.02,41.31,3477900.0
2005-02-10 05:00:00,41.53,41.84,41.45,41.75,7774500.0
2005-02-11 05:00:00,41.89,42.16,41.83,42.08,1896500.0
2005-02-14 05:00:00,42.37,42.63,42.32,42.55,2351800.0
2005-02-15 05:00:00,42.4,42.6,42.34,42.58,1559900.0
2005-02-16 05:00:00,42.32,42.6,42.2,42.52,1820300.0
2005-02-17 05:00:00,42.52,42.81,42.51,42.73,3054200.0
2005-02-18 05:00:00,42.71,42.82,42.64,42.75,863200.0
2005-02-22 05:00:00,43.39,43.63,43.2,43.57,3378500.0
2005-02-23 05:00:00,43.29,43.55,43.15,43.42,1534900.0
2005-02-24 05:00:00,43.48,43.48,43.2,43.33,1219300.0
2005-02-25 05:00:00,43.41,43.55,43.22,43.5,1100100.0
2005-02-28 05:00:00,43.68,43.74,43.52,43.52,759100.0
2005-03-01 05:00:00,43.3,43.37,43.1,43.22,3245500.0
2005-03-02 05:00:00,43.16,43.35,43.08,43.25,1188000.0
2005-03-03 05:00:00,43.06,43.13,42.9,42.97,1924600.0
2005-03-04 05:00:00,43.33,43.52,43.31,43.38,915000.0
2005-03-07 05:00:00,43.32,43.51,43.26,43.47,1290100.0
2005-03-08 05:00:00,43.71,44.08,43.59,44.03,2674900.0
2005-03-09 05:00:00,43.95,44.2,43.92,44.02,3025000.0
2005-03-10 05:00:00,44.16,44.25,44.0,44.2,2065000.0
2005-03-11 05:00:00,44.31,44.67,44.28,44.43,2659600.0
2005-03-14 05:00:00,44.26,44.26,43.95,44.03,867100.0
2005-03-15 05:00:00,44.23,44.23,43.93,44.06,1254900.0
2005-03-16 05:00:00,44.29,44.35,44.2,44.31,2223300.0
2005-03-17 05:00:00,43.97,43.97,43.674,43.82,1525200.0
2005-03-18 05:00:00,43.61,43.95,43.6,43.892,1207500.0
2005-03-21 05:00:00,43.24,43.25,42.87,43.09,3814400.0
2005-03-22 05:00:00,43.21,43.22,42.55,42.65,2609400.0
2005-03-23 05:00:00,42.6,42.67,42.35,42.42,2618600.0
2005-03-24 05:00:00,42.51,42.54,42.37,42.39,1466400.0
2005-03-28 05:00:00,42.45,42.58,42.41,42.54,581100.0
2005-03-29 05:00:00,42.61,42.63,42.54,42.56,1197800.0
2005-03-30 05:00:00,42.65,42.81,42.56,42.61,1324300.0
2005-03-31 05:00:00,42.87,42.87,42.7,42.82,1363200.0
2005-04-01 05:00:00,42.6,42.62,42.45,42.62,2448500.0
2005-04-04 04:00:00,42.43,42.43,42.23,42.4,1893100.0
2005-04-05 04:00:00,42.49,42.54,42.38,42.45,888000.0
2005-04-06 04:00:00,42.49,42.72,42.49,42.63,1637500.0
2005-04-07 04:00:00,42.77,42.81,42.53,42.57,2853000.0
2005-04-08 04:00:00,42.48,42.71,42.459,42.69,1002300.0
2005-04-11 04:00:00,42.84,42.96,42.74,42.78,514100.0
2005-04-12 04:00:00,42.7,42.84,42.61,42.84,2098700.0
2005-04-13 04:00:00,42.76,42.95,42.68,42.9,384000.0
2005-04-14 04:00:00,42.45,42.48,42.16,42.31,3680300.0
2005-04-15 04:00:00,42.38,42.56,42.36,42.4,1811100.0
2005-04-18 04:00:00,42.55,42.78,42.52,42.69,909800.0
2005-04-19 04:00:00,42.79,43.36,42.72,43.28,3145400.0
2005-04-20 04:00:00,43.21,43.52,43.19,43.4,1248200.0
2005-04-21 04:00:00,43.42,43.43,43.14,43.19,1550600.0
2005-04-22 04:00:00,43.46,43.5,43.306,43.39,1169000.0
2005-04-25 04:00:00,43.35,43.45,43.22,43.44,906300.0
2005-04-26 04:00:00,43.69,43.7,43.5,43.64,1531400.0
2005-04-27 04:00:00,43.53,43.54,43.12,43.2,2762800.0
2005-04-28 04:00:00,43.16,43.27,42.99,43.0,2260300.0
2005-04-29 04:00:00,43.18,43.61,43.18,43.35,3736700.0
2005-05-02 04:00:00,43.13,43.17,42.81,42.88,1708600.0
2005-05-03 04:00:00,42.75,42.8,42.58,42.76,1268700.0
2005-05-04 04:00:00,42.87,42.92,42.73,42.9,607600.0
2005-05-05 04:00:00,42.96,42.96,42.71,42.91,319300.0
2005-05-06 04:00:00,42.43,42.63,42.34,42.52,3722700.0
2005-05-09 04:00:00,42.54,42.61,42.48,42.55,600000.0
2005-05-10 04:00:00,42.71,42.79,42.58,42.64,461000.0
2005-05-11 04:00:00,42.55,42.83,42.51,42.69,764600.0
2005-05-12 04:00:00,42.42,42.48,41.97,42.16,1880200.0
2005-05-13 04:00:00,42.12,42.12,41.83,41.95,802600.0
2005-05-16 04:00:00,41.77,41.9,41.77,41.88,874500.0
2005-05-17 04:00:00,41.95,42.05,41.83,41.86,880800.0
2005-05-18 04:00:00,41.99,42.11,41.83,42.05,2207100.0
2005-05-19 04:00:00,42.0,42.05,41.87,41.98,610200.0
2005-05-20 04:00:00,41.76,41.83,41.61,41.65,932800.0
2005-05-23 04:00:00,41.69,41.75,41.55,41.62,5001900.0
2005-05-24 04:00:00,41.83,41.83,41.65,41.73,1684600.0
2005-05-25 04:00:00,41.78,41.9,41.69,41.87,1535100.0
2005-05-26 04:00:00,41.73,41.81,41.65,41.69,341500.0
2005-05-27 04:00:00,41.81,41.96,41.74,41.88,2453600.0
2005-05-31 04:00:00,41.45,41.69,41.33,41.65,3198900.0
2005-06-01 04:00:00,41.41,41.65,41.4,41.53,1792900.0
2005-06-02 04:00:00,41.94,42.28,41.91,42.1,5752600.0
2005-06-03 04:00:00,42.33,42.39,42.17,42.17,3350700.0
2005-06-06 04:00:00,42.56,42.65,42.45,42.48,2470800.0
2005-06-07 04:00:00,42.48,42.48,42.31,42.38,611000.0
2005-06-08 04:00:00,42.45,42.56,42.24,42.34,691500.0
2005-06-09 04:00:00,42.24,42.4,42.03,42.27,694700.0
2005-06-10 04:00:00,42.25,42.72,42.12,42.62,1678000.0
2005-06-13 04:00:00,42.81,43.01,42.7,42.78,2331600.0
2005-06-14 04:00:00,42.66,42.7,42.58,42.6,825500.0
2005-06-15 04:00:00,42.69,42.89,42.67,42.74,2311400.0
2005-06-16 04:00:00,43.3,43.55,43.17,43.46,1809200.0
2005-06-17 04:00:00,43.78,43.85,43.61,43.63,1816500.0
2005-06-20 04:00:00,43.94,43.94,43.66,43.66,1433700.0
2005-06-21 04:00:00,43.58,43.82,43.42,43.81,672600.0
2005-06-22 04:00:00,43.66,43.76,43.53,43.72,1258500.0
2005-06-23 04:00:00,43.84,44.13,43.78,44.02,1576600.0
2005-06-24 04:00:00,43.96,44.06,43.68,43.9,473500.0
2005-06-27 04:00:00,43.9,43.93,43.73,43.91,1016600.0
2005-06-28 04:00:00,43.64,43.64,43.37,43.45,1295600.0
2005-06-29 04:00:00,43.49,43.7,43.46,43.63,1199800.0
2005-06-30 04:00:00,43.63,43.77,43.36,43.44,1087500.0
2005-07-01 04:00:00,43.4,43.4,42.59,42.7,1755500.0
2005-07-05 04:00:00,42.33,42.34,42.06,42.28,2582700.0
2005-07-06 04:00:00,42.36,42.38,42.24,42.25,1254600.0
2005-07-07 04:00:00,42.47,42.56,42.05,42.36,4345200.0
2005-07-08 04:00:00,42.32,42.4,42.12,42.26,824300.0
2005-07-11 04:00:00,42.33,42.57,42.28,42.54,2252900.0
2005-07-12 04:00:00,42.61,42.64,42.4,42.64,1274200.0
2005-07-13 04:00:00,42.35,42.38,42.25,42.35,981300.0
2005-07-14 04:00:00,42.33,42.36,41.8,41.9,1642600.0
2005-07-15 04:00:00,41.76,42.07,41.7,42.05,1104800.0
2005-07-18 04:00:00,41.96,42.17,41.94,42.01,956400.0
2005-07-19 04:00:00,41.88,42.0,41.81,41.89,1132600.0
2005-07-20 04:00:00,42.16,42.25,42.05,42.2,2266800.0
2005-07-21 04:00:00,42.43,42.51,42.33,42.46,1777300.0
2005-07-22 04:00:00,42.45,42.48,42.34,42.45,633300.0
2005-07-25 04:00:00,42.46,42.56,42.43,42.51,2122100.0
2005-07-26 04:00:00,42.28,42.37,42.14,42.25,637000.0
2005-07-27 04:00:00,42.3,42.5,42.3,42.44,1560600.0
2005-07-28 04:00:00,42.46,42.79,42.46,42.75,3673300.0
2005-07-29 04:00:00,42.83,42.96,42.79,42.82,1185100.0
2005-08-01 04:00:00,43.08,43.17,42.99,43.13,1493900.0
2005-08-02 04:00:00,43.07,43.15,42.99,43.14,699600.0
2005-08-03 04:00:00,43.38,43.62,43.35,43.53,1545900.0
2005-08-04 04:00:00,43.68,43.82,43.63,43.68,867600.0
2005-08-05 04:00:00,43.71,43.75,43.56,43.6,1100800.0
2005-08-08 04:00:00,43.52,43.55,43.27,43.35,1108500.0
2005-08-09 04:00:00,43.27,43.35,43.166,43.34,1305800.0
2005-08-10 04:00:00,43.5,43.66,43.45,43.65,695500.0
2005-08-11 04:00:00,43.9,44.62,43.86,44.45,2187600.0
2005-08-12 04:00:00,44.49,44.72,44.43,44.49,2428500.0
2005-08-15 04:00:00,44.19,44.27,43.98,44.13,1524500.0
2005-08-16 04:00:00,44.06,44.57,44.05,44.55,1883000.0
2005-08-17 04:00:00,44.26,44.3,43.72,43.91,1990300.0
2005-08-18 04:00:00,43.94,44.14,43.82,43.83,1093500.0
2005-08-19 04:00:00,43.77,43.88,43.49,43.6,811800.0
2005-08-22 04:00:00,43.84,43.95,43.66,43.7,877200.0
2005-08-23 04:00:00,43.84,43.9,43.71,43.76,607700.0
2005-08-24 04:00:00,43.94,43.96,43.41,43.59,894300.0
2005-08-25 04:00:00,43.76,43.81,43.6,43.73,1652600.0
2005-08-26 04:00:00,43.78,43.9,43.51,43.61,1301700.0
2005-08-29 04:00:00,43.81,43.96,43.56,43.57,1585500.0
2005-08-30 04:00:00,42.96,43.07,42.81,43.01,2200400.0
2005-08-31 04:00:00,43.1,43.4,43.03,43.4,2416500.0
2005-09-01 04:00:00,43.93,44.4,43.85,44.22,2502900.0
2005-09-02 04:00:00,44.24,44.36,44.09,44.25,1414900.0
2005-09-06 04:00:00,44.42,44.42,44.19,44.27,819700.0
2005-09-07 04:00:00,44.41,44.49,44.29,44.33,1300700.0
2005-09-08 04:00:00,44.72,44.78,44.47,44.6,1061200.0
2005-09-09 04:00:00,44.67,44.87,44.66,44.84,1393900.0
2005-09-12 04:00:00,44.68,44.89,44.62,44.89,752500.0
2005-09-13 04:00:00,44.62,44.62,44.36,44.56,952700.0
2005-09-14 04:00:00,44.82,44.96,44.66,44.96,1733800.0
2005-09-15 04:00:00,45.24,45.47,45.13,45.42,2150300.0
2005-09-16 04:00:00,45.8,45.88,45.55,45.82,2878900.0
2005-09-19 04:00:00,46.27,46.73,46.22,46.25,6072100.0
2005-09-20 04:00:00,46.52,46.52,46.22,46.23,1898900.0
2005-09-21 04:00:00,46.58,47.13,46.55,47.06,3681900.0
2005-09-22 04:00:00,46.84,46.84,46.224,46.36,2347300.0
2005-09-23 04:00:00,46.2,46.3,45.92,46.28,2352800.0
2005-09-26 04:00:00,45.84,46.61,45.84,46.57,1361200.0
2005-09-27 04:00:00,46.14,46.33,45.66,46.25,2341300.0
2005-09-28 04:00:00,46.3,46.89,46.16,46.8,3448100.0
2005-09-29 04:00:00,46.86,47.23,46.83,47.1,2947300.0
2005-09-30 04:00:00,47.09,47.2,46.65,46.7,1194400.0
2005-10-03 04:00:00,46.62,46.63,46.38,46.42,2194900.0
2005-10-04 04:00:00,46.67,46.73,46.3,46.45,1764800.0
2005-10-05 04:00:00,46.38,46.53,46.14,46.36,1692300.0
2005-10-06 04:00:00,46.62,47.26,46.62,47.21,2009500.0
2005-10-07 04:00:00,46.99,47.48,46.94,47.36,1820500.0
2005-10-10 04:00:00,47.31,47.44,47.09,47.37,1285500.0
2005-10-11 04:00:00,47.4,47.72,47.36,47.39,2826900.0
2005-10-12 04:00:00,47.53,47.64,46.82,46.85,3930500.0
2005-10-13 04:00:00,46.89,47.06,46.6,47.02,2632300.0
2005-10-14 04:00:00,46.49,46.83,46.41,46.8,2442300.0
2005-10-17 04:00:00,47.26,47.37,47.19,47.26,1784300.0
2005-10-18 04:00:00,47.09,47.18,46.93,47.0,1243200.0
2005-10-19 04:00:00,46.51,46.51,46.04,46.34,2958200.0
2005-10-20 04:00:00,46.33,46.34,45.83,45.98,1680300.0
2005-10-21 04:00:00,46.12,46.56,45.91,46.52,1409400.0
2005-10-24 04:00:00,46.39,46.73,46.31,46.39,2051300.0
2005-10-25 04:00:00,46.93,47.19,46.9,47.06,3290600.0
2005-10-26 04:00:00,47.09,47.21,46.89,46.93,2248400.0
2005-10-27 04:00:00,47.4,47.42,47.1,47.18,2464500.0
2005-10-28 04:00:00,46.87,47.26,46.82,47.22,1435000.0
2005-10-31 05:00:00,47.02,47.04,46.33,46.4,2327500.0
2005-11-01 05:00:00,46.07,46.07,45.65,45.73,3483400.0
2005-11-02 05:00:00,45.99,46.23,45.9,46.13,1008600.0
2005-11-03 05:00:00,46.06,46.08,45.75,45.96,1703300.0
2005-11-04 05:00:00,45.93,46.07,45.32,45.51,1813200.0
2005-11-07 05:00:00,45.67,45.82,45.46,45.77,839100.0
2005-11-08 05:00:00,45.83,46.1,45.82,45.91,583600.0
2005-11-09 05:00:00,46.12,46.65,46.03,46.56,1382700.0
2005-11-10 05:00:00,46.78,46.82,46.36,46.48,810900.0
2005-11-11 05:00:00,46.55,46.8,46.439,46.8,1467300.0
2005-11-14 05:00:00,46.56,46.81,46.51,46.62,706500.0
2005-11-15 05:00:00,46.8,46.83,46.53,46.66,1325400.0
2005-11-16 05:00:00,47.29,47.78,47.22,47.78,2355200.0
2005-11-17 05:00:00,48.23,48.58,48.17,48.48,4172400.0
2005-11-18 05:00:00,48.5,48.61,48.2,48.46,1453800.0
2005-11-21 05:00:00,48.69,49.02,48.5,48.99,2384900.0
2005-11-22 05:00:00,49.02,49.34,48.8501,49.32,2799500.0
2005-11-23 05:00:00,48.8,49.25,47.92,49.15,1731700.0
2005-11-25 05:00:00,49.45,49.99,49.3,49.42,775000.0
2005-11-28 05:00:00,49.3,49.75,49.26,49.74,2192000.0
2005-11-29 05:00:00,49.57,49.98,49.38,49.8,2283600.0
2005-11-30 05:00:00,49.36,49.5,49.06,49.1,1833400.0
2005-12-01 05:00:00,49.63,50.29,49.58,50.17,2557900.0
2005-12-02 05:00:00,49.93,50.34,49.89,50.32,1651900.0
2005-12-05 05:00:00,50.43,50.8,50.29,50.78,1847500.0
2005-12-06 05:00:00,50.38,50.95,50.21,50.89,2493600.0
2005-12-07 05:00:00,51.22,51.5,51.1,51.32,2279800.0
2005-12-08 05:00:00,51.34,51.95,51.26,51.9,3046000.0
2005-12-09 05:00:00,52.31,52.9,52.04,52.4,5882500.0
2005-12-12 05:00:00,53.09,53.76,52.25,52.56,7505300.0
2005-12-13 05:00:00,52.2,53.23,51.56,51.65,6162100.0
2005-12-14 05:00:00,50.95,51.2,50.25,50.35,6993900.0
2005-12-15 05:00:00,50.48,50.79,50.11,50.24,4728500.0
2005-12-16 05:00:00,50.32,50.59,49.93,50.09,2688000.0
2005-12-19 05:00:00,50.58,50.75,50.12,50.22,2077100.0
2005-12-20 05:00:00,50.35,50.4,49.0,49.04,4317900.0
2005-12-21 05:00:00,49.12,49.45,48.8,49.37,3956400.0
2005-12-22 05:00:00,49.51,50.3,49.47,50.14,2965300.0
2005-12-23 05:00:00,50.1,50.46,50.08,50.12,2877600.0
2005-12-27 05:00:00,50.65,50.7,50.5,50.64,4403700.0
2005-12-28 05:00:00,51.51,51.61,51.18,51.47,5060900.0
2005-12-29 05:00:00,51.48,51.58,50.92,51.47,3282700.0
2005-12-30 05:00:00,51.19,51.72,51.17,51.58,2635900.0
2006-01-03 05:00:00,52.29,53.18,52.23,53.12,4606500.0
2006-01-04 05:00:00,52.87,53.34,52.62,53.3,5287900.0
2006-01-05 05:00:00,52.56,52.72,52.1,52.34,7661800.0
2006-01-06 05:00:00,53.14,53.87,53.04,53.72,4629900.0
2006-01-09 05:00:00,53.46,54.99,53.31,54.6,5394200.0
2006-01-10 05:00:00,53.96,54.38,53.76,54.06,5700600.0
2006-01-11 05:00:00,54.24,54.77,54.07,54.53,4209800.0
2006-01-12 05:00:00,54.21,54.6399,54.01,54.43,3603000.0
2006-01-13 05:00:00,54.55,55.56,54.51,55.44,4346200.0
2006-01-17 05:00:00,55.25,55.87,55.03,55.26,5130400.0
2006-01-18 05:00:00,54.64,54.73,54.01,54.51,4622300.0
2006-01-19 05:00:00,54.96,55.71,54.95,55.59,5290700.0
2006-01-20 05:00:00,56.12,56.6,55.02,55.2,7306600.0
2006-01-23 05:00:00,55.59,55.9,55.26,55.77,4968500.0
2006-01-24 05:00:00,55.5,55.73,55.27,55.73,3419100.0
2006-01-25 05:00:00,56.22,56.53,55.74,56.14,10005300.0
2006-01-26 05:00:00,55.53,55.91,55.27,55.88,4306700.0
2006-01-27 05:00:00,55.96,56.23,55.47,55.63,4285600.0
2006-01-30 05:00:00,55.97,56.7,55.9501,56.68,3969200.0
2006-01-31 05:00:00,56.57,57.05,56.53,56.7,5011800.0
2006-02-01 05:00:00,56.79,56.9,56.08,56.7,4700900.0
2006-02-02 05:00:00,57.04,57.3,56.67,56.98,5114300.0
2006-02-03 05:00:00,57.07,57.2,56.25,56.5,5054200.0
2006-02-06 05:00:00,56.76,57.1499,56.65,56.72,3455200.0
2006-02-07 05:00:00,55.88,55.92,54.33,54.6,10197900.0
2006-02-08 05:00:00,54.7,55.08,54.41,54.83,5376400.0
2006-02-09 05:00:00,55.72,56.45,55.55,56.18,5299300.0
2006-02-10 05:00:00,55.74,55.74,54.42,54.79,4328700.0
2006-02-13 05:00:00,54.64,54.9,53.55,53.72,5122900.0
2006-02-14 05:00:00,53.94,54.53,53.68,54.49,3611000.0
2006-02-15 05:00:00,54.3,54.3,53.33,53.76,4813900.0
2006-02-16 05:00:00,53.42,54.54,53.42,54.52,5589700.0
2006-02-17 05:00:00,54.67,55.2,54.6,54.96,3927200.0
2006-02-21 05:00:00,55.14,55.34,55.0,55.12,3352600.0
2006-02-22 05:00:00,54.97,55.35,54.86,55.34,3836300.0
2006-02-23 05:00:00,55.08,55.11,54.55,54.64,2429200.0
2006-02-24 05:00:00,55.21,55.71,55.03,55.64,4927700.0
2006-02-27 05:00:00,55.26,55.32,55.01,55.22,2291600.0
2006-02-28 05:00:00,55.43,56.07,55.3,56.07,3425900.0
2006-03-01 05:00:00,56.02,56.42,55.92,56.1,4266500.0
2006-03-02 05:00:00,56.15,56.82,55.99,56.74,3862000.0
2006-03-03 05:00:00,56.48,56.54,56.2,56.28,3102800.0
2006-03-06 05:00:00,56.41,56.45,54.96,55.23,5432200.0
2006-03-07 05:00:00,55.33,55.33,54.55,54.95,4385400.0
2006-03-08 05:00:00,54.21,54.27,53.56,53.97,6712900.0
2006-03-09 05:00:00,54.6,54.78,54.13,54.24,3799200.0
2006-03-10 05:00:00,53.22,53.97,53.15,53.83,6489700.0
2006-03-13 05:00:00,54.09,54.46,53.92,54.31,2425800.0
2006-03-14 05:00:00,54.23,55.0,54.2,54.87,2671700.0
2006-03-15 05:00:00,55.41,55.44,54.98,55.12,4707800.0
2006-03-16 05:00:00,55.15,55.34,54.49,55.34,3342200.0
2006-03-17 05:00:00,55.28,55.33,54.93,55.12,2236000.0
2006-03-20 05:00:00,55.01,55.4,54.98,55.17,1884800.0
2006-03-21 05:00:00,54.71,55.28,54.4,54.83,4518900.0
2006-03-22 05:00:00,54.75,54.93,54.6,54.75,1077300.0
2006-03-23 05:00:00,54.36,54.85,54.24,54.7,4000800.0
2006-03-24 05:00:00,55.15,55.83,55.1,55.71,3785200.0
2006-03-27 05:00:00,56.18,56.55,56.18,56.39,4081900.0
2006-03-28 05:00:00,56.56,56.63,55.92,56.06,3419800.0
2006-03-29 05:00:00,56.34,57.15,56.25,57.07,5537200.0
2006-03-30 05:00:00,57.98,58.7,57.81,58.6,5875300.0
2006-03-31 05:00:00,58.07,58.31,57.56,58.1,5076400.0
2006-04-03 04:00:00,58.62,58.93,58.4,58.47,4935500.0
2006-04-04 04:00:00,58.44,58.76,58.18,58.33,5094500.0
2006-04-05 04:00:00,58.64,58.71,58.0,58.66,6660300.0
2006-04-06 04:00:00,58.97,59.34,58.85,59.28,5644000.0
2006-04-07 04:00:00,58.67,58.82,58.22,58.59,3427000.0
2006-04-10 04:00:00,59.48,59.65,58.95,59.6,3682000.0
2006-04-11 04:00:00,59.52,59.85,59.0,59.01,5023400.0
2006-04-12 04:00:00,59.45,59.71,59.15,59.43,3709900.0
2006-04-13 04:00:00,59.13,59.6,58.87,59.5,2812500.0
2006-04-17 04:00:00,60.38,61.3,60.2,61.09,6072800.0
2006-04-18 04:00:00,61.25,61.93,61.0601,61.85,5131000.0
2006-04-19 04:00:00,61.96,63.95,61.9,63.75,11287400.0
2006-04-20 04:00:00,63.39,63.45,60.44,60.96,12978000.0
2006-04-21 04:00:00,62.51,63.28,61.78,63.2,7530000.0
2006-04-24 04:00:00,62.35,62.53,61.6,61.65,7385300.0
2006-04-25 04:00:00,62.86,63.1799,62.18,62.78,5611700.0
2006-04-26 04:00:00,63.04,63.79,63.04,63.65,5797200.0
2006-04-27 04:00:00,62.84,64.0,62.77,62.96,6421200.0
2006-04-28 04:00:00,63.9,65.27,63.83,65.09,8379000.0
2006-05-01 04:00:00,65.68,65.83,64.98,65.16,7556600.0
2006-05-02 04:00:00,65.6,66.57,65.56,66.55,6195800.0
2006-05-03 04:00:00,67.135,67.14,65.33,66.46,11557800.0
2006-05-04 04:00:00,66.76,67.67,66.22,67.48,14125200.0
2006-05-05 04:00:00,67.51,68.01,67.06,67.99,9271100.0
2006-05-08 04:00:00,67.2,67.61,66.75,67.56,6538900.0
2006-05-09 04:00:00,68.54,69.72,68.45,69.68,12064600.0
2006-05-10 04:00:00,69.27,70.49,69.27,70.38,10315500.0
2006-05-11 04:00:00,71.98,72.15,71.0,71.03,17785200.0
2006-05-12 04:00:00,71.84,72.26,70.2,71.12,20637500.0
2006-05-15 04:00:00,68.68,69.3,67.32,67.41,18385000.0
2006-05-16 04:00:00,68.32,68.86,67.87,68.61,12222300.0
2006-05-17 04:00:00,69.51,70.17,68.07,68.15,16417400.0
2006-05-18 04:00:00,68.69,69.1,67.36,67.46,12721700.0
2006-05-19 04:00:00,65.76,66.05,64.7,65.58,18687600.0
2006-05-22 04:00:00,64.42,65.42,63.8,65.3,11978900.0
2006-05-23 04:00:00,65.99,67.16,65.91,66.38,10511500.0
2006-05-24 04:00:00,64.83,65.16,63.22,64.06,11066200.0
2006-05-25 04:00:00,64.12,64.76,63.76,64.7,6509500.0
2006-05-26 04:00:00,65.01,65.1,63.75,65.1,5271400.0
2006-05-30 04:00:00,65.2,66.24,65.0,65.11,8243200.0
2006-05-31 04:00:00,65.53,65.59,63.58,64.23,7573300.0
2006-06-01 04:00:00,62.15,62.97,61.8,62.56,11752100.0
2006-06-02 04:00:00,63.1,63.59,62.53,63.5,6960900.0
2006-06-05 04:00:00,63.82,64.19,63.1201,63.29,6021600.0
2006-06-06 04:00:00,62.58,62.67,62.16,62.55,7175700.0
2006-06-07 04:00:00,61.54,62.85,61.35,62.28,10172700.0
2006-06-08 04:00:00,61.5,61.53,60.43,60.91,14229500.0
2006-06-09 04:00:00,61.17,61.38,59.71,60.45,7415100.0
2006-06-12 04:00:00,60.78,60.84,59.98,60.03,4123800.0
2006-06-13 04:00:00,58.1,58.65,55.81,55.92,26223100.0
2006-06-14 04:00:00,56.65,56.91,55.05,55.62,12663800.0
2006-06-15 04:00:00,57.12,57.62,56.33,57.32,11911300.0
2006-06-16 04:00:00,57.3,57.93,56.43,57.68,7322000.0
2006-06-19 04:00:00,56.85,57.25,56.15,56.36,5737800.0
2006-06-20 04:00:00,56.64,57.48,56.16,57.3,11072500.0
2006-06-21 04:00:00,56.62,58.77,56.62,58.33,6163000.0
2006-06-22 04:00:00,58.17,58.61,57.66,57.73,5375100.0
2006-06-23 04:00:00,57.27,58.3,57.27,57.99,6106700.0
2006-06-26 04:00:00,58.25,58.33,57.42,58.28,3423800.0
2006-06-27 04:00:00,58.71,59.26,57.68,57.68,6516000.0
2006-06-28 04:00:00,58.15,58.19,57.35,57.54,2901000.0
2006-06-29 04:00:00,58.0,59.78,58.0,59.52,10752200.0
2006-06-30 04:00:00,60.87,61.35,60.68,61.23,7773800.0
2006-07-03 04:00:00,61.96,62.37,61.88,62.18,3078500.0
2006-07-05 04:00:00,62.48,62.63,61.44,62.5,8178400.0
2006-07-06 04:00:00,62.46,63.2,62.05,63.02,5686700.0
2006-07-07 04:00:00,62.84,63.05,62.46,62.63,5329200.0
2006-07-10 04:00:00,62.13,62.5,61.99,62.02,3513500.0
2006-07-11 04:00:00,62.83,63.98,62.7,63.81,5787400.0
2006-07-12 04:00:00,64.65,65.19,63.01,64.92,9454300.0
2006-07-13 04:00:00,65.09,65.68,64.11,65.55,12231700.0
2006-07-14 04:00:00,65.9,66.42,65.7,65.85,10035800.0
2006-07-17 04:00:00,64.79,65.22,63.67,63.95,9906800.0
2006-07-18 04:00:00,64.75,64.75,62.34,62.9,7639500.0
2006-07-19 04:00:00,62.57,64.24,62.48,64.03,7261300.0
2006-07-20 04:00:00,63.4,63.97,62.4,62.54,6402900.0
2006-07-21 04:00:00,63.19,63.25,61.21,61.71,6949400.0
2006-07-24 04:00:00,60.63,61.23,59.83,61.14,7282300.0
2006-07-25 04:00:00,61.34,61.6,60.5608,61.55,4739100.0
2006-07-26 04:00:00,61.35,62.36,60.9301,62.0,3376000.0
2006-07-27 04:00:00,63.53,63.61,62.55,62.9,4698800.0
2006-07-28 04:00:00,62.78,63.34,62.75,63.11,3156500.0
2006-07-31 04:00:00,63.12,63.35,62.44,63.16,3420600.0
2006-08-01 04:00:00,62.92,64.46,62.92,64.32,4671900.0
2006-08-02 04:00:00,64.74,65.22,64.4,64.75,5052200.0
2006-08-03 04:00:00,64.0,64.33,63.5452,64.12,3840600.0
2006-08-04 04:00:00,64.87,64.98,64.0,64.28,4811800.0
2006-08-07 04:00:00,64.47,64.81,64.25,64.5,2493800.0
2006-08-08 04:00:00,63.98,64.57,63.85,63.97,5575300.0
2006-08-09 04:00:00,64.56,65.13,64.39,64.63,4370000.0
2006-08-10 04:00:00,64.02,64.38,62.97,63.25,6871100.0
2006-08-11 04:00:00,63.58,64.1,62.24,62.71,6963700.0
2006-08-14 04:00:00,62.39,62.9,62.02,62.25,3529400.0
2006-08-15 04:00:00,61.95,62.27,61.68,62.01,4833800.0
2006-08-16 04:00:00,62.63,62.89,62.24,62.49,3333000.0
2006-08-17 04:00:00,62.32,62.35,60.96,61.03,4216100.0
2006-08-18 04:00:00,61.49,61.5,60.3,61.04,6421100.0
2006-08-21 04:00:00,62.09,62.48,61.8,62.44,3597500.0
2006-08-22 04:00:00,62.05,62.2,61.61,62.05,4067700.0
2006-08-23 04:00:00,62.56,62.68,61.75,61.83,3573700.0
2006-08-24 04:00:00,61.98,62.06,61.45,61.75,2198200.0
2006-08-25 04:00:00,61.88,62.0,61.58,61.77,2127000.0
2006-08-28 04:00:00,61.8,61.8,60.83,61.0,3585400.0
2006-08-29 04:00:00,61.0,61.09,60.32,60.94,3609800.0
2006-08-30 04:00:00,61.49,61.66,61.0901,61.42,2900800.0
2006-08-31 04:00:00,62.0,62.3,61.7274,62.29,4842300.0
2006-09-01 04:00:00,61.95,62.29,61.48,62.14,3210200.0
2006-09-05 04:00:00,63.2,63.63,63.06,63.36,4219400.0
2006-09-06 04:00:00,63.22,63.52,62.83,62.86,3211200.0
2006-09-07 04:00:00,61.87,61.92,60.99,61.25,5402800.0
2006-09-08 04:00:00,60.52,60.77,60.28,60.64,3694300.0
2006-09-11 04:00:00,58.85,59.25,57.91,58.5,10582700.0
2006-09-12 04:00:00,58.65,59.09,58.18,58.32,5836200.0
2006-09-13 04:00:00,58.6,58.93,57.97,58.62,3539100.0
2006-09-14 04:00:00,58.59,58.72,57.08,57.19,7641400.0
2006-09-15 04:00:00,57.2,57.79,56.66,57.4,6455000.0
2006-09-18 04:00:00,57.47,58.39,57.42,58.23,4439500.0
2006-09-19 04:00:00,58.02,58.11,56.84,56.92,5287300.0
2006-09-20 04:00:00,57.81,58.24,57.2,57.26,5385200.0
2006-09-21 04:00:00,57.35,58.09,57.22,57.95,3870800.0
2006-09-22 04:00:00,58.7,58.75,57.99,58.5,3320500.0
2006-09-25 04:00:00,58.15,58.76,57.78,58.5,3797400.0
2006-09-26 04:00:00,58.5,58.97,58.25,58.74,2763400.0
2006-09-27 04:00:00,59.22,59.86,58.73,59.81,4657300.0
2006-09-28 04:00:00,59.88,60.27,59.57,59.79,3931900.0
2006-09-29 04:00:00,59.52,59.63,58.975,59.47,3201000.0
2006-10-02 04:00:00,59.8,59.88,59.03,59.15,2018800.0
2006-10-03 04:00:00,57.93,58.14,56.91,57.11,5233900.0
2006-10-04 04:00:00,57.47,57.52,55.55,56.37,8155200.0
2006-10-05 04:00:00,56.94,57.02,56.32,56.92,3891100.0
2006-10-06 04:00:00,56.28,57.02,55.63,56.99,4282700.0
2006-10-09 04:00:00,57.46,57.5,56.72,57.2,2690000.0
2006-10-10 04:00:00,56.55,57.28,56.48,57.0,3422200.0
2006-10-11 04:00:00,57.3,57.52,56.7,56.88,2944200.0
2006-10-12 04:00:00,56.74,57.49,56.65,57.49,2777500.0
2006-10-13 04:00:00,58.25,58.6,57.94,58.57,3078900.0
2006-10-16 04:00:00,58.93,59.18,58.72,59.17,1986500.0
2006-10-17 04:00:00,59.0,59.1,58.12,58.65,2657100.0
2006-10-18 04:00:00,58.82,59.03,58.26,58.59,3679100.0
2006-10-19 04:00:00,59.04,59.65,59.02,59.41,2954200.0
2006-10-20 04:00:00,59.45,59.48,58.65,58.78,3190600.0
2006-10-23 04:00:00,57.88,58.19,57.52,57.76,3521800.0
2006-10-24 04:00:00,57.2,58.26,56.87,58.17,3558200.0
2006-10-25 04:00:00,57.83,58.78,57.55,58.76,4384600.0
2006-10-26 04:00:00,59.03,59.45,58.98,59.29,5241100.0
2006-10-27 04:00:00,59.43,59.57,59.04,59.4,3081000.0
2006-10-30 05:00:00,60.05,60.65,59.88,59.9,4675700.0
2006-10-31 05:00:00,59.59,60.36,59.57,60.24,4604200.0
2006-11-01 05:00:00,61.03,61.55,60.68,61.36,8172300.0
2006-11-02 05:00:00,61.47,62.19,61.47,61.92,6680700.0
2006-11-03 05:00:00,61.81,62.5,61.65,62.3,7359800.0
2006-11-06 05:00:00,62.17,62.34,61.85,61.89,4079200.0
2006-11-07 05:00:00,62.35,62.48,61.97,62.04,5332400.0
2006-11-08 05:00:00,61.94,62.08,60.87,61.11,5319800.0
2006-11-09 05:00:00,62.12,63.13,61.94,62.95,6635000.0
2006-11-10 05:00:00,62.7,62.82,62.06,62.49,4438700.0
2006-11-13 05:00:00,61.93,62.25,61.77,62.19,3408800.0
2006-11-14 05:00:00,62.31,62.52,61.46,61.63,5706900.0
2006-11-15 05:00:00,61.34,62.07,61.25,61.84,3760500.0
2006-11-16 05:00:00,62.16,62.2988,61.27,61.31,4348100.0
2006-11-17 05:00:00,61.4,61.78,61.34,61.78,3391300.0
2006-11-20 05:00:00,62.06,62.25,61.56,61.77,2947800.0
2006-11-21 05:00:00,62.25,62.52,62.03,62.27,2934200.0
2006-11-22 05:00:00,62.64,63.07,62.25,62.5,4863600.0
2006-11-24 05:00:00,63.48,63.68,63.31,63.5,6886200.0
2006-11-27 05:00:00,63.46,63.74,63.32,63.7,5249900.0
2006-11-28 05:00:00,63.6,63.71,62.82,63.57,6059000.0
2006-11-29 05:00:00,63.37,63.39,63.08,63.16,4006600.0
2006-11-30 05:00:00,64.07,64.43,63.9,64.39,6367800.0
2006-12-01 05:00:00,64.2,64.55,63.99,64.12,6364600.0
2006-12-04 05:00:00,64.03,64.14,63.56,64.12,3469100.0
2006-12-05 05:00:00,64.25,64.42,63.36,63.81,5256800.0
2006-12-06 05:00:00,63.08,63.45,62.29,62.69,6386600.0
2006-12-07 05:00:00,62.64,62.78,61.99,62.73,5389700.0
2006-12-08 05:00:00,63.08,63.34,61.87,62.05,6081400.0
2006-12-11 05:00:00,62.18,62.6,62.07,62.57,3163900.0
2006-12-12 05:00:00,62.41,62.56,62.17,62.52,3019300.0
2006-12-13 05:00:00,62.1,62.57,61.88,62.48,3595700.0
2006-12-14 05:00:00,62.29,62.47,62.04,62.12,2237900.0
2006-12-15 05:00:00,62.21,62.22,60.93,61.0,7428200.0
2006-12-18 05:00:00,60.85,61.11,60.65,61.04,3880800.0
2006-12-19 05:00:00,61.2,61.83,61.18,61.8,4255400.0
2006-12-20 05:00:00,61.64,61.8,61.45,61.62,2979300.0
2006-12-21 05:00:00,61.58,61.7,61.27,61.38,2483300.0
2006-12-22 05:00:00,61.45,61.8,61.32,61.65,1367900.0
2006-12-26 05:00:00,62.24,62.45,61.87,61.98,1975500.0
2006-12-27 05:00:00,62.3,62.46,62.17,62.22,3063500.0
2006-12-28 05:00:00,62.97,63.05,62.69,62.9,2539800.0
2006-12-29 05:00:00,62.91,63.25,62.88,63.21,2119800.0
2007-01-03 05:00:00,63.58,64.02,62.0,62.28,8062500.0
2007-01-04 05:00:00,62.07,62.5,61.52,61.65,4858600.0
2007-01-05 05:00:00,60.75,60.78,59.66,60.17,12500400.0
2007-01-08 05:00:00,60.38,60.54,59.851,60.48,3483900.0
2007-01-09 05:00:00,60.14,61.09,60.06,60.85,4171700.0
2007-01-10 05:00:00,60.46,60.82,60.06,60.59,3766000.0
2007-01-11 05:00:00,60.7,61.07,60.53,60.63,4640100.0
2007-01-12 05:00:00,61.0,62.28,60.9,62.17,5840200.0
2007-01-16 05:00:00,62.2,62.3,61.74,61.97,3201000.0
2007-01-17 05:00:00,61.97,62.9,61.97,62.64,4516300.0
2007-01-18 05:00:00,62.99,63.16,62.15,62.26,4462100.0
2007-01-19 05:00:00,62.52,63.13,62.27,63.0,3258400.0
2007-01-22 05:00:00,63.01,63.48,62.65,62.72,3941400.0
2007-01-23 05:00:00,63.68,64.29,63.67,64.23,6322100.0
2007-01-24 05:00:00,63.71,64.41,63.37,64.33,5242100.0
2007-01-25 05:00:00,64.8,64.88,63.98,64.06,5986300.0
2007-01-26 05:00:00,64.16,64.31,63.76,64.17,3494600.0
2007-01-29 05:00:00,63.85,64.29,63.66,63.77,3487300.0
2007-01-30 05:00:00,63.92,64.23,63.83,64.22,3094200.0
2007-01-31 05:00:00,63.99,64.9811,63.95,64.83,5901900.0
2007-02-01 05:00:00,65.45,65.63,65.06,65.22,6285300.0
2007-02-02 05:00:00,64.76,64.8,63.8,64.28,9079400.0
2007-02-05 05:00:00,64.68,64.69,64.24,64.31,2554200.0
2007-02-06 05:00:00,65.05,65.1,64.53,64.79,2928900.0
2007-02-07 05:00:00,64.78,65.15,64.48,64.63,3075600.0
2007-02-08 05:00:00,64.92,65.61,64.8301,65.52,4769900.0
2007-02-09 05:00:00,65.27,66.38,65.22,66.12,6817000.0
2007-02-12 05:00:00,66.0,66.11,65.41,65.67,4113682.0
2007-02-13 05:00:00,66.13,66.34,65.55,65.84,4143305.0
2007-02-14 05:00:00,66.23,66.66,65.97,66.37,4176806.0
2007-02-15 05:00:00,66.22,66.53,65.71,66.41,7673400.0
2007-02-16 05:00:00,65.94,66.39,65.76,66.36,3200600.0
2007-02-20 05:00:00,66.1,66.1,65.0,65.31,4813200.0
2007-02-21 05:00:00,65.31,67.71,65.2,67.35,11077200.0
2007-02-22 05:00:00,67.44,67.56,66.97,67.15,6566800.0
2007-02-23 05:00:00,67.35,68.29,67.35,67.72,8126200.0
2007-02-26 05:00:00,67.97,68.23,67.63,68.1,5254900.0
2007-02-27 05:00:00,67.34,68.33,65.07,65.41,15220800.0
2007-02-28 05:00:00,66.73,66.93,65.54,66.48,8927000.0
2007-03-01 05:00:00,66.23,66.75,65.58,65.82,7112523.0
2007-03-02 05:00:00,64.59,65.0,63.34,63.71,13733200.0
2007-03-05 05:00:00,63.12,63.78,62.62,62.93,9841600.0
2007-03-06 05:00:00,63.66,64.37,63.46,64.15,6993300.0
2007-03-07 05:00:00,64.14,64.64,63.55,64.3,6132100.0
2007-03-08 05:00:00,64.79,65.04,64.43,64.48,4285300.0
2007-03-09 05:00:00,64.82,65.22,64.15,64.25,9025600.0
2007-03-12 04:00:00,64.54,64.74,63.96,64.37,4558800.0
2007-03-13 04:00:00,64.29,64.69,63.57,63.72,4332100.0
2007-03-14 04:00:00,63.34,64.06,63.09,63.94,7418600.0
2007-03-15 04:00:00,64.03,64.46,63.88,63.98,7038000.0
2007-03-16 04:00:00,64.54,64.99,64.38,64.62,5042000.0
2007-03-19 04:00:00,64.88,64.94,64.63,64.74,2991300.0
2007-03-20 04:00:00,64.93,65.54,64.93,65.27,4416900.0
2007-03-21 04:00:00,65.54,65.9,65.12,65.82,5060500.0
2007-03-22 04:00:00,65.78,66.13,65.6,65.76,4720000.0
2007-03-23 04:00:00,65.79,65.9,64.9,65.15,5594500.0
2007-03-26 04:00:00,65.36,65.97,65.36,65.84,3928800.0
2007-03-27 04:00:00,65.88,65.97,65.5,65.7,3266200.0
2007-03-28 04:00:00,66.14,66.48,65.77,66.05,6310000.0
2007-03-29 04:00:00,65.97,66.0,64.93,65.65,5448400.0
2007-03-30 04:00:00,65.74,66.21,65.49,65.74,4290200.0
2007-04-02 04:00:00,65.74,66.14,65.03,65.85,5378600.0
2007-04-03 04:00:00,65.67,66.22,65.65,65.83,4141700.0
2007-04-04 04:00:00,66.09,66.98,66.0,66.81,7127200.0
2007-04-05 04:00:00,66.7,66.96,66.59,66.86,3593800.0
2007-04-09 04:00:00,66.88,67.2,66.46,66.53,3297400.0
2007-04-10 04:00:00,67.16,67.55,66.98,67.16,2742100.0
2007-04-11 04:00:00,67.26,67.5,66.81,67.08,4357500.0
2007-04-12 04:00:00,67.06,67.25,66.48,66.99,6022300.0
2007-04-13 04:00:00,67.49,67.97,67.19,67.84,5063000.0
2007-04-16 04:00:00,68.14,68.5,67.68,68.4,7913200.0
2007-04-17 04:00:00,68.31,68.48,67.98,68.0,4159200.0
2007-04-18 04:00:00,68.1,68.45,67.95,68.38,4933500.0
2007-04-19 04:00:00,68.0,68.04,67.25,67.53,5345300.0
2007-04-20 04:00:00,68.58,68.73,68.35,68.7,3358100.0
2007-04-23 04:00:00,68.41,68.65,68.04,68.26,2487600.0
2007-04-24 04:00:00,68.45,68.5,67.43,67.73,5073700.0
2007-04-25 04:00:00,67.85,68.06,67.66,67.89,2614500.0
2007-04-26 04:00:00,67.43,67.43,66.5,66.87,4668300.0
2007-04-27 04:00:00,66.84,67.57,66.84,67.56,5232700.0
2007-04-30 04:00:00,67.2,67.52,67.04,67.09,2607000.0
2007-05-01 04:00:00,66.98,67.0,66.54,66.69,3946200.0
2007-05-02 04:00:00,66.34,66.75,66.11,66.66,4499300.0
2007-05-03 04:00:00,66.87,67.62,66.68,67.49,4054700.0
2007-05-04 04:00:00,67.74,68.43,67.74,68.19,3313900.0
2007-05-07 04:00:00,68.42,68.46,68.022,68.25,1995100.0
2007-05-08 04:00:00,67.95,68.02,67.53,67.88,2475300.0
2007-05-09 04:00:00,67.81,67.84,66.922,67.45,4647500.0
2007-05-10 04:00:00,67.04,67.11,65.8,66.0,5536800.0
2007-05-11 04:00:00,66.13,66.66,66.13,66.45,2937500.0
2007-05-14 04:00:00,66.63,66.65,66.0,66.28,3597700.0
2007-05-15 04:00:00,65.89,66.73,65.88,66.54,2567200.0
2007-05-16 04:00:00,66.37,66.37,65.32,65.6,7268600.0
2007-05-17 04:00:00,65.44,65.6,64.72,65.06,8707800.0
2007-05-18 04:00:00,65.07,65.67,64.85,65.52,3158500.0
2007-05-21 04:00:00,65.29,65.7595,65.06,65.67,10955000.0
2007-05-22 04:00:00,65.7,65.82,65.16,65.2,5886800.0
2007-05-23 04:00:00,65.52,65.89,65.45,65.54,6442200.0
2007-05-24 04:00:00,65.46,65.46,64.52,64.75,6228300.0
2007-05-25 04:00:00,64.96,65.08,64.73,64.94,4230400.0
2007-05-29 04:00:00,65.12,65.57,64.94,65.07,3343100.0
2007-05-30 04:00:00,64.86,64.86,64.6,64.72,2745000.0
2007-05-31 04:00:00,65.16,65.58,65.07,65.54,7532400.0
2007-06-01 04:00:00,65.7,66.54,65.7,66.44,5634900.0
2007-06-04 04:00:00,66.61,66.76,66.3,66.54,2626500.0
2007-06-05 04:00:00,66.7,66.7,66.23,66.37,3730000.0
2007-06-06 04:00:00,66.11,66.55,65.88,66.41,3596600.0
2007-06-07 04:00:00,66.27,66.4,65.16,65.26,6394300.0
2007-06-08 04:00:00,64.88,65.02,63.74,64.22,7314100.0
2007-06-11 04:00:00,64.34,64.87,64.34,64.7,4607600.0
2007-06-12 04:00:00,64.52,64.53,63.91,64.1,4073200.0
2007-06-13 04:00:00,63.95,64.65,63.9,64.53,2803400.0
2007-06-14 04:00:00,64.16,64.8,63.95,64.6,2765500.0
2007-06-15 04:00:00,64.43,64.94,64.4,64.85,3032900.0
2007-06-18 04:00:00,65.19,65.25,64.82,64.95,1793100.0
2007-06-19 04:00:00,64.79,65.56,64.75,65.48,2700900.0
2007-06-20 04:00:00,65.42,65.51,64.6,64.71,2592100.0
2007-06-21 04:00:00,64.73,65.02,64.13,64.56,2709300.0
2007-06-22 04:00:00,64.9,64.98,64.43,64.78,1891000.0
2007-06-25 04:00:00,64.48,64.74,64.22,64.43,3424900.0
2007-06-26 04:00:00,64.2,64.25,63.39,63.62,8277000.0
2007-06-27 04:00:00,63.54,63.89,63.43,63.67,4692700.0
2007-06-28 04:00:00,63.98,64.38,63.91,64.26,4231700.0
2007-06-29 04:00:00,64.29,64.64,64.15,64.27,2756800.0
2007-07-02 04:00:00,64.51,65.23,64.51,65.02,2707000.0
2007-07-03 04:00:00,65.06,65.06,64.58,64.74,1823800.0
2007-07-05 04:00:00,64.99,65.0,63.92,64.42,4333300.0
2007-07-06 04:00:00,64.18,64.97,63.88,64.96,8080700.0
2007-07-09 04:00:00,65.0,65.68,64.99,65.38,5281000.0
2007-07-10 04:00:00,65.7,65.86,65.36,65.61,4016200.0
2007-07-11 04:00:00,65.82,65.82,65.34,65.44,3647400.0
2007-07-12 04:00:00,65.89,66.29,65.45,66.02,5870800.0
2007-07-13 04:00:00,66.08,66.23,65.67,66.03,3817800.0
2007-07-16 04:00:00,66.19,66.19,65.67,65.82,4579700.0
2007-07-17 04:00:00,65.66,66.08,65.65,65.75,1878600.0
2007-07-18 04:00:00,66.11,66.8,65.9,66.62,5239300.0
2007-07-19 04:00:00,66.7,67.12,66.61,67.01,4611800.0
2007-07-20 04:00:00,67.13,68.0,67.12,67.58,5409200.0
2007-07-23 04:00:00,67.8,67.8,67.31,67.47,3893500.0
2007-07-24 04:00:00,67.72,68.0,67.3,67.47,3763000.0
2007-07-25 04:00:00,67.19,67.22,66.35,66.9,7530600.0
2007-07-26 04:00:00,66.46,66.8,64.73,65.65,10704100.0
2007-07-27 04:00:00,65.28,65.61,64.97,65.41,5347600.0
2007-07-30 04:00:00,65.37,65.92,65.07,65.77,3047300.0
2007-07-31 04:00:00,66.18,66.39,65.12,65.79,4006500.0
2007-08-01 04:00:00,65.5,66.06,65.38,65.93,6364400.0
2007-08-02 04:00:00,65.96,66.01,65.55,65.89,5331900.0
2007-08-03 04:00:00,65.85,66.92,65.85,66.69,10736300.0
2007-08-06 04:00:00,66.66,66.67,66.21,66.52,2973200.0
2007-08-07 04:00:00,66.09,66.58,65.91,66.47,4147300.0
2007-08-08 04:00:00,66.73,67.54,66.18,66.77,4252500.0
2007-08-09 04:00:00,65.95,65.95,65.24,65.46,9411800.0
2007-08-10 04:00:00,65.44,66.96,65.44,66.57,8832200.0
2007-08-13 04:00:00,66.45,66.52,66.18,66.26,3644000.0
2007-08-14 04:00:00,66.25,66.5,65.95,66.29,4749700.0
2007-08-15 04:00:00,65.78,66.43,65.57,66.13,5887500.0
2007-08-16 04:00:00,65.49,65.81,63.47,64.68,18368800.0
2007-08-17 04:00:00,64.56,65.73,64.56,65.01,6375200.0
2007-08-20 04:00:00,65.06,65.4,64.78,65.12,4475200.0
2007-08-21 04:00:00,65.18,65.3,64.73,65.07,4478600.0
2007-08-22 04:00:00,65.22,65.53,65.17,65.4,4251200.0
2007-08-23 04:00:00,65.64,65.8,65.13,65.31,3027400.0
2007-08-24 04:00:00,65.42,66.21,65.3144,66.11,3648300.0
2007-08-27 04:00:00,66.01,66.05,65.86,65.98,1866500.0
2007-08-28 04:00:00,65.95,66.1,65.48,65.59,3473500.0
2007-08-29 04:00:00,65.89,66.2,65.73,66.07,4469800.0
2007-08-30 04:00:00,65.87,66.1,65.63,65.8,3028300.0
2007-08-31 04:00:00,66.61,66.77,66.46,66.52,4090400.0
2007-09-04 04:00:00,66.74,67.66,66.59,67.44,6640600.0
2007-09-05 04:00:00,67.35,67.62,67.18,67.56,6268500.0
2007-09-06 04:00:00,67.92,69.08,67.89,68.86,15881900.0
2007-09-07 04:00:00,69.26,70.0,69.0,69.39,14960100.0
2007-09-10 04:00:00,69.96,69.96,68.73,69.62,7598800.0
2007-09-11 04:00:00,69.86,70.7,69.52,70.52,11183200.0
2007-09-12 04:00:00,70.5,70.63,69.83,70.46,8037800.0
2007-09-13 04:00:00,70.07,70.2622,69.61,70.08,4612500.0
2007-09-14 04:00:00,69.9,70.97,69.86,69.99,7733200.0
2007-09-17 04:00:00,70.4,71.24,70.35,70.9,7458600.0
2007-09-18 04:00:00,71.2,72.0,70.4,71.7,14262600.0
2007-09-19 04:00:00,71.74,71.8,71.25,71.43,10938200.0
2007-09-20 04:00:00,72.15,73.1,71.95,72.72,11947000.0
2007-09-21 04:00:00,72.65,73.0,71.47,72.34,9937500.0
2007-09-24 04:00:00,72.57,72.63,71.82,72.28,6475800.0
2007-09-25 04:00:00,71.82,72.59,71.64,72.33,5503500.0
2007-09-26 04:00:00,72.25,72.93,71.85,72.0,9419200.0
2007-09-27 04:00:00,72.65,72.8,72.17,72.7,5728500.0
2007-09-28 04:00:00,73.19,73.8,72.74,73.51,8838100.0
2007-10-01 04:00:00,73.49,73.98,73.29,73.9,4824100.0
2007-10-02 04:00:00,72.45,72.68,71.63,72.35,10722100.0
2007-10-03 04:00:00,72.25,72.65,71.35,71.9,8191700.0
2007-10-04 04:00:00,71.8,73.06,71.24,72.87,9178600.0
2007-10-05 04:00:00,72.8,73.64,71.88,73.4,10597700.0
2007-10-08 04:00:00,72.66,72.89,72.28,72.53,3447800.0
2007-10-09 04:00:00,72.29,73.3,71.98,73.09,7416400.0
2007-10-10 04:00:00,73.6,73.82,72.63,73.36,4616900.0
2007-10-11 04:00:00,73.98,74.59,73.28,73.91,10292100.0
2007-10-12 04:00:00,73.93,74.59,73.75,74.59,3604200.0
2007-10-15 04:00:00,74.99,75.2,74.49,75.14,6706700.0
2007-10-16 04:00:00,74.87,75.45,73.78,75.12,6623000.0
2007-10-17 04:00:00,75.31,75.66,74.31,74.5,9355900.0
2007-10-18 04:00:00,75.38,76.0,75.33,76.0,5647600.0
2007-10-19 04:00:00,76.09,76.29,74.51,75.7,9509800.0
2007-10-22 04:00:00,74.09,74.7701,73.84,74.6,8637800.0
2007-10-23 04:00:00,75.11,75.26,74.63,75.23,3098100.0
2007-10-24 04:00:00,74.84,75.59,74.79,75.52,5663200.0
2007-10-25 04:00:00,75.94,76.62,75.06,76.03,6488000.0
2007-10-26 04:00:00,76.87,77.7395,76.67,77.69,8544300.0
2007-10-29 04:00:00,78.27,78.32,77.65,78.12,6881900.0
2007-10-30 04:00:00,77.66,77.66,77.01,77.35,5610000.0
2007-10-31 04:00:00,77.78,78.95,76.89,78.62,8874100.0
2007-11-01 04:00:00,78.4,78.9,77.5,77.93,7545500.0
2007-11-02 04:00:00,78.55,79.9,77.48,79.83,9912700.0
2007-11-05 05:00:00,79.68,80.24,79.11,79.75,5026300.0
2007-11-06 05:00:00,81.03,81.52,80.7,81.43,7694825.0
2007-11-07 05:00:00,83.21,83.24,81.33,82.24,16521500.0
2007-11-08 05:00:00,82.43,83.63,81.73,82.23,17357500.0
2007-11-09 05:00:00,81.79,82.63,81.22,82.18,6952700.0
2007-11-12 05:00:00,80.41,80.44,78.25,78.3,17305900.0
2007-11-13 05:00:00,79.4,79.93,77.86,79.12,11439300.0
2007-11-14 05:00:00,80.21,80.68,79.9101,80.28,5703900.0
2007-11-15 05:00:00,79.18,79.5,77.3,77.95,10915600.0
2007-11-16 05:00:00,78.34,78.85,77.17,77.75,8079400.0
2007-11-19 05:00:00,77.84,78.0,76.11,77.24,6095000.0
2007-11-20 05:00:00,78.03,80.04,77.3,79.47,11989100.0
2007-11-21 05:00:00,79.3,79.55,78.56,79.36,7265800.0
2007-11-23 05:00:00,80.04,81.61,80.02,81.25,5261400.0
2007-11-26 05:00:00,82.25,82.25,81.1301,81.3,7440800.0
2007-11-27 05:00:00,80.7,80.89,79.81,80.1,7230300.0
2007-11-28 05:00:00,79.42,79.87,78.76,79.57,9707900.0
2007-11-29 05:00:00,79.28,79.33,78.28,78.28,9309200.0
2007-11-30 05:00:00,78.35,78.6,76.98,77.32,9509600.0
2007-12-03 05:00:00,77.39,78.3,77.3,78.28,6265700.0
2007-12-04 05:00:00,78.63,79.62,78.57,79.4,7721900.0
2007-12-05 05:00:00,79.25,79.25,78.19,78.63,7686200.0
2007-12-06 05:00:00,77.92,79.65,77.8,79.37,6841600.0
2007-12-07 05:00:00,79.01,79.6,78.19,78.6,8328500.0
2007-12-10 05:00:00,79.15,80.3,79.13,80.0,4851000.0
2007-12-11 05:00:00,79.75,80.46,78.68,78.84,9580700.0
2007-12-12 05:00:00,80.05,80.92,79.94,80.49,9704600.0
2007-12-13 05:00:00,79.59,79.62,78.3,78.5,9557500.0
2007-12-14 05:00:00,78.42,78.57,77.82,78.52,6827000.0
2007-12-17 05:00:00,78.1,78.79,77.81,78.13,6496630.0
2007-12-18 05:00:00,79.59,79.59,78.82,79.25,6758305.0
2007-12-19 05:00:00,79.23,79.57,78.98,79.24,5639700.0
2007-12-20 05:00:00,78.93,79.11,78.36,78.67,6345630.0
2007-12-21 05:00:00,80.16,80.32,79.92,80.1,4603400.0
2007-12-24 05:00:00,80.21,80.63,80.14,80.14,2863500.0
2007-12-26 05:00:00,81.06,81.67,81.0,81.52,5896700.0
2007-12-27 05:00:00,81.86,82.17,81.37,81.56,5052696.0
2007-12-28 05:00:00,82.38,83.02,82.35,83.0,5134998.0
2007-12-31 05:00:00,82.74,82.83,81.98,82.46,3816854.0
2008-01-02 05:00:00,83.56,85.14,83.44,84.86,12294322.0
2008-01-03 05:00:00,84.87,85.94,84.6,85.57,9554909.0
2008-01-04 05:00:00,85.34,85.55,84.43,85.0,8402615.0
2008-01-07 05:00:00,85.24,85.26,84.57,84.81,6946005.0
2008-01-08 05:00:00,86.28,87.13,86.16,86.78,9574700.0
2008-01-09 05:00:00,86.56,87.2,86.3,86.64,10086400.0
2008-01-10 05:00:00,86.42,88.46,86.41,88.25,12924155.0
2008-01-11 05:00:00,88.04,88.76,87.85,88.58,6979048.0
2008-01-14 05:00:00,89.45,89.94,89.0,89.55,10086136.0
2008-01-15 05:00:00,89.6,90.35,87.91,88.21,23862200.0
2008-01-16 05:00:00,88.17,88.66,86.32,86.56,26921709.0
2008-01-17 05:00:00,87.5,87.98,86.47,86.5001,13598100.0
2008-01-18 05:00:00,87.165,87.46,86.51,87.29,9094884.0
2008-01-22 05:00:00,86.14,88.44,85.77,88.1699,20684182.0
2008-01-23 05:00:00,87.16,88.67,86.73,87.89,14286453.0
2008-01-24 05:00:00,89.72,90.25,89.13,90.08,10628046.0
2008-01-25 05:00:00,90.93,91.08,89.5,90.3,9705321.0
2008-01-28 05:00:00,90.96,91.89,90.75,91.89,8535148.0
2008-01-29 05:00:00,91.36,91.72,90.81,91.15,9099490.0
2008-01-30 05:00:00,90.71,92.58,90.45,91.85,14378005.0
2008-01-31 05:00:00,90.92,91.66,90.74,91.4,7791469.0
2008-02-01 05:00:00,91.75,91.87,89.22,89.3499,19636186.0
2008-02-04 05:00:00,88.51,89.52,88.05,89.1,10288074.0
2008-02-05 05:00:00,87.9,88.69,87.3,87.68,11171683.0
2008-02-06 05:00:00,89.0,89.65,88.75,88.9499,8787761.0
2008-02-07 05:00:00,88.95,89.94,88.81,89.85,8972942.0
2008-02-08 05:00:00,90.0,91.0,89.99,91.0,9128342.0
2008-02-11 05:00:00,91.04,91.46,90.44,90.91,6832624.0
2008-02-12 05:00:00,90.83,91.4,89.1,89.1,10226887.0
2008-02-13 05:00:00,88.88,89.99,88.67,89.01,10040199.0
2008-02-14 05:00:00,89.37,90.11,89.35,89.71,6887369.0
2008-02-15 05:00:00,90.3,90.32,88.63,89.15,5586353.0
2008-02-19 05:00:00,91.23,91.94,90.98,91.58,8374311.0
2008-02-20 05:00:00,90.84,93.31,90.75,93.24,10635981.0
2008-02-21 05:00:00,93.44,94.22,93.02,93.25,12957910.0
2008-02-22 05:00:00,93.56,93.72,92.35,93.39,7577175.0
2008-02-25 05:00:00,93.71,93.71,92.11,92.74,11955723.0
2008-02-26 05:00:00,92.43,93.97,92.18,93.71,8452352.0
2008-02-27 05:00:00,94.56,94.94,93.97,94.73,9927156.0
2008-02-28 05:00:00,94.92,96.08,94.47,95.99,11212196.0
2008-02-29 05:00:00,95.82,96.24,95.22,96.18,9348504.0
2008-03-03 05:00:00,97.52,97.74,96.6801,97.41,11489395.0
2008-03-04 05:00:00,97.28,97.45,94.39,95.18,21360514.0
2008-03-05 05:00:00,96.1,98.15,95.93,97.76,15363409.0
2008-03-06 05:00:00,96.98,97.29,95.26,96.79,18548959.0
2008-03-07 05:00:00,96.6,96.68,95.72,96.09,10066995.0
2008-03-10 04:00:00,95.0,96.34,94.88,95.87,10871706.0
2008-03-11 04:00:00,96.52,96.98,95.19,95.48,14350706.0
2008-03-12 04:00:00,96.58,97.38,96.24,97.05,8179895.0
2008-03-13 04:00:00,98.51,98.73,97.73,98.34,14683757.0
2008-03-14 04:00:00,98.07,99.53,98.01,98.71,17565011.0
2008-03-17 04:00:00,99.32,100.44,98.0,99.17,26517272.0
2008-03-18 04:00:00,99.35,99.51,96.35,96.5,20966044.0
2008-03-19 04:00:00,95.6,96.0,92.5,93.0399,37594217.0
2008-03-20 04:00:00,90.73,91.65,89.8,89.8,28829958.0
2008-03-24 04:00:00,90.65,91.51,89.78,90.1001,14329757.0
2008-03-25 04:00:00,91.91,92.79,91.28,92.57,15848077.0
2008-03-26 04:00:00,93.11,94.0,93.06,93.8,12390454.0
2008-03-27 04:00:00,93.51,94.09,92.95,93.46,7568037.0
2008-03-28 04:00:00,91.96,92.45,91.11,91.88,8786534.0
2008-03-31 04:00:00,92.56,92.65,89.96,90.41,11166044.0
2008-04-01 04:00:00,87.86,88.31,86.05,86.78,23677252.0
2008-04-02 04:00:00,87.28,89.76,87.22,89.27,13547177.0
2008-04-03 04:00:00,88.59,89.75,87.64,89.42,9326213.0
2008-04-04 04:00:00,89.48,90.34,89.31,90.25,7228227.0
2008-04-07 04:00:00,90.73,91.75,90.6,91.17,8197882.0
2008-04-08 04:00:00,90.04,90.49,89.72,90.35,5773918.0
2008-04-09 04:00:00,90.3,92.37,90.24,92.29,10581495.0
2008-04-10 04:00:00,92.32,92.56,90.97,91.77,7759468.0
2008-04-11 04:00:00,91.41,91.83,90.55,91.3,6549112.0
2008-04-14 04:00:00,91.32,91.98,91.06,91.11,4705410.0
2008-04-15 04:00:00,91.73,91.91,91.38,91.4,6636655.0
2008-04-16 04:00:00,93.19,93.71,93.01,93.27,8472038.0
2008-04-17 04:00:00,93.31,93.51,92.48,92.56,6876349.0
2008-04-18 04:00:00,89.72,90.7,88.96,90.62,11391801.0
2008-04-21 04:00:00,90.79,90.8699,89.89,90.25,11927475.0
2008-04-22 04:00:00,90.42,91.35,90.12,90.46,14046367.0
2008-04-23 04:00:00,88.98,89.55,88.44,89.55,18170445.0
2008-04-24 04:00:00,88.24,89.91,87.1,87.57,22849926.0
2008-04-25 04:00:00,88.33,88.42,87.19,87.27,11182527.0
2008-04-28 04:00:00,87.88,88.4,87.67,87.69,8079182.0
2008-04-29 04:00:00,86.73,86.9,85.54,85.54,14688955.0
2008-04-30 04:00:00,86.1,86.79,85.11,86.65,17701431.0
2008-05-01 04:00:00,84.51,84.56,83.57,83.85,17669112.0
2008-05-02 04:00:00,83.96,84.79,83.96,84.58,8745387.0
2008-05-05 04:00:00,85.69,86.29,85.2899,86.08,7390737.0
2008-05-06 04:00:00,86.33,87.15,86.33,86.63,10765493.0
2008-05-07 04:00:00,85.47,86.1,85.2,85.82,7219265.0
2008-05-08 04:00:00,86.76,87.4,86.42,87.24,8630188.0
2008-05-09 04:00:00,87.37,87.59,85.84,87.42,9927612.0
2008-05-12 04:00:00,86.92,87.64,86.79,86.99,5013399.0
2008-05-13 04:00:00,85.12,86.14,84.92,85.3901,7368137.0
2008-05-14 04:00:00,85.73,85.81,85.1,85.2,8653797.0
2008-05-15 04:00:00,87.13,87.6,86.23,87.0,9437950.0
2008-05-16 04:00:00,88.52,89.3,88.02,89.1001,12075630.0
2008-05-19 04:00:00,89.57,89.6999,88.869,89.39,5932141.0
2008-05-20 04:00:00,89.61,91.17,89.56,91.0,10685506.0
2008-05-21 04:00:00,90.61,92.11,90.61,91.96,11350290.0
2008-05-22 04:00:00,91.2,91.63,90.5,90.98,8865042.0
2008-05-23 04:00:00,91.33,92.0,90.96,91.23,6062450.0
2008-05-27 04:00:00,89.84,89.87,89.161,89.33,7606223.0
2008-05-28 04:00:00,88.49,89.19,88.35,89.14,8104857.0
2008-05-29 04:00:00,86.94,87.6,86.1,86.73,12700917.0
2008-05-30 04:00:00,87.34,87.69,86.96,87.45,4944419.0
2008-06-02 04:00:00,87.47,88.55,87.44,87.96,5279524.0
2008-06-03 04:00:00,86.65,87.35,86.52,86.88,8397510.0
2008-06-04 04:00:00,87.09,87.415,86.56,86.65,7158442.0
2008-06-05 04:00:00,85.97,86.81,85.66,86.45,14132601.0
2008-06-06 04:00:00,87.79,89.06,87.69,89.06,17433067.0
2008-06-09 04:00:00,88.54,89.24,87.84,87.987,9172128.0
2008-06-10 04:00:00,86.28,86.76,85.11,85.55,13911008.0
2008-06-11 04:00:00,86.57,87.1,86.35,86.7,10156252.0
2008-06-12 04:00:00,85.19,86.07,84.83,85.6,9828330.0
2008-06-13 04:00:00,85.33,86.02,85.04,85.83,8429040.0
2008-06-16 04:00:00,88.2,88.2,86.97,87.01,6996050.0
2008-06-17 04:00:00,86.72,87.52,86.7,87.25,5286859.0
2008-06-18 04:00:00,87.66,88.41,87.13,88.28,7822299.0
2008-06-19 04:00:00,89.37,89.5,88.39,88.42,10525870.0
2008-06-20 04:00:00,88.82,89.61,88.77,88.95,10058798.0
2008-06-23 04:00:00,87.01,87.4,86.74,86.82,12784654.0
2008-06-24 04:00:00,87.3,88.24,87.24,87.47,7398490.0
2008-06-25 04:00:00,87.43,87.58,86.13,87.18,10900747.0
2008-06-26 04:00:00,89.5,90.86,89.5,90.86,18411948.0
2008-06-27 04:00:00,90.98,91.82,90.65,91.47,14491385.0
2008-06-30 04:00:00,91.89,91.9,90.53,91.4,7289905.0
2008-07-01 04:00:00,92.53,93.35,92.34,92.66,15480981.0
2008-07-02 04:00:00,92.28,93.33,92.13,93.17,11484021.0
2008-07-03 04:00:00,92.17,92.68,91.68,92.06,9610797.0
2008-07-07 04:00:00,90.57,91.65,90.16,91.23,12301534.0
2008-07-08 04:00:00,90.55,91.15,89.93,90.86,11216252.0
2008-07-09 04:00:00,90.88,91.64,90.86,91.5,11373736.0
2008-07-10 04:00:00,92.4,93.6,92.35,93.53,16825679.0
2008-07-11 04:00:00,95.03,95.5,94.2552,95.16,26000031.0
2008-07-14 04:00:00,95.09,96.2,94.92,95.91,21248831.0
2008-07-15 04:00:00,96.55,97.5,95.43,96.17,30352781.0
2008-07-16 04:00:00,96.27,96.5,94.34,94.44,19898899.0
2008-07-17 04:00:00,94.7,96.51,94.07,94.22,25188630.0
2008-07-18 04:00:00,94.22,94.93,94.02,94.17,8585020.0
2008-07-21 04:00:00,94.75,95.15,94.45,95.12,7327260.0
2008-07-22 04:00:00,95.73,95.86,92.94,93.06,17553983.0
2008-07-23 04:00:00,92.64,92.79,90.44,90.57,25793751.0
2008-07-24 04:00:00,91.08,91.62,90.25,91.06,13072190.0
2008-07-25 04:00:00,91.03,91.73,90.53,91.69,7600753.0
2008-07-28 04:00:00,91.39,92.0,90.94,91.73,8810001.0
2008-07-29 04:00:00,91.23,91.27,90.09,90.59,12993302.0
2008-07-30 04:00:00,88.86,89.72,88.08,89.45,17379834.0
2008-07-31 04:00:00,91.05,91.14,89.87,90.08,10976381.0
2008-08-01 04:00:00,89.5,90.45,89.37,89.57,10893597.0
2008-08-04 04:00:00,89.08,89.68,88.04,88.14,14981167.0
2008-08-05 04:00:00,87.28,87.41,85.94,86.08,20187772.0
2008-08-06 04:00:00,86.8,87.0,86.01,86.64,12404765.0
2008-08-07 04:00:00,86.64,86.78,85.51,86.09,9962227.0
2008-08-08 04:00:00,84.35,84.68,83.83,84.43,13514077.0
2008-08-11 04:00:00,84.46,84.49,80.6,81.18,23566973.0
2008-08-12 04:00:00,80.74,81.01,79.55,80.88,20131713.0
2008-08-13 04:00:00,80.59,81.85,80.39,81.41,17018164.0
2008-08-14 04:00:00,80.71,81.0996,79.28,79.5,15542563.0
2008-08-15 04:00:00,78.0,78.32,76.61,77.63,29755879.0
2008-08-18 04:00:00,78.53,79.17,77.81,78.8,14071816.0
2008-08-19 04:00:00,77.92,80.52,77.7,80.433,16760535.0
2008-08-20 04:00:00,80.15,80.66,78.81,80.06,14719994.0
2008-08-21 04:00:00,82.01,84.54,81.75,82.17,17031004.0
2008-08-22 04:00:00,81.49,81.96,80.94,81.22,7854634.0
2008-08-25 04:00:00,81.1,81.34,80.56,81.06,6515171.0
2008-08-26 04:00:00,80.61,81.85,80.6,81.23,8579453.0
2008-08-27 04:00:00,81.89,82.05,81.0,81.36,7099029.0
2008-08-28 04:00:00,83.06,83.13,81.27,82.18,9353961.0
2008-08-29 04:00:00,82.31,82.47,81.58,81.58,5125291.0
2008-09-02 04:00:00,78.16,79.79,77.98,79.2,12681655.0
2008-09-03 04:00:00,79.19,79.69,78.34,78.89,10712507.0
2008-09-04 04:00:00,79.7,79.777,78.14,78.39,10875156.0
2008-09-05 04:00:00,80.08,80.27,78.17,78.98,10742406.0
2008-09-08 04:00:00,80.1,80.35,78.47,78.86,10024117.0
2008-09-09 04:00:00,77.39,77.82,76.24,76.36,20197429.0
2008-09-10 04:00:00,76.88,76.9272,74.1,74.33,29373054.0
2008-09-11 04:00:00,73.61,73.93,72.51,73.25,23776915.0
2008-09-12 04:00:00,74.26,75.58,73.48,75.55,17596932.0
2008-09-15 04:00:00,76.64,77.73,76.0,77.73,17004042.0
2008-09-16 04:00:00,76.69,77.29,76.3,76.5,17192101.0
2008-09-17 04:00:00,77.11,85.6,77.09,85.46,65774657.0
2008-09-18 04:00:00,85.49,90.78,81.9,83.25,60589121.0
2008-09-19 04:00:00,85.58,86.44,84.0,86.37,25537883.0
2008-09-22 04:00:00,86.85,89.54,86.81,89.35,35324324.0
2008-09-23 04:00:00,88.91,89.1,86.72,88.07,22364080.0
2008-09-24 04:00:00,88.68,88.76,86.7,86.77,17251584.0
2008-09-25 04:00:00,87.12,87.8,85.01,86.45,20691922.0
2008-09-26 04:00:00,87.03,90.17,86.59,86.64,21985030.0
2008-09-29 04:00:00,87.06,92.0,86.97,89.57,40569650.0
2008-09-30 04:00:00,87.31,87.36,84.21,85.07,20441631.0
2008-10-01 04:00:00,86.23,88.05,85.18,85.97,16789418.0
2008-10-02 04:00:00,84.56,84.66,81.62,82.35,22653819.0
2008-10-03 04:00:00,81.23,83.44,81.05,82.87,24057031.0
2008-10-06 04:00:00,85.84,86.45,84.25,84.29,21677959.0
2008-10-07 04:00:00,87.18,87.7,85.53,87.7,20292540.0
2008-10-08 04:00:00,90.69,90.8397,88.05,89.65,31206866.0
2008-10-09 04:00:00,87.29,90.58,86.54,89.9,20014243.0
2008-10-10 04:00:00,89.59,90.72,81.38,83.22,45074968.0
2008-10-13 04:00:00,83.61,83.9,80.92,81.99,17034506.0
2008-10-14 04:00:00,82.4,83.31,81.61,82.2,12385574.0
2008-10-15 04:00:00,82.2,84.39,82.08,83.31,16907742.0
2008-10-16 04:00:00,82.4,82.5,77.22,79.25,30645983.0
2008-10-17 04:00:00,77.12,80.78,75.0,76.94,15338399.0
2008-10-20 04:00:00,77.77,78.56,77.27,78.28,9332855.0
2008-10-21 04:00:00,75.9,76.94,74.89,76.027,10861162.0
2008-10-22 04:00:00,74.44,74.45,66.0,71.71,23288260.0
2008-10-23 04:00:00,69.64,72.19,69.5,70.65,16655886.0
2008-10-24 04:00:00,69.3,73.93,69.07,72.21,22474321.0
2008-10-27 04:00:00,71.13,73.61,70.72,72.18,12160061.0
2008-10-28 04:00:00,73.03,73.8,71.7,73.79,8474591.0
2008-10-29 04:00:00,75.05,76.36,73.61,74.24,16124450.0
2008-10-30 04:00:00,74.89,75.23,72.13,72.71,10897211.0
2008-10-31 04:00:00,72.62,72.87,70.6,71.34,9519313.0
2008-11-03 05:00:00,71.55,72.17,71.06,71.25,6807006.0
2008-11-04 05:00:00,73.15,75.69,72.85,75.4786,11444370.0
2008-11-05 05:00:00,74.32,75.18,72.38,72.8,10319595.0
2008-11-06 05:00:00,74.36,74.98,71.67,72.22,10699285.0
2008-11-07 05:00:00,72.59,73.09,72.05,72.5,6052764.0
2008-11-10 05:00:00,74.8,74.92,72.96,73.58,6096606.0
2008-11-11 05:00:00,72.56,72.66,71.55,72.05,8355667.0
2008-11-12 05:00:00,71.45,71.89,69.77,70.0,10038715.0
2008-11-13 05:00:00,70.49,72.36,68.81,72.15,16832084.0
2008-11-14 05:00:00,73.39,74.26,72.76,73.3,12810602.0
2008-11-17 05:00:00,72.43,73.8,72.15,72.65,7711981.0
2008-11-18 05:00:00,72.38,73.46,72.13,72.51,8147240.0
2008-11-19 05:00:00,73.42,75.19,72.0,72.26,13974149.0
2008-11-20 05:00:00,73.15,74.2,72.43,73.45,13589658.0
2008-11-21 05:00:00,76.0,79.0,75.45,78.85,30468851.0
2008-11-24 05:00:00,80.45,81.72,80.38,80.91,19899891.0
2008-11-25 05:00:00,81.34,81.38,79.28,80.87,17525162.0
2008-11-26 05:00:00,80.52,80.7678,79.3333,80.38,9142377.0
2008-11-28 05:00:00,80.04,80.75,79.8,80.31,3665757.0
2008-12-01 05:00:00,77.15,77.34,75.57,75.65,13149774.0
2008-12-02 05:00:00,76.9,77.32,76.26,76.95,6950560.0
2008-12-03 05:00:00,76.0,77.14,75.14,76.18,10693106.0
2008-12-04 05:00:00,75.59,77.63,75.07,75.5,11830661.0
2008-12-05 05:00:00,74.3,74.81,72.91,74.52,13392434.0
2008-12-08 05:00:00,76.48,76.62,75.4,76.195,7275057.0
2008-12-09 05:00:00,75.56,76.85,75.3,76.33,9618462.0
2008-12-10 05:00:00,79.2,80.1099,78.56,79.75,16055927.0
2008-12-11 05:00:00,81.58,81.94,80.49,80.65,13997440.0
2008-12-12 05:00:00,80.55,81.63,80.005,80.81,12539416.0
2008-12-15 05:00:00,81.33,83.03,81.23,82.6,15013397.0
2008-12-16 05:00:00,82.38,84.64,81.93,84.46,18689225.0
2008-12-17 05:00:00,85.26,86.91,84.8026,85.43,22162900.0
2008-12-18 05:00:00,84.85,85.12,83.46,83.87,17256992.0
2008-12-19 05:00:00,82.65,82.87,82.01,82.63,9139661.0
2008-12-22 05:00:00,83.57,83.81,82.79,83.46,6695823.0
2008-12-23 05:00:00,82.93,83.39,81.59,82.63,6323094.0
2008-12-24 05:00:00,82.47,83.57,82.47,83.46,2072137.0
2008-12-26 05:00:00,83.52,85.97,83.12,85.6,5083078.0
2008-12-29 05:00:00,86.5,87.0,85.95,86.38,9091323.0
2008-12-30 05:00:00,85.94,86.15,85.28,85.9,7123560.0
2008-12-31 05:00:00,84.98,87.1,84.28,86.52,7849386.0
2009-01-02 05:00:00,85.93,86.6072,85.84,86.23,6413692.0
2009-01-05 05:00:00,83.62,84.68,83.24,84.48,9583284.0
2009-01-06 05:00:00,83.37,85.7,83.0,85.13,12880045.0
2009-01-07 05:00:00,84.56,84.58,82.21,82.75,13370353.0
2009-01-08 05:00:00,84.4,84.89,83.75,84.46,10720601.0
2009-01-09 05:00:00,83.34,85.5,83.09,83.92,8863033.0
2009-01-12 05:00:00,81.72,82.04,80.26,80.76,14761525.0
2009-01-13 05:00:00,80.94,81.82,80.6216,80.88,10021877.0
2009-01-14 05:00:00,80.57,81.09,79.36,79.79,15609801.0
2009-01-15 05:00:00,79.97,80.7,78.87,80.39,16717422.0
2009-01-16 05:00:00,82.2,83.0,81.74,82.71,16470517.0
2009-01-20 05:00:00,84.17,85.285,83.57,84.52,16754292.0
2009-01-21 05:00:00,84.05,84.39,82.98,84.16,12280185.0
2009-01-22 05:00:00,84.03,84.97,83.83,84.58,18572787.0
2009-01-23 05:00:00,86.57,88.94,86.07,88.53,34013642.0
2009-01-26 05:00:00,89.22,90.19,88.68,88.95,19135571.0
2009-01-27 05:00:00,88.4,88.844,88.01,88.38,11883342.0
2009-01-28 05:00:00,88.27,88.38,86.84,87.415,18459222.0
2009-01-29 05:00:00,86.68,89.55,86.28,89.5,21193276.0
2009-01-30 05:00:00,90.7,91.49,89.65,91.31,21282261.0
2009-02-02 05:00:00,89.88,92.5786,88.62,88.84,16998874.0
2009-02-03 05:00:00,89.34,89.73,86.0,88.47,17578944.0
2009-02-04 05:00:00,88.89,89.5,88.52,89.24,14271021.0
2009-02-05 05:00:00,90.75,90.82,89.3,90.12,17196260.0
2009-02-06 05:00:00,89.15,90.14,89.15,89.59,12554397.0
2009-02-09 05:00:00,88.35,88.65,87.6,88.32,21273957.0
2009-02-10 05:00:00,89.66,90.37,89.18,90.21,25448313.0
2009-02-11 05:00:00,90.93,93.25,90.8,92.3,55638265.0
2009-02-12 05:00:00,93.04,93.74,92.52,93.18,38786733.0
2009-02-13 05:00:00,92.5,92.77,91.69,92.55,14717061.0
2009-02-17 05:00:00,95.23,95.85,94.89,95.45,27085159.0
2009-02-18 05:00:00,95.23,97.15,94.67,96.91,29346226.0
2009-02-19 05:00:00,95.91,96.57,95.425,95.77,21305391.0
2009-02-20 05:00:00,98.0,98.99,97.14,97.8,43862527.0
2009-02-23 05:00:00,96.59,98.22,95.89,97.73,24542646.0
2009-02-24 05:00:00,97.59,97.59,94.27,94.73,37461105.0
2009-02-25 05:00:00,94.73,96.41,92.81,93.15,26142936.0
2009-02-26 05:00:00,92.71,93.14,91.57,93.057,28789746.0
2009-02-27 05:00:00,94.31,94.53,91.03,92.63,30592626.0
2009-03-02 05:00:00,93.4,93.61,90.62,90.93,24270965.0
2009-03-03 05:00:00,90.85,91.04,88.94,90.04,28082893.0
2009-03-04 05:00:00,90.25,90.35,88.45,88.99,19875027.0
2009-03-05 05:00:00,89.92,92.17,89.23,91.987,23995479.0
2009-03-06 05:00:00,91.81,92.95,91.2,92.29,22396522.0
2009-03-09 04:00:00,92.29,92.33,89.57,90.57,18311404.0
2009-03-10 04:00:00,89.54,89.61,87.4733,88.14,25931527.0
2009-03-11 04:00:00,88.49,89.83,87.78,89.22,16692060.0
2009-03-12 04:00:00,90.37,91.57,90.14,91.1,20138734.0
2009-03-13 04:00:00,91.87,91.89,90.5,91.3,11693828.0
2009-03-16 04:00:00,90.29,90.96,90.03,90.8,11787696.0
2009-03-17 04:00:00,90.26,90.59,89.75,90.04,10054909.0
2009-03-18 04:00:00,88.75,93.39,86.83,93.09,59505244.0
2009-03-19 04:00:00,93.41,94.77,92.91,94.35,35036903.0
2009-03-20 04:00:00,93.48,94.37,93.1262,93.59,18078010.0
2009-03-23 04:00:00,93.44,93.91,91.95,92.08,17660175.0
2009-03-24 04:00:00,90.76,91.66,90.25,90.95,17004286.0
2009-03-25 04:00:00,90.87,92.63,90.34,91.98,24799973.0
2009-03-26 04:00:00,92.72,92.72,91.84,91.93,12370255.0
2009-03-27 04:00:00,90.83,91.26,90.41,90.69,11624365.0
2009-03-30 04:00:00,89.97,91.81,89.75,89.98,16430154.0
2009-03-31 04:00:00,90.38,90.85,89.58,90.28,14401385.0
2009-04-01 04:00:00,91.34,91.38,90.21,91.03,12302939.0
2009-04-02 04:00:00,88.75,89.36,87.92,88.8,24828991.0
2009-04-03 04:00:00,88.96,89.44,87.52,87.59,16346446.0
2009-04-06 04:00:00,86.4,86.44,84.97,85.27,22909571.0
2009-04-07 04:00:00,86.27,88.26,86.17,86.74,11011547.0
2009-04-08 04:00:00,87.18,87.52,86.264,86.61,12230162.0
2009-04-09 04:00:00,86.33,86.88,86.1,86.31,9608703.0
2009-04-13 04:00:00,88.03,88.45,87.6,87.88,7283687.0
2009-04-14 04:00:00,87.78,87.81,87.04,87.37,7167360.0
2009-04-15 04:00:00,87.42,87.94,87.23,87.5,6857492.0
2009-04-16 04:00:00,87.38,87.4518,85.68,85.81,21033587.0
2009-04-17 04:00:00,85.75,86.37,84.92,85.22,22332857.0
2009-04-20 04:00:00,86.03,87.34,86.0,86.95,12674385.0
2009-04-21 04:00:00,87.85,87.884,86.33,86.89,10656667.0
2009-04-22 04:00:00,87.03,87.82,86.8,87.37,10085818.0
2009-04-23 04:00:00,87.71,89.37,87.6236,88.8,16623378.0
2009-04-24 04:00:00,89.1,89.84,88.83,89.72,11425822.0
2009-04-27 04:00:00,89.33,89.79,88.94,89.01,7156910.0
2009-04-28 04:00:00,87.32,87.95,87.11,87.75,8571500.0
2009-04-29 04:00:00,88.25,88.78,87.67,88.33,8098253.0
2009-04-30 04:00:00,86.83,87.78,86.5409,87.27,9716553.0
2009-05-01 04:00:00,86.75,87.49,86.692,86.95,6122461.0
2009-05-04 04:00:00,87.55,89.18,87.55,88.6401,10816636.0
2009-05-05 04:00:00,89.71,89.73,87.88,88.25,9956426.0
2009-05-06 04:00:00,89.46,89.69,88.84,89.54,11337550.0
2009-05-07 04:00:00,90.13,90.3,89.24,89.44,14808892.0
2009-05-08 04:00:00,89.7,90.09,88.91,89.98,10940584.0
2009-05-11 04:00:00,89.64,90.01,89.5,89.69,12212067.0
2009-05-12 04:00:00,90.4,90.84,89.95,90.7,15764893.0
2009-05-13 04:00:00,90.44,91.5,90.31,91.09,17445851.0
2009-05-14 04:00:00,90.91,91.26,90.7,91.03,8025676.0
2009-05-15 04:00:00,91.15,91.81,91.1,91.55,11707303.0
2009-05-18 04:00:00,91.53,91.57,90.14,90.36,17353824.0
2009-05-19 04:00:00,90.64,91.35,90.57,90.96,9631577.0
2009-05-20 04:00:00,91.54,92.44,91.52,92.25,18298353.0
2009-05-21 04:00:00,92.35,93.86,91.93,93.81,21830154.0
2009-05-22 04:00:00,94.25,94.42,93.8,94.15,15408556.0
2009-05-26 04:00:00,92.95,93.84,92.85,93.76,12360110.0
2009-05-27 04:00:00,93.73,94.28,93.1,93.45,13708408.0
2009-05-28 04:00:00,94.14,94.83,93.8,94.24,14973224.0
2009-05-29 04:00:00,95.7,96.35,95.58,96.2,18139774.0
2009-06-01 04:00:00,96.47,96.76,95.63,95.73,17923782.0
2009-06-02 04:00:00,96.19,96.9699,96.1,96.36,14536031.0
2009-06-03 04:00:00,95.9,96.21,94.31,94.41,18208139.0
2009-06-04 04:00:00,95.24,96.49,95.2,96.23,13635202.0
2009-06-05 04:00:00,94.24,94.788,93.57,93.71,18601248.0
2009-06-08 04:00:00,93.26,93.7,92.58,93.56,11557477.0
2009-06-09 04:00:00,94.27,94.39,93.44,93.83,9481702.0
2009-06-10 04:00:00,94.5,94.53,92.9,93.86,14445100.0
2009-06-11 04:00:00,93.13,94.53,93.0,93.7,14778781.0
2009-06-12 04:00:00,92.41,92.76,92.0,92.17,13810957.0
2009-06-15 04:00:00,91.9,91.9,90.9,91.1,13121700.0
2009-06-16 04:00:00,91.87,92.12,91.35,91.93,9841433.0
2009-06-17 04:00:00,91.61,92.39,90.1457,92.32,12130009.0
2009-06-18 04:00:00,92.24,92.5,91.3,91.61,16244431.0
2009-06-19 04:00:00,91.81,92.23,91.58,91.9,11812321.0
2009-06-22 04:00:00,90.41,90.64,90.13,90.54,12957163.0
2009-06-23 04:00:00,90.66,91.03,89.95,90.92,11965776.0
2009-06-24 04:00:00,92.09,92.33,91.04,91.45,12115726.0
2009-06-25 04:00:00,92.12,92.33,91.72,92.31,11446876.0
2009-06-26 04:00:00,92.81,92.93,91.93,92.29,10418844.0
2009-06-29 04:00:00,92.32,92.4,91.71,92.04,6529175.0
2009-06-30 04:00:00,91.85,91.96,90.53,91.18,24194967.0
2009-07-01 04:00:00,92.31,93.0,92.0,92.39,10744128.0
2009-07-02 04:00:00,91.47,91.58,91.08,91.25,7365848.0
2009-07-06 04:00:00,90.48,90.93,90.36,90.76,6287480.0
2009-07-07 04:00:00,90.89,91.38,90.5,90.71,7691170.0
2009-07-08 04:00:00,90.11,97.8,88.82,89.27,21958185.0
2009-07-09 04:00:00,89.63,90.2599,89.33,89.51,13688944.0
2009-07-10 04:00:00,89.3,89.77,89.1601,89.58,5040632.0
2009-07-13 04:00:00,89.45,90.69,89.1,90.19,8811711.0
2009-07-14 04:00:00,90.86,91.11,90.59,90.81,5722456.0
2009-07-15 04:00:00,92.17,92.52,92.03,92.24,9863798.0
2009-07-16 04:00:00,92.0,92.12,91.55,91.98,4605453.0
2009-07-17 04:00:00,92.15,92.3,91.84,91.93,8748954.0
2009-07-20 04:00:00,93.61,93.8,92.91,93.28,13175208.0
2009-07-21 04:00:00,93.52,93.53,92.69,93.13,9348941.0
2009-07-22 04:00:00,92.82,93.82,92.73,93.44,10243729.0
2009-07-23 04:00:00,93.2,94.005,93.11,93.26,9764992.0
2009-07-24 04:00:00,93.48,93.71,93.33,93.41,4734321.0
2009-07-27 04:00:00,93.9,93.95,93.36,93.71,5172010.0
2009-07-28 04:00:00,92.74,92.82,91.65,92.11,10887928.0
2009-07-29 04:00:00,91.67,91.75,90.81,91.2,9677393.0
2009-07-30 04:00:00,91.55,92.0,91.44,91.62,6248019.0
2009-07-31 04:00:00,91.86,94.03,91.83,93.35,14389815.0
2009-08-03 04:00:00,94.14,94.49,93.65,93.87,10016972.0
2009-08-04 04:00:00,94.18,95.25,93.99,94.68,11550213.0
2009-08-05 04:00:00,94.88,95.05,94.01,94.78,8987565.0
2009-08-06 04:00:00,95.01,95.19,93.76,94.6,13660954.0
2009-08-07 04:00:00,94.32,94.64,93.6,93.75,8042698.0
2009-08-10 04:00:00,92.91,93.14,92.6,92.927,6420802.0
2009-08-11 04:00:00,92.68,92.97,92.41,92.79,5030716.0
2009-08-12 04:00:00,92.6,93.49,92.47,92.95,7911126.0
2009-08-13 04:00:00,93.85,94.05,93.45,93.72,6757973.0
2009-08-14 04:00:00,93.84,93.91,92.4,93.0,6189478.0
2009-08-17 04:00:00,91.49,91.8574,91.28,91.61,6833184.0
2009-08-18 04:00:00,91.81,92.2,91.7601,92.06,4362418.0
2009-08-19 04:00:00,91.68,92.78,91.66,92.532,7119768.0
2009-08-20 04:00:00,92.31,92.55,92.12,92.27,3973181.0
2009-08-21 04:00:00,93.63,93.8,93.4,93.65,7287205.0
2009-08-24 04:00:00,93.64,93.7,91.64,92.34,8547903.0
2009-08-25 04:00:00,93.4,93.46,92.488,92.76,8284255.0
2009-08-26 04:00:00,92.67,92.85,92.21,92.79,5226918.0
2009-08-27 04:00:00,92.8,93.31,92.379,93.19,6876397.0
2009-08-28 04:00:00,94.07,94.15,93.63,93.87,6759493.0
2009-08-31 04:00:00,93.14,93.5,92.92,93.4,4957430.0
2009-09-01 04:00:00,93.41,93.96,93.06,93.9,8002379.0
2009-09-02 04:00:00,94.7,96.26,94.57,96.19,27673622.0
2009-09-03 04:00:00,96.52,97.94,96.2,97.46,26443580.0
2009-09-04 04:00:00,97.14,97.83,96.0,97.529,14913857.0
2009-09-08 04:00:00,98.57,98.64,97.39,97.43,22989937.0
2009-09-09 04:00:00,97.98,98.36,96.85,97.08,20439854.0
2009-09-10 04:00:00,97.03,98.03,96.88,97.7,12256432.0
2009-09-11 04:00:00,98.96,99.33,98.27,98.78,19502934.0
2009-09-14 04:00:00,98.16,98.4326,97.73,97.96,9639144.0
2009-09-15 04:00:00,97.75,99.1,97.56,98.9,16253795.0
2009-09-16 04:00:00,100.01,100.02,99.5,99.91,16588192.0
2009-09-17 04:00:00,99.66,100.08,99.04,99.34,12493516.0
2009-09-18 04:00:00,99.73,99.87,98.67,98.67,13941667.0
2009-09-21 04:00:00,97.95,98.62,97.73,98.36,11121385.0
2009-09-22 04:00:00,99.84,99.84,99.37,99.67,10887240.0
2009-09-23 04:00:00,99.16,99.89,98.68,98.83,14735512.0
2009-09-24 04:00:00,99.36,99.44,97.14,97.55,23350148.0
2009-09-25 04:00:00,97.07,97.5,96.77,97.0,10729059.0
2009-09-28 04:00:00,97.21,97.81,97.0,97.05,7794538.0
2009-09-29 04:00:00,97.19,97.73,96.95,97.43,9262401.0
2009-09-30 04:00:00,98.31,99.06,97.56,98.85,18672625.0
2009-10-01 04:00:00,98.84,98.86,97.88,97.89,11049334.0
2009-10-02 04:00:00,97.84,98.86,97.74,98.37,10477792.0
2009-10-05 04:00:00,98.48,99.84,98.36,99.82,11709305.0
2009-10-06 04:00:00,101.33,102.42,100.5425,102.28,33537450.0
2009-10-07 04:00:00,102.29,102.52,101.83,102.361,16194157.0
2009-10-08 04:00:00,102.62,104.1501,102.3,103.64,24250115.0
2009-10-09 04:00:00,103.06,103.25,102.37,102.84,15182285.0
2009-10-12 04:00:00,103.39,103.915,103.225,103.56,9178961.0
2009-10-13 04:00:00,103.7,104.5,103.46,104.26,17358788.0
2009-10-14 04:00:00,104.29,104.7,103.76,104.18,17871089.0
2009-10-15 04:00:00,103.27,103.95,102.6,102.86,15786466.0
2009-10-16 04:00:00,102.7,103.68,102.53,103.18,14321291.0
2009-10-19 04:00:00,103.16,104.26,102.75,104.23,13936590.0
2009-10-20 04:00:00,104.34,104.35,102.7925,103.42,18252666.0
2009-10-21 04:00:00,103.38,104.46,103.24,103.745,16011622.0
2009-10-22 04:00:00,103.46,104.09,103.1,103.92,11583550.0
2009-10-23 04:00:00,104.5,104.58,102.96,103.49,11423721.0
2009-10-26 04:00:00,103.41,103.97,101.74,101.86,21527248.0
2009-10-27 04:00:00,101.89,102.0598,101.22,101.85,18420544.0
2009-10-28 04:00:00,101.5,102.03,100.65,100.73,19351062.0
2009-10-29 04:00:00,101.72,102.76,101.5,102.688,15328241.0
2009-10-30 04:00:00,102.33,102.66,101.48,102.5,15246451.0
2009-11-02 05:00:00,103.5,104.25,103.25,103.95,15466422.0
2009-11-03 05:00:00,103.74,106.7,103.72,106.46,33610377.0
2009-11-04 05:00:00,107.11,107.68,106.43,107.1,27197460.0
2009-11-05 05:00:00,106.81,107.2,106.6,106.98,10197019.0
2009-11-06 05:00:00,107.38,108.04,107.06,107.43,14789090.0
2009-11-09 05:00:00,108.69,108.75,107.91,108.19,18452763.0
2009-11-10 05:00:00,108.03,108.78,107.7,108.39,15980474.0
2009-11-11 05:00:00,109.49,109.71,109.0,109.6,17670726.0
2009-11-12 05:00:00,109.16,109.56,108.12,108.21,17859806.0
2009-11-13 05:00:00,108.32,109.8,108.14,109.74,17252021.0
2009-11-16 05:00:00,110.7,112.16,110.65,111.63,25017045.0
2009-11-17 05:00:00,111.09,111.99,110.9,111.97,19831097.0
2009-11-18 05:00:00,112.69,113.09,111.8,112.25,22336892.0
2009-11-19 05:00:00,111.85,112.4,110.76,112.3,21249840.0
2009-11-20 05:00:00,111.74,112.94,111.54,112.94,17309992.0
2009-11-23 05:00:00,114.67,115.1199,113.99,114.29,24457695.0
2009-11-24 05:00:00,114.73,114.81,113.97,114.73,22618002.0
2009-11-25 05:00:00,115.69,116.88,115.53,116.62,24569843.0
2009-11-27 05:00:00,113.08,115.81,113.02,115.06,21200734.0
2009-11-30 05:00:00,114.48,115.89,114.27,115.65,16420957.0
2009-12-01 05:00:00,117.3,117.93,116.78,117.38,27721256.0
2009-12-02 05:00:00,118.8,119.27,118.3,119.18,31109286.0
2009-12-03 05:00:00,118.57,119.54,118.03,118.7,28863962.0
2009-12-04 05:00:00,117.15,117.26,112.41,113.753,79189786.0
2009-12-07 05:00:00,111.51,114.22,111.44,113.11,42538637.0
2009-12-08 05:00:00,112.76,113.06,110.21,110.95,37654941.0
2009-12-09 05:00:00,111.6,112.48,109.38,110.84,37125843.0
2009-12-10 05:00:00,110.66,111.03,110.04,110.82,20531781.0
2009-12-11 05:00:00,110.6,110.82,108.7174,109.32,28986042.0
2009-12-14 05:00:00,110.01,110.7,109.5,110.24,16339031.0
2009-12-15 05:00:00,109.94,110.57,109.39,110.21,20059457.0
2009-12-16 05:00:00,110.83,111.91,110.63,111.59,22850225.0
2009-12-17 05:00:00,109.47,109.98,107.28,107.34,35016722.0
2009-12-18 05:00:00,108.0,109.5,107.04,108.95,25594089.0
2009-12-21 05:00:00,109.17,109.3,106.82,106.95,23337505.0
2009-12-22 05:00:00,106.79,107.09,105.312,106.17,28702865.0
2009-12-23 05:00:00,106.65,107.45,106.3,106.55,16941822.0
2009-12-24 05:00:00,107.9,108.37,107.77,108.36,7991463.0
2009-12-28 05:00:00,108.64,108.78,107.91,108.55,9637451.0
2009-12-29 05:00:00,108.5,108.5,107.45,107.47,11043676.0
2009-12-30 05:00:00,106.64,107.44,106.4,106.93,9405087.0
2009-12-31 05:00:00,107.98,108.11,107.24,107.31,9125460.0
2010-01-04 05:00:00,109.82,110.14,109.31,109.8,16224044.0
2010-01-05 05:00:00,109.88,110.39,109.26,109.7,14213049.0
2010-01-06 05:00:00,110.71,111.77,110.4086,111.51,24990473.0
2010-01-07 05:00:00,111.07,111.29,110.62,110.83,13609730.0
2010-01-08 05:00:00,111.52,111.58,110.26,111.37,15896296.0
2010-01-11 05:00:00,113.34,113.59,112.52,112.85,17252989.0
2010-01-12 05:00:00,112.38,113.05,110.14,110.49,29182550.0
2010-01-13 05:00:00,110.92,111.57,109.57,111.54,20013968.0
2010-01-14 05:00:00,111.51,112.37,110.79,112.03,18316938.0
2010-01-15 05:00:00,111.35,112.01,110.38,110.86,18008047.0
2010-01-19 05:00:00,110.95,111.75,110.83,111.52,10474427.0
2010-01-20 05:00:00,109.97,110.05,108.46,108.94,17539029.0
2010-01-21 05:00:00,108.48,108.78,106.61,107.37,25753624.0
2010-01-22 05:00:00,106.93,107.68,106.01,107.17,24213570.0
2010-01-25 05:00:00,107.44,107.72,107.07,107.48,13200462.0
2010-01-26 05:00:00,106.87,107.99,106.75,107.56,12297082.0
2010-01-27 05:00:00,107.53,108.8,106.16,106.528,19005019.0
2010-01-28 05:00:00,107.18,107.23,105.18,106.48,16800449.0
2010-01-29 05:00:00,105.88,106.3,105.27,105.96,20278962.0
2010-02-01 05:00:00,106.64,108.48,106.37,108.35,14901855.0
2010-02-02 05:00:00,109.16,109.6,108.61,109.13,14328266.0
2010-02-03 05:00:00,109.1,109.54,108.4305,108.7,13393185.0
2010-02-04 05:00:00,106.79,106.8,103.75,104.37,39991882.0
2010-02-05 05:00:00,103.76,104.68,102.28,104.68,32659994.0
2010-02-08 05:00:00,104.41,105.14,104.0,104.04,17182696.0
2010-02-09 05:00:00,105.18,106.15,104.87,105.41,25969130.0
2010-02-10 05:00:00,105.13,105.5,104.11,105.12,16280928.0
2010-02-11 05:00:00,105.58,107.56,105.27,107.13,19350031.0
2010-02-12 05:00:00,106.08,107.1,105.57,107.04,14464157.0
2010-02-16 05:00:00,109.45,109.87,109.1,109.62,20904487.0
2010-02-17 05:00:00,109.66,110.01,108.87,109.25,19593363.0
2010-02-18 05:00:00,109.61,110.11,109.19,109.98,19177327.0
2010-02-19 05:00:00,109.3,110.39,108.81,109.47,21929976.0
2010-02-22 05:00:00,109.86,109.97,108.66,109.07,10746802.0
2010-02-23 05:00:00,108.84,108.91,107.65,107.89,13634057.0
2010-02-24 05:00:00,107.33,108.16,107.1,107.36,17207327.0
2010-02-25 05:00:00,106.7,108.7,106.6,108.31,23400303.0
2010-02-26 05:00:00,108.89,109.6,108.41,109.43,13036630.0
2010-03-01 05:00:00,109.48,109.9,108.97,109.43,12830851.0
2010-03-02 05:00:00,109.86,111.45,109.86,111.02,20106989.0
2010-03-03 05:00:00,111.46,112.18,111.1763,111.63,16222018.0
2010-03-04 05:00:00,111.25,111.37,110.22,110.83,12951884.0
2010-03-05 05:00:00,111.13,111.75,110.8,110.81,11091383.0
2010-03-08 05:00:00,111.22,111.3,109.52,109.88,12760303.0
2010-03-09 05:00:00,109.16,110.16,109.04,109.718,12652902.0
2010-03-10 05:00:00,109.94,110.5,108.02,108.47,21990951.0
2010-03-11 05:00:00,108.28,108.65,107.86,108.6,9521553.0
2010-03-12 05:00:00,108.56,108.77,107.45,107.95,11849453.0
2010-03-15 04:00:00,108.16,108.56,107.82,108.36,7700873.0
2010-03-16 04:00:00,110.02,110.57,109.7,110.4,17754514.0
2010-03-17 04:00:00,110.18,110.46,109.55,109.59,13784691.0
2010-03-18 04:00:00,110.1,110.61,109.5,110.34,13853486.0
2010-03-19 04:00:00,110.26,110.29,107.85,108.28,24329081.0
2010-03-22 04:00:00,107.31,108.0,106.95,107.75,11586675.0
2010-03-23 04:00:00,107.5,108.5,107.34,108.32,11282995.0
2010-03-24 04:00:00,106.94,107.07,106.24,106.3,14240952.0
2010-03-25 04:00:00,107.0,107.25,106.48,106.78,16871366.0
2010-03-26 04:00:00,107.16,108.7,106.82,108.59,17435123.0
2010-03-29 04:00:00,108.87,109.17,108.4,108.75,11530584.0
2010-03-30 04:00:00,108.57,108.6615,107.87,107.97,9818399.0
2010-03-31 04:00:00,109.44,109.5,108.85,108.95,14006724.0
2010-04-01 04:00:00,109.97,110.47,109.92,110.26,11371917.0
2010-04-05 04:00:00,110.56,110.9837,110.27,110.89,8210364.0
2010-04-06 04:00:00,110.89,111.51,110.83,111.03,10324193.0
2010-04-07 04:00:00,111.85,112.93,111.77,112.49,19145114.0
2010-04-08 04:00:00,112.47,112.98,112.13,112.65,12448068.0
2010-04-09 04:00:00,113.09,114.07,112.74,113.65,16428528.0
2010-04-12 04:00:00,113.64,114.13,112.98,113.01,11120557.0
2010-04-13 04:00:00,113.12,113.16,112.06,112.69,11261970.0
2010-04-14 04:00:00,113.23,113.66,112.78,113.03,10573838.0
2010-04-15 04:00:00,112.9,113.71,112.85,113.65,10955307.0
2010-04-16 04:00:00,112.5,113.07,110.54,111.24,24575679.0
2010-04-19 04:00:00,110.8801,111.36,110.67,111.15,7996070.0
2010-04-20 04:00:00,111.73,112.21,111.33,111.46,7020159.0
2010-04-21 04:00:00,111.82,112.64,111.48,112.31,6843810.0
2010-04-22 04:00:00,111.79,112.01,110.76,111.84,9605438.0
2010-04-23 04:00:00,111.26,113.3,111.09,113.19,12506206.0
2010-04-26 04:00:00,112.88,113.2,112.63,112.75,8337739.0
2010-04-27 04:00:00,112.43,114.82,112.34,114.63,25057029.0
2010-04-28 04:00:00,114.03,114.99,113.63,114.31,26899066.0
2010-04-29 04:00:00,113.85,114.52,113.84,114.28,10381846.0
2010-04-30 04:00:00,115.26,115.7,115.21,115.36,13406375.0
2010-05-03 04:00:00,115.91,116.28,115.53,115.73,13571133.0
2010-05-04 04:00:00,116.39,116.43,114.17,114.87,21520139.0
2010-05-05 04:00:00,113.58,115.24,113.312,115.09,21616623.0
2010-05-06 04:00:00,115.62,118.62,115.57,118.486,50549239.0
2010-05-07 04:00:00,117.64,118.88,116.74,118.27,34276275.0
2010-05-10 04:00:00,117.5,117.9,116.8101,117.57,28433779.0
2010-05-11 04:00:00,119.46,120.87,118.97,120.656,36731739.0
2010-05-12 04:00:00,121.28,122.235,120.7685,121.4,32703533.0
2010-05-13 04:00:00,121.29,121.71,120.1,120.56,22340481.0
2010-05-14 04:00:00,121.88,122.02,119.12,120.37,34645679.0
2010-05-17 04:00:00,120.55,121.12,119.29,119.36,27898197.0
2010-05-18 04:00:00,118.86,120.32,118.5,119.49,26595950.0
2010-05-19 04:00:00,118.19,118.43,116.08,116.63,34412704.0
2010-05-20 04:00:00,116.14,116.95,115.18,115.84,28908168.0
2010-05-21 04:00:00,115.05,116.24,114.51,115.22,20098278.0
2010-05-24 04:00:00,116.34,117.17,116.04,116.84,14336746.0
2010-05-25 04:00:00,117.16,117.52,116.82,117.36,21232666.0
2010-05-26 04:00:00,118.58,119.08,118.32,118.47,13153439.0
2010-05-27 04:00:00,118.16,119.038,118.14,118.69,10424769.0
2010-05-28 04:00:00,118.48,118.9,117.63,118.881,11581441.0
2010-06-01 04:00:00,119.88,120.25,119.63,119.91,12207708.0
2010-06-02 04:00:00,119.35,119.88,118.72,119.78,10348182.0
2010-06-03 04:00:00,119.16,119.39,117.48,117.96,13861386.0
2010-06-04 04:00:00,117.96,119.39,117.05,119.19,16536585.0
2010-06-07 04:00:00,118.73,121.8,118.62,121.49,20246173.0
2010-06-08 04:00:00,121.61,122.45,120.66,121.0025,23410223.0
2010-06-09 04:00:00,120.48,120.99,119.51,120.56,12884566.0
2010-06-10 04:00:00,119.36,120.04,118.83,118.975,13687871.0
2010-06-11 04:00:00,119.88,120.41,119.33,120.01,7830520.0
2010-06-14 04:00:00,119.63,120.26,118.96,119.6,11004042.0
2010-06-15 04:00:00,119.71,121.03,119.48,120.99,15073837.0
2010-06-16 04:00:00,120.68,120.89,120.04,120.33,10505517.0
2010-06-17 04:00:00,121.6398,122.41,121.49,121.9,19799687.0
2010-06-18 04:00:00,123.04,123.5,122.81,122.83,19430908.0
2010-06-21 04:00:00,123.09,123.11,120.36,120.39,20041604.0
2010-06-22 04:00:00,121.16,121.59,120.87,121.45,12944685.0
2010-06-23 04:00:00,120.89,121.02,119.77,120.95,14120709.0
2010-06-24 04:00:00,120.76,122.1601,120.67,121.3,13140891.0
2010-06-25 04:00:00,122.75,123.13,122.49,122.76,9990880.0
2010-06-28 04:00:00,122.79,123.56,120.81,121.09,19655951.0
2010-06-29 04:00:00,121.05,121.82,119.03,121.27,17337148.0
2010-06-30 04:00:00,121.07,122.09,120.88,121.68,12016230.0
2010-07-01 04:00:00,120.91,121.03,116.98,117.04,33248896.0
2010-07-02 04:00:00,118.21,118.5,117.41,118.49,14733044.0
2010-07-06 04:00:00,117.6698,117.72,116.3,116.51,16849131.0
2010-07-07 04:00:00,116.57,117.78,116.5,117.73,10933967.0
2010-07-08 04:00:00,117.39,117.41,116.1,117.21,11315983.0
2010-07-09 04:00:00,118.14,118.73,118.0,118.36,9597357.0
2010-07-12 04:00:00,117.83,118.2,116.97,117.34,7511235.0
2010-07-13 04:00:00,118.98,119.1,118.36,118.36,8423609.0
2010-07-14 04:00:00,118.26,119.13,117.59,118.3,9576080.0
2010-07-15 04:00:00,118.59,118.7,117.73,118.23,8588898.0
2010-07-16 04:00:00,116.69,116.79,115.95,116.67,17494306.0
2010-07-19 04:00:00,115.57,115.8041,115.11,115.73,15723859.0
2010-07-20 04:00:00,115.75,116.74,115.48,116.65,9267259.0
2010-07-21 04:00:00,116.8,117.0,115.71,115.85,9401816.0
2010-07-22 04:00:00,115.95,117.5,115.91,116.863,8163975.0
2010-07-23 04:00:00,117.12,117.47,115.79,116.09,8335429.0
2010-07-26 04:00:00,116.38,116.47,115.3,115.52,11229523.0
2010-07-27 04:00:00,114.95,114.99,113.21,113.51,29529967.0
2010-07-28 04:00:00,113.48,113.93,113.08,113.78,16074252.0
2010-07-29 04:00:00,113.54,114.35,113.34,114.288,9483748.0
2010-07-30 04:00:00,114.36,115.73,114.08,115.49,10093637.0
2010-08-02 04:00:00,116.12,116.39,115.2,115.54,8473382.0
2010-08-03 04:00:00,115.88,116.44,115.81,115.99,5585138.0
2010-08-04 04:00:00,117.41,117.65,116.65,116.72,10326181.0
2010-08-05 04:00:00,117.01,117.1,116.35,116.98,7026267.0
2010-08-06 04:00:00,117.99,118.42,117.49,117.84,10001961.0
2010-08-09 04:00:00,117.76,117.85,117.23,117.4,6754905.0
2010-08-10 04:00:00,116.59,118.09,116.4,117.73,10444819.0
2010-08-11 04:00:00,117.74,118.14,116.58,117.34,12436882.0
2010-08-12 04:00:00,118.56,118.86,118.46,118.77,12326949.0
2010-08-13 04:00:00,118.82,118.89,118.36,118.74,10214530.0
2010-08-16 04:00:00,119.7,119.825,119.46,119.73,8954062.0
2010-08-17 04:00:00,119.75,119.97,119.6,119.75,9145319.0
2010-08-18 04:00:00,119.23,120.51,119.0,120.22,12105463.0
2010-08-19 04:00:00,120.65,120.99,120.11,120.39,10015407.0
2010-08-20 04:00:00,119.97,120.07,119.45,119.97,10682814.0
2010-08-23 04:00:00,119.91,120.07,119.42,119.78,4862695.0
2010-08-24 04:00:00,118.77,120.8,118.71,120.36,14811385.0
2010-08-25 04:00:00,121.1199,121.38,120.67,121.36,13996642.0
2010-08-26 04:00:00,121.09,122.95,120.5,120.96,8895558.0
2010-08-27 04:00:00,121.2,121.45,120.42,121.01,11157418.0
2010-08-30 04:00:00,120.85,121.0598,120.58,120.91,4398739.0
2010-08-31 04:00:00,121.77,122.19,121.46,122.08,12257100.0
2010-09-01 04:00:00,122.15,122.21,121.43,121.69,11880081.0
2010-09-02 04:00:00,122.38,122.48,121.89,122.29,7002013.0
2010-09-03 04:00:00,121.39,122.385,121.15,121.86,9077507.0
2010-09-07 04:00:00,122.91,123.06,122.63,122.7,8781190.0
2010-09-08 04:00:00,122.82,123.42,122.6,122.71,9792741.0
2010-09-09 04:00:00,122.44,122.88,121.38,121.56,13749732.0
2010-09-10 04:00:00,121.4,122.3,121.39,121.73,12510394.0
2010-09-13 04:00:00,121.63,122.11,121.39,121.62,9693282.0
2010-09-14 04:00:00,122.92,124.59,121.5489,124.024,26588844.0
2010-09-15 04:00:00,123.97,124.29,123.435,123.94,11689007.0
2010-09-16 04:00:00,124.5,124.77,124.19,124.63,12672720.0
2010-09-17 04:00:00,125.03,125.03,124.27,124.5425,13820956.0
2010-09-20 04:00:00,125.09,125.45,124.778,124.87,8479130.0
2010-09-21 04:00:00,124.77,126.17,124.16,126.01,20408305.0
2010-09-22 04:00:00,126.58,126.63,125.7,126.2,11055851.0
2010-09-23 04:00:00,126.2,126.66,125.81,126.3,9328863.0
2010-09-24 04:00:00,126.91,127.0001,126.3,126.69,14948535.0
2010-09-27 04:00:00,126.9,126.91,126.48,126.72,6686128.0
2010-09-28 04:00:00,126.42,128.03,126.11,127.85,19857146.0
2010-09-29 04:00:00,127.93,128.2399,127.52,127.95,12336702.0
2010-09-30 04:00:00,128.15,128.28,126.61,127.91,19213387.0
2010-10-01 04:00:00,128.72,129.07,128.46,128.91,17213503.0
2010-10-04 04:00:00,128.52,128.62,128.22,128.46,8367916.0
2010-10-05 04:00:00,130.11,131.12,129.87,130.99,17489513.0
2010-10-06 04:00:00,131.45,131.86,131.34,131.81,16142182.0
2010-10-07 04:00:00,132.6,132.67,129.51,130.37,38676787.0
2010-10-08 04:00:00,130.78,131.88,130.47,131.66,18695298.0
2010-10-11 04:00:00,131.28,132.33,130.98,132.292,10629816.0
2010-10-12 04:00:00,132.06,132.21,131.36,131.96,13295787.0
2010-10-13 04:00:00,132.73,134.31,132.63,134.07,18398457.0
2010-10-14 04:00:00,134.06,134.85,133.9,134.75,26890455.0
2010-10-15 04:00:00,134.24,134.46,133.07,133.68,26171172.0
2010-10-18 04:00:00,133.46,134.34,133.16,134.28,12301736.0
2010-10-19 04:00:00,130.46,131.59,129.75,130.11,25327162.0
2010-10-20 04:00:00,130.36,131.65,130.32,131.32,12556590.0
2010-10-21 04:00:00,131.08,131.59,128.72,129.47,21811011.0
2010-10-22 04:00:00,129.47,129.75,128.97,129.73,11889375.0
2010-10-25 04:00:00,131.16,131.38,130.21,130.85,12158348.0
2010-10-26 04:00:00,129.99,131.14,129.73,130.88,10710900.0
2010-10-27 04:00:00,129.93,130.0,128.79,129.52,16132025.0
2010-10-28 04:00:00,130.36,131.5,129.84,131.24,15895902.0
2010-10-29 04:00:00,131.48,132.82,131.06,132.62,14340787.0
2010-11-01 04:00:00,132.85,133.07,131.76,131.92,12403504.0
2010-11-02 04:00:00,132.44,132.59,131.88,132.49,9405214.0
2010-11-03 04:00:00,132.28,132.52,129.48,131.57,31705840.0
2010-11-04 04:00:00,134.64,136.13,134.24,136.03,23474598.0
2010-11-05 04:00:00,135.14,136.61,134.95,136.38,20343593.0
2010-11-08 05:00:00,135.92,137.79,135.53,137.78,17367381.0
2010-11-09 05:00:00,138.7,139.15,135.05,135.59,39445122.0
2010-11-10 05:00:00,137.03,137.28,135.15,137.24,28484613.0
2010-11-11 05:00:00,137.62,137.75,136.45,137.66,15447417.0
2010-11-12 05:00:00,135.89,136.3062,132.821,133.69,35891104.0
2010-11-15 05:00:00,133.86,134.49,132.39,132.42,15096718.0
2010-11-16 05:00:00,132.24,132.38,129.83,130.968,32489668.0
2010-11-17 05:00:00,130.77,131.37,130.13,130.38,16432080.0
2010-11-18 05:00:00,131.82,132.78,131.55,132.088,16009336.0
2010-11-19 05:00:00,131.48,132.35,131.01,132.2,14148338.0
2010-11-22 05:00:00,132.13,133.6,131.69,133.48,13093374.0
2010-11-23 05:00:00,133.6,135.07,133.46,134.41,18215163.0
2010-11-24 05:00:00,134.36,134.7,133.74,134.18,8861056.0
2010-11-26 05:00:00,132.38,132.89,131.93,132.82,7823118.0
2010-11-29 05:00:00,133.19,133.75,132.33,133.508,13983795.0
2010-11-30 05:00:00,135.21,135.75,134.78,135.42,17473063.0
2010-12-01 05:00:00,135.71,136.14,134.96,135.38,16831063.0
2010-12-02 05:00:00,135.62,136.59,135.15,135.2,17583716.0
2010-12-03 05:00:00,136.62,138.11,136.48,138.07,16520222.0
2010-12-06 05:00:00,138.14,139.46,137.73,139.11,15640795.0
2010-12-07 05:00:00,139.455,139.54,136.46,136.5,26499129.0
2010-12-08 05:00:00,135.91,136.29,133.88,134.79,23483256.0
2010-12-09 05:00:00,135.69,136.16,134.88,135.37,14157550.0
2010-12-10 05:00:00,134.94,135.48,133.95,135.408,11938169.0
2010-12-13 05:00:00,136.26,136.64,135.86,136.05,13352306.0
2010-12-14 05:00:00,136.27,137.21,135.86,136.18,17433259.0
2010-12-15 05:00:00,135.34,135.93,134.68,134.7,15089497.0
2010-12-16 05:00:00,134.21,134.23,132.86,133.81,23469056.0
2010-12-17 05:00:00,133.97,134.63,133.22,134.2,17214696.0
2010-12-20 05:00:00,135.13,135.44,134.33,135.11,13142257.0
2010-12-21 05:00:00,135.17,135.7775,134.79,135.32,10242705.0
2010-12-22 05:00:00,135.6,135.7,134.97,135.05,7303863.0
2010-12-23 05:00:00,134.26,134.9,133.93,134.66,8702056.0
2010-12-27 05:00:00,134.96,135.06,134.49,135.02,3438495.0
2010-12-28 05:00:00,136.85,137.34,136.62,137.22,10119296.0
2010-12-29 05:00:00,137.38,138.05,137.19,137.71,8444182.0
2010-12-30 05:00:00,137.58,137.71,136.94,137.03,5752073.0
2010-12-31 05:00:00,137.78,138.77,137.72,138.72,9222315.0
2011-01-03 05:00:00,138.67,139.0,137.88,138.0,11510130.0
2011-01-04 05:00:00,136.24,136.28,134.16,134.75,26154219.0
2011-01-05 05:00:00,133.5,134.68,133.1,134.37,16700803.0
2011-01-06 05:00:00,134.05,134.38,133.14,133.83,15969284.0
2011-01-07 05:00:00,133.38,134.61,133.18,133.58,16761763.0
2011-01-10 05:00:00,133.85,134.2,133.24,134.12,8429805.0
2011-01-11 05:00:00,134.79,135.16,133.96,134.91,10271745.0
2011-01-12 05:00:00,134.79,135.58,134.35,135.46,10789629.0
2011-01-13 05:00:00,135.66,135.68,133.63,134.05,14302771.0
2011-01-14 05:00:00,133.17,133.6,132.22,132.69,21226577.0
2011-01-18 05:00:00,133.625,134.0,133.17,133.43,11599761.0
2011-01-19 05:00:00,134.34,134.4,133.4,133.72,11795120.0
2011-01-20 05:00:00,131.76,132.1,131.04,131.2,24362816.0
2011-01-21 05:00:00,130.76,131.43,130.53,131.03,19490781.0
2011-01-24 05:00:00,131.01,131.63,130.14,130.36,15127193.0
2011-01-25 05:00:00,129.65,130.27,129.07,130.1,22224453.0
2011-01-26 05:00:00,129.83,131.17,129.28,131.16,20548378.0
2011-01-27 05:00:00,130.29,130.49,127.8,127.925,33046905.0
2011-01-28 05:00:00,127.97,131.4762,127.95,130.28,28096040.0
2011-01-31 05:00:00,129.27,130.51,129.25,129.87,14670003.0
2011-02-01 05:00:00,130.52,131.08,129.33,130.8,15365935.0
2011-02-02 05:00:00,130.37,130.6,129.4536,130.45,10085188.0
2011-02-03 05:00:00,130.07,132.32,129.28,132.2,17414644.0
2011-02-04 05:00:00,131.84,132.7,131.23,131.66,15216143.0
2011-02-07 05:00:00,131.67,131.95,131.23,131.68,7179160.0
2011-02-08 05:00:00,132.96,133.5,132.8,133.14,16227189.0
2011-02-09 05:00:00,133.19,133.39,132.489,133.07,10181224.0
2011-02-10 05:00:00,132.11,133.31,132.0,132.85,8105118.0
2011-02-11 05:00:00,133.01,133.44,132.09,132.3225,9889307.0
2011-02-14 05:00:00,132.95,133.38,132.7,132.95,8702449.0
2011-02-15 05:00:00,133.8599,134.17,133.63,133.97,10112863.0
2011-02-16 05:00:00,134.23,134.86,133.45,134.1,12824186.0
2011-02-17 05:00:00,134.74,135.16,134.47,135.04,11332106.0
2011-02-18 05:00:00,135.17,135.8,134.882,135.41,15890885.0
2011-02-22 05:00:00,136.92,137.22,136.19,136.29,16678988.0
2011-02-23 05:00:00,136.97,138.2,136.92,137.51,15692882.0
2011-02-24 05:00:00,138.04,138.14,135.73,136.48,18791224.0
2011-02-25 05:00:00,137.22,137.74,136.77,137.384,10352844.0
2011-02-28 05:00:00,137.65,138.14,137.03,137.661,8851010.0
2011-03-01 05:00:00,138.57,140.03,138.49,140.03,17438079.0
2011-03-02 05:00:00,140.24,140.55,139.48,139.917,15726535.0
2011-03-03 05:00:00,138.81,139.13,137.57,138.09,16490282.0
2011-03-04 05:00:00,138.63,139.75,138.61,139.35,17457270.0
2011-03-07 05:00:00,140.29,140.61,139.28,139.721,14070014.0
2011-03-08 05:00:00,139.65,139.66,138.83,139.36,10730492.0
2011-03-09 05:00:00,139.92,139.95,138.94,139.41,8736435.0
2011-03-10 05:00:00,138.5,138.5,136.845,137.77,15565465.0
2011-03-11 05:00:00,137.285,138.93,137.18,138.22,10417498.0
2011-03-14 04:00:00,139.33,139.55,138.61,138.86,10243570.0
2011-03-15 04:00:00,135.35,136.94,135.23,136.27,23465119.0
2011-03-16 04:00:00,136.52,137.2,135.8,136.24,13394013.0
2011-03-17 04:00:00,136.56,137.08,136.25,136.97,9123203.0
2011-03-18 04:00:00,138.14,138.83,137.76,138.37,18602096.0
2011-03-21 04:00:00,139.5,139.91,138.97,139.14,13743637.0
2011-03-22 04:00:00,138.88,139.36,138.67,139.05,9558224.0
2011-03-23 04:00:00,139.61,140.55,139.55,140.34,11542850.0
2011-03-24 04:00:00,140.2742,141.28,138.83,139.22,17016550.0
2011-03-25 04:00:00,140.0,140.24,138.66,139.26,13191940.0
2011-03-28 04:00:00,137.8199,138.83,137.78,138.54,7663554.0
2011-03-29 04:00:00,138.21,138.82,137.94,138.21,6349737.0
2011-03-30 04:00:00,139.07,139.18,137.68,138.67,10756661.0
2011-03-31 04:00:00,140.08,140.4,139.78,139.86,15235892.0
2011-04-01 04:00:00,138.65,139.55,137.72,139.2,15739869.0
2011-04-04 04:00:00,140.13,140.26,139.45,139.84,9685075.0
2011-04-05 04:00:00,139.58,142.09,139.52,142.05,18334050.0
2011-04-06 04:00:00,142.4,142.62,141.77,142.38,10718685.0
2011-04-07 04:00:00,142.23,142.89,141.8,142.51,9489975.0
2011-04-08 04:00:00,143.34,143.84,142.97,143.66,13129839.0
2011-04-11 04:00:00,143.28,143.49,142.28,142.64,10114504.0
2011-04-12 04:00:00,142.74,142.82,140.75,141.61,14950515.0
2011-04-13 04:00:00,142.3894,142.53,141.48,141.9,13888851.0
2011-04-14 04:00:00,142.35,143.83,142.23,143.81,14174210.0
2011-04-15 04:00:00,143.85,145.12,143.57,145.05,19127264.0
2011-04-18 04:00:00,145.21,146.07,144.63,145.93,17343166.0
2011-04-19 04:00:00,145.73,146.24,145.18,145.93,10957381.0
2011-04-20 04:00:00,146.37,146.84,145.74,146.5,13718219.0
2011-04-21 04:00:00,146.57,147.06,146.32,146.74,10114153.0
2011-04-25 04:00:00,147.57,147.58,146.42,146.87,15596861.0
2011-04-26 04:00:00,146.47,146.62,145.48,146.38,16244107.0
2011-04-27 04:00:00,147.38,149.21,146.52,149.2,21945936.0
2011-04-28 04:00:00,149.3,150.0,148.6,149.82,20759394.0
2011-04-29 04:00:00,149.9,153.03,149.75,152.37,27601219.0
2011-05-02 04:00:00,151.46,153.61,150.36,150.414,24094088.0
2011-05-03 04:00:00,150.43,150.97,148.85,149.88,24215603.0
2011-05-04 04:00:00,149.86,150.34,146.76,147.73,35111689.0
2011-05-05 04:00:00,146.82,147.58,142.55,143.47,51284423.0
2011-05-06 04:00:00,145.24,146.09,144.4,145.3,24185173.0
2011-05-09 04:00:00,146.67,147.58,146.34,147.38,13854767.0
2011-05-10 04:00:00,147.19,148.19,146.93,147.9,11285468.0
2011-05-11 04:00:00,147.24,147.35,145.77,146.54,21386897.0
2011-05-12 04:00:00,145.88,147.12,144.96,146.59,18730319.0
2011-05-13 04:00:00,146.72,147.28,144.49,145.63,17270054.0
2011-05-16 04:00:00,145.88,146.67,145.19,145.37,10069235.0
2011-05-17 04:00:00,144.23,144.78,143.42,144.74,17203669.0
2011-05-18 04:00:00,145.55,146.22,145.14,145.6,10508325.0
2011-05-19 04:00:00,145.12,145.85,144.86,145.65,8098799.0
2011-05-20 04:00:00,145.82,147.78,144.9,147.49,23188966.0
2011-05-23 04:00:00,147.04,147.95,146.97,147.83,15946475.0
2011-05-24 04:00:00,148.48,149.05,148.18,148.59,14947994.0
2011-05-25 04:00:00,148.72,149.37,148.52,148.58,10973704.0
2011-05-26 04:00:00,148.45,148.61,147.59,148.22,9791500.0
2011-05-27 04:00:00,149.02,149.92,148.96,149.7,10188109.0
2011-05-31 04:00:00,149.88,150.165,149.41,149.64,10503838.0
2011-06-01 04:00:00,149.66,151.13,149.43,149.91,18365341.0
2011-06-02 04:00:00,150.15,150.38,148.07,149.5,13553078.0
2011-06-03 04:00:00,150.28,150.66,149.62,150.22,12608508.0
2011-06-06 04:00:00,150.82,151.45,150.21,150.48,11479094.0
2011-06-07 04:00:00,150.67,150.85,149.68,150.42,10145082.0
2011-06-08 04:00:00,150.02,150.38,149.3,149.81,9612425.0
2011-06-09 04:00:00,150.01,151.02,149.75,150.56,7651641.0
2011-06-10 04:00:00,149.04,149.78,148.69,149.24,12346106.0
2011-06-13 04:00:00,148.6601,149.04,147.19,147.77,12998003.0
2011-06-14 04:00:00,147.7,148.73,147.478,148.67,10942927.0
2011-06-15 04:00:00,148.16,149.55,147.92,149.12,14550668.0
2011-06-16 04:00:00,148.83,149.49,148.22,148.97,11034916.0
2011-06-17 04:00:00,148.87,150.29,148.83,149.94,19206784.0
2011-06-20 04:00:00,150.0799,150.79,149.582,150.03,10463337.0
2011-06-21 04:00:00,150.26,150.87,150.18,150.76,12445105.0
2011-06-22 04:00:00,151.01,151.86,150.56,150.99,14117349.0
2011-06-23 04:00:00,148.6701,148.84,147.26,148.339,24869557.0
2011-06-24 04:00:00,147.86,148.025,145.97,146.26,19304388.0
2011-06-27 04:00:00,145.93,146.4,145.2,145.73,11604328.0
2011-06-28 04:00:00,146.16,146.77,145.67,146.24,8813790.0
2011-06-29 04:00:00,146.77,147.42,146.44,147.18,12626822.0
2011-06-30 04:00:00,147.18,147.41,145.98,146.001,12669716.0
2011-07-01 04:00:00,144.76,145.07,143.97,144.93,16367169.0
2011-07-05 04:00:00,146.96,147.82,146.85,147.63,11281735.0
2011-07-06 04:00:00,148.7,149.44,148.58,148.91,14506240.0
2011-07-07 04:00:00,148.97,149.35,148.29,149.15,9524064.0
2011-07-08 04:00:00,150.32,150.5,149.99,150.25,13663009.0
2011-07-11 04:00:00,151.33,151.69,150.2,151.59,20451123.0
2011-07-12 04:00:00,151.24,153.32,150.77,152.77,24037692.0
2011-07-13 04:00:00,153.7599,154.71,153.58,154.14,26350982.0
2011-07-14 04:00:00,154.81,155.24,153.95,154.54,17617975.0
2011-07-15 04:00:00,154.34,155.29,154.22,155.2,18452394.0
2011-07-18 04:00:00,155.76,156.58,155.67,156.57,17133327.0
2011-07-19 04:00:00,156.32,156.32,154.1,154.66,22879895.0
2011-07-20 04:00:00,154.22,156.02,154.111,156.02,14568748.0
2011-07-21 04:00:00,155.91,156.04,154.33,154.83,18422861.0
2011-07-22 04:00:00,156.0,156.56,155.68,156.12,11378645.0
2011-07-25 04:00:00,157.6,157.8,156.72,157.34,13036138.0
2011-07-26 04:00:00,156.97,157.79,156.6,157.77,11743605.0
2011-07-27 04:00:00,158.47,158.6369,156.69,157.19,18301580.0
2011-07-28 04:00:00,157.54,157.6,156.11,157.32,11374919.0
2011-07-29 04:00:00,158.43,159.25,157.68,158.29,17129123.0
2011-08-01 04:00:00,157.4701,158.97,156.78,157.72,14825641.0
2011-08-02 04:00:00,159.3299,161.62,158.969,161.52,24284494.0
2011-08-03 04:00:00,162.36,162.86,161.34,161.49,27823655.0
2011-08-04 04:00:00,163.61,163.87,159.68,160.64,40380211.0
2011-08-05 04:00:00,161.64,162.37,160.48,161.75,24557387.0
2011-08-08 04:00:00,165.48,167.61,164.76,167.119,43002318.0
2011-08-09 04:00:00,169.93,173.15,167.48,168.61,55765741.0
2011-08-10 04:00:00,172.46,175.13,171.62,174.58,44797110.0
2011-08-11 04:00:00,172.28,172.34,168.65,170.75,49888259.0
2011-08-12 04:00:00,169.57,170.06,167.77,169.97,29225984.0
2011-08-15 04:00:00,169.32,171.91,168.95,171.8,17807884.0
2011-08-16 04:00:00,172.6,174.07,172.5,173.92,19657949.0
2011-08-17 04:00:00,173.87,174.68,173.25,174.42,16481984.0
2011-08-18 04:00:00,177.15,178.1,176.41,177.72,25514219.0
2011-08-19 04:00:00,181.64,181.67,178.91,179.95,34407682.0
2011-08-22 04:00:00,181.9499,184.82,181.6,184.59,27482590.0
2011-08-23 04:00:00,182.245,183.82,177.5,177.67,55265337.0
2011-08-24 04:00:00,177.9,178.31,170.31,171.646,70700292.0
2011-08-25 04:00:00,167.0,172.81,165.88,172.36,43273653.0
2011-08-26 04:00:00,173.57,177.55,171.75,177.47,38672980.0
2011-08-29 04:00:00,175.945,176.01,172.88,173.89,25265460.0
2011-08-30 04:00:00,177.7,179.31,176.66,179.1,23440934.0
2011-08-31 04:00:00,177.73,179.16,176.33,177.72,16060319.0
2011-09-01 04:00:00,177.44,178.26,176.55,177.87,13900453.0
2011-09-02 04:00:00,182.8199,183.51,182.1,183.238,19920590.0
2011-09-06 04:00:00,184.58,185.85,181.31,182.9,30277991.0
2011-09-07 04:00:00,176.19,178.09,174.45,177.08,30759967.0
2011-09-08 04:00:00,181.39,182.12,179.77,181.81,20741274.0
2011-09-09 04:00:00,179.76,181.95,179.17,180.7,25434733.0
2011-09-12 04:00:00,178.73,178.99,175.33,176.67,21812792.0
2011-09-13 04:00:00,177.52,179.54,176.29,178.54,17246373.0
2011-09-14 04:00:00,177.55,177.78,176.05,177.21,18122800.0
2011-09-15 04:00:00,174.61,174.85,172.56,174.4,20896954.0
2011-09-16 04:00:00,173.72,177.4,173.71,176.03,20699071.0
2011-09-19 04:00:00,176.83,176.86,172.2,173.31,18301050.0
2011-09-20 04:00:00,173.18,176.37,172.84,175.78,12677437.0
2011-09-21 04:00:00,174.79,176.73,173.14,173.59,16434951.0
2011-09-22 04:00:00,169.3,170.32,167.48,169.05,32476260.0
2011-09-23 04:00:00,164.51,165.72,158.55,159.8,52986827.0
2011-09-26 04:00:00,157.12,158.8,154.19,157.58,42373773.0
2011-09-27 04:00:00,161.61,162.29,159.91,160.63,25124126.0
2011-09-28 04:00:00,160.73,161.29,155.56,156.22,21775951.0
2011-09-29 04:00:00,158.12,158.2,156.14,157.7,17340742.0
2011-09-30 04:00:00,157.3,160.0,156.33,158.06,16770756.0
2011-10-03 04:00:00,161.09,161.56,159.93,160.96,14200306.0
2011-10-04 04:00:00,160.95,161.03,155.27,157.644,24048220.0
2011-10-05 04:00:00,158.01,160.32,156.4355,159.46,15141854.0
2011-10-06 04:00:00,160.02,161.11,158.77,160.49,12399274.0
2011-10-07 04:00:00,161.02,161.58,158.23,159.18,12977972.0
2011-10-10 04:00:00,162.05,163.32,161.14,163.266,8984403.0
2011-10-11 04:00:00,162.21,162.51,161.2133,162.1,8263355.0
2011-10-12 04:00:00,163.7,164.0,162.5,163.26,10875099.0
2011-10-13 04:00:00,162.3,162.48,160.82,162.3,8334961.0
2011-10-14 04:00:00,163.33,163.82,162.25,163.4,9744928.0
2011-10-17 04:00:00,164.0,164.16,161.95,162.62,8765694.0
2011-10-18 04:00:00,159.96,162.03,158.303,161.84,15390775.0
2011-10-19 04:00:00,161.09,161.43,159.55,159.87,8535872.0
2011-10-20 04:00:00,157.62,158.42,156.05,157.77,17367428.0
2011-10-21 04:00:00,159.99,160.45,158.94,159.52,13335534.0
2011-10-24 04:00:00,160.55,161.33,160.22,161.02,10199743.0
2011-10-25 04:00:00,161.24,166.34,160.4088,165.59,22130728.0
2011-10-26 04:00:00,167.03,168.05,166.42,167.4,17116284.0
2011-10-27 04:00:00,167.59,170.29,166.65,169.56,15663116.0
2011-10-28 04:00:00,169.64,169.94,168.75,169.62,9362855.0
2011-10-31 04:00:00,167.76,168.16,166.91,167.34,8441563.0
2011-11-01 04:00:00,164.03,167.41,163.61,167.38,15335334.0
2011-11-02 04:00:00,168.59,169.7386,167.3,169.06,14544693.0
2011-11-03 04:00:00,171.17,172.04,169.9,171.72,17610378.0
2011-11-04 04:00:00,171.03,171.34,170.16,170.85,11062343.0
2011-11-07 05:00:00,172.85,175.0,172.71,174.98,20141408.0
2011-11-08 05:00:00,174.35,175.46,172.9,173.53,16062242.0
2011-11-09 05:00:00,174.28,174.81,171.61,172.07,12313842.0
2011-11-10 05:00:00,172.4299,172.59,168.83,171.14,11848636.0
2011-11-11 05:00:00,172.1,174.05,172.07,173.96,8730988.0
2011-11-14 05:00:00,173.74,173.86,172.59,173.2,5893507.0
2011-11-15 05:00:00,173.35,173.81,171.9,173.36,9174027.0
2011-11-16 05:00:00,171.63,172.96,170.57,171.51,15099443.0
2011-11-17 05:00:00,170.04,170.3,166.39,167.1,28468872.0
2011-11-18 05:00:00,167.23,168.69,166.6,167.62,14172895.0
2011-11-21 05:00:00,166.6099,166.71,162.07,163.5,22035781.0
2011-11-22 05:00:00,164.74,165.92,164.61,165.31,12098350.0
2011-11-23 05:00:00,164.55,165.37,163.12,164.83,11486855.0
2011-11-25 05:00:00,163.33,165.2,163.29,163.4,6097917.0
2011-11-28 05:00:00,166.93,167.14,165.98,166.63,12006665.0
2011-11-29 05:00:00,166.4,167.33,166.08,166.88,9198815.0
2011-11-30 05:00:00,169.7,170.3,169.06,170.13,11821550.0
2011-12-01 05:00:00,169.8499,170.57,168.59,169.64,11614142.0
2011-12-02 05:00:00,170.65,170.8,169.36,169.81,8434991.0
2011-12-05 05:00:00,169.06,169.95,167.06,167.32,10256256.0
2011-12-06 05:00:00,166.31,168.57,165.53,168.18,10388141.0
2011-12-07 05:00:00,168.79,169.52,167.76,169.37,10361267.0
2011-12-08 05:00:00,166.96,167.63,165.73,165.976,11734425.0
2011-12-09 05:00:00,166.43,167.34,166.12,166.4,8354152.0
2011-12-12 05:00:00,162.35,162.41,161.14,161.99,15339343.0
2011-12-13 05:00:00,161.86,163.19,157.76,158.45,25040377.0
2011-12-14 05:00:00,156.785,157.34,152.05,152.89,42334374.0
2011-12-15 05:00:00,154.74,154.95,151.71,152.33,21521849.0
2011-12-16 05:00:00,154.31,155.37,153.9,155.23,18126351.0
2011-12-19 05:00:00,155.48,155.86,154.36,154.87,12547275.0
2011-12-20 05:00:00,156.82,157.43,156.58,156.98,9142414.0
2011-12-21 05:00:00,156.98,157.53,156.13,157.16,12005865.0
2011-12-22 05:00:00,156.35,156.8,155.33,156.04,9891935.0
2011-12-23 05:00:00,156.35,156.49,155.82,156.31,3565685.0
2011-12-27 05:00:00,155.08,155.55,154.54,154.91,4924081.0
2011-12-28 05:00:00,154.05,154.26,150.66,151.03,16436044.0
2011-12-29 05:00:00,149.09,150.72,148.27,150.34,19812135.0
2011-12-30 05:00:00,152.1401,153.75,151.79,151.99,10853357.0
2012-01-03 05:00:00,154.76,156.3,154.55,155.92,13385730.0
2012-01-04 05:00:00,155.43,157.38,155.34,156.71,11549683.0
2012-01-05 05:00:00,155.37,158.03,155.25,157.78,11621502.0
2012-01-06 05:00:00,158.5901,158.63,156.38,157.2,9792731.0
2012-01-09 05:00:00,157.36,157.59,156.19,156.5,8774676.0
2012-01-10 05:00:00,158.97,159.47,158.47,158.64,8371402.0
2012-01-11 05:00:00,159.34,160.05,158.91,159.67,7971270.0
2012-01-12 05:00:00,161.02,161.615,159.83,160.38,8605949.0
2012-01-13 05:00:00,159.32,159.59,158.01,159.26,8911829.0
2012-01-17 05:00:00,161.17,161.65,160.42,160.5,8313292.0
2012-01-18 05:00:00,159.94,161.64,159.68,161.6,9341192.0
2012-01-19 05:00:00,160.96,161.45,160.33,161.22,8119449.0
2012-01-20 05:00:00,160.5,162.09,160.0,162.07,11618831.0
2012-01-23 05:00:00,162.325,163.47,162.325,163.16,8839091.0
2012-01-24 05:00:00,161.81,162.37,161.53,162.01,7502856.0
2012-01-25 05:00:00,161.07,166.55,160.29,166.42,28957659.0
2012-01-26 05:00:00,168.05,168.31,167.05,167.27,19143722.0
2012-01-27 05:00:00,167.44,169.0,167.41,168.97,13031828.0
2012-01-30 05:00:00,168.19,168.54,167.74,168.03,8437990.0
2012-01-31 05:00:00,169.77,169.86,167.72,169.31,11192474.0
2012-02-01 05:00:00,169.75,170.18,169.08,169.56,7734104.0
2012-02-02 05:00:00,169.96,171.2299,169.68,171.05,11517557.0
2012-02-03 05:00:00,169.88,170.14,167.51,167.64,23362530.0
2012-02-06 05:00:00,166.96,167.68,166.61,167.18,8807402.0
2012-02-07 05:00:00,167.38,170.09,167.15,169.7,11620888.0
2012-02-08 05:00:00,169.26,169.96,167.5,168.5,10655466.0
2012-02-09 05:00:00,170.01,170.37,167.67,168.02,16085109.0
2012-02-10 05:00:00,166.49,167.64,166.33,167.14,10327533.0
2012-02-13 05:00:00,167.33,167.94,166.74,167.51,7092270.0
2012-02-14 05:00:00,167.65,167.93,166.42,167.12,7871503.0
2012-02-15 05:00:00,168.63,168.75,167.19,168.108,11639880.0
2012-02-16 05:00:00,166.33,168.14,166.17,168.0,10733911.0
2012-02-17 05:00:00,168.29,168.33,166.872,167.35,7287087.0
2012-02-21 05:00:00,169.65,171.07,169.59,171.02,13611184.0
2012-02-22 05:00:00,170.4,173.17,170.19,172.94,16676496.0
2012-02-23 05:00:00,172.69,173.77,172.28,173.02,11654196.0
2012-02-24 05:00:00,172.63,173.04,172.0,172.231,9295621.0
2012-02-27 05:00:00,172.14,172.92,171.58,171.7,7348145.0
2012-02-28 05:00:00,172.84,174.0,172.6,173.49,12422425.0
2012-02-29 05:00:00,173.19,173.59,164.0,164.286,44149002.0
2012-03-01 05:00:00,166.1,167.72,165.75,166.61,19208830.0
2012-03-02 05:00:00,166.23,166.83,165.63,166.34,9301039.0
2012-03-05 05:00:00,165.77,165.91,164.55,165.65,12076852.0
2012-03-06 05:00:00,162.15,162.81,161.78,162.7,15541537.0
2012-03-07 05:00:00,162.76,164.02,162.51,163.63,9557174.0
2012-03-08 05:00:00,164.74,165.55,164.05,165.28,8861838.0
2012-03-09 05:00:00,163.64,166.57,163.25,166.3799,13700545.0
2012-03-12 04:00:00,165.33,165.58,164.4,165.07,6532962.0
2012-03-13 04:00:00,163.94,165.41,161.43,162.3,20046965.0
2012-03-14 04:00:00,159.61,160.5758,158.8,159.57,28826491.0
2012-03-15 04:00:00,159.73,161.98,159.28,161.08,12693247.0
2012-03-16 04:00:00,160.08,161.54,159.9201,161.3,12549955.0
2012-03-19 04:00:00,160.85,162.3,160.722,161.59,9923616.0
2012-03-20 04:00:00,160.1976,161.08,159.77,160.13,11646213.0
2012-03-21 04:00:00,160.63,161.48,160.15,160.21,6676989.0
2012-03-22 04:00:00,158.2,159.71,158.13,159.57,11110266.0
2012-03-23 04:00:00,160.88,161.88,160.52,161.5329,10689781.0
2012-03-26 04:00:00,163.17,164.54,162.95,164.4,13226682.0
2012-03-27 04:00:00,164.52,164.89,163.13,163.24,10915616.0
2012-03-28 04:00:00,162.71,162.98,160.66,161.51,11015052.0
2012-03-29 04:00:00,161.14,161.46,159.81,161.28,11029511.0
2012-03-30 04:00:00,161.67,162.33,161.22,162.12,7534085.0
2012-04-02 04:00:00,161.96,163.56,161.81,162.94,7546838.0
2012-04-03 04:00:00,163.23,163.23,159.17,159.89,16825944.0
2012-04-04 04:00:00,157.7,158.03,156.58,157.21,15982621.0
2012-04-05 04:00:00,157.87,158.68,157.78,158.31,8969414.0
2012-04-09 04:00:00,159.72,160.01,158.91,159.37,8252560.0
2012-04-10 04:00:00,159.66,161.58,158.47,161.1,14290537.0
2012-04-11 04:00:00,161.2,161.54,160.74,161.065,10006795.0
2012-04-12 04:00:00,160.74,163.2,160.455,162.7,9232566.0
2012-04-13 04:00:00,162.4509,162.46,160.17,160.85,10041541.0
2012-04-16 04:00:00,160.51,161.18,159.53,160.46,6672052.0
2012-04-17 04:00:00,160.54,160.96,158.75,160.27,7587036.0
2012-04-18 04:00:00,159.49,160.12,159.07,159.31,7465205.0
2012-04-19 04:00:00,160.0,160.64,159.02,159.43,9917181.0
2012-04-20 04:00:00,159.25,159.91,159.2,159.54,9149353.0
2012-04-23 04:00:00,158.2,159.18,157.88,159.07,8880963.0
2012-04-24 04:00:00,159.63,160.18,159.29,159.3,5201496.0
2012-04-25 04:00:00,159.48,159.96,157.76,159.62,15099487.0
2012-04-26 04:00:00,160.46,161.38,160.1,161.03,10919976.0
2012-04-27 04:00:00,161.78,161.97,161.15,161.38,8379248.0
2012-04-30 04:00:00,160.49,161.88,160.31,161.88,8013886.0
2012-05-01 04:00:00,162.09,162.18,160.89,161.32,7418787.0
2012-05-02 04:00:00,160.74,160.78,159.76,160.59,5637825.0
2012-05-03 04:00:00,159.16,159.48,158.37,158.97,13176788.0
2012-05-04 04:00:00,158.82,159.98,158.57,159.47,11390544.0
2012-05-07 04:00:00,159.31,159.34,158.45,159.08,4927777.0
2012-05-08 04:00:00,156.61,156.73,154.92,156.0,17858262.0
2012-05-09 04:00:00,154.1,154.98,153.6,154.47,13870520.0
2012-05-10 04:00:00,155.16,155.57,154.64,154.77,7462416.0
2012-05-11 04:00:00,153.44,154.47,153.24,153.56,8286155.0
2012-05-14 04:00:00,151.58,152.03,151.0,151.33,13392856.0
2012-05-15 04:00:00,151.16,151.44,149.63,149.74,13363036.0
2012-05-16 04:00:00,149.48,150.7,148.6,149.46,16759153.0
2012-05-17 04:00:00,150.83,153.4,150.38,152.8,18086330.0
2012-05-18 04:00:00,154.46,155.13,153.97,154.55,12996222.0
2012-05-21 04:00:00,154.11,154.95,153.86,154.65,7542312.0
2012-05-22 04:00:00,153.59,154.42,151.55,152.08,11309547.0
2012-05-23 04:00:00,151.5,151.8401,148.84,151.62,18854416.0
2012-05-24 04:00:00,152.71,152.91,150.62,151.41,9701115.0
2012-05-25 04:00:00,151.89,152.85,151.63,152.68,6214306.0
2012-05-29 04:00:00,153.47,153.62,150.25,151.02,11246608.0
2012-05-30 04:00:00,149.74,152.38,148.53,151.91,16771048.0
2012-05-31 04:00:00,152.0284,152.71,150.62,151.62,10116274.0
2012-06-01 04:00:00,155.41,158.31,154.87,157.5,27408031.0
2012-06-04 04:00:00,157.26,157.44,156.16,157.32,11463574.0
2012-06-05 04:00:00,156.92,157.27,156.42,157.14,8095217.0
2012-06-06 04:00:00,158.9,159.2,156.59,157.21,15771539.0
2012-06-07 04:00:00,157.82,157.84,153.19,154.5,18925632.0
2012-06-08 04:00:00,153.02,154.83,153.0,154.73,11077296.0
2012-06-11 04:00:00,154.83,155.4,153.55,155.36,9166593.0
2012-06-12 04:00:00,155.49,157.04,155.45,156.4594,13248766.0
2012-06-13 04:00:00,157.61,157.65,156.42,157.12,10111309.0
2012-06-14 04:00:00,157.64,157.94,156.24,157.75,11508275.0
2012-06-15 04:00:00,157.75,158.46,157.42,157.84,13099905.0
2012-06-18 04:00:00,157.46,158.21,156.54,157.93,6733818.0
2012-06-19 04:00:00,158.0,158.14,156.97,157.16,6946950.0
2012-06-20 04:00:00,156.0,157.37,154.26,155.97,16975699.0
2012-06-21 04:00:00,153.73,154.2299,151.8,152.015,14449902.0
2012-06-22 04:00:00,152.04,152.7,151.21,152.64,6755920.0
2012-06-25 04:00:00,152.58,154.16,152.25,153.76,6190122.0
2012-06-26 04:00:00,153.03,153.3,152.13,152.62,6123864.0
2012-06-27 04:00:00,153.3,153.45,152.15,152.83,4840649.0
2012-06-28 04:00:00,151.9,152.16,150.15,151.05,8757976.0
2012-06-29 04:00:00,155.13,155.95,154.52,155.19,10378677.0
2012-07-02 04:00:00,154.67,155.55,154.341,155.09,3656938.0
2012-07-03 04:00:00,156.97,157.72,156.77,157.46,5037638.0
2012-07-05 04:00:00,155.44,156.4,154.45,155.68,5363448.0
2012-07-06 04:00:00,154.23,154.49,152.95,153.71,7047172.0
2012-07-09 04:00:00,153.61,154.58,153.43,154.04,4469753.0
2012-07-10 04:00:00,155.13,155.1799,151.78,152.15,9747832.0
2012-07-11 04:00:00,152.58,153.45,152.02,152.99,6841266.0
2012-07-12 04:00:00,151.26,153.07,150.85,152.59,11401938.0
2012-07-13 04:00:00,153.45,154.94,153.44,154.14,5081627.0
2012-07-16 04:00:00,154.43,154.75,153.98,154.21,5712180.0
2012-07-17 04:00:00,154.01,154.5,152.45,153.47,13025511.0
2012-07-18 04:00:00,152.67,153.6,152.4,153.05,6810530.0
2012-07-19 04:00:00,153.73,154.32,152.93,153.38,6074072.0
2012-07-20 04:00:00,152.97,154.0,152.75,153.67,8584144.0
2012-07-23 04:00:00,152.5,153.33,152.29,153.03,5258026.0
2012-07-24 04:00:00,153.63,153.8,152.2,153.52,6538898.0
2012-07-25 04:00:00,155.33,156.29,155.05,155.67,9359439.0
2012-07-26 04:00:00,156.7,157.26,156.05,156.77,7343552.0
2012-07-27 04:00:00,157.64,157.96,156.66,157.54,9772627.0
2012-07-30 04:00:00,156.84,157.66,154.81,157.43,7212323.0
2012-07-31 04:00:00,157.6,157.72,156.26,156.53,10922929.0
2012-08-01 04:00:00,155.18,155.79,154.41,155.14,12715531.0
2012-08-02 04:00:00,154.66,155.14,153.61,154.13,11541460.0
2012-08-03 04:00:00,154.65,155.89,154.42,155.55,10670687.0
2012-08-06 04:00:00,155.92,156.73,155.74,156.3,4611957.0
2012-08-07 04:00:00,156.37,156.63,156.01,156.28,5926075.0
2012-08-08 04:00:00,156.49,156.86,156.26,156.45,3621101.0
2012-08-09 04:00:00,156.36,157.0,156.28,156.99,3181289.0
2012-08-10 04:00:00,156.9,157.82,156.6523,157.19,4607931.0
2012-08-13 04:00:00,157.05,157.45,155.9,155.99,4574544.0
2012-08-14 04:00:00,155.06,155.58,154.83,155.13,5077288.0
2012-08-15 04:00:00,155.32,155.82,155.271,155.63,4993836.0
2012-08-16 04:00:00,155.85,157.09,155.5,156.56,8839173.0
2012-08-17 04:00:00,157.06,157.07,156.22,156.72,7812003.0
2012-08-20 04:00:00,156.52,157.395,156.47,157.26,7847653.0
2012-08-21 04:00:00,158.81,159.2,158.69,158.83,11840966.0
2012-08-22 04:00:00,159.19,160.63,158.51,160.54,13605891.0
2012-08-23 04:00:00,161.41,162.451,161.23,161.89,17237596.0
2012-08-24 04:00:00,161.87,162.35,161.33,161.95,8498884.0
2012-08-27 04:00:00,161.77,162.294,161.34,161.36,5381661.0
2012-08-28 04:00:00,161.63,162.19,161.3,161.64,5076681.0
2012-08-29 04:00:00,161.6,161.68,160.18,160.59,9287659.0
2012-08-30 04:00:00,161.26,161.31,160.01,160.52,5814388.0
2012-08-31 04:00:00,161.14,164.22,159.56,164.22,18026335.0
2012-09-04 04:00:00,164.11,164.77,163.66,164.48,12040823.0
2012-09-05 04:00:00,164.12,164.39,163.81,164.31,8404698.0
2012-09-06 04:00:00,165.16,165.78,164.8,164.89,12967068.0
2012-09-07 04:00:00,167.77,169.0,167.37,168.44,19140036.0
2012-09-10 04:00:00,167.84,168.14,167.225,167.29,7765406.0
2012-09-11 04:00:00,168.22,168.53,167.79,167.9,7524037.0
2012-09-12 04:00:00,168.84,168.87,167.25,167.92,9946205.0
2012-09-13 04:00:00,167.87,171.91,166.3,171.31,28336807.0
2012-09-14 04:00:00,171.89,172.23,171.31,171.8,16848732.0
2012-09-17 04:00:00,171.77,171.96,170.06,170.4,11284774.0
2012-09-18 04:00:00,170.81,171.95,170.67,171.72,12486512.0
2012-09-19 04:00:00,171.88,172.03,171.19,171.74,9126852.0
2012-09-20 04:00:00,171.03,171.69,170.226,171.47,8707693.0
2012-09-21 04:00:00,172.93,173.185,171.54,171.96,13362739.0
2012-09-24 04:00:00,170.63,171.39,170.57,171.05,9181995.0
2012-09-25 04:00:00,171.76,172.11,170.5,170.77,10365205.0
2012-09-26 04:00:00,169.46,170.05,168.34,169.81,12068149.0
2012-09-27 04:00:00,171.02,172.6,170.76,172.34,10540851.0
2012-09-28 04:00:00,172.03,172.48,171.34,171.89,9683631.0
2012-10-01 04:00:00,172.83,173.62,171.77,172.295,10679408.0
2012-10-02 04:00:00,172.47,172.7,171.59,172.1,7057027.0
2012-10-03 04:00:00,172.51,172.61,171.89,172.41,5653766.0
2012-10-04 04:00:00,173.2,174.07,172.916,173.61,10379222.0
2012-10-05 04:00:00,172.87,173.37,172.01,172.62,8871226.0
2012-10-08 04:00:00,171.75,172.28,171.68,172.05,3750943.0
2012-10-09 04:00:00,171.86,172.17,170.56,170.99,7755671.0
2012-10-10 04:00:00,170.54,171.34,170.3,170.84,7365329.0
2012-10-11 04:00:00,171.3,171.95,171.13,171.32,5716851.0
2012-10-12 04:00:00,171.15,171.41,169.81,170.06,8267221.0
2012-10-15 04:00:00,169.01,169.1,167.53,168.35,10711012.0
2012-10-16 04:00:00,168.87,169.45,168.67,169.42,6208398.0
2012-10-17 04:00:00,169.21,169.95,168.92,169.54,5203352.0
2012-10-18 04:00:00,168.8,169.31,168.59,168.7891,6612656.0
2012-10-19 04:00:00,168.42,168.45,166.23,166.97,13861459.0
2012-10-22 04:00:00,167.08,167.63,167.0301,167.58,6371628.0
2012-10-23 04:00:00,166.04,166.06,165.12,165.4258,11892484.0
2012-10-24 04:00:00,165.78,165.83,164.6,164.8603,10794799.0
2012-10-25 04:00:00,166.29,166.53,165.77,166.02,7015538.0
2012-10-26 04:00:00,166.23,166.6,165.77,165.93,6441756.0
2012-10-31 04:00:00,166.47,167.28,166.38,166.83,4682926.0
2012-11-01 04:00:00,167.02,167.04,166.04,166.07,6021021.0
2012-11-02 04:00:00,164.45,164.47,162.3,162.6,14763525.0
2012-11-05 05:00:00,163.12,163.42,162.81,163.23,6158684.0
2012-11-06 05:00:00,163.91,166.77,163.61,166.3,16051729.0
2012-11-07 05:00:00,166.87,167.13,165.04,166.49,13198270.0
2012-11-08 05:00:00,166.14,168.16,166.12,167.99,8828984.0
2012-11-09 05:00:00,168.21,168.54,167.55,167.82,7361849.0
2012-11-12 05:00:00,168.1,168.28,167.21,167.45,5652156.0
2012-11-13 05:00:00,166.66,167.9399,166.63,167.1,6471314.0
2012-11-14 05:00:00,167.46,168.04,166.78,167.14,8513623.0
2012-11-15 05:00:00,167.0,167.055,165.18,166.09,10023202.0
2012-11-16 05:00:00,165.74,166.36,165.47,165.88,6944889.0
2012-11-19 05:00:00,167.75,168.16,167.38,167.87,6771690.0
2012-11-20 05:00:00,167.75,168.02,166.8401,167.39,5502104.0
2012-11-21 05:00:00,167.19,167.8199,166.97,167.56,3811125.0
2012-11-23 05:00:00,167.97,170.01,167.8,169.61,6110069.0
2012-11-26 05:00:00,169.56,169.73,169.25,169.43,5377750.0
2012-11-27 05:00:00,169.14,169.4,168.62,168.71,7320515.0
2012-11-28 05:00:00,165.43,166.84,165.385,166.55,12881772.0
2012-11-29 05:00:00,167.14,167.5,166.85,167.1817,7447145.0
2012-11-30 05:00:00,166.94,167.22,165.53,166.05,8414250.0
2012-12-03 05:00:00,166.11,166.92,166.04,166.1163,6364533.0
2012-12-04 05:00:00,164.06,164.83,163.87,164.42,10212309.0
2012-12-05 05:00:00,164.22,164.5,163.2,164.12,10649108.0
2012-12-06 05:00:00,163.72,165.0,163.53,164.5,7301571.0
2012-12-07 05:00:00,164.88,165.22,164.6,165.165,7290613.0
2012-12-10 05:00:00,166.11,166.16,165.715,165.8,4649159.0
2012-12-11 05:00:00,165.45,165.66,165.12,165.65,4725750.0
2012-12-12 05:00:00,166.2,166.94,165.36,165.77,14172339.0
2012-12-13 05:00:00,163.865,164.895,163.78,164.37,9333254.0
2012-12-14 05:00:00,164.17,164.48,164.02,164.13,5352140.0
2012-12-17 05:00:00,164.16,164.62,164.13,164.44,8177388.0
2012-12-18 05:00:00,164.35,164.43,160.9,162.08,24000528.0
2012-12-19 05:00:00,161.31,162.22,161.11,161.69,12995517.0
2012-12-20 05:00:00,159.87,160.12,158.39,159.73,25148775.0
2012-12-21 05:00:00,159.82,160.76,159.78,160.33,13445841.0
2012-12-24 05:00:00,160.88,160.96,160.47,160.62,3699741.0
2012-12-26 05:00:00,161.36,161.485,160.64,160.78,4967628.0
2012-12-27 05:00:00,160.23,161.31,160.05,161.16,8938697.0
2012-12-28 05:00:00,160.94,160.97,160.15,160.54,6854193.0
2012-12-31 05:00:00,160.9,162.75,160.77,162.0204,11789684.0
2013-01-02 05:00:00,163.49,164.14,163.14,163.17,10436878.0
2013-01-03 05:00:00,162.48,162.881,160.83,161.2,16117494.0
2013-01-04 05:00:00,159.52,160.635,158.89,160.44,19179855.0
2013-01-07 05:00:00,159.36,159.96,159.15,159.43,9362473.0
2013-01-08 05:00:00,160.46,160.99,160.01,160.56,7696233.0
2013-01-09 05:00:00,160.77,160.83,159.905,160.49,8337073.0
2013-01-10 05:00:00,161.61,162.56,161.61,161.98,11432561.0
2013-01-11 05:00:00,161.86,161.9,160.1084,161.06,13676627.0
2013-01-14 05:00:00,161.88,161.97,161.13,161.54,7289790.0
2013-01-15 05:00:00,162.8,163.17,162.355,162.558,10085279.0
2013-01-16 05:00:00,162.42,163.03,162.15,162.65,9219229.0
2013-01-17 05:00:00,161.94,164.4,161.83,163.35,14913402.0
2013-01-18 05:00:00,163.95,163.97,163.019,163.09,10038832.0
2013-01-22 05:00:00,163.48,164.22,163.37,163.67,8590883.0
2013-01-23 05:00:00,163.92,163.95,163.0,163.21,6698624.0
2013-01-24 05:00:00,161.98,162.27,161.18,161.42,13191991.0
2013-01-25 05:00:00,160.56,161.04,160.31,160.65,9037561.0
2013-01-28 05:00:00,160.24,160.73,160.02,160.29,8497269.0
2013-01-29 05:00:00,161.01,161.31,160.69,160.99,7366469.0
2013-01-30 05:00:00,162.68,163.04,162.0301,162.19,12015935.0
2013-01-31 05:00:00,161.62,161.81,160.47,161.2,9336017.0
2013-02-01 05:00:00,162.66,162.77,160.87,161.45,12904577.0
2013-02-04 05:00:00,161.19,162.42,161.15,162.0,7360341.0
2013-02-05 05:00:00,162.75,162.795,161.33,161.96,8979388.0
2013-02-06 05:00:00,162.13,162.63,161.99,162.39,6147987.0
2013-02-07 05:00:00,161.24,162.96,161.13,161.84,12828577.0
2013-02-08 05:00:00,161.46,162.02,161.2,161.57,6086536.0
2013-02-11 05:00:00,159.78,159.98,159.2499,159.7,12147328.0
2013-02-12 05:00:00,159.35,160.05,158.88,159.89,7632726.0
2013-02-13 05:00:00,159.6,159.64,158.77,159.05,8962733.0
2013-02-14 05:00:00,159.31,159.6499,158.04,158.348,12415060.0
2013-02-15 05:00:00,156.42,156.58,154.56,155.76,23374857.0
2013-02-19 05:00:00,155.8,155.84,154.93,155.33,11809396.0
2013-02-20 05:00:00,153.9,153.93,150.841,151.44,30923937.0
2013-02-21 05:00:00,152.0,153.41,151.899,152.62,17970034.0
2013-02-22 05:00:00,152.26,152.99,151.93,152.97,10093910.0
2013-02-25 05:00:00,153.52,154.56,153.31,154.34,9488190.0
2013-02-26 05:00:00,154.39,156.8,153.32,156.22,18182736.0
2013-02-27 05:00:00,155.46,155.6,154.08,154.57,9604799.0
2013-02-28 05:00:00,154.09,154.16,152.39,153.0,14866488.0
2013-03-01 05:00:00,153.1599,153.61,152.14,152.44,11179550.0
2013-03-04 05:00:00,152.45,152.74,151.87,152.3,6643752.0
2013-03-05 05:00:00,153.1,153.39,152.11,152.38,10805639.0
2013-03-06 05:00:00,152.17,153.38,151.65,153.23,10862679.0
2013-03-07 05:00:00,153.02,153.21,152.4,152.69,6593847.0
2013-03-08 05:00:00,151.61,153.29,151.403,152.71,11860089.0
2013-03-11 04:00:00,152.82,153.06,152.65,152.99,4810698.0
2013-03-12 04:00:00,154.07,154.69,153.9,154.19,7265976.0
2013-03-13 04:00:00,154.26,154.604,153.423,153.66,7436946.0
2013-03-14 04:00:00,153.02,154.17,153.01,153.68,11420238.0
2013-03-15 04:00:00,154.12,154.72,153.97,154.001,5701573.0
2013-03-18 04:00:00,155.7,155.93,155.0,155.38,9303073.0
2013-03-19 04:00:00,155.22,156.34,155.1,156.08,11027603.0
2013-03-20 04:00:00,155.53,155.83,154.88,155.37,8221933.0
2013-03-21 04:00:00,156.17,156.43,155.879,156.246,4992610.0
2013-03-22 04:00:00,155.451,155.99,155.42,155.55,4746376.0
2013-03-25 04:00:00,154.71,155.57,154.36,155.24,6820543.0
2013-03-26 04:00:00,154.47,154.91,154.28,154.72,7389042.0
2013-03-27 04:00:00,154.67,155.62,154.509,155.36,6718518.0
2013-03-28 04:00:00,154.5,154.8,154.22,154.47,6851500.0
2013-04-01 04:00:00,154.57,154.93,154.3,154.67,4289036.0
2013-04-02 04:00:00,153.09,153.31,152.26,152.43,9398854.0
2013-04-03 04:00:00,152.02,152.53,149.92,150.73,15740715.0
2013-04-04 04:00:00,149.65,150.6,149.44,150.29,12429897.0
2013-04-05 04:00:00,151.54,152.9599,151.07,152.81,14491938.0
2013-04-08 04:00:00,152.39,152.59,151.6,152.16,6246884.0
2013-04-09 04:00:00,152.32,153.85,152.28,153.34,7047106.0
2013-04-10 04:00:00,152.67,152.71,150.5799,150.75,18515671.0
2013-04-11 04:00:00,150.76,151.71,150.629,151.05,8063117.0
2013-04-12 04:00:00,148.65,148.8499,143.426,143.95,55601767.0
2013-04-15 04:00:00,136.0,136.75,130.51,131.31,93804143.0
2013-04-16 04:00:00,134.9,135.11,131.76,132.8,45650754.0
2013-04-17 04:00:00,133.81,134.95,132.32,132.87,25444017.0
2013-04-18 04:00:00,134.12,135.31,133.62,134.3,20044070.0
2013-04-19 04:00:00,136.0,136.02,134.6,135.47,15666375.0
2013-04-22 04:00:00,138.15,138.269,137.22,137.9,16572848.0
2013-04-23 04:00:00,137.22,137.24,135.85,136.88,14650666.0
2013-04-24 04:00:00,138.09,138.55,137.45,138.3699,10372520.0
2013-04-25 04:00:00,140.0,142.08,139.785,141.63,18895395.0
2013-04-26 04:00:00,142.3,143.43,140.04,140.91,19313588.0
2013-04-29 04:00:00,142.1353,142.66,141.485,142.3,11006186.0
2013-04-30 04:00:00,142.27,142.83,141.55,142.77,11287217.0
2013-05-01 04:00:00,140.59,141.55,139.3001,141.11,13939146.0
2013-05-02 04:00:00,142.0,142.47,141.642,141.92,11504268.0
2013-05-03 04:00:00,141.7,142.71,141.4,142.09,11671919.0
2013-05-06 04:00:00,142.33,142.465,141.63,142.15,7734080.0
2013-05-07 04:00:00,140.38,140.64,139.37,140.38,13630084.0
2013-05-08 04:00:00,141.78,142.81,141.49,142.46,11163083.0
2013-05-09 04:00:00,141.33,142.36,140.51,140.81,8265283.0
2013-05-10 04:00:00,138.22,139.75,137.26,139.6,14657797.0
2013-05-13 04:00:00,138.46,138.966,138.16,138.43,6719359.0
2013-05-14 04:00:00,137.95,139.16,137.64,137.81,9897149.0
2013-05-15 04:00:00,136.59,136.98,134.23,134.63,19068467.0
2013-05-16 04:00:00,133.18,134.48,133.0,134.09,12761978.0
2013-05-17 04:00:00,133.17,133.48,131.02,131.07,20349768.0
2013-05-20 04:00:00,130.88,135.32,130.85,135.12,21593907.0
2013-05-21 04:00:00,132.17,133.65,131.452,132.88,14542459.0
2013-05-22 04:00:00,134.18,136.77,130.95,131.94,25982357.0
2013-05-23 04:00:00,134.51,134.84,133.12,134.61,10272774.0
2013-05-24 04:00:00,134.11,134.51,133.64,133.76,5522984.0
2013-05-28 04:00:00,133.68,135.57,132.8,133.49,12466648.0
2013-05-29 04:00:00,134.09,134.91,133.64,134.83,8765194.0
2013-05-30 04:00:00,136.67,137.11,136.26,136.7,8612081.0
2013-05-31 04:00:00,135.71,136.05,133.89,133.92,9726565.0
2013-06-03 04:00:00,134.77,136.98,134.43,136.51,9176632.0
2013-06-04 04:00:00,135.21,135.4399,134.27,135.23,5506215.0
2013-06-05 04:00:00,135.47,136.37,135.01,135.52,7444993.0
2013-06-06 04:00:00,135.39,137.62,134.98,136.53,9848311.0
2013-06-07 04:00:00,134.11,134.62,133.18,133.28,11057790.0
2013-06-10 04:00:00,133.3,134.28,132.99,133.94,6142740.0
2013-06-11 04:00:00,132.31,133.51,132.245,133.25,7201203.0
2013-06-12 04:00:00,132.95,134.83,132.83,134.25,6552182.0
2013-06-13 04:00:00,133.31,134.2,132.82,133.74,7164767.0
2013-06-14 04:00:00,134.0,134.6,133.88,134.43,4279367.0
2013-06-17 04:00:00,133.89,134.0599,133.5201,133.77,4077112.0
2013-06-18 04:00:00,132.72,132.9601,131.5303,132.13,7381824.0
2013-06-19 04:00:00,132.58,133.15,130.38,130.59,13017729.0
2013-06-20 04:00:00,125.2178,126.38,123.33,123.6,28872053.0
2013-06-21 04:00:00,125.16,125.57,124.46,125.05,16602084.0
2013-06-24 04:00:00,124.31,124.7,123.31,123.93,12751715.0
2013-06-25 04:00:00,123.65,123.9,122.88,123.47,9373477.0
2013-06-26 04:00:00,119.88,119.9,118.06,118.28,24748762.0
2013-06-27 04:00:00,119.1,119.51,115.65,115.94,30001808.0
2013-06-28 04:00:00,115.22,119.33,114.68,119.11,32986544.0
2013-07-01 04:00:00,119.94,121.95,119.38,121.13,15952483.0
2013-07-02 04:00:00,121.34,121.47,119.78,120.05,10553431.0
2013-07-03 04:00:00,120.7,121.77,120.54,120.74,6750238.0
2013-07-05 04:00:00,118.08,118.18,116.74,118.09,11593512.0
2013-07-08 04:00:00,119.09,119.66,118.93,119.51,8654731.0
2013-07-09 04:00:00,120.84,121.51,120.05,120.62,8203008.0
2013-07-10 04:00:00,121.15,122.35,120.59,120.95,14697064.0
2013-07-11 04:00:00,124.26,124.365,123.47,124.24,11282193.0
2013-07-12 04:00:00,123.52,124.3,123.32,124.13,6584026.0
2013-07-15 04:00:00,124.08,124.39,123.84,124.18,4134878.0
2013-07-16 04:00:00,124.76,125.21,124.33,124.89,5579678.0
2013-07-17 04:00:00,125.04,125.7,122.73,123.32,10887041.0
2013-07-18 04:00:00,124.11,124.52,123.78,124.01,6152047.0
2013-07-19 04:00:00,124.89,125.42,124.65,125.11,5768261.0
2013-07-22 04:00:00,127.65,129.46,127.59,128.84,10858299.0
2013-07-23 04:00:00,128.7,130.1399,128.35,129.71,8826014.0
2013-07-24 04:00:00,129.17,129.3999,126.873,127.48,9979036.0
2013-07-25 04:00:00,127.7,128.87,127.64,128.67,4725104.0
2013-07-26 04:00:00,128.11,128.97,126.78,128.78,6149386.0
2013-07-29 04:00:00,128.45,128.78,128.25,128.47,3558052.0
2013-07-30 04:00:00,127.95,128.31,127.22,128.12,4489261.0
2013-07-31 04:00:00,127.76,128.92,126.13,127.96,16016251.0
2013-08-01 04:00:00,127.84,127.89,126.33,126.61,10564258.0
2013-08-02 04:00:00,126.74,127.25,126.32,126.36,6466232.0
2013-08-05 04:00:00,126.51,126.64,125.34,125.7,4007090.0
2013-08-06 04:00:00,124.33,124.55,123.55,123.97,6021417.0
2013-08-07 04:00:00,124.0,124.6,123.85,124.15,5306329.0
2013-08-08 04:00:00,124.78,126.99,124.77,126.86,8661287.0
2013-08-09 04:00:00,126.51,127.27,126.3,126.86,6194029.0
2013-08-12 04:00:00,129.57,129.71,128.88,129.13,7422561.0
2013-08-13 04:00:00,128.49,128.6499,127.38,127.74,7339540.0
2013-08-14 04:00:00,127.66,129.07,127.57,129.0,8713159.0
2013-08-15 04:00:00,128.06,132.36,127.98,131.69,17226250.0
2013-08-16 04:00:00,132.56,133.27,131.39,132.58,14447036.0
2013-08-19 04:00:00,132.33,132.5,131.59,132.01,8120303.0
2013-08-20 04:00:00,132.0345,133.13,132.02,132.45,7809099.0
2013-08-21 04:00:00,131.74,133.23,131.51,132.07,10726614.0
2013-08-22 04:00:00,132.56,133.46,132.27,132.81,5742699.0
2013-08-23 04:00:00,132.58,135.24,132.5,134.9,11623318.0
2013-08-26 04:00:00,134.88,135.6,134.15,135.45,7692077.0
2013-08-27 04:00:00,136.94,137.55,136.52,136.75,11283235.0
2013-08-28 04:00:00,137.21,137.46,136.66,136.71,13652143.0
2013-08-29 04:00:00,136.12,136.55,135.42,135.87,7943156.0
2013-08-30 04:00:00,134.65,135.71,134.44,134.62,7689483.0
2013-09-03 04:00:00,135.46,136.789,135.025,136.42,8101531.0
2013-09-04 04:00:00,134.61,134.84,133.72,134.66,7789181.0
2013-09-05 04:00:00,134.13,134.35,131.8,132.2,11126269.0
2013-09-06 04:00:00,133.42,134.4,133.33,134.15,8449142.0
2013-09-09 04:00:00,134.13,134.32,133.67,133.91,5090471.0
2013-09-10 04:00:00,131.82,132.0,131.11,131.74,8433006.0
2013-09-11 04:00:00,131.58,131.81,131.26,131.7,5049932.0
2013-09-12 04:00:00,128.62,128.78,127.61,127.67,12943984.0
2013-09-13 04:00:00,127.16,127.96,126.21,127.82,12060317.0
2013-09-16 04:00:00,127.48,128.02,126.335,126.45,9987682.0
2013-09-17 04:00:00,126.81,126.99,126.11,126.5,8135454.0
2013-09-18 04:00:00,125.32,132.16,125.15,132.01,24825331.0
2013-09-19 04:00:00,132.0,132.78,131.22,131.75,14353863.0
2013-09-20 04:00:00,130.6,130.91,127.9,127.96,19558103.0
2013-09-23 04:00:00,127.52,128.44,127.33,127.55,7425634.0
2013-09-24 04:00:00,126.4,128.21,126.34,127.66,7350109.0
2013-09-25 04:00:00,127.57,129.21,127.52,128.79,7519080.0
2013-09-26 04:00:00,128.6097,128.99,127.32,127.79,9492821.0
2013-09-27 04:00:00,128.86,129.58,128.84,128.97,7454162.0
2013-09-30 04:00:00,127.95,129.14,127.7,128.18,8982403.0
2013-10-01 04:00:00,125.25,125.26,123.81,124.59,16721143.0
2013-10-02 04:00:00,125.37,127.81,125.34,127.06,11997201.0
2013-10-03 04:00:00,126.77,127.69,126.22,127.18,11632916.0
2013-10-04 04:00:00,127.05,127.15,126.0,126.53,6924926.0
2013-10-07 04:00:00,127.25,128.33,127.12,127.64,6737848.0
2013-10-08 04:00:00,127.79,128.45,127.21,127.4,6999743.0
2013-10-09 04:00:00,126.21,126.89,124.97,126.11,10707749.0
2013-10-10 04:00:00,125.34,125.83,124.1,124.27,10523560.0
2013-10-11 04:00:00,122.37,122.81,121.85,122.6,15972630.0
2013-10-14 04:00:00,123.9,124.24,122.81,122.83,6118213.0
2013-10-15 04:00:00,122.28,124.36,122.22,123.73,8384160.0
2013-10-16 04:00:00,123.52,123.89,122.51,123.54,8525277.0
2013-10-17 04:00:00,127.01,127.86,126.81,127.42,11785088.0
2013-10-18 04:00:00,126.87,127.33,126.6,126.85,5350480.0
2013-10-21 04:00:00,127.13,127.3356,126.79,126.98,3395173.0
2013-10-22 04:00:00,128.25,129.81,128.22,129.34,8852593.0
2013-10-23 04:00:00,128.55,129.09,128.35,128.69,5099155.0
2013-10-24 04:00:00,129.41,130.53,129.41,129.9,10225798.0
2013-10-25 04:00:00,129.53,130.92,129.46,130.46,8771039.0
2013-10-28 04:00:00,130.41,131.44,130.1,130.56,6817414.0
2013-10-29 04:00:00,130.1642,130.59,129.57,129.77,5334537.0
2013-10-30 04:00:00,130.83,131.22,128.81,129.6,8895989.0
2013-10-31 04:00:00,128.04,128.49,127.3,127.74,7753276.0
2013-11-01 04:00:00,126.86,127.17,126.05,126.95,9571847.0
2013-11-04 05:00:00,127.18,127.52,126.74,126.81,3819272.0
2013-11-05 05:00:00,126.71,126.86,126.0,126.56,4942373.0
2013-11-06 05:00:00,127.11,127.36,126.92,127.2,3544927.0
2013-11-07 05:00:00,126.14,126.85,125.86,126.16,7700172.0
2013-11-08 05:00:00,124.46,124.46,123.62,124.279,8427259.0
2013-11-11 05:00:00,123.92,123.97,123.66,123.87,3277698.0
2013-11-12 05:00:00,123.51,123.87,121.7256,122.45,7705623.0
2013-11-13 05:00:00,122.97,123.24,122.39,122.85,5966976.0
2013-11-14 05:00:00,123.92,124.91,123.88,124.27,7669667.0
2013-11-15 05:00:00,124.16,124.52,124.07,124.32,4664240.0
2013-11-18 05:00:00,123.7,123.96,122.55,122.9,6241279.0
2013-11-19 05:00:00,122.97,123.4,122.83,122.95,3666451.0
2013-11-20 05:00:00,121.67,122.44,119.76,120.12,14281010.0
2013-11-21 05:00:00,119.81,120.35,119.31,119.94,7562937.0
2013-11-22 05:00:00,120.24,120.4,119.82,119.92,6776461.0
2013-11-25 05:00:00,119.18,121.0,119.13,120.46,7271846.0
2013-11-26 05:00:00,119.84,120.4,119.59,119.82,9053320.0
2013-11-27 05:00:00,120.49,120.69,119.25,119.46,6144568.0
2013-11-29 05:00:00,120.67,121.05,120.62,120.7,2364671.0
2013-12-02 05:00:00,119.2,119.29,117.5,117.58,10297128.0
2013-12-03 05:00:00,117.58,118.31,117.23,117.96,7004847.0
2013-12-04 05:00:00,118.33,120.76,118.16,119.96,9110691.0
2013-12-05 05:00:00,118.2,119.24,117.41,118.3,10254676.0
2013-12-06 05:00:00,118.86,119.26,118.01,118.55,7910040.0
2013-12-09 05:00:00,118.99,119.92,118.9496,119.72,5510392.0
2013-12-10 05:00:00,122.14,122.32,121.47,121.82,9164469.0
2013-12-11 05:00:00,121.49,121.81,120.76,120.86,9934908.0
2013-12-12 05:00:00,118.61,118.82,118.03,118.29,8810811.0
2013-12-13 05:00:00,118.89,119.49,118.761,119.38,6484891.0
2013-12-16 05:00:00,119.26,120.77,118.97,119.69,8193324.0
2013-12-17 05:00:00,118.96,119.9001,118.37,118.65,8589144.0
2013-12-18 05:00:00,119.0,120.05,117.29,117.61,16265046.0
2013-12-19 05:00:00,115.97,116.06,114.5,114.82,15984757.0
2013-12-20 05:00:00,115.37,116.469,115.06,115.94,14697716.0
2013-12-23 05:00:00,115.61,116.12,115.43,115.57,6244146.0
2013-12-24 05:00:00,115.79,116.29,115.71,116.1,3353940.0
2013-12-26 05:00:00,117.23,117.23,116.65,116.74,3868528.0
2013-12-27 05:00:00,117.31,117.38,116.85,117.12,4207991.0
2013-12-30 05:00:00,116.37,116.4,115.18,115.39,6713023.0
2013-12-31 05:00:00,114.61,117.13,114.46,116.12,12838233.0
2014-01-02 05:00:00,117.93,118.73,117.75,118.0,7570508.0
2014-01-03 05:00:00,118.64,119.62,118.59,119.29,5879119.0
2014-01-06 05:00:00,119.76,120.39,117.11,119.5,10107731.0
2014-01-07 05:00:00,118.46,118.92,118.1301,118.82,6435823.0
2014-01-08 05:00:00,117.99,118.52,117.5,118.12,7432317.0
2014-01-09 05:00:00,118.11,118.69,117.99,118.46,3972991.0
2014-01-10 05:00:00,119.72,120.43,119.58,120.26,7994809.0
2014-01-13 05:00:00,120.27,121.04,120.2,121.02,5877632.0
2014-01-14 05:00:00,120.54,121.06,119.72,119.89,7506301.0
2014-01-15 05:00:00,119.19,119.8099,119.1126,119.66,5476409.0
2014-01-16 05:00:00,119.84,119.96,119.57,119.79,3950105.0
2014-01-17 05:00:00,120.35,121.02,120.2,120.93,7926430.0
2014-01-21 05:00:00,119.23,119.97,119.23,119.7,6765085.0
2014-01-22 05:00:00,119.65,119.768,119.17,119.19,4898314.0
2014-01-23 05:00:00,120.97,122.02,120.97,121.79,11038741.0
2014-01-24 05:00:00,122.06,122.5,121.55,122.29,8540453.0
2014-01-27 05:00:00,121.65,122.06,120.72,120.96,7533917.0
2014-01-28 05:00:00,121.32,121.4,120.41,120.95,5156327.0
2014-01-29 05:00:00,122.19,122.51,121.13,122.47,12262531.0
2014-01-30 05:00:00,119.67,120.22,119.6001,119.77,8752038.0
2014-01-31 05:00:00,120.65,120.86,119.46,120.09,7984890.0
2014-02-03 05:00:00,120.47,122.11,120.32,121.32,9270176.0
2014-02-04 05:00:00,120.41,121.09,120.3888,120.99,7029192.0
2014-02-05 05:00:00,121.76,121.88,120.73,121.29,6801879.0
2014-02-06 05:00:00,121.38,121.51,120.78,121.24,4748431.0
2014-02-07 05:00:00,121.24,122.24,121.23,122.17,6683018.0
2014-02-10 05:00:00,122.8,123.16,122.72,122.92,7937659.0
2014-02-11 05:00:00,123.38,124.75,123.36,124.36,11558005.0
2014-02-12 05:00:00,124.4,124.98,124.13,124.43,6654131.0
2014-02-13 05:00:00,124.7,125.6,124.66,125.49,9263314.0
2014-02-14 05:00:00,126.99,127.38,126.75,127.15,11180946.0
2014-02-18 05:00:00,127.42,127.75,127.09,127.4,7690800.0
2014-02-19 05:00:00,127.26,127.45,126.16,126.27,9390584.0
2014-02-20 05:00:00,126.75,127.75,126.4,127.6,10578232.0
2014-02-21 05:00:00,127.57,128.07,127.15,127.58,7306796.0
2014-02-24 05:00:00,128.51,129.07,128.34,128.99,12116210.0
2014-02-25 05:00:00,128.62,129.53,128.57,129.21,5787114.0
2014-02-26 05:00:00,128.49,128.76,127.42,128.11,7057157.0
2014-02-27 05:00:00,128.4,128.8,127.89,128.2,5067646.0
2014-02-28 05:00:00,128.27,128.35,127.15,127.62,10588738.0
2014-03-03 05:00:00,130.0,130.5856,129.81,130.29,11785006.0
2014-03-04 05:00:00,128.54,129.24,128.3236,128.68,6350420.0
2014-03-05 05:00:00,128.71,129.34,128.58,128.89,4880728.0
2014-03-06 05:00:00,129.71,130.47,129.47,130.17,5417902.0
2014-03-07 05:00:00,128.25,129.23,128.21,129.09,7577498.0
2014-03-10 04:00:00,128.88,129.61,128.7804,129.13,4170499.0
2014-03-11 04:00:00,130.01,130.15,128.9301,129.86,7295113.0
2014-03-12 04:00:00,131.56,132.12,131.39,131.76,11107630.0
2014-03-13 04:00:00,131.69,132.54,131.56,132.21,8007721.0
2014-03-14 04:00:00,133.68,133.69,132.35,133.1,11949426.0
2014-03-17 04:00:00,132.73,133.22,131.22,131.64,14630110.0
2014-03-18 04:00:00,130.39,131.27,130.33,130.62,6424385.0
2014-03-19 04:00:00,129.55,129.68,127.94,128.09,12932862.0
2014-03-20 04:00:00,127.78,128.41,127.58,127.86,7690848.0
2014-03-21 04:00:00,129.04,129.09,128.41,128.47,7246489.0
2014-03-24 04:00:00,126.87,127.14,126.03,126.18,13076493.0
2014-03-25 04:00:00,126.44,126.82,126.24,126.41,6567962.0
2014-03-26 04:00:00,126.27,126.38,125.13,125.41,8581634.0
2014-03-27 04:00:00,125.06,125.29,124.21,124.59,7315310.0
2014-03-28 04:00:00,124.23,124.96,123.88,124.56,7253673.0
2014-03-31 04:00:00,124.52,124.79,123.57,123.61,12379151.0
2014-04-01 04:00:00,123.71,123.85,123.1099,123.39,5998286.0
2014-04-02 04:00:00,124.41,124.75,124.19,124.32,4907847.0
2014-04-03 04:00:00,123.75,124.26,123.59,123.92,3659603.0
2014-04-04 04:00:00,125.2,125.96,124.86,125.57,7278979.0
2014-04-07 04:00:00,125.07,125.4725,124.84,124.91,3969823.0
2014-04-08 04:00:00,126.34,126.34,125.9,126.09,6946163.0
2014-04-09 04:00:00,125.46,126.72,125.33,126.32,5307863.0
2014-04-10 04:00:00,126.95,127.37,126.82,127.01,5008847.0
2014-04-11 04:00:00,127.04,127.31,126.73,126.93,4699538.0
2014-04-14 04:00:00,127.8,128.25,127.62,127.85,6680185.0
2014-04-15 04:00:00,124.79,125.7,124.6,125.49,9970175.0
2014-04-16 04:00:00,125.37,125.57,125.03,125.54,4072028.0
2014-04-17 04:00:00,125.38,125.53,124.57,124.75,5902491.0
2014-04-21 04:00:00,124.07,124.33,123.76,124.24,6579161.0
2014-04-22 04:00:00,124.15,124.16,122.92,123.78,6899367.0
2014-04-23 04:00:00,123.7,123.942,123.38,123.76,3741184.0
2014-04-24 04:00:00,122.87,125.12,122.8404,124.56,8755120.0
2014-04-25 04:00:00,125.18,125.71,125.07,125.43,7025124.0
2014-04-28 04:00:00,125.3,125.34,124.45,124.88,4898101.0
2014-04-29 04:00:00,124.95,125.38,124.65,124.86,5241798.0
2014-04-30 04:00:00,124.19,125.05,123.82,124.22,10354278.0
2014-05-01 04:00:00,123.17,123.83,123.06,123.8,6687796.0
2014-05-02 04:00:00,123.69,125.67,123.33,125.06,9914822.0
2014-05-05 04:00:00,126.47,126.63,126.0,126.22,5202763.0
2014-05-06 04:00:00,126.02,126.11,125.63,125.98,3488007.0
2014-05-07 04:00:00,125.52,125.57,123.92,124.17,8471166.0
2014-05-08 04:00:00,124.19,124.47,123.891,124.17,3696147.0
2014-05-09 04:00:00,124.39,124.47,123.82,124.1,3119978.0
2014-05-12 04:00:00,125.4,125.42,124.69,124.94,4025958.0
2014-05-13 04:00:00,124.79,125.1,124.5,124.6,2643478.0
2014-05-14 04:00:00,125.8,125.96,125.44,125.81,4018583.0
2014-05-15 04:00:00,124.77,125.51,124.54,124.77,5862519.0
2014-05-16 04:00:00,124.35,124.77,124.29,124.5,4052154.0
2014-05-19 04:00:00,125.28,125.47,124.48,124.58,3903200.0
2014-05-20 04:00:00,124.12,124.91,124.09,124.69,3771117.0
2014-05-21 04:00:00,124.25,124.55,123.53,124.39,6848002.0
2014-05-22 04:00:00,125.14,125.24,124.535,124.67,3458801.0
2014-05-23 04:00:00,124.6,124.661,124.19,124.51,2206288.0
2014-05-27 04:00:00,122.98,123.07,121.75,121.85,10905402.0
2014-05-28 04:00:00,121.47,121.7,120.92,121.2,6741191.0
2014-05-29 04:00:00,120.78,121.46,120.77,120.94,5555563.0
2014-05-30 04:00:00,120.76,120.81,119.62,120.43,8753575.0
2014-06-02 04:00:00,119.93,120.4599,119.61,119.7,5923679.0
2014-06-03 04:00:00,119.73,120.09,119.42,120.01,5010345.0
2014-06-04 04:00:00,120.1,120.16,119.68,119.76,3861805.0
2014-06-05 04:00:00,120.55,120.88,120.43,120.66,4183681.0
2014-06-06 04:00:00,120.68,120.77,119.94,120.61,4808750.0
2014-06-09 04:00:00,120.79,120.85,120.57,120.65,2789577.0
2014-06-10 04:00:00,121.29,121.47,121.21,121.39,3561677.0
2014-06-11 04:00:00,121.51,121.61,121.18,121.41,3573593.0
2014-06-12 04:00:00,121.92,122.75,121.83,122.64,7394697.0
2014-06-13 04:00:00,122.57,123.036,122.51,122.96,4026822.0
2014-06-16 04:00:00,122.88,123.01,122.302,122.42,5833646.0
2014-06-17 04:00:00,121.85,122.5,121.82,122.28,4035098.0
2014-06-18 04:00:00,122.22,122.8,122.09,122.67,4604909.0
2014-06-19 04:00:00,124.33,127.23,124.32,126.94,24374779.0
2014-06-20 04:00:00,126.32,127.07,126.21,126.5,9955149.0
2014-06-23 04:00:00,126.65,126.935,126.37,126.85,5142796.0
2014-06-24 04:00:00,127.22,127.32,126.73,126.98,6355294.0
2014-06-25 04:00:00,126.78,127.55,126.66,126.99,6695428.0
2014-06-26 04:00:00,126.53,126.92,126.2,126.73,5531190.0
2014-06-27 04:00:00,126.88,127.17,126.65,126.66,4200393.0
2014-06-30 04:00:00,126.53,128.04,126.37,128.04,18143018.0
2014-07-01 04:00:00,127.99,128.12,127.49,127.7,8148345.0
2014-07-02 04:00:00,127.76,128.24,127.64,127.7,5742612.0
2014-07-03 04:00:00,126.79,127.29,126.61,127.16,4922466.0
2014-07-07 04:00:00,126.63,127.03,126.23,127.02,4636886.0
2014-07-08 04:00:00,127.29,127.53,126.43,127.07,6220335.0
2014-07-09 04:00:00,127.54,128.26,127.18,127.84,8369851.0
2014-07-10 04:00:00,129.11,129.21,128.49,128.54,6314294.0
2014-07-11 04:00:00,128.41,128.83,128.38,128.78,4322535.0
2014-07-14 04:00:00,125.5,126.1,125.45,125.72,11469917.0
2014-07-15 04:00:00,125.89,126.32,124.36,124.53,10548113.0
2014-07-16 04:00:00,125.02,125.47,124.78,124.97,4104117.0
2014-07-17 04:00:00,125.52,127.55,125.11,127.0899,11430637.0
2014-07-18 04:00:00,125.79,126.21,125.6701,126.13,6461677.0
2014-07-21 04:00:00,126.53,126.55,126.11,126.34,3303835.0
2014-07-22 04:00:00,126.33,126.4299,125.47,125.74,3887606.0
2014-07-23 04:00:00,125.72,126.04,125.4,125.62,3045018.0
2014-07-24 04:00:00,124.85,124.87,123.9,124.35,8118607.0
2014-07-25 04:00:00,124.48,125.93,124.43,125.791,5644498.0
2014-07-28 04:00:00,125.44,125.67,125.3,125.58,3213705.0
2014-07-29 04:00:00,125.79,125.88,124.72,125.2,5270794.0
2014-07-30 04:00:00,124.89,124.93,124.41,124.83,5622346.0
2014-07-31 04:00:00,123.85,124.07,123.23,123.39,9898582.0
2014-08-01 04:00:00,124.54,124.81,124.23,124.38,7397317.0
2014-08-04 04:00:00,124.36,124.47,123.73,123.99,6500560.0
2014-08-05 04:00:00,123.74,124.52,123.4,123.87,8342542.0
2014-08-06 04:00:00,125.71,126.0,125.52,125.67,9327849.0
2014-08-07 04:00:00,125.47,126.51,125.37,126.18,7298926.0
2014-08-08 04:00:00,126.08,126.41,125.89,126.19,5729316.0
2014-08-11 04:00:00,125.84,126.04,125.64,125.96,3165498.0
2014-08-12 04:00:00,126.42,126.81,125.87,125.99,4613407.0
2014-08-13 04:00:00,126.35,126.53,125.9,126.2,3969676.0
2014-08-14 04:00:00,126.24,126.53,126.13,126.31,3348451.0
2014-08-15 04:00:00,124.52,126.07,124.41,125.483,13071958.0
2014-08-18 04:00:00,124.78,125.08,124.65,124.96,4953347.0
2014-08-19 04:00:00,125.0,125.0,124.48,124.68,4878772.0
2014-08-20 04:00:00,124.82,124.82,123.88,124.22,4395911.0
2014-08-21 04:00:00,122.72,123.24,122.45,122.88,8010459.0
2014-08-22 04:00:00,123.09,123.33,122.57,123.19,4739968.0
2014-08-25 04:00:00,122.92,123.04,122.72,122.74,5019903.0
2014-08-26 04:00:00,123.92,123.97,123.28,123.35,3891112.0
2014-08-27 04:00:00,123.6,123.71,123.25,123.3199,2576944.0
2014-08-28 04:00:00,124.15,124.33,123.81,124.0,3297757.0
2014-08-29 04:00:00,123.75,124.22,123.62,123.86,3684122.0
2014-09-02 04:00:00,121.97,122.08,121.43,121.65,10128581.0
2014-09-03 04:00:00,121.7,122.2,121.66,122.15,3415925.0
2014-09-04 04:00:00,122.48,122.66,121.25,121.48,7310640.0
2014-09-05 04:00:00,121.83,122.06,121.63,122.06,3490704.0
2014-09-08 04:00:00,121.58,121.61,120.37,120.73,7508620.0
2014-09-09 04:00:00,120.57,120.94,120.0,120.87,6157321.0
2014-09-10 04:00:00,120.13,120.54,119.64,120.26,7022579.0
2014-09-11 04:00:00,119.61,119.7,118.77,119.472,7618266.0
2014-09-12 04:00:00,118.63,118.9,118.07,118.38,8129457.0
2014-09-15 04:00:00,118.79,118.86,118.46,118.64,4778579.0
2014-09-16 04:00:00,118.85,119.43,118.44,118.83,6544481.0
2014-09-17 04:00:00,118.95,119.24,117.5,117.54,8328712.0
2014-09-18 04:00:00,117.41,118.09,117.19,117.78,5368874.0
2014-09-19 04:00:00,117.51,117.57,116.72,117.09,10931243.0
2014-09-22 04:00:00,116.72,117.37,116.58,116.85,7602075.0
2014-09-23 04:00:00,117.99,117.99,117.31,117.6,4667327.0
2014-09-24 04:00:00,117.12,117.719,116.9,117.05,5518416.0
2014-09-25 04:00:00,116.3,117.76,116.2,117.39,7640357.0
2014-09-26 04:00:00,117.02,117.1,116.58,117.06,4185425.0
2014-09-29 04:00:00,117.27,117.4,116.8999,117.03,4051047.0
2014-09-30 04:00:00,116.54,117.35,115.85,116.21,10174560.0
2014-10-01 04:00:00,116.61,117.26,116.59,116.77,7024201.0
2014-10-02 04:00:00,116.86,117.21,116.33,116.74,6352009.0
2014-10-03 04:00:00,115.17,115.51,114.42,114.61,11304593.0
2014-10-06 04:00:00,115.16,116.31,114.94,116.03,7647060.0
2014-10-07 04:00:00,116.31,116.63,116.09,116.36,5278476.0
2014-10-08 04:00:00,117.03,117.71,115.85,117.4701,10675551.0
2014-10-09 04:00:00,117.86,118.26,117.49,117.64,6612637.0
2014-10-10 04:00:00,117.7,117.74,117.19,117.59,4653307.0
2014-10-13 04:00:00,118.14,118.665,117.93,118.52,5397633.0
2014-10-14 04:00:00,118.58,118.82,118.351,118.59,5180665.0
2014-10-15 04:00:00,119.23,120.18,118.59,118.99,9460425.0
2014-10-16 04:00:00,119.02,119.65,118.8799,119.22,6550140.0
2014-10-17 04:00:00,119.06,119.23,118.42,118.99,8060834.0
2014-10-20 04:00:00,119.68,119.86,119.54,119.8,3034916.0
2014-10-21 04:00:00,120.27,120.5,119.905,120.02,4568269.0
2014-10-22 04:00:00,119.69,119.79,119.25,119.34,3741487.0
2014-10-23 04:00:00,118.71,118.82,117.88,118.52,6423205.0
2014-10-24 04:00:00,118.62,118.63,118.12,118.35,3611311.0
2014-10-27 04:00:00,118.18,118.37,118.01,118.06,2445376.0
2014-10-28 04:00:00,118.48,118.48,118.01,118.1,3262626.0
2014-10-29 04:00:00,117.65,117.91,116.14,116.41,7900772.0
2014-10-30 04:00:00,115.8,115.83,114.94,115.19,7852239.0
2014-10-31 04:00:00,111.83,112.88,111.655,112.66,18209615.0
2014-11-03 05:00:00,112.39,112.68,112.0,112.15,6605175.0
2014-11-04 05:00:00,112.12,112.71,112.08,112.22,6430111.0
2014-11-05 05:00:00,109.92,110.84,109.67,109.79,13560114.0
2014-11-06 05:00:00,109.92,110.49,109.75,109.88,7019854.0
2014-11-07 05:00:00,110.78,113.15,110.73,112.95,10916540.0
2014-11-10 05:00:00,112.24,112.24,110.28,110.46,8548523.0
2014-11-11 05:00:00,111.08,112.76,110.87,112.04,8603165.0
2014-11-12 05:00:00,112.05,112.17,111.23,111.5,5133300.0
2014-11-13 05:00:00,111.89,112.26,111.22,111.67,4874598.0
2014-11-14 05:00:00,110.76,114.72,110.6501,114.47,14173586.0
2014-11-17 05:00:00,113.97,114.27,113.56,114.05,5440990.0
2014-11-18 05:00:00,114.86,115.17,114.55,115.05,5586694.0
2014-11-19 05:00:00,114.93,115.35,112.88,113.68,11997742.0
2014-11-20 05:00:00,114.57,115.0156,114.09,114.86,5607779.0
2014-11-21 05:00:00,115.58,115.96,114.47,115.39,6564258.0
2014-11-24 05:00:00,115.15,115.3699,114.79,115.11,4695022.0
2014-11-25 05:00:00,115.1,115.47,114.9,115.38,9051813.0
2014-11-26 05:00:00,115.25,115.34,114.98,115.16,3184017.0
2014-11-28 05:00:00,113.53,113.83,111.95,112.11,9616332.0
2014-12-01 05:00:00,113.8,117.36,113.74,116.58,15643964.0
2014-12-02 05:00:00,115.13,115.7095,114.72,115.14,6378105.0
2014-12-03 05:00:00,115.68,116.76,115.56,116.33,5758821.0
2014-12-04 05:00:00,116.01,116.3399,115.61,115.88,3623615.0
2014-12-05 05:00:00,115.16,115.18,114.24,114.43,6330980.0
2014-12-08 05:00:00,114.97,116.16,114.46,115.78,5224491.0
2014-12-09 05:00:00,117.04,118.99,116.98,118.19,10467158.0
2014-12-10 05:00:00,118.15,118.47,117.81,117.96,4277427.0
2014-12-11 05:00:00,116.98,118.38,116.82,117.69,5214467.0
2014-12-12 05:00:00,117.39,117.8,116.68,117.41,4736535.0
2014-12-15 05:00:00,116.22,116.9698,114.36,114.39,8795987.0
2014-12-16 05:00:00,116.28,116.5,114.07,114.95,9173964.0
2014-12-17 05:00:00,115.1,115.48,113.58,114.27,9097329.0
2014-12-18 05:00:00,115.59,115.81,114.58,115.15,5258103.0
2014-12-19 05:00:00,115.06,115.22,114.77,114.77,4652333.0
2014-12-22 05:00:00,114.81,114.97,112.41,112.55,7483195.0
2014-12-23 05:00:00,112.88,113.32,112.61,112.74,7763327.0
2014-12-24 05:00:00,112.83,112.92,112.66,112.77,1501552.0
2014-12-26 05:00:00,114.82,114.98,114.53,114.83,3765581.0
2014-12-29 05:00:00,114.61,114.64,113.23,113.67,12963725.0
2014-12-30 05:00:00,114.99,116.26,114.9,115.2,7987311.0
2014-12-31 05:00:00,114.89,115.0,113.28,113.58,7624198.0
2015-01-02 05:00:00,112.49,114.8,112.32,114.08,7109594.0
2015-01-05 05:00:00,114.78,116.0,114.73,115.8,8177350.0
2015-01-06 05:00:00,116.22,117.5,115.8,117.12,11238313.0
2015-01-07 05:00:00,116.47,116.88,116.17,116.43,6434196.0
2015-01-08 05:00:00,116.45,116.87,115.85,115.94,7033675.0
2015-01-09 05:00:00,116.51,117.34,116.5,117.26,7962886.0
2015-01-12 05:00:00,117.46,118.71,117.32,118.56,8318211.0
2015-01-13 05:00:00,118.96,119.19,117.87,118.16,7693200.0
2015-01-14 05:00:00,119.08,119.32,117.9,117.97,7727403.0
2015-01-15 05:00:00,120.41,121.695,120.34,120.94,17692548.0
2015-01-16 05:00:00,121.73,123.15,121.705,122.52,14428223.0
2015-01-20 05:00:00,123.63,124.6,123.49,124.2,14968636.0
2015-01-21 05:00:00,125.18,125.34,123.37,124.23,11082739.0
2015-01-22 05:00:00,125.07,125.58,124.145,125.23,10518355.0
2015-01-23 05:00:00,124.43,124.5,123.35,124.23,6270911.0
2015-01-26 05:00:00,123.33,123.3447,122.52,122.99,6768646.0
2015-01-27 05:00:00,123.56,124.64,123.51,124.4,9584838.0
2015-01-28 05:00:00,123.52,123.89,122.94,123.42,8470574.0
2015-01-29 05:00:00,121.99,122.29,120.26,120.76,11997964.0
2015-01-30 05:00:00,121.3,123.55,120.915,123.45,14555862.0
2015-02-02 05:00:00,121.84,123.155,121.82,122.42,8885189.0
2015-02-03 05:00:00,121.74,121.76,120.5648,121.05,8255863.0
2015-02-04 05:00:00,121.63,122.22,120.92,121.58,5386747.0
2015-02-05 05:00:00,120.98,121.83,120.61,121.79,6879945.0
2015-02-06 05:00:00,119.15,119.52,117.95,118.64,13206906.0
2015-02-09 05:00:00,118.83,119.4,118.77,119.17,5237181.0
2015-02-10 05:00:00,118.63,119.06,118.21,118.47,4086321.0
2015-02-11 05:00:00,118.49,118.57,117.0,117.07,6784397.0
2015-02-12 05:00:00,117.68,117.82,117.09,117.34,4344444.0
2015-02-13 05:00:00,118.05,118.58,117.79,117.98,4108870.0
2015-02-17 05:00:00,116.4,116.54,115.58,116.01,7225154.0
2015-02-18 05:00:00,115.99,116.53,114.99,116.34,8336029.0
2015-02-19 05:00:00,116.4,116.54,115.74,115.94,6528724.0
2015-02-20 05:00:00,116.1,116.455,115.05,115.28,6681734.0
2015-02-23 05:00:00,115.11,116.22,115.07,115.43,4812393.0
2015-02-24 05:00:00,115.0,115.55,114.29,115.26,7612919.0
2015-02-25 05:00:00,115.83,115.89,115.33,115.7,5032535.0
2015-02-26 05:00:00,116.54,116.55,115.83,116.07,4025356.0
2015-02-27 05:00:00,116.74,117.07,116.16,116.16,8255636.0
2015-03-02 05:00:00,116.5,116.64,115.62,115.68,7993280.0
2015-03-03 05:00:00,116.04,116.61,115.35,115.47,4738347.0
2015-03-04 05:00:00,115.7,115.79,115.02,115.11,4762403.0
2015-03-05 05:00:00,115.43,116.12,114.84,115.0,5872197.0
2015-03-06 05:00:00,113.17,113.26,111.7,111.86,11190846.0
2015-03-09 04:00:00,112.42,112.62,111.95,111.97,5534011.0
2015-03-10 04:00:00,112.09,112.35,111.22,111.42,7019781.0
2015-03-11 04:00:00,111.23,111.25,110.16,110.75,6550445.0
2015-03-12 04:00:00,111.15,111.2,110.25,110.72,6631459.0
2015-03-13 04:00:00,111.1,111.28,110.51,110.88,4557576.0
2015-03-16 04:00:00,111.09,111.205,110.42,110.81,3265305.0
2015-03-17 04:00:00,109.92,111.35,109.77,110.21,8923264.0
2015-03-18 04:00:00,110.33,112.87,110.09,112.37,12448040.0
2015-03-19 04:00:00,111.85,112.58,111.58,112.29,6537743.0
2015-03-20 04:00:00,112.71,114.0,112.67,113.57,8033444.0
2015-03-23 04:00:00,113.7,114.3701,113.4899,114.29,4240258.0
2015-03-24 04:00:00,114.35,114.6499,113.82,114.57,2979338.0
2015-03-25 04:00:00,115.11,115.14,114.65,114.73,3021437.0
2015-03-26 04:00:00,115.73,115.84,115.34,115.48,5495161.0
2015-03-27 04:00:00,115.14,115.36,114.45,115.06,4921741.0
2015-03-30 04:00:00,113.9,114.01,113.54,113.75,4383858.0
2015-03-31 04:00:00,113.84,114.28,113.4065,113.66,4383314.0
2015-04-01 04:00:00,114.56,115.99,114.54,115.6,7324008.0
2015-04-02 04:00:00,115.47,115.72,114.68,115.28,3884072.0
2015-04-06 04:00:00,117.32,117.47,116.52,116.69,5914163.0
2015-04-07 04:00:00,116.27,116.51,115.94,116.11,2468498.0
2015-04-08 04:00:00,115.98,116.03,114.9,115.47,5568527.0
2015-04-09 04:00:00,114.8,114.85,114.48,114.67,4707044.0
2015-04-10 04:00:00,116.0,116.19,115.5,115.966,3932404.0
2015-04-13 04:00:00,115.35,115.3899,114.8,115.14,3190149.0
2015-04-14 04:00:00,114.69,115.07,114.39,114.44,3651459.0
2015-04-15 04:00:00,114.8,115.6,114.47,115.43,3655950.0
2015-04-16 04:00:00,115.55,115.66,114.64,115.03,3132336.0
2015-04-17 04:00:00,115.38,115.79,115.23,115.6,3496313.0
2015-04-20 04:00:00,114.82,114.95,114.3162,114.72,3932756.0
2015-04-21 04:00:00,114.72,115.56,114.65,115.38,3317715.0
2015-04-22 04:00:00,114.83,114.96,113.77,113.83,5695960.0
2015-04-23 04:00:00,113.9,114.96,113.81,114.66,3459495.0
2015-04-24 04:00:00,113.96,114.07,112.77,113.05,7152913.0
2015-04-27 04:00:00,113.87,115.82,113.67,115.33,7487557.0
2015-04-28 04:00:00,115.36,116.62,115.34,116.33,8054361.0
2015-04-29 04:00:00,116.06,116.39,115.28,115.51,7170477.0
2015-04-30 04:00:00,113.88,113.88,112.96,113.47,9440253.0
2015-05-01 04:00:00,112.42,113.3089,112.28,113.08,7597006.0
2015-05-04 04:00:00,114.18,114.44,113.88,114.1,3648052.0
2015-05-05 04:00:00,114.89,115.11,114.39,114.42,3856520.0
2015-05-06 04:00:00,114.59,114.75,114.02,114.36,3280733.0
2015-05-07 04:00:00,113.84,114.01,113.32,113.42,5455090.0
2015-05-08 04:00:00,114.34,114.43,113.59,113.97,9964072.0
2015-05-11 04:00:00,114.09,114.31,113.08,113.53,2916745.0
2015-05-12 04:00:00,114.1,114.67,114.0648,114.5,3256715.0
2015-05-13 04:00:00,115.74,116.93,115.68,116.55,11768224.0
2015-05-14 04:00:00,117.28,117.75,117.03,117.18,6923017.0
2015-05-15 04:00:00,116.8,117.63,116.68,117.53,4447333.0
2015-05-18 04:00:00,117.78,117.88,117.27,117.52,5079850.0
2015-05-19 04:00:00,116.55,116.73,115.65,115.89,5052147.0
2015-05-20 04:00:00,116.03,116.38,115.76,116.08,4432556.0
2015-05-21 04:00:00,115.53,116.0,115.47,115.69,2514693.0
2015-05-22 04:00:00,115.51,115.93,115.32,115.6,1780191.0
2015-05-26 04:00:00,113.84,114.23,113.7,113.91,5769580.0
2015-05-27 04:00:00,113.78,114.0149,113.63,113.89,2681069.0
2015-05-28 04:00:00,113.85,114.16,113.21,114.02,5266016.0
2015-05-29 04:00:00,114.14,114.48,114.0,114.1,3407489.0
2015-06-01 04:00:00,115.02,115.5,113.9,114.0,8254034.0
2015-06-02 04:00:00,114.36,114.645,114.17,114.46,3988639.0
2015-06-03 04:00:00,114.13,114.37,113.08,113.64,4886054.0
2015-06-04 04:00:00,112.98,113.1497,112.48,112.84,5566618.0
2015-06-05 04:00:00,111.6,112.39,111.5668,112.24,5561283.0
2015-06-08 04:00:00,112.39,112.6599,112.13,112.57,3122078.0
2015-06-09 04:00:00,113.15,113.23,112.71,112.82,3529924.0
2015-06-10 04:00:00,114.14,114.14,113.69,113.78,5452863.0
2015-06-11 04:00:00,113.27,113.41,112.92,113.26,4434731.0
2015-06-12 04:00:00,113.06,113.499,112.96,113.23,2998483.0
2015-06-15 04:00:00,113.28,114.15,113.21,113.73,5055086.0
2015-06-16 04:00:00,113.08,113.45,112.789,113.32,4033268.0
2015-06-17 04:00:00,113.07,114.04,112.63,113.85,6455983.0
2015-06-18 04:00:00,115.19,115.61,114.89,115.32,8041255.0
2015-06-19 04:00:00,115.34,115.46,114.95,115.12,4611647.0
2015-06-22 04:00:00,113.79,113.94,113.34,113.64,5763662.0
2015-06-23 04:00:00,112.96,113.17,112.79,112.89,4522797.0
2015-06-24 04:00:00,112.48,112.74,112.31,112.59,2975539.0
2015-06-25 04:00:00,112.43,112.71,112.32,112.44,2904711.0
2015-06-26 04:00:00,112.2,112.68,112.13,112.56,4392589.0
2015-06-29 04:00:00,112.81,113.23,112.53,113.07,5820226.0
2015-06-30 04:00:00,112.24,113.05,111.84,112.37,7897042.0
2015-07-01 04:00:00,112.12,112.51,111.94,111.98,4409026.0
2015-07-02 04:00:00,111.66,111.839,111.41,111.76,3838553.0
2015-07-06 04:00:00,111.71,112.58,111.63,112.06,4259775.0
2015-07-07 04:00:00,111.08,111.14,110.05,110.76,9073403.0
2015-07-08 04:00:00,111.38,111.65,111.08,111.09,5694941.0
2015-07-09 04:00:00,111.8,111.93,111.15,111.36,3802857.0
2015-07-10 04:00:00,111.18,111.71,111.03,111.49,3594918.0
2015-07-13 04:00:00,110.43,111.14,110.36,110.99,4279310.0
2015-07-14 04:00:00,111.0,111.075,110.63,110.74,2600955.0
2015-07-15 04:00:00,110.0,110.1914,109.58,110.16,9286201.0
2015-07-16 04:00:00,109.67,110.01,109.6,109.76,4629683.0
2015-07-17 04:00:00,109.11,109.16,108.4,108.65,14858273.0
2015-07-20 04:00:00,106.6,106.65,105.62,105.7,15751735.0
2015-07-21 04:00:00,105.81,106.32,105.25,105.37,10519791.0
2015-07-22 04:00:00,104.39,105.09,104.18,104.8,8349201.0
2015-07-23 04:00:00,104.98,105.3,104.2,104.33,5779289.0
2015-07-24 04:00:00,103.61,105.59,103.431,105.35,11572679.0
2015-07-27 04:00:00,104.94,105.68,104.66,104.86,10690142.0
2015-07-28 04:00:00,105.09,105.33,104.83,105.02,5549222.0
2015-07-29 04:00:00,104.93,105.63,104.49,105.17,5616909.0
2015-07-30 04:00:00,104.03,104.97,103.86,104.27,6651960.0
2015-07-31 04:00:00,105.41,105.75,104.69,104.93,6689175.0
2015-08-03 04:00:00,104.59,104.82,104.05,104.1,3528596.0
2015-08-04 04:00:00,104.56,104.75,103.95,104.31,3241016.0
2015-08-05 04:00:00,104.42,104.5038,103.78,103.93,5041015.0
2015-08-06 04:00:00,104.15,104.86,104.14,104.39,3908124.0
2015-08-07 04:00:00,104.56,105.38,104.55,104.65,4400915.0
2015-08-10 04:00:00,105.03,106.27,104.9172,105.72,5892602.0
2015-08-11 04:00:00,106.49,106.63,105.77,106.26,4060892.0
2015-08-12 04:00:00,106.99,107.91,106.93,107.75,10022547.0
2015-08-13 04:00:00,106.95,107.18,106.71,106.86,4761682.0
2015-08-14 04:00:00,107.07,107.41,106.543,106.85,3509238.0
2015-08-17 04:00:00,107.37,107.51,107.0,107.13,5769080.0
2015-08-18 04:00:00,106.67,107.33,106.31,107.11,4121839.0
2015-08-19 04:00:00,107.63,108.67,107.63,108.55,7035087.0
2015-08-20 04:00:00,109.81,110.61,109.7,110.44,12549017.0
2015-08-21 04:00:00,110.93,111.33,110.12,111.13,13917638.0
2015-08-24 04:00:00,111.54,112.12,109.77,110.53,18388730.0
2015-08-25 04:00:00,110.01,110.05,108.72,109.16,9974186.0
2015-08-26 04:00:00,107.72,108.06,107.08,107.67,10856643.0
2015-08-27 04:00:00,107.33,108.04,107.11,107.73,8102071.0
2015-08-28 04:00:00,108.17,109.3,108.12,108.7,7558923.0
2015-08-31 04:00:00,108.19,108.92,108.03,108.82,4532081.0
2015-09-01 04:00:00,109.63,109.77,108.94,109.2,7077848.0
2015-09-02 04:00:00,109.01,109.34,108.46,108.62,4115731.0
2015-09-03 04:00:00,107.77,108.32,107.56,107.84,3913100.0
2015-09-04 04:00:00,107.14,107.56,107.07,107.49,4025022.0
2015-09-08 04:00:00,107.6,107.94,107.31,107.52,5982061.0
2015-09-09 04:00:00,106.64,106.71,105.48,106.13,8855138.0
2015-09-10 04:00:00,106.61,106.698,106.18,106.38,6203955.0
2015-09-11 04:00:00,105.65,106.2,105.27,106.16,4023894.0
2015-09-14 04:00:00,105.86,106.39,105.78,106.22,2350848.0
2015-09-15 04:00:00,105.83,106.06,105.68,105.9,2904958.0
2015-09-16 04:00:00,106.6,107.709,106.56,107.31,5315633.0
2015-09-17 04:00:00,107.07,108.58,106.96,108.41,8403849.0
2015-09-18 04:00:00,109.1,109.38,108.82,109.21,6794284.0
2015-09-21 04:00:00,108.49,108.66,108.328,108.53,4104752.0
2015-09-22 04:00:00,107.58,107.96,107.44,107.79,5483262.0
2015-09-23 04:00:00,108.54,108.64,108.2,108.22,2744177.0
2015-09-24 04:00:00,109.67,110.82,109.63,110.49,11024343.0
2015-09-25 04:00:00,109.87,110.03,109.55,109.81,5209493.0
2015-09-28 04:00:00,108.37,108.91,108.27,108.42,3809622.0
2015-09-29 04:00:00,108.24,108.69,107.88,107.98,4043592.0
2015-09-30 04:00:00,106.78,107.075,106.47,106.86,7405576.0
2015-10-01 04:00:00,106.98,107.21,106.63,106.73,4278592.0
2015-10-02 04:00:00,108.54,109.3199,108.54,108.99,7730647.0
2015-10-05 04:00:00,109.14,109.38,108.46,108.77,5490200.0
2015-10-06 04:00:00,109.8,110.26,109.63,109.86,7513898.0
2015-10-07 04:00:00,109.75,110.14,109.34,109.7,5355489.0
2015-10-08 04:00:00,109.16,110.27,109.06,109.14,5038194.0
2015-10-09 04:00:00,110.54,111.05,110.23,110.87,7907263.0
2015-10-12 04:00:00,111.67,111.7324,111.01,111.31,6257945.0
2015-10-13 04:00:00,111.36,111.87,111.28,111.86,5149627.0
2015-10-14 04:00:00,112.63,113.95,112.3,113.81,10207765.0
2015-10-15 04:00:00,113.2,113.99,112.94,113.29,14083929.0
2015-10-16 04:00:00,113.24,113.44,112.43,112.49,7328038.0
2015-10-19 04:00:00,112.64,112.69,111.89,112.02,3959383.0
2015-10-20 04:00:00,112.38,113.09,112.38,112.73,4903225.0
2015-10-21 04:00:00,112.37,112.37,111.41,111.73,3908787.0
2015-10-22 04:00:00,111.52,112.21,111.43,111.69,3436365.0
2015-10-23 04:00:00,111.81,111.84,110.9601,111.5,4868351.0
2015-10-26 04:00:00,111.73,111.98,111.33,111.43,2573512.0
2015-10-27 04:00:00,111.31,111.81,111.29,111.68,2646105.0
2015-10-28 04:00:00,112.68,113.25,110.31,110.78,8201197.0
2015-10-29 04:00:00,110.23,110.6,109.66,109.72,5150835.0
2015-10-30 04:00:00,109.5,109.58,109.06,109.3,5543162.0
2015-11-02 05:00:00,108.64,108.84,108.46,108.59,5843311.0
2015-11-03 05:00:00,107.79,107.8094,106.68,106.98,7145264.0
2015-11-04 05:00:00,107.02,107.09,105.92,105.97,7617813.0
2015-11-05 05:00:00,106.01,106.1,105.58,105.64,5931124.0
2015-11-06 05:00:00,104.17,104.42,104.02,104.1,8831874.0
2015-11-09 05:00:00,104.29,104.58,104.19,104.4,4129199.0
2015-11-10 05:00:00,104.09,104.65,103.87,104.18,4450764.0
2015-11-11 05:00:00,104.09,104.23,103.78,103.83,3527590.0
2015-11-12 05:00:00,103.09,104.32,103.04,103.85,6300546.0
2015-11-13 05:00:00,103.54,103.74,103.45,103.56,3224207.0
2015-11-16 05:00:00,103.98,104.03,103.515,103.71,2951244.0
2015-11-17 05:00:00,103.38,103.3999,101.98,102.34,8593070.0
2015-11-18 05:00:00,102.39,102.95,102.04,102.43,5043766.0
2015-11-19 05:00:00,103.07,104.09,103.07,103.56,5087639.0
2015-11-20 05:00:00,103.58,103.66,102.97,103.09,5971643.0
2015-11-23 05:00:00,102.48,102.75,102.16,102.26,4042473.0
2015-11-24 05:00:00,103.12,103.25,102.69,102.94,3479620.0
2015-11-25 05:00:00,102.47,102.69,102.21,102.46,2931291.0
2015-11-27 05:00:00,101.01,101.62,100.99,101.25,4993553.0
2015-11-30 05:00:00,101.53,102.38,101.52,101.92,6772983.0
2015-12-01 05:00:00,102.3,102.43,101.81,102.28,4645916.0
2015-12-02 05:00:00,101.35,101.35,100.53,100.69,10223492.0
2015-12-03 05:00:00,101.23,101.97,100.845,101.76,6499935.0
2015-12-04 05:00:00,102.74,104.21,102.65,104.02,10670249.0
2015-12-07 05:00:00,103.32,103.37,102.5,102.67,4393461.0
2015-12-08 05:00:00,103.13,103.26,102.53,102.84,3412291.0
2015-12-09 05:00:00,103.63,103.66,102.32,102.64,6026283.0
2015-12-10 05:00:00,102.51,102.825,102.34,102.55,3853545.0
2015-12-11 05:00:00,101.91,103.32,101.85,103.11,6798411.0
2015-12-14 05:00:00,102.58,102.72,101.74,101.79,5563778.0
2015-12-15 05:00:00,101.71,102.06,101.41,101.52,6831064.0
2015-12-16 05:00:00,102.59,103.2,101.66,102.75,8292194.0
2015-12-17 05:00:00,100.92,100.99,100.2326,100.5,10156223.0
2015-12-18 05:00:00,101.35,102.53,101.3,102.04,8345864.0
2015-12-21 05:00:00,102.95,103.52,102.83,103.15,6378892.0
2015-12-22 05:00:00,103.09,103.2,102.5599,102.61,4123512.0
2015-12-23 05:00:00,102.4,102.59,102.21,102.31,2821380.0
2015-12-24 05:00:00,102.82,103.05,102.77,103.05,1710153.0
2015-12-28 05:00:00,102.48,102.5962,102.03,102.27,3356190.0
2015-12-29 05:00:00,102.52,102.58,102.11,102.2,2832238.0
2015-12-30 05:00:00,101.47,101.6,101.345,101.42,3744959.0
2015-12-31 05:00:00,101.48,101.72,101.31,101.46,3823564.0
2016-01-04 05:00:00,103.13,103.67,102.485,102.89,6439982.0
2016-01-05 05:00:00,103.13,103.46,102.93,103.18,3500272.0
2016-01-06 05:00:00,104.37,104.8,103.93,104.67,9316599.0
2016-01-07 05:00:00,105.83,106.237,105.19,106.15,11730376.0
2016-01-08 05:00:00,105.48,105.8,105.04,105.68,7678153.0
2016-01-11 05:00:00,105.47,105.566,104.71,104.74,6272359.0
2016-01-12 05:00:00,104.09,104.59,103.65,104.21,5540231.0
2016-01-13 05:00:00,103.89,104.8199,103.78,104.72,7324203.0
2016-01-14 05:00:00,103.75,104.18,102.4985,103.02,9989065.0
2016-01-15 05:00:00,104.92,104.96,103.965,104.08,10052735.0
2016-01-19 05:00:00,104.06,104.45,103.65,103.98,4588405.0
2016-01-20 05:00:00,105.17,106.16,104.94,105.37,10120876.0
2016-01-21 05:00:00,104.99,105.49,104.515,105.49,5425032.0
2016-01-22 05:00:00,104.93,105.51,104.76,105.0,4185326.0
2016-01-25 05:00:00,105.76,106.09,105.6,106.08,6819409.0
2016-01-26 05:00:00,106.32,107.43,106.255,107.29,8443381.0
2016-01-27 05:00:00,106.86,107.93,106.65,107.69,8273353.0
2016-01-28 05:00:00,106.55,106.86,106.48,106.54,5914192.0
2016-01-29 05:00:00,106.61,107.0,106.26,106.9492,8098682.0
2016-02-01 05:00:00,107.54,108.15,107.53,108.05,10471814.0
2016-02-02 05:00:00,107.92,108.18,107.35,108.09,6656018.0
2016-02-03 05:00:00,107.91,109.58,107.9,109.25,15785215.0
2016-02-04 05:00:00,110.45,110.7,109.92,110.57,13213681.0
2016-02-05 05:00:00,109.79,112.35,109.58,112.32,14777267.0
2016-02-08 05:00:00,113.67,114.8692,113.39,113.83,28341176.0
2016-02-09 05:00:00,114.43,114.69,113.55,113.58,18156696.0
2016-02-10 05:00:00,113.92,114.52,112.98,114.46,13311118.0
2016-02-11 05:00:00,118.59,120.84,117.77,119.0592,49138983.0
2016-02-12 05:00:00,118.12,118.74,117.88,118.36,16981163.0
2016-02-16 05:00:00,116.0,116.31,114.74,114.77,14601662.0
2016-02-17 05:00:00,115.47,116.07,114.89,115.48,10582440.0
2016-02-18 05:00:00,115.3,118.595,115.29,118.29,13586529.0
2016-02-19 05:00:00,117.26,117.965,117.1,117.58,15191950.0
2016-02-22 05:00:00,115.44,116.19,115.41,115.49,10677842.0
2016-02-23 05:00:00,116.68,117.42,116.52,117.22,9033429.0
2016-02-24 05:00:00,119.0,119.86,117.35,117.61,17938767.0
2016-02-25 05:00:00,117.62,118.91,117.5401,117.92,12500275.0
2016-02-26 05:00:00,117.43,117.72,115.8637,117.11,12505077.0
2016-02-29 05:00:00,117.59,118.7,117.53,118.64,11517545.0
2016-03-01 05:00:00,118.74,119.11,117.34,117.77,14139278.0
2016-03-02 05:00:00,118.34,118.97,118.07,118.68,8903045.0
2016-03-03 05:00:00,118.86,121.3,118.81,120.73,18724053.0
2016-03-04 05:00:00,121.13,122.37,120.22,120.54,16261054.0
2016-03-07 05:00:00,121.18,121.5801,120.41,121.14,9358611.0
2016-03-08 05:00:00,121.79,121.88,120.47,120.58,11530989.0
2016-03-09 05:00:00,119.2,120.39,118.84,119.58,8672862.0
2016-03-10 05:00:00,120.5,121.76,120.42,121.5,18104896.0
2016-03-11 05:00:00,121.19,121.385,119.36,119.41,10812322.0
2016-03-14 04:00:00,120.27,120.31,117.5,117.87,14236159.0
2016-03-15 04:00:00,117.78,118.04,117.36,117.96,9941816.0
2016-03-16 04:00:00,117.42,120.76,117.34,120.59,17333961.0
2016-03-17 04:00:00,121.16,121.18,120.03,120.13,9914349.0
2016-03-18 04:00:00,119.59,120.34,119.51,119.8,16965893.0
2016-03-21 04:00:00,119.0,119.33,118.73,118.96,7240640.0
2016-03-22 04:00:00,119.73,120.16,118.96,119.31,6786752.0
2016-03-23 04:00:00,116.74,117.12,116.16,116.61,15993672.0
2016-03-24 04:00:00,116.77,116.94,116.3,116.33,6280937.0
2016-03-28 04:00:00,116.73,116.91,116.27,116.6,3879076.0
2016-03-29 04:00:00,117.36,118.81,116.8,118.76,14472350.0
2016-03-30 04:00:00,117.88,118.2,116.91,117.1,10769071.0
2016-03-31 04:00:00,118.161,118.39,117.6,117.64,9348249.0
2016-04-01 04:00:00,116.08,116.98,115.55,116.93,10405379.0
2016-04-04 04:00:00,116.67,116.73,116.07,116.15,7643738.0
2016-04-05 04:00:00,117.76,117.93,117.15,117.66,8865906.0
2016-04-06 04:00:00,116.7,117.385,116.26,116.94,7549435.0
2016-04-07 04:00:00,118.65,118.85,115.0,118.61,11900452.0
2016-04-08 04:00:00,118.07,118.77,117.98,118.43,9078874.0
2016-04-11 04:00:00,119.47,120.3,119.42,120.03,9845964.0
2016-04-12 04:00:00,120.23,120.345,119.55,120.05,9689464.0
2016-04-13 04:00:00,119.37,119.43,118.56,118.77,8841545.0
2016-04-14 04:00:00,118.09,118.1869,116.95,117.11,13165804.0
2016-04-15 04:00:00,117.33,118.12,117.19,117.92,7838146.0
2016-04-18 04:00:00,118.53,118.56,117.63,117.74,5809803.0
2016-04-19 04:00:00,119.87,120.09,119.37,119.58,21031520.0
2016-04-20 04:00:00,119.67,120.08,118.721,118.97,10233193.0
2016-04-21 04:00:00,120.42,120.55,119.13,119.42,14612767.0
2016-04-22 04:00:00,118.71,119.02,117.28,117.89,10047007.0
2016-04-25 04:00:00,118.14,118.7122,118.11,118.23,4369353.0
2016-04-26 04:00:00,118.79,118.89,118.45,118.7,9906835.0
2016-04-27 04:00:00,118.97,119.7,118.43,119.04,7976411.0
2016-04-28 04:00:00,119.92,121.42,119.7301,121.29,15133641.0
2016-04-29 04:00:00,122.43,123.93,122.34,123.65,19043902.0
2016-05-02 04:00:00,123.78,123.96,123.045,123.24,12137459.0
2016-05-03 04:00:00,123.73,123.82,122.51,122.96,9063588.0
2016-05-04 04:00:00,122.85,123.23,121.51,122.21,9398242.0
2016-05-05 04:00:00,122.63,122.7325,121.25,122.07,8846907.0
2016-05-06 04:00:00,122.83,123.805,122.5876,123.18,11366823.0
2016-05-09 04:00:00,121.2,121.285,120.59,120.65,9236166.0
2016-05-10 04:00:00,120.74,121.38,120.08,120.98,9844957.0
2016-05-11 04:00:00,121.85,122.16,121.38,122.12,7590081.0
2016-05-12 04:00:00,122.02,122.39,121.0,121.16,7447120.0
2016-05-13 04:00:00,121.09,121.86,120.66,121.71,7672825.0
2016-05-16 04:00:00,122.93,122.97,121.38,121.8,7103042.0
2016-05-17 04:00:00,121.58,122.52,121.48,122.22,8619848.0
2016-05-18 04:00:00,121.22,121.92,119.88,120.1,13381728.0
2016-05-19 04:00:00,119.0,119.975,118.9201,119.87,14339652.0
2016-05-20 04:00:00,120.19,120.32,119.31,119.71,10379355.0
2016-05-23 04:00:00,118.86,119.6,118.75,119.37,8628234.0
2016-05-24 04:00:00,118.17,118.23,117.25,117.3,12772047.0
2016-05-25 04:00:00,116.59,117.0599,116.32,116.98,10499963.0
2016-05-26 04:00:00,117.57,117.63,116.39,116.58,5893510.0
2016-05-27 04:00:00,116.27,116.36,115.29,115.62,8686689.0
2016-05-31 04:00:00,115.76,116.4,115.5,116.06,8187605.0
2016-06-01 04:00:00,115.97,116.135,115.2,115.94,8399598.0
2016-06-02 04:00:00,115.78,115.97,115.58,115.67,4591562.0
2016-06-03 04:00:00,118.25,118.89,118.23,118.88,14605056.0
2016-06-06 04:00:00,118.89,119.17,118.455,118.92,9887863.0
2016-06-07 04:00:00,118.5,119.02,118.41,118.82,4602865.0
2016-06-08 04:00:00,120.3,120.78,120.23,120.58,11661736.0
2016-06-09 04:00:00,120.61,121.4829,120.55,121.25,12173954.0
2016-06-10 04:00:00,121.55,122.1,121.175,121.74,13939966.0
2016-06-13 04:00:00,122.8,122.83,122.03,122.64,12594223.0
2016-06-14 04:00:00,123.0,123.06,122.3,122.77,11651694.0
2016-06-15 04:00:00,122.52,123.87,122.38,123.68,15053005.0
2016-06-16 04:00:00,125.17,125.67,122.23,122.38,26635004.0
2016-06-17 04:00:00,123.26,124.1,122.69,123.95,15573825.0
2016-06-20 04:00:00,122.26,123.33,122.13,123.21,11866200.0
2016-06-21 04:00:00,121.65,121.86,120.77,120.84,14585633.0
2016-06-22 04:00:00,120.83,121.25,120.68,120.9,7861000.0
2016-06-23 04:00:00,120.48,121.03,120.06,120.11,10704904.0
2016-06-24 04:00:00,126.62,126.82,125.0,126.01,35782892.0
2016-06-27 04:00:00,126.44,127.05,125.83,126.68,21400484.0
2016-06-28 04:00:00,125.56,126.02,125.06,125.32,16001451.0
2016-06-29 04:00:00,125.91,126.81,125.7,125.84,12218444.0
2016-06-30 04:00:00,125.95,126.52,125.5,126.47,15981577.0
2016-07-01 04:00:00,127.66,128.42,127.44,128.41,14940706.0
2016-07-05 04:00:00,128.8,129.59,128.17,129.47,19026247.0
2016-07-06 04:00:00,130.5,131.15,129.82,130.23,17376671.0
2016-07-07 04:00:00,129.82,130.12,128.98,129.74,16508526.0
2016-07-08 04:00:00,129.85,130.52,128.97,130.52,17634218.0
2016-07-11 04:00:00,129.49,129.895,129.16,129.29,10855630.0
2016-07-12 04:00:00,128.52,128.54,126.99,127.15,26459620.0
2016-07-13 04:00:00,128.0,128.43,127.61,128.32,7377686.0
2016-07-14 04:00:00,126.31,127.37,126.03,127.33,12132423.0
2016-07-15 04:00:00,126.38,127.19,126.33,126.84,13892073.0
2016-07-18 04:00:00,127.02,127.5,126.63,127.04,8489677.0
2016-07-19 04:00:00,126.95,127.35,126.82,127.21,5170665.0
2016-07-20 04:00:00,125.5,126.12,125.31,125.39,11777708.0
2016-07-21 04:00:00,125.66,127.37,125.6,127.3,9399212.0
2016-07-22 04:00:00,126.43,126.52,126.01,126.35,7716032.0
2016-07-25 04:00:00,125.53,126.21,125.11,125.47,13139408.0
2016-07-26 04:00:00,126.09,126.14,125.745,126.0,7613155.0
2016-07-27 04:00:00,126.79,128.12,126.04,128.03,17066363.0
2016-07-28 04:00:00,128.09,128.2,127.205,127.66,9261756.0
2016-07-29 04:00:00,128.42,129.41,127.88,128.98,13708194.0
2016-08-01 04:00:00,128.57,129.34,128.56,129.22,7109898.0
2016-08-02 04:00:00,130.04,130.55,129.9449,130.27,7652767.0
2016-08-03 04:00:00,129.95,129.96,129.27,129.65,5010703.0
2016-08-04 04:00:00,130.01,130.28,129.82,129.87,4908131.0
2016-08-05 04:00:00,128.46,128.5466,127.39,127.55,16205122.0
2016-08-08 04:00:00,127.29,127.7,127.274,127.44,6773804.0
2016-08-09 04:00:00,127.94,128.14,127.75,127.96,7500421.0
2016-08-10 04:00:00,129.12,129.2006,128.15,128.56,6196202.0
2016-08-11 04:00:00,128.61,129.19,127.475,127.67,9763821.0
2016-08-12 04:00:00,129.12,129.26,127.2,127.4,15395846.0
2016-08-15 04:00:00,127.62,128.25,127.6,127.84,4530841.0
2016-08-16 04:00:00,128.12,129.04,128.0,128.47,8678143.0
2016-08-17 04:00:00,128.17,128.99,127.46,128.5,12034752.0
2016-08-18 04:00:00,128.89,129.17,128.58,129.11,9500636.0
2016-08-19 04:00:00,128.08,128.67,127.855,127.97,10660119.0
2016-08-22 04:00:00,127.63,127.92,127.45,127.78,8627222.0
2016-08-23 04:00:00,128.14,128.22,127.61,127.76,9038482.0
2016-08-24 04:00:00,126.92,126.9663,126.295,126.34,13539655.0
2016-08-25 04:00:00,125.98,126.31,125.96,126.23,5926294.0
2016-08-26 04:00:00,126.88,128.11,125.82,126.05,17967738.0
2016-08-29 04:00:00,126.0,126.48,125.93,126.3,5562409.0
2016-08-30 04:00:00,125.73,125.95,124.88,125.03,9877044.0
2016-08-31 04:00:00,124.73,125.11,124.64,124.78,13324105.0
2016-09-01 04:00:00,124.67,125.51,124.55,125.29,12877745.0
2016-09-02 04:00:00,126.29,126.57,125.58,126.57,11318572.0
2016-09-06 04:00:00,127.4,129.08,127.27,128.71,15115279.0
2016-09-07 04:00:00,128.79,128.86,128.12,128.27,8859847.0
2016-09-08 04:00:00,128.16,128.52,127.4,127.59,10561791.0
2016-09-09 04:00:00,127.24,127.51,126.7,126.75,12485597.0
2016-09-12 04:00:00,126.31,126.92,125.97,126.59,11140336.0
2016-09-13 04:00:00,126.47,126.6,125.53,125.75,8866372.0
2016-09-14 04:00:00,126.1,126.54,126.03,126.18,5820694.0
2016-09-15 04:00:00,125.73,126.1,124.91,125.37,12978856.0
2016-09-16 04:00:00,124.81,125.245,124.67,125.06,18995065.0
2016-09-19 04:00:00,125.61,125.62,125.25,125.32,4959637.0
2016-09-20 04:00:00,125.31,125.59,125.17,125.44,5672021.0
2016-09-21 04:00:00,126.33,127.42,125.96,127.27,13646448.0
2016-09-22 04:00:00,127.57,128.2,127.5,127.57,15188007.0
2016-09-23 04:00:00,127.6,127.86,127.43,127.65,7702291.0
2016-09-26 04:00:00,127.96,128.035,127.42,127.55,5842740.0
2016-09-27 04:00:00,126.86,126.9,126.341,126.62,6220662.0
2016-09-28 04:00:00,126.25,126.4,125.73,126.22,6757652.0
2016-09-29 04:00:00,125.84,126.34,125.54,126.07,7448407.0
2016-09-30 04:00:00,126.52,126.55,125.235,125.64,11204261.0
2016-10-03 04:00:00,125.32,125.46,124.9,125.32,9044105.0
2016-10-04 04:00:00,123.16,123.18,120.86,120.97,24372722.0
2016-10-05 04:00:00,121.33,121.59,120.4,120.78,14718120.0
2016-10-06 04:00:00,119.69,119.98,119.24,119.66,17917672.0
2016-10-07 04:00:00,120.49,120.58,118.42,119.74,17907270.0
2016-10-10 04:00:00,120.16,120.42,119.92,120.16,4514368.0
2016-10-11 04:00:00,119.92,120.16,119.53,119.55,6065330.0
2016-10-12 04:00:00,119.72,120.07,119.289,119.74,4848622.0
2016-10-13 04:00:00,120.0,120.42,119.8,120.03,7184647.0
2016-10-14 04:00:00,119.37,120.16,119.29,119.36,6577309.0
2016-10-17 04:00:00,119.7,119.92,119.58,119.68,4777878.0
2016-10-18 04:00:00,120.08,120.64,119.82,120.42,4919730.0
2016-10-19 04:00:00,121.13,121.4565,120.89,121.11,6019772.0
2016-10-20 04:00:00,121.39,121.59,120.63,120.74,6496724.0
2016-10-21 04:00:00,120.9,120.925,120.55,120.83,6707783.0
2016-10-24 04:00:00,121.28,121.3,120.16,120.56,5481119.0
2016-10-25 04:00:00,120.89,121.76,120.855,121.47,6141110.0
2016-10-26 04:00:00,121.37,121.53,120.61,120.79,3905914.0
2016-10-27 04:00:00,121.11,121.18,120.75,121.01,4335994.0
2016-10-28 04:00:00,121.2,122.48,120.81,121.58,11639887.0
2016-10-31 04:00:00,121.51,122.0,121.23,121.94,7722055.0
2016-11-01 04:00:00,122.8,123.21,122.57,122.73,13384307.0
2016-11-02 04:00:00,123.76,124.76,123.56,123.64,15692420.0
2016-11-03 04:00:00,123.36,124.33,123.35,124.3,10093107.0
2016-11-04 04:00:00,124.4,124.54,124.04,124.39,8594613.0
2016-11-07 05:00:00,122.66,122.71,121.88,122.15,10014986.0
2016-11-08 05:00:00,122.12,123.09,121.36,121.64,9480647.0
2016-11-09 05:00:00,124.3,124.35,121.105,121.56,18236450.0
2016-11-10 05:00:00,121.52,121.54,119.38,119.75,22267962.0
2016-11-11 05:00:00,119.65,119.69,116.23,117.1,20381828.0
2016-11-14 05:00:00,116.12,117.14,115.49,116.11,20729377.0
2016-11-15 05:00:00,116.46,117.24,116.29,117.12,9348572.0
2016-11-16 05:00:00,117.27,117.27,116.58,116.77,5486129.0
2016-11-17 05:00:00,116.91,117.22,115.44,116.17,10342274.0
2016-11-18 05:00:00,115.52,115.77,114.96,115.15,10444285.0
2016-11-21 05:00:00,115.72,115.94,115.29,115.58,6654155.0
2016-11-22 05:00:00,115.72,115.79,114.98,115.54,6391928.0
2016-11-23 05:00:00,113.87,113.88,112.65,113.25,20982117.0
2016-11-25 05:00:00,113.42,113.51,112.35,112.61,5345889.0
2016-11-28 05:00:00,113.23,113.84,112.77,113.8,5655402.0
2016-11-29 05:00:00,112.76,113.48,112.6901,113.27,7438616.0
2016-11-30 05:00:00,112.69,112.79,111.5,111.75,10925538.0
2016-12-01 05:00:00,111.11,111.99,110.63,111.54,10236970.0
2016-12-02 05:00:00,111.89,112.32,111.78,112.14,7416468.0
2016-12-05 05:00:00,111.15,112.11,110.31,111.54,10187891.0
2016-12-06 05:00:00,111.69,112.03,111.19,111.43,5533689.0
2016-12-07 05:00:00,112.13,112.5,111.77,111.83,4901840.0
2016-12-08 05:00:00,111.72,111.8711,111.46,111.57,5977792.0
2016-12-09 05:00:00,111.18,111.25,110.19,110.4,10507697.0
2016-12-12 05:00:00,110.59,111.11,110.2659,110.82,6156717.0
2016-12-13 05:00:00,110.57,110.79,110.06,110.45,7961600.0
2016-12-14 05:00:00,110.95,110.98,108.52,108.83,12933647.0
2016-12-15 05:00:00,107.85,107.99,107.0,107.34,14427539.0
2016-12-16 05:00:00,107.95,108.78,107.475,108.05,10602807.0
2016-12-19 05:00:00,108.6,108.88,108.34,108.59,5339066.0
2016-12-20 05:00:00,107.47,107.997,107.2942,107.79,7321100.0
2016-12-21 05:00:00,108.25,108.3125,107.68,107.85,5188680.0
2016-12-22 05:00:00,107.68,108.1,107.49,107.59,4942759.0
2016-12-23 05:00:00,107.84,108.25,107.8,107.93,5012242.0
2016-12-27 05:00:00,108.61,108.67,108.24,108.56,3685504.0
2016-12-28 05:00:00,108.4,108.91,108.29,108.86,5091228.0
2016-12-29 05:00:00,109.23,110.53,109.16,110.29,7563896.0
2016-12-30 05:00:00,110.38,110.62,109.53,109.61,8873725.0
2017-01-03 05:00:00,109.62,111.0,109.37,110.47,7527353.0
2017-01-04 05:00:00,111.06,111.22,110.61,110.86,4904119.0
2017-01-05 05:00:00,112.16,112.94,112.07,112.58,9606761.0
2017-01-06 05:00:00,111.81,112.38,111.57,111.75,7686070.0
2017-01-09 05:00:00,112.39,113.0399,112.18,112.67,5674636.0
2017-01-10 05:00:00,112.94,113.45,112.635,113.15,6093404.0
2017-01-11 05:00:00,112.87,114.19,112.17,113.5,9918689.0
2017-01-12 05:00:00,114.52,114.93,113.805,113.91,8457319.0
2017-01-13 05:00:00,113.65,114.31,113.19,114.21,7261454.0
2017-01-17 05:00:00,115.89,115.96,115.495,115.85,9142370.0
2017-01-18 05:00:00,115.74,115.92,114.56,114.87,6498109.0
2017-01-19 05:00:00,114.32,114.96,113.935,114.77,6437008.0
2017-01-20 05:00:00,114.65,115.76,114.32,115.05,12261510.0
2017-01-23 05:00:00,115.51,116.17,115.2,115.79,6373102.0
2017-01-24 05:00:00,115.69,116.02,114.94,115.27,5798840.0
2017-01-25 05:00:00,114.14,114.44,113.68,114.32,6697523.0
2017-01-26 05:00:00,113.24,113.505,112.83,113.26,5390463.0
2017-01-27 05:00:00,112.93,113.545,112.81,113.49,6706570.0
2017-01-30 05:00:00,113.61,114.3,113.535,113.97,7687782.0
2017-01-31 05:00:00,115.27,115.8173,115.18,115.55,10421882.0
2017-02-01 05:00:00,114.66,115.45,114.14,115.2,6932889.0
2017-02-02 05:00:00,116.26,116.57,115.625,115.84,7189461.0
2017-02-03 05:00:00,115.73,116.365,115.71,116.13,9455464.0
2017-02-06 05:00:00,117.07,117.74,116.74,117.7,8547843.0
2017-02-07 05:00:00,117.31,117.74,117.2,117.46,8621039.0
2017-02-08 05:00:00,118.09,118.59,117.81,118.19,9633443.0
2017-02-09 05:00:00,118.32,118.58,117.2,117.29,8177210.0
2017-02-10 05:00:00,116.68,117.86,116.67,117.6,9072146.0
2017-02-13 05:00:00,116.73,116.95,116.15,116.8,7354924.0
2017-02-14 05:00:00,117.51,117.56,116.38,116.93,6927842.0
2017-02-15 05:00:00,116.33,117.48,116.2466,117.45,7088419.0
2017-02-16 05:00:00,117.93,118.35,117.83,118.08,6378650.0
2017-02-17 05:00:00,118.19,118.4,117.6201,117.68,7338065.0
2017-02-21 05:00:00,117.04,118.0,116.77,117.75,6166875.0
2017-02-22 05:00:00,117.86,118.02,117.24,117.91,6057179.0
2017-02-23 05:00:00,118.76,119.155,118.675,118.94,7523304.0
2017-02-24 05:00:00,119.74,119.88,119.25,119.7,9808957.0
2017-02-27 05:00:00,119.73,120.4,119.12,119.12,9263499.0
2017-02-28 05:00:00,119.71,119.84,118.82,119.23,8727832.0
2017-03-01 05:00:00,117.98,119.12,117.95,119.06,8679637.0
2017-03-02 05:00:00,117.76,118.34,117.225,117.58,10986262.0
2017-03-03 05:00:00,116.95,117.73,116.44,117.51,10665818.0
2017-03-06 05:00:00,117.35,117.35,116.63,116.72,4883547.0
2017-03-07 05:00:00,116.13,116.25,115.615,115.78,6846277.0
2017-03-08 05:00:00,114.99,115.36,114.945,115.06,7620924.0
2017-03-09 05:00:00,114.78,115.025,114.405,114.47,6410916.0
2017-03-10 05:00:00,114.45,114.73,114.13,114.72,7929500.0
2017-03-13 04:00:00,114.63,114.91,114.505,114.74,5807391.0
2017-03-14 04:00:00,114.54,115.01,114.025,114.12,5301810.0
2017-03-15 04:00:00,114.29,116.25,114.02,116.25,13524082.0
2017-03-16 04:00:00,117.27,117.29,116.69,116.73,9322018.0
2017-03-17 04:00:00,117.04,117.27,116.91,116.99,4683039.0
2017-03-20 04:00:00,117.31,117.595,117.205,117.5645,4000202.0
2017-03-21 04:00:00,117.77,118.8,117.76,118.54,9567932.0
2017-03-22 04:00:00,118.87,119.15,118.68,118.83,7287350.0
2017-03-23 04:00:00,119.15,119.25,118.32,118.67,6201129.0
2017-03-24 04:00:00,118.5,119.21,118.39,118.86,6879634.0
2017-03-27 04:00:00,119.93,120.08,119.27,119.53,8519573.0
2017-03-28 04:00:00,119.74,119.83,118.78,119.04,7112787.0
2017-03-29 04:00:00,119.22,119.45,119.047,119.33,4911042.0
2017-03-30 04:00:00,118.77,119.12,118.32,118.47,6894572.0
2017-03-31 04:00:00,118.61,119.08,118.46,118.72,8520847.0
2017-04-03 04:00:00,118.69,119.37,118.67,119.35,6105704.0
2017-04-04 04:00:00,119.59,119.77,119.38,119.62,4687301.0
2017-04-05 04:00:00,118.62,119.63,118.4,119.62,8105952.0
2017-04-06 04:00:00,119.22,119.42,118.975,119.18,4633470.0
2017-04-07 04:00:00,120.3,120.67,119.14,119.46,12351114.0
2017-04-10 04:00:00,119.04,119.69,118.85,119.46,4623673.0
2017-04-11 04:00:00,120.33,121.4,120.29,121.19,12455294.0
2017-04-12 04:00:00,121.38,122.22,121.14,122.02,9502540.0
2017-04-13 04:00:00,122.54,122.65,122.03,122.6,9892641.0
2017-04-17 04:00:00,122.55,123.07,121.99,122.24,8469580.0
2017-04-18 04:00:00,122.43,123.0292,121.73,122.82,10903701.0
2017-04-19 04:00:00,122.25,122.26,121.28,121.73,8472702.0
2017-04-20 04:00:00,121.82,122.17,121.5,121.96,11787330.0
2017-04-21 04:00:00,122.14,122.61,121.73,122.31,15608031.0
2017-04-24 04:00:00,120.77,121.51,120.6601,121.48,11053559.0
2017-04-25 04:00:00,120.53,120.87,120.05,120.25,10344784.0
2017-04-26 04:00:00,120.21,120.96,119.87,120.84,9758844.0
2017-04-27 04:00:00,120.42,120.5975,119.97,120.39,8266954.0
2017-04-28 04:00:00,120.34,120.77,120.27,120.77,9134246.0
2017-05-01 04:00:00,120.21,120.75,119.35,119.67,9331809.0
2017-05-02 04:00:00,119.3,119.65,119.24,119.65,4900784.0
2017-05-03 04:00:00,119.18,119.34,117.92,117.98,10811052.0
2017-05-04 04:00:00,116.81,117.28,116.63,116.79,12406931.0
2017-05-05 04:00:00,116.86,117.07,116.68,117.01,7127199.0
2017-05-08 04:00:00,117.03,117.14,116.68,116.75,5438375.0
2017-05-09 04:00:00,116.18,116.24,115.56,116.05,6801280.0
2017-05-10 04:00:00,116.42,116.4999,115.86,116.04,4290459.0
2017-05-11 04:00:00,116.21,116.845,116.185,116.5,6274368.0
2017-05-12 04:00:00,117.07,117.16,116.73,116.83,5434477.0
2017-05-15 04:00:00,117.52,117.54,116.99,117.14,5019589.0
2017-05-16 04:00:00,117.45,117.91,117.4,117.65,4942822.0
2017-05-17 04:00:00,119.36,120.02,119.27,119.79,13936876.0
2017-05-18 04:00:00,119.77,119.84,118.56,118.81,10341141.0
2017-05-19 04:00:00,119.39,119.545,118.88,119.4,6787254.0
2017-05-22 04:00:00,119.63,120.14,119.58,119.9,5132485.0
2017-05-23 04:00:00,120.13,120.19,118.9841,119.14,8305434.0
2017-05-24 04:00:00,119.07,119.7425,118.915,119.61,7064911.0
2017-05-25 04:00:00,119.52,119.695,119.29,119.48,4105092.0
2017-05-26 04:00:00,120.49,120.79,120.33,120.54,6791648.0
2017-05-30 04:00:00,120.24,120.33,119.95,120.14,4507493.0
2017-05-31 04:00:00,120.31,121.23,120.26,120.62,10360724.0
2017-06-01 04:00:00,120.17,120.74,120.06,120.72,8702543.0
2017-06-02 04:00:00,121.31,121.71,121.19,121.61,7268054.0
2017-06-05 04:00:00,121.91,121.94,121.58,121.73,3979162.0
2017-06-06 04:00:00,123.09,123.31,122.77,123.1,10798527.0
2017-06-07 04:00:00,122.79,123.16,122.015,122.45,9039175.0
2017-06-08 04:00:00,122.07,122.08,120.95,121.65,8169807.0
2017-06-09 04:00:00,120.46,120.91,120.4,120.54,7054664.0
2017-06-12 04:00:00,120.33,120.685,120.265,120.36,4927375.0
2017-06-13 04:00:00,119.95,120.71,119.92,120.48,3786628.0
2017-06-14 04:00:00,121.51,121.88,119.57,119.82,21124841.0
2017-06-15 04:00:00,119.22,119.5,119.1275,119.32,6796668.0
2017-06-16 04:00:00,119.35,119.5,119.24,119.34,6435674.0
2017-06-19 04:00:00,118.74,118.84,118.33,118.43,6786973.0
2017-06-20 04:00:00,118.42,118.46,118.07,118.18,4617387.0
2017-06-21 04:00:00,118.15,118.66,118.15,118.52,4723749.0
2017-06-22 04:00:00,119.13,119.1978,118.6,118.92,5811927.0
2017-06-23 04:00:00,119.65,119.66,119.31,119.43,9258628.0
2017-06-26 04:00:00,118.29,118.535,118.17,118.36,6593380.0
2017-06-27 04:00:00,118.87,119.05,118.481,118.81,5759344.0
2017-06-28 04:00:00,119.06,119.06,118.685,118.9,4220130.0
2017-06-29 04:00:00,117.97,118.64,117.91,118.32,7705165.0
2017-06-30 04:00:00,118.08,118.41,117.95,118.02,7272612.0
2017-07-03 04:00:00,116.54,116.85,115.94,116.09,12145049.0
2017-07-05 04:00:00,115.91,116.67,115.87,116.52,7223256.0
2017-07-06 04:00:00,116.58,116.61,116.24,116.47,4443390.0
2017-07-07 04:00:00,115.78,115.79,114.8,115.28,11153608.0
2017-07-10 04:00:00,115.02,115.57,114.83,115.47,4970886.0
2017-07-11 04:00:00,115.26,115.77,114.88,115.62,6637939.0
2017-07-12 04:00:00,116.21,116.33,115.87,116.03,4654361.0
2017-07-13 04:00:00,116.04,116.04,115.67,115.82,4148935.0
2017-07-14 04:00:00,117.04,117.25,116.64,116.77,5788219.0
2017-07-17 04:00:00,117.42,117.53,117.23,117.29,5170849.0
2017-07-18 04:00:00,117.99,118.33,117.88,118.11,7158573.0
2017-07-19 04:00:00,118.18,118.27,117.8363,118.08,3205142.0
2017-07-20 04:00:00,117.92,118.62,117.66,118.24,5571648.0
2017-07-21 04:00:00,119.0,119.39,118.751,119.26,10135919.0
2017-07-24 04:00:00,119.52,119.5762,119.18,119.31,3654331.0
2017-07-25 04:00:00,118.99,119.32,118.79,118.92,6202988.0
2017-07-26 04:00:00,118.57,120.15,118.55,119.88,8527944.0
2017-07-27 04:00:00,120.1,120.14,119.28,119.79,6385216.0
2017-07-28 04:00:00,120.15,120.8558,120.14,120.69,7393606.0
2017-07-31 04:00:00,120.5,120.805,120.45,120.75,3944561.0
2017-08-01 04:00:00,120.44,121.14,120.44,120.65,7365056.0
2017-08-02 04:00:00,120.51,121.02,120.34,120.4,5945279.0
2017-08-03 04:00:00,120.31,120.83,120.31,120.59,4275576.0
2017-08-04 04:00:00,119.97,120.039,119.2201,119.65,8644781.0
2017-08-07 04:00:00,119.43,119.79,119.43,119.51,3010138.0
2017-08-08 04:00:00,120.02,120.12,118.97,119.86,7227220.0
2017-08-09 04:00:00,121.02,121.55,120.76,121.31,9186236.0
2017-08-10 04:00:00,122.08,122.44,122.03,122.21,9817872.0
2017-08-11 04:00:00,122.24,122.83,122.03,122.79,8019519.0
2017-08-14 04:00:00,121.98,122.24,121.6845,121.92,6035297.0
2017-08-15 04:00:00,120.6,121.2299,120.5828,120.98,6731340.0
2017-08-16 04:00:00,120.66,122.06,120.66,121.87,8267341.0
2017-08-17 04:00:00,122.29,122.6099,121.76,122.49,8183805.0
2017-08-18 04:00:00,123.37,123.54,122.0,122.3,13654226.0
2017-08-21 04:00:00,122.54,122.981,122.5,122.76,5549687.0
2017-08-22 04:00:00,122.56,122.56,121.85,122.21,6493937.0
2017-08-23 04:00:00,122.58,122.69,122.31,122.67,5038391.0
2017-08-24 04:00:00,122.39,122.64,122.13,122.29,4193396.0
2017-08-25 04:00:00,122.77,123.02,121.29,122.74,12398247.0
2017-08-28 04:00:00,123.33,124.73,123.33,124.69,11578265.0
2017-08-29 04:00:00,125.81,125.87,124.0545,124.42,9861471.0
2017-08-30 04:00:00,124.33,124.62,124.16,124.36,6328422.0
2017-08-31 04:00:00,124.58,125.84,124.55,125.82,11775530.0
2017-09-01 04:00:00,126.01,126.17,125.12,126.06,11567404.0
2017-09-05 04:00:00,126.65,127.78,126.57,127.46,11813065.0
2017-09-06 04:00:00,127.34,127.44,126.55,126.81,10059273.0
2017-09-07 04:00:00,127.56,128.32,127.39,128.13,10219719.0
2017-09-08 04:00:00,128.205,128.3,127.59,127.97,9020001.0
2017-09-11 04:00:00,126.74,126.94,126.045,126.19,9126591.0
2017-09-12 04:00:00,126.03,126.59,125.94,126.56,8349012.0
2017-09-13 04:00:00,126.4,126.45,125.5,125.61,8490963.0
2017-09-14 04:00:00,125.66,126.44,125.62,126.16,5330663.0
2017-09-15 04:00:00,125.99,125.99,125.41,125.53,8375074.0
2017-09-18 04:00:00,124.71,124.76,123.965,124.36,8859807.0
2017-09-19 04:00:00,124.49,124.65,124.03,124.62,5826537.0
2017-09-20 04:00:00,124.68,125.0599,123.15,123.62,11415431.0
2017-09-21 04:00:00,122.56,123.07,122.49,122.68,7757897.0
2017-09-22 04:00:00,123.03,123.39,122.9348,123.24,6011928.0
2017-09-25 04:00:00,122.78,124.66,122.71,124.53,10257209.0
2017-09-26 04:00:00,123.57,123.81,122.9,123.14,8673582.0
2017-09-27 04:00:00,122.04,122.51,121.88,121.98,6903944.0
2017-09-28 04:00:00,122.04,122.475,121.83,122.21,5968213.0
2017-09-29 04:00:00,122.29,122.3,121.55,121.58,10207991.0
2017-10-02 04:00:00,121.17,121.34,120.74,120.77,11755378.0
2017-10-03 04:00:00,120.72,121.1,120.7041,120.83,3728655.0
2017-10-04 04:00:00,121.21,121.27,120.7101,121.17,6475238.0
2017-10-05 04:00:00,121.15,121.24,120.395,120.52,6205423.0
2017-10-06 04:00:00,120.26,121.21,119.7835,121.09,10013282.0
2017-10-09 04:00:00,121.64,122.11,121.551,122.08,5264116.0
2017-10-10 04:00:00,122.62,122.97,122.36,122.4,9315476.0
2017-10-11 04:00:00,122.57,122.88,122.03,122.79,5649430.0
2017-10-12 04:00:00,122.84,123.035,122.5,122.89,3037576.0
2017-10-13 04:00:00,123.66,123.86,123.34,123.82,6820348.0
2017-10-16 04:00:00,123.82,123.97,122.57,122.97,8201979.0
2017-10-17 04:00:00,122.03,122.32,121.73,122.13,7041261.0
2017-10-18 04:00:00,121.71,121.94,121.55,121.67,3666407.0
2017-10-19 04:00:00,122.2,122.55,122.111,122.39,5567279.0
2017-10-20 04:00:00,121.68,121.98,121.39,121.61,8481102.0
2017-10-23 04:00:00,120.98,121.9,120.96,121.8,5069650.0
2017-10-24 04:00:00,121.26,121.71,120.98,121.33,5114120.0
2017-10-25 04:00:00,121.31,121.5899,120.84,121.35,4282369.0
2017-10-26 04:00:00,121.16,121.16,120.22,120.33,6438806.0
2017-10-27 04:00:00,120.38,120.99,120.21,120.9,6664180.0
2017-10-30 04:00:00,120.93,121.47,120.8,121.13,5119241.0
2017-10-31 04:00:00,120.82,120.84,120.38,120.67,3910495.0
2017-11-01 04:00:00,120.98,121.55,120.835,121.11,4647787.0
2017-11-02 04:00:00,121.29,121.96,121.05,121.19,5369504.0
2017-11-03 04:00:00,121.36,121.43,120.1844,120.62,6330642.0
2017-11-06 05:00:00,120.72,121.85,120.68,121.65,6953772.0
2017-11-07 05:00:00,121.51,121.56,120.78,121.21,4165933.0
2017-11-08 05:00:00,121.95,122.25,121.59,121.63,5565212.0
2017-11-09 05:00:00,121.85,122.41,121.73,122.13,6072442.0
2017-11-10 05:00:00,121.99,122.11,120.935,121.13,7116200.0
2017-11-13 05:00:00,121.43,121.55,121.27,121.31,6249346.0
2017-11-14 05:00:00,120.9,121.91,120.77,121.56,6188992.0
2017-11-15 05:00:00,122.13,122.36,121.25,121.41,4984812.0
2017-11-16 05:00:00,121.45,121.71,121.29,121.4,2796545.0
2017-11-17 05:00:00,122.15,123.17,121.95,122.86,10613955.0
2017-11-20 05:00:00,122.3,122.41,121.04,121.31,8356673.0
2017-11-21 05:00:00,121.67,122.0,121.5,121.51,4956456.0
2017-11-22 05:00:00,122.26,122.95,122.17,122.63,5211832.0
2017-11-24 05:00:00,122.36,122.61,122.22,122.32,1779705.0
2017-11-27 05:00:00,123.26,123.33,122.67,122.83,4961215.0
2017-11-28 05:00:00,123.05,123.17,122.53,122.81,5603112.0
2017-11-29 05:00:00,122.24,122.33,121.74,122.04,6138941.0
2017-11-30 05:00:00,121.44,121.695,120.64,121.1,7936260.0
2017-12-01 05:00:00,120.94,122.43,120.74,121.59,13080101.0
2017-12-04 05:00:00,121.15,121.2,120.84,121.18,6943679.0
2017-12-05 05:00:00,120.44,120.505,119.72,120.32,10041159.0
2017-12-06 05:00:00,120.03,120.44,119.87,120.07,6643006.0
2017-12-07 05:00:00,119.01,119.24,118.1,118.49,12900240.0
2017-12-08 05:00:00,118.63,118.92,118.33,118.48,5231287.0
2017-12-11 05:00:00,118.37,118.54,117.8,118.01,4522244.0
2017-12-12 05:00:00,117.73,118.17,117.4,118.15,8020109.0
2017-12-13 05:00:00,118.19,119.35,118.01,119.17,10086657.0
2017-12-14 05:00:00,119.1,119.285,118.705,118.93,6993592.0
2017-12-15 05:00:00,119.41,119.5,118.97,119.18,7531964.0
2017-12-18 05:00:00,119.63,119.99,119.6,119.73,5452212.0
2017-12-19 05:00:00,119.67,119.9,119.53,119.82,4018885.0
2017-12-20 05:00:00,119.98,120.36,119.81,120.14,5734625.0
2017-12-21 05:00:00,120.07,120.45,120.0,120.31,4823709.0
2017-12-22 05:00:00,120.67,121.14,120.57,120.94,5791312.0
2017-12-26 05:00:00,121.55,121.87,121.51,121.77,8224411.0
2017-12-27 05:00:00,122.0,122.34,121.875,122.23,6232678.0
2017-12-28 05:00:00,122.82,122.92,122.56,122.85,5732725.0
2017-12-29 05:00:00,123.7,124.085,123.46,123.65,7852109.0
2018-01-02 05:00:00,124.66,125.18,124.39,125.15,11762515.0
2018-01-03 05:00:00,125.05,125.09,124.101,124.82,7904326.0
2018-01-04 05:00:00,124.89,125.85,124.74,125.46,7329718.0
2018-01-05 05:00:00,124.93,125.48,124.83,125.33,5739904.0
2018-01-08 05:00:00,125.2,125.32,124.9,125.31,3566707.0
2018-01-09 05:00:00,124.49,124.86,124.23,124.73,9153584.0
2018-01-10 05:00:00,125.17,125.31,124.72,125.03,14809303.0
2018-01-11 05:00:00,125.37,125.66,125.25,125.44,5994730.0
2018-01-12 05:00:00,126.01,127.13,125.81,126.96,9258570.0
2018-01-16 05:00:00,126.6,127.18,126.4,127.17,8083895.0
2018-01-17 05:00:00,126.77,127.22,125.9,126.14,10130509.0
2018-01-18 05:00:00,126.13,126.52,125.8,125.86,6289271.0
2018-01-19 05:00:00,126.57,126.73,126.41,126.42,8773753.0
2018-01-22 05:00:00,126.51,126.75,126.28,126.65,4893546.0
2018-01-23 05:00:00,126.53,127.35,126.34,127.28,6190410.0
2018-01-24 05:00:00,128.39,129.265,128.2338,128.83,11827554.0
2018-01-25 05:00:00,128.69,129.515,127.36,127.97,15219664.0
2018-01-26 05:00:00,128.24,128.52,127.97,128.07,7828744.0
2018-01-29 05:00:00,127.58,127.63,126.915,127.35,6956392.0
2018-01-30 05:00:00,127.91,127.9167,126.74,126.8,9736105.0
2018-01-31 05:00:00,127.45,127.85,126.4,127.65,13418904.0
2018-02-01 05:00:00,127.18,128.15,127.08,128.07,10854639.0
2018-02-02 05:00:00,126.81,126.85,125.955,126.39,16789214.0
2018-02-05 05:00:00,126.82,127.31,126.44,126.71,13596327.0
2018-02-06 05:00:00,126.54,126.55,125.22,125.38,17672450.0
2018-02-07 05:00:00,125.48,125.77,124.41,124.79,8558460.0
2018-02-08 05:00:00,124.92,125.44,124.51,124.98,7343637.0
2018-02-09 05:00:00,124.65,125.14,124.39,124.77,14140696.0
2018-02-12 05:00:00,125.19,125.82,125.11,125.37,6984852.0
2018-02-13 05:00:00,125.67,126.18,125.52,126.08,5321327.0
2018-02-14 05:00:00,126.47,128.59,126.29,128.23,16416413.0
2018-02-15 05:00:00,128.43,128.569,127.94,128.38,7276495.0
2018-02-16 05:00:00,128.3,128.7,127.5689,127.96,7956921.0
2018-02-20 05:00:00,127.28,127.4,126.04,126.24,11148745.0
2018-02-21 05:00:00,126.36,126.76,125.44,125.66,7908753.0
2018-02-22 05:00:00,125.92,126.37,125.88,126.3,5346347.0
2018-02-23 05:00:00,126.06,126.3,125.85,126.14,4239709.0
2018-02-26 05:00:00,126.45,126.62,126.18,126.45,3194743.0
2018-02-27 05:00:00,126.06,126.15,124.59,125.13,7082301.0
2018-02-28 05:00:00,125.09,125.46,124.81,125.0,4534884.0
2018-03-01 05:00:00,124.15,125.31,123.575,124.72,12910071.0
2018-03-02 05:00:00,125.67,125.69,124.97,125.39,9994341.0
2018-03-05 05:00:00,125.35,125.48,124.96,125.18,5778343.0
2018-03-06 05:00:00,126.2,126.9563,126.13,126.53,8676781.0
2018-03-07 05:00:00,126.22,126.29,125.42,125.72,5158674.0
2018-03-08 05:00:00,125.69,125.7,125.125,125.42,3474944.0
2018-03-09 05:00:00,124.94,125.69,124.78,125.54,5066833.0
2018-03-12 04:00:00,125.04,125.57,124.84,125.54,2884269.0
2018-03-13 04:00:00,125.67,125.99,125.05,125.78,4798303.0
2018-03-14 04:00:00,125.49,125.76,125.34,125.7,3777021.0
2018-03-15 04:00:00,125.12,125.21,124.72,124.9,6130124.0
2018-03-16 04:00:00,124.84,124.87,124.21,124.6,7402188.0
2018-03-19 04:00:00,124.57,125.16,124.42,124.87,4335420.0
2018-03-20 04:00:00,124.41,124.55,123.96,124.31,3399440.0
2018-03-21 04:00:00,125.4,126.76,125.03,126.48,12532035.0
2018-03-22 04:00:00,126.09,126.34,125.64,125.98,5298709.0
2018-03-23 04:00:00,127.82,128.06,127.4054,127.61,12025882.0
2018-03-26 04:00:00,128.05,128.58,128.0107,128.28,6169843.0
2018-03-27 04:00:00,127.23,127.62,127.05,127.49,6180707.0
2018-03-28 04:00:00,126.48,126.61,125.51,125.73,10254883.0
2018-03-29 04:00:00,125.42,125.81,125.31,125.79,7117156.0
2018-04-02 04:00:00,126.65,127.54,126.375,127.26,11421144.0
2018-04-03 04:00:00,126.54,126.59,126.01,126.3,6083717.0
2018-04-04 04:00:00,127.5,127.53,126.32,126.45,7488254.0
2018-04-05 04:00:00,125.45,126.0825,125.425,125.8,5332957.0
2018-04-06 04:00:00,126.57,126.6,126.125,126.39,6121225.0
2018-04-09 04:00:00,126.45,126.86,126.23,126.82,4189864.0
2018-04-10 04:00:00,127.02,127.305,126.67,127.12,5403992.0
2018-04-11 04:00:00,128.09,129.47,127.78,128.11,12348564.0
2018-04-12 04:00:00,127.25,127.34,126.47,126.62,8141339.0
2018-04-13 04:00:00,127.07,127.75,127.03,127.45,6821338.0
2018-04-16 04:00:00,127.74,128.05,127.57,127.63,4600039.0
2018-04-17 04:00:00,127.02,127.78,127.001,127.75,4184077.0
2018-04-18 04:00:00,128.32,128.54,127.751,127.85,6755575.0
2018-04-19 04:00:00,127.81,127.8839,127.13,127.6,8736103.0
2018-04-20 04:00:00,126.69,126.97,126.55,126.63,10403128.0
2018-04-23 04:00:00,125.62,125.76,125.3412,125.62,6921519.0
2018-04-24 04:00:00,125.78,126.34,125.67,126.23,4733107.0
2018-04-25 04:00:00,125.23,125.51,125.06,125.41,5985694.0
2018-04-26 04:00:00,125.54,125.57,124.69,124.97,7517135.0
2018-04-27 04:00:00,125.2,125.62,125.17,125.5,5653996.0
2018-04-30 04:00:00,124.41,125.2,124.1901,124.59,9830612.0
2018-05-01 04:00:00,123.9,123.9848,123.39,123.71,7551577.0
2018-05-02 04:00:00,123.9,124.54,123.58,123.65,7614019.0
2018-05-03 04:00:00,124.66,124.76,124.24,124.28,4857387.0
2018-05-04 04:00:00,124.1,124.65,124.0,124.54,5883574.0
2018-05-07 04:00:00,124.5,124.7,124.3,124.57,3397508.0
2018-05-08 04:00:00,124.14,124.95,123.79,124.59,5551078.0
2018-05-09 04:00:00,124.45,124.87,124.24,124.33,4405593.0
2018-05-10 04:00:00,125.22,125.3724,124.75,125.18,5218356.0
2018-05-11 04:00:00,125.57,125.59,124.94,125.0,4299164.0
2018-05-14 04:00:00,125.16,125.21,124.44,124.49,3753223.0
2018-05-15 04:00:00,122.82,122.82,122.13,122.48,10911900.0
2018-05-16 04:00:00,122.38,122.61,122.03,122.29,4943275.0
2018-05-17 04:00:00,122.23,122.43,122.04,122.36,7781336.0
2018-05-18 04:00:00,122.05,122.65,122.01,122.41,6837125.0
2018-05-21 04:00:00,122.16,122.53,121.97,122.48,4126673.0
2018-05-22 04:00:00,122.7,122.74,122.34,122.41,4579602.0
2018-05-23 04:00:00,122.14,122.74,122.11,122.54,7007256.0
2018-05-24 04:00:00,123.1,123.82,123.08,123.59,8850085.0
2018-05-25 04:00:00,123.66,123.7,123.21,123.21,7920650.0
2018-05-29 04:00:00,122.84,123.64,122.66,123.19,9013170.0
2018-05-30 04:00:00,123.17,123.61,123.17,123.37,4573697.0
2018-05-31 04:00:00,123.26,123.78,123.1,123.1,7862495.0
2018-06-01 04:00:00,122.58,123.09,122.44,122.49,8059121.0
2018-06-04 04:00:00,122.85,122.93,122.37,122.37,4345370.0
2018-06-05 04:00:00,122.55,123.2257,122.281,122.85,6864209.0
2018-06-06 04:00:00,123.08,123.35,122.63,122.92,4083702.0
2018-06-07 04:00:00,122.96,123.145,122.69,122.86,3700745.0
2018-06-08 04:00:00,123.08,123.12,122.91,123.01,3865667.0
2018-06-11 04:00:00,123.1,123.42,123.0175,123.23,3201179.0
2018-06-12 04:00:00,122.95,123.18,122.64,122.82,7279620.0
2018-06-13 04:00:00,122.84,123.34,122.47,123.19,5867744.0
2018-06-14 04:00:00,123.63,123.86,123.32,123.38,8015447.0
2018-06-15 04:00:00,122.18,122.2,120.83,121.34,14536993.0
2018-06-18 04:00:00,121.35,121.44,120.99,121.11,3845950.0
2018-06-19 04:00:00,120.81,121.03,120.581,120.8,4925832.0
2018-06-20 04:00:00,120.79,120.81,120.16,120.26,4548491.0
2018-06-21 04:00:00,119.92,120.32,119.821,120.05,5681906.0
2018-06-22 04:00:00,120.21,120.4,120.1,120.34,4518408.0
2018-06-25 04:00:00,120.0,120.23,119.8299,119.89,9300195.0
2018-06-26 04:00:00,119.28,119.59,119.09,119.26,8675447.0
2018-06-27 04:00:00,118.96,119.05,118.48,118.58,6480501.0
2018-06-28 04:00:00,118.59,118.67,118.01,118.22,7760936.0
2018-06-29 04:00:00,118.43,118.94,118.26,118.65,8002828.0
2018-07-02 04:00:00,118.18,118.21,117.4,117.46,12021957.0
2018-07-03 04:00:00,118.41,119.08,118.38,118.65,8900973.0
2018-07-05 04:00:00,118.92,119.33,118.77,119.05,4951873.0
2018-07-06 04:00:00,118.97,119.03,118.731,118.86,2947058.0
2018-07-09 04:00:00,119.65,119.73,119.14,119.15,4075297.0
2018-07-10 04:00:00,118.89,119.0,118.61,118.93,3754770.0
2018-07-11 04:00:00,118.45,118.53,117.62,117.64,6974791.0
2018-07-12 04:00:00,118.0,118.2638,117.94,118.13,4585460.0
2018-07-13 04:00:00,117.62,117.75,117.4465,117.61,5444284.0
2018-07-16 04:00:00,117.51,117.625,117.28,117.55,3670943.0
2018-07-17 04:00:00,116.72,116.925,116.12,116.28,7939635.0
2018-07-18 04:00:00,116.03,116.35,115.83,116.31,5391963.0
2018-07-19 04:00:00,115.13,116.47,115.12,115.81,14227628.0
2018-07-20 04:00:00,116.4,116.71,116.24,116.56,7892317.0
2018-07-23 04:00:00,116.25,116.31,115.76,116.0,6247368.0
2018-07-24 04:00:00,116.22,116.43,115.91,116.04,4801046.0
2018-07-25 04:00:00,116.79,116.8366,116.27,116.68,5480914.0
2018-07-26 04:00:00,116.24,116.51,115.77,115.77,6382946.0
2018-07-27 04:00:00,115.92,116.2399,115.77,115.83,5242099.0
2018-07-30 04:00:00,115.8,116.02,115.64,115.65,4157371.0
2018-07-31 04:00:00,115.47,116.35,115.394,115.99,5508456.0
2018-08-01 04:00:00,115.63,115.7,115.125,115.14,7941660.0
2018-08-02 04:00:00,115.17,115.23,114.42,114.52,6204210.0
2018-08-03 04:00:00,115.09,115.53,114.86,114.92,5953227.0
2018-08-06 04:00:00,114.56,114.72,114.31,114.33,5811614.0
2018-08-07 04:00:00,114.85,114.935,114.42,114.59,5188447.0
2018-08-08 04:00:00,114.75,114.95,114.41,114.91,3809872.0
2018-08-09 04:00:00,115.02,115.12,114.69,114.74,4252956.0
2018-08-10 04:00:00,114.81,115.23,114.6076,114.69,6757857.0
2018-08-13 04:00:00,113.81,113.81,112.83,112.96,9150873.0
2018-08-14 04:00:00,113.25,113.48,112.84,113.07,7086193.0
2018-08-15 04:00:00,112.17,112.18,111.06,111.19,12398366.0
2018-08-16 04:00:00,111.46,111.88,111.1,111.1,7484637.0
2018-08-17 04:00:00,111.69,112.15,111.38,112.13,8470951.0
2018-08-20 04:00:00,112.38,112.74,112.16,112.69,5313403.0
2018-08-21 04:00:00,112.77,113.1,112.44,113.02,5042443.0
2018-08-22 04:00:00,113.39,113.49,113.07,113.27,6215910.0
2018-08-23 04:00:00,112.68,112.88,112.06,112.2,5500102.0
2018-08-24 04:00:00,113.25,114.42,113.21,114.16,9214703.0
2018-08-27 04:00:00,114.12,114.78,114.12,114.59,4364167.0
2018-08-28 04:00:00,114.76,114.8666,113.55,113.68,6101386.0
2018-08-29 04:00:00,114.16,114.21,113.85,114.2,5616329.0
2018-08-30 04:00:00,113.92,113.93,113.24,113.64,5431837.0
2018-08-31 04:00:00,113.72,114.06,113.44,113.51,5048673.0
2018-09-04 04:00:00,112.75,113.07,112.61,112.93,6617486.0
2018-09-05 04:00:00,113.36,113.44,113.12,113.32,4459202.0
2018-09-06 04:00:00,113.89,114.26,113.28,113.54,4784729.0
2018-09-07 04:00:00,113.26,113.6,112.97,113.23,3714023.0
2018-09-10 04:00:00,113.26,113.43,113.0,113.15,2316718.0
2018-09-11 04:00:00,112.65,113.37,112.42,113.22,3791338.0
2018-09-12 04:00:00,113.12,114.39,113.055,114.17,6315934.0
2018-09-13 04:00:00,114.72,114.78,113.58,113.76,5636023.0
2018-09-14 04:00:00,113.79,113.9,112.91,113.02,5375645.0
2018-09-17 04:00:00,113.6,114.03,113.55,113.61,4727254.0
2018-09-18 04:00:00,113.79,113.91,113.275,113.44,4737849.0
2018-09-19 04:00:00,113.94,114.15,113.68,113.88,4223199.0
2018-09-20 04:00:00,114.21,114.37,113.855,114.27,4384523.0
2018-09-21 04:00:00,112.8701,113.68,112.79,113.49,6831550.0
2018-09-24 04:00:00,113.68,113.96,113.43,113.47,4435578.0
2018-09-25 04:00:00,113.75,113.885,113.57,113.65,3004824.0
2018-09-26 04:00:00,113.11,113.6,112.66,113.05,8297429.0
2018-09-27 04:00:00,112.1,112.4156,111.8499,112.05,7683739.0
2018-09-28 04:00:00,112.16,113.0,112.07,112.76,6020579.0
2018-10-01 04:00:00,112.4,112.62,112.15,112.57,3893012.0
2018-10-02 04:00:00,113.7,114.33,113.61,113.87,10776912.0
2018-10-03 04:00:00,113.87,114.05,113.26,113.42,6674517.0
2018-10-04 04:00:00,113.83,114.19,113.255,113.48,6616212.0
2018-10-05 04:00:00,113.81,114.1,113.57,113.8,7994440.0
2018-10-08 04:00:00,112.25,112.59,111.9,112.54,12111577.0
2018-10-09 04:00:00,112.37,112.67,111.97,112.6,8352697.0
2018-10-10 04:00:00,112.47,112.96,112.25,112.88,10571316.0
2018-10-11 04:00:00,114.2,116.04,114.09,115.78,26810920.0
2018-10-12 04:00:00,115.58,115.71,115.08,115.23,12939315.0
2018-10-15 04:00:00,116.12,116.53,115.89,116.0,11828366.0
2018-10-16 04:00:00,116.49,116.6,115.8,115.8,9531769.0
2018-10-17 04:00:00,115.89,116.33,115.68,115.79,7078639.0
2018-10-18 04:00:00,115.83,116.41,115.63,115.92,7964106.0
2018-10-19 04:00:00,116.23,116.24,115.96,116.01,7453947.0
2018-10-22 04:00:00,115.57,115.7789,115.43,115.71,5200759.0
2018-10-23 04:00:00,117.16,117.25,116.33,116.39,12704177.0
2018-10-24 04:00:00,116.38,116.72,116.1101,116.66,8563293.0
2018-10-25 04:00:00,116.58,116.73,116.19,116.4,8303495.0
2018-10-26 04:00:00,116.83,117.65,116.46,116.77,15733170.0
2018-10-29 04:00:00,116.41,116.54,115.84,116.31,8732486.0
2018-10-30 04:00:00,115.85,116.04,115.635,115.8,7233614.0
2018-10-31 04:00:00,114.89,115.17,114.66,115.15,11409346.0
2018-11-01 04:00:00,116.33,117.07,116.18,116.63,13662915.0
2018-11-02 04:00:00,116.61,116.98,116.39,116.65,8796962.0
2018-11-05 05:00:00,116.28,116.67,116.23,116.37,6291450.0
2018-11-06 05:00:00,116.44,116.525,115.74,116.04,7270793.0
2018-11-07 05:00:00,116.26,116.345,115.9,116.03,8392112.0
2018-11-08 05:00:00,115.77,116.15,115.5,115.78,7638817.0
2018-11-09 05:00:00,114.6,114.75,114.14,114.48,14159472.0
2018-11-12 05:00:00,114.01,114.05,113.58,113.66,7499046.0
2018-11-13 05:00:00,113.72,113.93,113.42,113.7,9309074.0
2018-11-14 05:00:00,113.53,115.06,113.46,114.64,13950218.0
2018-11-15 05:00:00,114.83,114.99,114.56,114.77,8910585.0
2018-11-16 05:00:00,115.83,115.88,115.37,115.62,8576955.0
2018-11-19 05:00:00,115.45,115.92,115.37,115.67,8508445.0
2018-11-20 05:00:00,115.94,115.95,115.37,115.67,9075193.0
2018-11-21 05:00:00,115.94,116.35,115.86,115.86,8834206.0
2018-11-23 05:00:00,115.76,115.88,115.585,115.77,3726611.0
2018-11-26 05:00:00,115.84,115.87,115.53,115.64,4018622.0
2018-11-27 05:00:00,115.55,115.63,114.6,114.95,9671170.0
2018-11-28 05:00:00,114.76,116.07,114.59,115.38,13789016.0
2018-11-29 05:00:00,115.97,116.24,115.56,115.74,6479502.0
2018-11-30 05:00:00,115.42,115.66,115.04,115.54,8169579.0
2018-12-03 05:00:00,116.6,116.77,116.295,116.41,8463378.0
2018-12-04 05:00:00,117.37,117.39,116.931,117.12,7186437.0
2018-12-06 05:00:00,117.38,117.685,116.92,117.14,9267628.0
2018-12-07 05:00:00,117.62,118.23,117.54,118.09,10402903.0
2018-12-10 05:00:00,117.7,117.94,117.42,117.68,8118110.0
2018-12-11 05:00:00,117.67,117.89,117.35,117.54,6395391.0
2018-12-12 05:00:00,117.7,117.95,117.6117,117.79,4136781.0
2018-12-13 05:00:00,117.54,117.62,117.26,117.53,4131770.0
2018-12-14 05:00:00,116.63,117.3,116.58,117.06,7501660.0
2018-12-17 05:00:00,117.37,118.03,117.35,117.87,8455007.0
2018-12-18 05:00:00,117.85,118.2,117.81,118.15,7542875.0
2018-12-19 05:00:00,118.24,118.96,117.4,117.43,13827509.0
2018-12-20 05:00:00,119.11,119.74,118.68,119.24,18615143.0
2018-12-21 05:00:00,119.19,119.25,118.57,118.72,13629830.0
2018-12-24 05:00:00,119.57,120.14,119.57,120.02,9736359.0
2018-12-26 05:00:00,120.62,120.995,119.57,119.66,14293459.0
2018-12-27 05:00:00,120.57,120.895,120.14,120.57,11874408.0
2018-12-28 05:00:00,120.8,121.08,120.72,121.06,6864842.0
2018-12-31 05:00:00,120.98,121.26,120.83,121.25,8449441.0
2019-01-02 05:00:00,121.35,121.75,120.88,121.33,12776155.0
2019-01-03 05:00:00,121.78,122.46,121.73,122.43,15440840.0
2019-01-04 05:00:00,121.32,121.6,120.69,121.44,13334368.0
2019-01-07 05:00:00,122.16,122.22,121.5731,121.86,7473641.0
2019-01-08 05:00:00,121.15,121.71,121.06,121.53,7643363.0
2019-01-09 05:00:00,121.45,122.335,121.44,122.31,10555933.0
2019-01-10 05:00:00,121.98,122.179,121.57,121.59,6672058.0
2019-01-11 05:00:00,121.74,122.05,121.66,121.8,8622666.0
2019-01-14 05:00:00,122.15,122.24,121.87,122.09,6477072.0
2019-01-15 05:00:00,122.28,122.38,121.62,121.88,7512779.0
2019-01-16 05:00:00,122.04,122.44,122.02,122.27,6878137.0
2019-01-17 05:00:00,122.03,122.26,121.81,122.11,8558523.0
2019-01-18 05:00:00,121.23,121.515,121.02,121.02,10896307.0
2019-01-22 05:00:00,121.18,121.5,120.9,121.45,7896668.0
2019-01-23 05:00:00,120.96,121.54,120.86,121.28,5224918.0
2019-01-24 05:00:00,121.16,121.36,120.92,121.09,5662490.0
2019-01-25 05:00:00,122.02,122.91,122.02,122.86,11103309.0
2019-01-28 05:00:00,122.75,123.29,122.7178,123.29,8522178.0
2019-01-29 05:00:00,123.71,124.0,123.46,123.98,11610204.0
2019-01-30 05:00:00,123.91,125.07,123.7,124.69,12103963.0
2019-01-31 05:00:00,125.18,125.23,124.62,124.75,10209516.0
2019-02-01 05:00:00,124.89,125.05,124.37,124.5,12485496.0
2019-02-04 05:00:00,123.99,124.29,123.82,123.96,6879187.0
2019-02-05 05:00:00,124.29,124.42,124.05,124.28,6291367.0
2019-02-06 05:00:00,124.16,124.1899,123.4,123.44,6595100.0
2019-02-07 05:00:00,123.8,123.95,123.4367,123.74,5935456.0
2019-02-08 05:00:00,124.05,124.33,123.9799,124.21,4235221.0
2019-02-11 05:00:00,123.19,123.82,123.19,123.6,4821904.0
2019-02-12 05:00:00,123.96,124.03,123.61,123.86,4271869.0
2019-02-13 05:00:00,123.84,124.55,123.31,123.37,7640509.0
2019-02-14 05:00:00,123.84,124.2,123.53,124.06,6276529.0
2019-02-15 05:00:00,124.59,125.0,124.18,124.8,12190104.0
2019-02-19 05:00:00,125.98,126.79,125.93,126.7,15614028.0
2019-02-20 05:00:00,127.0,127.21,126.31,126.48,8889665.0
2019-02-21 05:00:00,126.15,126.22,125.05,125.05,8634596.0
2019-02-22 05:00:00,125.53,125.95,125.39,125.5,5439375.0
2019-02-25 05:00:00,125.78,125.9,125.23,125.37,4882615.0
2019-02-26 05:00:00,125.33,125.6171,125.05,125.58,5153511.0
2019-02-27 05:00:00,125.17,125.226,124.4,124.69,7935647.0
2019-02-28 05:00:00,124.71,124.71,123.98,123.99,7811731.0
2019-03-01 05:00:00,123.48,123.96,121.87,121.88,16411743.0
2019-03-04 05:00:00,121.56,121.85,121.18,121.56,10272586.0
2019-03-05 05:00:00,121.38,121.73,121.03,121.72,7120090.0
2019-03-06 05:00:00,121.43,121.64,121.26,121.61,4820443.0
2019-03-07 05:00:00,121.27,121.71,121.18,121.51,6088768.0
2019-03-08 05:00:00,122.7,122.89,122.37,122.84,10427747.0
2019-03-11 04:00:00,122.52,122.54,121.92,122.24,6708655.0
2019-03-12 04:00:00,122.54,123.03,122.4,122.98,6289860.0
2019-03-13 04:00:00,123.56,123.88,123.425,123.84,7377297.0
2019-03-14 04:00:00,122.33,122.545,122.12,122.41,6778443.0
2019-03-15 04:00:00,123.06,123.4,122.9132,122.97,9412061.0
2019-03-18 04:00:00,123.3,123.3998,122.89,123.04,7783205.0
2019-03-19 04:00:00,123.72,123.79,123.34,123.38,6558693.0
2019-03-20 04:00:00,123.66,124.42,122.65,124.18,11304912.0
2019-03-21 04:00:00,124.36,124.37,123.11,123.68,7739775.0
2019-03-22 04:00:00,123.93,124.22,123.73,123.97,5874016.0
2019-03-25 04:00:00,124.56,125.11,124.4801,124.92,7288343.0
2019-03-26 04:00:00,124.48,124.51,124.07,124.3,5056224.0
2019-03-27 04:00:00,124.35,124.375,123.56,123.65,6595016.0
2019-03-28 04:00:00,122.28,122.355,121.705,121.9,11878328.0
2019-03-29 04:00:00,122.64,122.75,122.01,122.01,7094201.0
2019-04-01 04:00:00,122.4,122.43,121.46,121.53,13559963.0
2019-04-02 04:00:00,121.72,122.01,121.68,121.98,4474953.0
2019-04-03 04:00:00,121.73,122.01,121.675,121.8,6152734.0
2019-04-04 04:00:00,121.1,122.24,120.96,122.11,7508760.0
2019-04-05 04:00:00,121.88,122.13,121.6633,121.98,5114493.0
2019-04-08 04:00:00,122.97,123.0199,122.4,122.51,4271034.0
2019-04-09 04:00:00,123.26,123.35,123.03,123.15,4648392.0
2019-04-10 04:00:00,123.22,123.77,123.19,123.53,6344767.0
2019-04-11 04:00:00,122.54,122.75,121.79,121.95,11694503.0
2019-04-12 04:00:00,121.96,122.31,121.8,121.83,5272844.0
2019-04-15 04:00:00,121.2,121.82,121.095,121.6,4252774.0
2019-04-16 04:00:00,120.38,120.63,120.19,120.51,10097802.0
2019-04-17 04:00:00,120.46,120.51,120.195,120.28,4693864.0
2019-04-18 04:00:00,120.24,120.54,120.15,120.37,4090401.0
2019-04-22 04:00:00,120.46,120.5,120.27,120.37,2251185.0
2019-04-23 04:00:00,119.67,120.2,119.55,120.12,5574897.0
2019-04-24 04:00:00,120.06,120.72,120.04,120.47,4173034.0
2019-04-25 04:00:00,120.72,121.0962,120.5,120.57,4836857.0
2019-04-26 04:00:00,121.26,121.67,121.2199,121.37,6022715.0
2019-04-29 04:00:00,120.88,120.91,120.665,120.83,4469721.0
2019-04-30 04:00:00,120.89,121.36,120.85,121.2,4758567.0
2019-05-01 04:00:00,121.03,121.55,120.18,120.4,12331836.0
2019-05-02 04:00:00,119.69,120.11,119.54,119.94,6759844.0
2019-05-03 04:00:00,120.56,121.08,120.475,120.65,8414504.0
2019-05-06 04:00:00,120.61,121.12,120.54,120.81,3479563.0
2019-05-07 04:00:00,121.02,121.42,120.9067,121.21,4010654.0
2019-05-08 04:00:00,121.54,121.54,120.77,120.91,4178965.0
2019-05-09 04:00:00,120.96,121.62,120.86,121.2,5015785.0
2019-05-10 04:00:00,121.41,121.73,121.3,121.43,4586301.0
2019-05-13 04:00:00,122.63,122.85,122.325,122.67,11130908.0
2019-05-14 04:00:00,122.6,122.66,122.12,122.46,5556105.0
2019-05-15 04:00:00,122.71,122.765,122.2199,122.39,10298968.0
2019-05-16 04:00:00,122.03,122.0734,121.19,121.51,6349454.0
2019-05-17 04:00:00,121.03,121.06,120.33,120.65,6589382.0
2019-05-20 04:00:00,120.51,120.74,120.42,120.64,4345803.0
2019-05-21 04:00:00,120.08,120.36,119.83,120.36,3845702.0
2019-05-22 04:00:00,120.35,120.5,120.19,120.24,3741805.0
2019-05-23 04:00:00,120.82,121.52,120.77,121.17,6054721.0
2019-05-24 04:00:00,121.13,121.31,120.89,121.3,2324653.0
2019-05-28 04:00:00,120.8,120.84,120.46,120.83,4303495.0
2019-05-29 04:00:00,121.11,121.26,120.745,120.87,4133202.0
2019-05-30 04:00:00,120.96,121.69,120.8,121.69,7757033.0
2019-05-31 04:00:00,122.55,123.4,122.315,123.33,15367001.0
2019-06-03 04:00:00,124.09,125.34,123.9,125.11,14173636.0
2019-06-04 04:00:00,124.88,125.42,124.61,125.15,7997062.0
2019-06-05 04:00:00,126.18,126.37,125.24,125.47,7637880.0
2019-06-06 04:00:00,125.93,126.45,125.8,125.88,5551778.0
2019-06-07 04:00:00,126.79,127.25,126.32,126.59,8145853.0
2019-06-10 04:00:00,125.46,125.525,125.065,125.33,5409983.0
2019-06-11 04:00:00,124.94,125.4,124.884,125.18,4757841.0
2019-06-12 04:00:00,125.6,126.2,125.56,125.83,5756153.0
2019-06-13 04:00:00,126.03,126.77,125.9599,126.6,5374818.0
2019-06-14 04:00:00,127.21,127.63,126.26,126.56,9226446.0
2019-06-17 04:00:00,126.7,126.77,126.17,126.48,4763345.0
2019-06-18 04:00:00,127.58,127.75,126.39,127.12,10309646.0
2019-06-19 04:00:00,126.77,127.99,126.7,127.89,11660649.0
2019-06-20 04:00:00,130.41,131.49,130.185,131.11,18636339.0
2019-06-21 04:00:00,131.77,132.17,131.07,131.98,15068037.0
2019-06-24 04:00:00,132.77,134.035,132.58,133.94,17851801.0
2019-06-25 04:00:00,134.9,135.55,133.21,134.2,24772241.0
2019-06-26 04:00:00,132.99,133.55,132.41,132.97,12016402.0
2019-06-27 04:00:00,132.38,132.97,132.26,132.84,8412764.0
2019-06-28 04:00:00,133.05,133.34,132.61,133.2,8076966.0
2019-07-01 04:00:00,131.56,131.755,130.55,130.62,13369815.0
2019-07-02 04:00:00,131.27,133.63,131.16,133.41,13282139.0
2019-07-03 04:00:00,133.61,134.1,133.23,133.63,6351547.0
2019-07-05 04:00:00,131.46,132.32,130.81,132.14,11536581.0
2019-07-08 04:00:00,132.18,132.341,131.28,131.29,8028884.0
2019-07-09 04:00:00,131.43,132.1,131.1575,131.75,6633439.0
2019-07-10 04:00:00,132.94,133.87,132.35,133.83,13920593.0
2019-07-11 04:00:00,133.58,133.7,132.41,132.7,7535133.0
2019-07-12 04:00:00,132.89,133.69,132.53,133.53,6309451.0
2019-07-15 04:00:00,133.18,133.53,132.805,133.53,4026583.0
2019-07-16 04:00:00,133.18,133.3,132.13,132.4,7965981.0
2019-07-17 04:00:00,133.0,134.6,132.89,134.58,11288279.0
2019-07-18 04:00:00,133.83,136.63,133.61,136.48,18466488.0
2019-07-19 04:00:00,135.45,136.03,133.97,134.47,18079195.0
2019-07-22 04:00:00,134.56,134.82,134.32,134.45,7570898.0
2019-07-23 04:00:00,134.43,134.95,133.56,133.69,9981379.0
2019-07-24 04:00:00,134.59,134.84,133.98,134.37,6715167.0
2019-07-25 04:00:00,134.24,134.28,133.09,133.42,11708240.0
2019-07-26 04:00:00,134.24,134.29,133.59,133.64,6249928.0
2019-07-29 04:00:00,134.06,134.729,133.44,134.53,9162417.0
2019-07-30 04:00:00,134.76,135.18,134.41,134.98,9458733.0
2019-07-31 04:00:00,135.03,135.42,133.02,133.21,18797199.0
2019-08-01 04:00:00,132.42,136.43,132.305,136.41,27719822.0
2019-08-02 04:00:00,135.39,136.6,135.37,135.89,13753222.0
2019-08-05 04:00:00,137.93,138.64,137.05,137.79,17519817.0
2019-08-06 04:00:00,138.33,139.03,138.005,138.91,9471209.0
2019-08-07 04:00:00,141.28,142.47,140.88,141.02,26671092.0
2019-08-08 04:00:00,140.9,142.37,140.71,141.73,13108554.0
2019-08-09 04:00:00,141.28,142.03,140.96,141.26,9485912.0
2019-08-12 04:00:00,141.67,143.38,141.64,142.63,14858146.0
2019-08-13 04:00:00,143.17,143.285,139.35,141.78,29930394.0
2019-08-14 04:00:00,142.9,143.75,142.05,142.75,20672858.0
2019-08-15 04:00:00,142.96,144.02,142.61,143.7,13501099.0
2019-08-16 04:00:00,142.75,143.13,141.8,142.78,12184492.0
2019-08-19 04:00:00,141.33,141.79,140.85,141.11,10558366.0
2019-08-20 04:00:00,141.77,142.255,141.6,142.21,7479375.0
2019-08-21 04:00:00,141.62,142.17,141.46,141.76,8118733.0
2019-08-22 04:00:00,141.39,141.9,141.17,141.4,6847647.0
2019-08-23 04:00:00,141.84,144.33,141.64,144.17,20290539.0
2019-08-26 04:00:00,144.35,144.97,143.91,144.19,12200810.0
2019-08-27 04:00:00,144.3,145.68,144.27,145.57,12857588.0
2019-08-28 04:00:00,145.39,145.68,144.64,145.16,11454605.0
2019-08-29 04:00:00,145.4,145.49,143.28,144.12,14764572.0
2019-08-30 04:00:00,143.84,144.8822,143.02,143.75,9642584.0
2019-09-03 04:00:00,144.96,146.13,144.741,145.75,15621873.0
2019-09-04 04:00:00,145.54,146.82,145.5,146.66,11292000.0
2019-09-05 04:00:00,144.98,145.015,142.0,143.14,20297877.0
2019-09-06 04:00:00,143.64,144.06,141.86,141.92,14175216.0
2019-09-09 04:00:00,142.37,142.46,141.18,141.39,11323819.0
2019-09-10 04:00:00,141.23,141.525,140.16,140.18,12629208.0
2019-09-11 04:00:00,140.34,141.26,140.28,141.03,7453049.0
2019-09-12 04:00:00,142.68,143.1,141.11,141.32,12673707.0
2019-09-13 04:00:00,141.73,141.99,140.06,140.15,13451701.0
2019-09-16 04:00:00,141.6,142.05,141.02,141.32,8094567.0
2019-09-17 04:00:00,141.82,142.11,141.2237,141.6,7046430.0
2019-09-18 04:00:00,141.93,142.53,139.81,140.71,15071647.0
2019-09-19 04:00:00,141.57,141.74,141.0851,141.28,8062589.0
2019-09-20 04:00:00,141.61,143.03,141.46,142.95,12276521.0
2019-09-23 04:00:00,143.22,143.94,143.07,143.75,9036267.0
2019-09-24 04:00:00,143.21,144.77,142.88,144.51,10620690.0
2019-09-25 04:00:00,144.08,144.29,141.44,141.83,11997855.0
2019-09-26 04:00:00,142.19,142.57,141.56,141.79,8803139.0
2019-09-27 04:00:00,140.35,141.68,140.16,141.06,9665953.0
2019-09-30 04:00:00,139.77,140.21,138.03,138.87,15530068.0
2019-10-01 04:00:00,138.07,140.19,137.8,139.63,12502406.0
2019-10-02 04:00:00,140.79,141.88,140.462,141.26,11944623.0
2019-10-03 04:00:00,141.36,143.25,141.29,141.9,12407863.0
2019-10-04 04:00:00,141.48,142.31,141.14,141.9,9689966.0
2019-10-07 04:00:00,141.16,141.7709,140.24,140.69,6162696.0
2019-10-08 04:00:00,142.03,142.29,141.17,141.92,10485490.0
2019-10-09 04:00:00,142.16,142.58,141.62,142.05,7052811.0
2019-10-10 04:00:00,141.59,141.66,140.578,140.81,9331584.0
2019-10-11 04:00:00,139.97,140.19,138.91,140.03,11425535.0
2019-10-14 04:00:00,140.45,140.82,140.34,140.59,4009169.0
2019-10-15 04:00:00,140.27,140.3,139.21,139.61,9131732.0
2019-10-16 04:00:00,140.14,140.53,139.6988,140.41,10363893.0
2019-10-17 04:00:00,140.5,141.12,140.42,140.61,6224288.0
2019-10-18 04:00:00,140.5,140.71,140.32,140.46,6416213.0
2019-10-21 04:00:00,140.72,140.76,139.6,139.79,8314307.0
2019-10-22 04:00:00,140.13,140.3,139.72,140.2,3885045.0
2019-10-23 04:00:00,140.59,141.0,140.5,140.53,4160001.0
2019-10-24 04:00:00,141.02,141.74,140.93,141.53,6275566.0
2019-10-25 04:00:00,142.79,142.83,141.4,141.86,6011459.0
2019-10-28 04:00:00,141.25,141.25,140.4004,140.64,5442028.0
2019-10-29 04:00:00,140.0,140.63,139.78,140.25,3835427.0
2019-10-30 04:00:00,140.54,141.04,139.55,141.02,6992869.0
2019-10-31 04:00:00,141.98,142.69,141.89,142.43,7050926.0
2019-11-01 04:00:00,142.21,142.9,142.01,142.56,8089975.0
2019-11-04 05:00:00,142.26,142.45,141.7446,142.15,4740282.0
2019-11-05 05:00:00,140.65,140.89,139.38,139.85,11782250.0
2019-11-06 05:00:00,140.12,140.79,140.0,140.45,6416469.0
2019-11-07 05:00:00,140.11,140.2,137.6,138.27,15214223.0
2019-11-08 05:00:00,137.73,138.33,137.39,137.39,10378201.0
2019-11-11 05:00:00,137.61,137.79,136.435,137.06,7038053.0
2019-11-12 05:00:00,137.03,137.59,136.19,137.43,6451809.0
2019-11-13 05:00:00,137.8,138.22,137.64,137.98,8809752.0
2019-11-14 05:00:00,138.39,138.94,137.8685,138.56,5220927.0
2019-11-15 05:00:00,138.03,138.4208,137.971,138.21,10106940.0
2019-11-18 05:00:00,138.44,138.85,138.3,138.62,5722188.0
2019-11-19 05:00:00,138.13,138.9716,138.13,138.69,4825641.0
2019-11-20 05:00:00,138.53,139.0,138.1,138.76,6894534.0
2019-11-21 05:00:00,138.39,138.56,137.77,138.0,4197208.0
2019-11-22 05:00:00,138.37,138.46,137.66,137.74,3620534.0
2019-11-25 05:00:00,137.32,137.62,136.99,137.08,6418042.0
2019-11-26 05:00:00,136.98,137.8,136.58,137.74,4725594.0
2019-11-27 05:00:00,137.03,137.21,136.83,137.01,4113152.0
2019-11-29 05:00:00,137.1,138.1341,137.08,137.86,4516421.0
2019-12-02 05:00:00,137.32,138.09,137.3,137.79,8278535.0
2019-12-03 05:00:00,139.04,139.57,138.97,139.11,8502989.0
2019-12-04 05:00:00,139.16,139.165,138.59,138.92,6326512.0
2019-12-05 05:00:00,138.8,139.45,138.79,139.0,5674471.0
2019-12-06 05:00:00,137.76,137.8262,137.4,137.62,8748968.0
2019-12-09 05:00:00,137.8,137.81,137.45,137.58,2814342.0
2019-12-10 05:00:00,138.25,138.33,137.74,137.97,3241771.0
2019-12-11 05:00:00,138.2,139.3,138.1201,138.92,6117701.0
2019-12-12 05:00:00,139.78,139.85,137.88,138.43,8816618.0
2019-12-13 05:00:00,138.52,139.21,137.98,139.05,6979801.0
2019-12-16 05:00:00,139.2,139.39,138.8,139.04,4647211.0
2019-12-17 05:00:00,139.02,139.3,138.851,139.01,4288118.0
2019-12-18 05:00:00,138.86,139.25,138.81,139.02,3608069.0
2019-12-19 05:00:00,139.04,139.55,138.87,139.38,4975164.0
2019-12-20 05:00:00,139.37,139.52,138.98,139.52,4481503.0
2019-12-23 05:00:00,139.53,139.96,139.53,139.95,5182388.0
2019-12-24 05:00:00,140.44,141.33,140.43,141.27,5303698.0
2019-12-26 05:00:00,142.06,142.47,141.9062,142.38,8343019.0
2019-12-27 05:00:00,142.26,142.73,142.17,142.33,5120441.0
2019-12-30 05:00:00,142.56,142.8,142.46,142.63,4812117.0
2019-12-31 05:00:00,143.31,143.605,142.8,142.9,5314467.0
2020-01-02 05:00:00,143.86,144.21,143.4,143.95,7736828.0
2020-01-03 05:00:00,145.75,146.32,145.4,145.86,12285501.0
2020-01-06 05:00:00,148.44,148.48,146.95,147.39,14409912.0
2020-01-07 05:00:00,147.57,148.14,147.43,147.97,8401088.0
2020-01-08 05:00:00,148.49,148.61,146.14,146.86,22276323.0
2020-01-09 05:00:00,146.07,146.41,145.44,146.03,10304334.0
2020-01-10 05:00:00,146.22,146.99,146.17,146.91,6183992.0
2020-01-13 05:00:00,146.35,146.38,145.78,145.82,7603649.0
2020-01-14 05:00:00,145.42,145.81,145.082,145.69,6607124.0
2020-01-15 05:00:00,146.21,146.73,145.82,146.54,6510029.0
2020-01-16 05:00:00,146.27,146.4658,145.755,146.31,6069101.0
2020-01-17 05:00:00,146.51,146.99,146.31,146.58,11121140.0
2020-01-21 05:00:00,145.77,146.86,145.551,146.74,6086149.0
2020-01-22 05:00:00,146.68,146.81,146.38,146.79,4778186.0
2020-01-23 05:00:00,147.0,147.62,146.62,147.12,8419778.0
2020-01-24 05:00:00,146.9,148.38,146.89,147.98,9919871.0
2020-01-27 05:00:00,149.24,149.32,148.4575,148.99,9988069.0
2020-01-28 05:00:00,148.36,148.56,147.53,147.66,7543088.0
2020-01-29 05:00:00,147.7,148.56,147.61,148.46,5023827.0
2020-01-30 05:00:00,148.69,149.31,148.01,148.47,9119545.0
2020-01-31 05:00:00,148.88,149.68,148.81,149.33,14788263.0
2020-02-03 05:00:00,148.66,148.78,147.6802,148.36,9115075.0
2020-02-04 05:00:00,146.97,147.03,145.8,146.43,10525585.0
2020-02-05 05:00:00,146.38,146.81,146.16,146.61,6160661.0
2020-02-06 05:00:00,147.28,147.63,147.0,147.4,4819778.0
2020-02-07 05:00:00,147.83,148.18,147.335,147.79,6379311.0
2020-02-10 05:00:00,148.21,148.4464,147.91,148.17,5793599.0
2020-02-11 05:00:00,148.03,148.16,147.01,147.66,5179392.0
2020-02-12 05:00:00,147.42,147.81,147.1567,147.54,5040584.0
2020-02-13 05:00:00,148.24,148.58,147.9501,148.38,7082098.0
2020-02-14 05:00:00,148.74,149.13,148.63,149.0,5345393.0
2020-02-18 05:00:00,149.88,151.09,149.47,150.91,11527580.0
2020-02-19 05:00:00,151.0,151.82,150.815,151.79,9269784.0
2020-02-20 05:00:00,152.0,152.83,151.95,152.41,8457348.0
2020-02-21 05:00:00,154.43,155.2219,154.18,154.7,16353292.0
2020-02-24 05:00:00,158.5,158.53,155.36,156.09,27170954.0
2020-02-25 05:00:00,155.12,156.08,152.91,153.3,28091497.0
2020-02-26 05:00:00,153.82,155.28,152.9,153.97,17983155.0
2020-02-27 05:00:00,155.58,156.27,153.9,154.0,27878524.0
2020-02-28 05:00:00,152.71,152.77,147.05,148.38,42707124.0
2020-03-02 05:00:00,150.0,150.73,149.04,149.2,16295360.0
2020-03-03 05:00:00,150.84,155.24,150.735,153.89,28687689.0
2020-03-04 05:00:00,154.4,154.96,153.7,154.16,12315472.0
2020-03-05 05:00:00,156.06,157.62,155.72,157.49,17973475.0
2020-03-06 05:00:00,158.33,159.25,154.54,157.55,26973448.0
2020-03-09 04:00:00,158.6,159.37,156.33,157.81,24868674.0
2020-03-10 04:00:00,156.18,156.41,154.39,154.48,18811547.0
2020-03-11 04:00:00,156.25,156.5,153.61,153.93,18353302.0
2020-03-12 04:00:00,151.53,151.55,146.85,147.79,32893430.0
2020-03-13 04:00:00,149.42,149.6,141.58,143.28,35177244.0
2020-03-16 04:00:00,137.56,142.96,136.12,141.64,24495962.0
2020-03-17 04:00:00,140.18,146.2,139.93,143.56,24490276.0
2020-03-18 04:00:00,141.75,142.88,138.5,140.7,21953448.0
2020-03-19 04:00:00,139.08,140.5,137.8503,138.04,20828884.0
2020-03-20 04:00:00,140.71,141.17,139.14,140.11,20056048.0
2020-03-23 04:00:00,142.675,146.93,142.28,146.3,28275212.0
2020-03-24 04:00:00,153.5,155.66,152.05,153.4,20743472.0
2020-03-25 04:00:00,152.58,152.878,151.01,151.3,16457183.0
2020-03-26 04:00:00,153.3107,154.81,152.08,153.24,12778236.0
2020-03-27 04:00:00,153.0,153.55,152.0,152.25,9824572.0
2020-03-30 04:00:00,152.41,153.08,151.57,152.92,12080881.0
2020-03-31 04:00:00,151.36,151.8,147.97,148.05,13319495.0
2020-04-01 04:00:00,148.2,150.08,147.85,149.45,11827400.0
2020-04-02 04:00:00,151.2,152.5,150.7,151.9,9188303.0
2020-04-03 04:00:00,152.23,153.09,151.66,152.65,8469099.0
2020-04-06 04:00:00,154.16,157.22,153.96,156.88,14739272.0
2020-04-07 04:00:00,155.33,156.14,154.38,156.04,9195370.0
2020-04-08 04:00:00,155.91,155.94,154.59,154.65,7600804.0
2020-04-09 04:00:00,158.08,159.08,157.21,158.69,18123039.0
2020-04-13 04:00:00,159.17,162.38,158.625,161.41,20549213.0
2020-04-14 04:00:00,162.73,164.42,161.78,162.68,17095086.0
2020-04-15 04:00:00,161.8,162.54,160.8061,161.85,12141890.0
2020-04-16 04:00:00,161.88,163.15,160.65,161.71,9233164.0
2020-04-17 04:00:00,159.72,160.07,158.12,158.57,14652737.0
2020-04-20 04:00:00,158.62,160.22,158.46,159.7,10688689.0
2020-04-21 04:00:00,157.6,159.21,157.04,158.61,12478080.0
2020-04-22 04:00:00,160.5,161.74,160.42,161.73,12937093.0
2020-04-23 04:00:00,162.39,163.6,161.84,163.34,14928503.0
2020-04-24 04:00:00,163.13,163.31,160.89,162.64,11203587.0
2020-04-27 04:00:00,161.88,162.0,160.41,161.56,9033533.0
2020-04-28 04:00:00,160.89,160.98,159.16,160.84,10382975.0
2020-04-29 04:00:00,160.1,161.85,159.76,161.73,12232348.0
2020-04-30 04:00:00,160.22,160.82,158.13,158.8,13633483.0
2020-05-01 04:00:00,158.0,160.45,157.8,159.78,10914334.0
2020-05-04 04:00:00,160.33,160.95,159.91,160.34,7986191.0
2020-05-05 04:00:00,160.16,161.1,159.33,161.02,10563066.0
2020-05-06 04:00:00,158.99,159.81,158.1,158.95,13351959.0
2020-05-07 04:00:00,159.5,161.96,159.36,161.39,13696493.0
2020-05-08 04:00:00,161.08,162.0,160.0,160.42,12244561.0
2020-05-11 04:00:00,160.34,160.71,158.89,159.42,11209822.0
2020-05-12 04:00:00,160.3,160.95,159.72,160.04,10405991.0
2020-05-13 04:00:00,160.94,161.62,160.54,161.58,10950397.0
2020-05-14 04:00:00,161.53,163.34,161.51,163.01,17084368.0
2020-05-15 04:00:00,164.02,164.8,163.08,163.93,13918816.0
2020-05-18 04:00:00,164.33,164.495,162.4102,162.69,14137907.0
2020-05-19 04:00:00,163.6,164.43,163.04,164.26,8531719.0
2020-05-20 04:00:00,164.54,164.9599,163.89,164.65,10666071.0
2020-05-21 04:00:00,163.46,163.58,161.37,162.25,11790992.0
2020-05-22 04:00:00,162.88,163.47,162.74,163.21,8540909.0
2020-05-26 04:00:00,162.58,162.58,160.69,160.89,13972012.0
2020-05-27 04:00:00,159.42,161.34,159.2,161.18,13063451.0
2020-05-28 04:00:00,162.12,162.4598,160.9,161.72,9761610.0
2020-05-29 04:00:00,162.58,163.4,162.32,162.91,12584009.0
2020-06-01 04:00:00,162.9235,163.74,162.39,163.66,8155048.0
2020-06-02 04:00:00,163.89,164.08,161.86,162.6,10388908.0
2020-06-03 04:00:00,160.34,160.9,158.82,159.6,17000510.0
2020-06-04 04:00:00,161.14,161.87,159.84,161.28,10094024.0
2020-06-05 04:00:00,158.72,158.72,157.035,158.01,16021182.0
2020-06-08 04:00:00,158.9,159.8599,158.47,159.72,9244440.0
2020-06-09 04:00:00,161.1,161.775,160.87,161.26,9045618.0
2020-06-10 04:00:00,162.1,163.63,160.52,163.57,13009343.0
2020-06-11 04:00:00,163.35,164.06,161.9701,162.39,11673902.0
2020-06-12 04:00:00,163.41,163.88,162.56,162.62,6895361.0
2020-06-15 04:00:00,160.52,162.56,160.16,162.33,8538826.0
2020-06-16 04:00:00,161.85,162.685,161.36,162.25,7969781.0
2020-06-17 04:00:00,162.0,162.62,161.77,162.56,4758210.0
2020-06-18 04:00:00,162.1965,162.32,161.44,162.24,5397628.0
2020-06-19 04:00:00,162.87,164.09,162.78,164.03,12187390.0
2020-06-22 04:00:00,165.06,165.73,164.41,165.09,12385635.0
2020-06-23 04:00:00,165.63,166.52,165.52,166.48,12137343.0
2020-06-24 04:00:00,166.01,166.99,165.45,165.9,10901444.0
2020-06-25 04:00:00,165.89,165.91,165.16,165.8,7093774.0
2020-06-26 04:00:00,164.87,166.56,164.22,166.54,9753492.0
2020-06-29 04:00:00,166.56,166.8,166.18,166.63,6735695.0
2020-06-30 04:00:00,166.31,167.9906,166.185,167.37,12762295.0
2020-07-01 04:00:00,167.05,167.06,165.34,166.62,13214759.0
2020-07-02 04:00:00,166.2,167.24,166.02,166.98,8753455.0
2020-07-06 04:00:00,167.75,168.0,167.1901,167.98,7265701.0
2020-07-07 04:00:00,167.41,169.04,167.38,169.04,11633122.0
2020-07-08 04:00:00,170.32,170.8558,169.7827,170.09,11662726.0
2020-07-09 04:00:00,170.48,170.635,168.78,169.63,13327389.0
2020-07-10 04:00:00,169.95,170.15,168.57,169.19,8218013.0
2020-07-13 04:00:00,170.29,170.42,169.16,169.4,11095948.0
2020-07-14 04:00:00,168.97,170.2,168.8141,170.19,9812736.0
2020-07-15 04:00:00,169.62,170.43,169.39,170.34,7533752.0
2020-07-16 04:00:00,169.8,169.995,168.65,168.73,10242371.0
2020-07-17 04:00:00,169.94,170.27,169.605,170.12,10296037.0
2020-07-20 04:00:00,170.76,171.07,170.27,170.94,10095548.0
2020-07-21 04:00:00,172.53,173.25,172.31,173.0,12864620.0
2020-07-22 04:00:00,174.05,175.77,173.76,175.63,18712467.0
2020-07-23 04:00:00,176.17,178.41,175.65,177.18,23006824.0
2020-07-24 04:00:00,179.14,179.16,178.2,178.7,15601327.0
2020-07-27 04:00:00,181.85,182.83,181.53,182.23,21115604.0
2020-07-28 04:00:00,182.02,184.26,181.42,183.75,21164633.0
2020-07-29 04:00:00,184.0089,186.14,182.39,185.13,25640100.0
2020-07-30 04:00:00,183.44,184.33,182.13,183.76,18061227.0
2020-07-31 04:00:00,184.51,185.7501,184.165,185.43,15885010.0
2020-08-03 04:00:00,185.05,185.82,184.2,185.64,12896999.0
2020-08-04 04:00:00,185.61,189.6,185.21,189.59,20773210.0
2020-08-05 04:00:00,191.65,193.13,190.62,191.35,27193718.0
2020-08-06 04:00:00,193.74,194.4499,192.5207,193.89,20640119.0
2020-08-07 04:00:00,192.705,192.96,189.33,190.81,24570160.0
2020-08-10 04:00:00,191.2,192.61,189.66,190.15,19047223.0
2020-08-11 04:00:00,183.57,183.98,179.43,179.94,45354997.0
2020-08-12 04:00:00,182.61,183.1,179.04,179.1,28779419.0
2020-08-13 04:00:00,181.56,184.7,181.36,183.33,18596773.0
2020-08-14 04:00:00,183.44,183.72,181.49,182.54,11791981.0
2020-08-17 04:00:00,184.69,187.01,184.66,186.5,15709818.0
2020-08-18 04:00:00,189.18,189.4,185.63,188.18,16291627.0
2020-08-19 04:00:00,187.21,187.46,181.71,182.24,24646942.0
2020-08-20 04:00:00,181.19,183.71,180.93,183.5,16692201.0
2020-08-21 04:00:00,182.14,182.81,180.47,182.03,12713741.0
2020-08-24 04:00:00,182.91,182.925,180.685,181.0,11605788.0
2020-08-25 04:00:00,181.06,181.25,179.731,181.22,10056066.0
2020-08-26 04:00:00,180.26,183.58,180.2,183.36,12715762.0
2020-08-27 04:00:00,185.0,185.17,179.37,181.24,16299207.0
2020-08-28 04:00:00,183.98,185.4,183.4046,184.39,13200826.0
2020-08-31 04:00:00,184.79,185.53,184.28,184.83,10251152.0
2020-09-01 04:00:00,186.99,186.99,184.33,185.05,10689058.0
2020-09-02 04:00:00,183.75,183.86,181.5,182.62,11536946.0
2020-09-03 04:00:00,182.3,182.82,180.49,181.14,12176904.0
2020-09-04 04:00:00,180.95,182.1,180.05,181.64,11567864.0
2020-09-08 04:00:00,179.5,182.27,179.02,181.29,13229196.0
2020-09-09 04:00:00,182.5,183.22,182.19,183.05,8424118.0
2020-09-10 04:00:00,184.23,184.68,182.28,182.46,9143612.0
2020-09-11 04:00:00,183.14,183.5499,182.005,182.45,7662287.0
2020-09-14 04:00:00,183.57,184.3,183.39,183.89,9709501.0
2020-09-15 04:00:00,184.46,184.67,182.92,183.45,7993693.0
2020-09-16 04:00:00,184.98,185.01,183.33,183.97,12717630.0
2020-09-17 04:00:00,181.92,183.09,181.48,182.96,8836188.0
2020-09-18 04:00:00,183.07,184.09,182.64,183.2,9959667.0
2020-09-21 04:00:00,179.84,180.29,176.75,179.52,17436121.0
2020-09-22 04:00:00,179.63,180.02,178.11,178.65,7977916.0
2020-09-23 04:00:00,176.98,177.26,174.1,174.79,18134030.0
2020-09-24 04:00:00,174.36,176.235,173.77,175.44,11759192.0
2020-09-25 04:00:00,174.41,175.3,173.89,174.94,6779192.0
2020-09-28 04:00:00,175.83,176.805,175.09,176.7,7109746.0
2020-09-29 04:00:00,177.19,178.33,176.95,178.19,8762004.0
2020-09-30 04:00:00,177.71,178.61,176.66,177.12,8371844.0
2020-10-01 04:00:00,178.71,179.5,178.0375,178.7,10402833.0
2020-10-02 04:00:00,178.69,179.29,178.16,178.54,7488503.0
2020-10-05 04:00:00,179.02,180.14,178.9,179.41,6969605.0
2020-10-06 04:00:00,180.16,180.37,177.0513,177.3,8632761.0
2020-10-07 04:00:00,177.09,177.42,176.43,177.22,6410899.0
2020-10-08 04:00:00,178.18,178.45,176.67,177.85,6530845.0
2020-10-09 04:00:00,180.13,181.17,179.93,181.08,15979775.0
2020-10-12 04:00:00,180.57,180.83,180.19,180.56,4842997.0
2020-10-13 04:00:00,178.5633,178.6,177.1,177.72,8384295.0
2020-10-14 04:00:00,179.09,179.59,178.27,178.27,9100896.0
2020-10-15 04:00:00,177.71,179.15,177.59,178.92,6821291.0
2020-10-16 04:00:00,179.22,179.32,178.13,178.3,7262158.0
2020-10-19 04:00:00,179.41,179.475,178.37,178.39,6084398.0
2020-10-20 04:00:00,178.54,179.67,178.08,179.25,7124678.0
2020-10-21 04:00:00,180.47,181.31,180.23,180.6,7548086.0
2020-10-22 04:00:00,178.8767,179.027,177.72,178.83,8376974.0
2020-10-23 04:00:00,179.09,179.2,177.76,178.64,5919276.0
2020-10-26 04:00:00,178.75,179.14,178.22,178.55,5105103.0
2020-10-27 04:00:00,178.71,179.43,178.51,179.02,5826871.0
2020-10-28 04:00:00,176.45,176.85,175.44,176.13,11734083.0
2020-10-29 04:00:00,175.02,176.14,174.83,175.4,8474453.0
2020-10-30 04:00:00,177.18,177.36,175.95,176.2,7304589.0
2020-11-02 05:00:00,177.4499,177.925,177.1301,177.91,6498368.0
2020-11-03 05:00:00,178.95,179.39,178.3,178.92,7577196.0
2020-11-04 05:00:00,178.93,179.19,177.66,178.82,11117259.0
2020-11-05 05:00:00,181.0,183.285,180.97,182.93,16102775.0
2020-11-06 05:00:00,183.4,183.53,182.19,183.19,10378266.0
2020-11-09 05:00:00,176.42,176.45,173.64,175.08,29800706.0
2020-11-10 05:00:00,176.75,176.91,175.66,175.66,11728459.0
2020-11-11 05:00:00,174.695,175.28,174.435,174.9,9008471.0
2020-11-12 05:00:00,176.04,176.765,175.84,175.96,7182263.0
2020-11-13 05:00:00,177.65,177.8,176.84,177.16,6470910.0
2020-11-16 05:00:00,177.23,177.91,176.87,177.15,8358474.0
2020-11-17 05:00:00,177.25,177.44,176.0903,176.5,8229142.0
2020-11-18 05:00:00,176.26,176.86,175.35,175.49,7384661.0
2020-11-19 05:00:00,174.3,175.22,174.17,175.16,6965056.0
2020-11-20 05:00:00,176.12,176.38,175.58,175.69,6380936.0
2020-11-23 05:00:00,175.1,175.24,171.78,172.23,15510552.0
2020-11-24 05:00:00,169.3,169.69,168.86,169.59,19503992.0
2020-11-25 05:00:00,169.975,170.52,169.24,169.51,10286575.0
2020-11-27 05:00:00,166.9,167.8298,166.78,167.79,10569141.0
2020-11-30 05:00:00,166.68,167.43,166.03,166.67,13209977.0
2020-12-01 05:00:00,169.76,170.48,169.3,170.18,13555209.0
2020-12-02 05:00:00,170.57,171.76,170.15,171.46,9199741.0
2020-12-03 05:00:00,172.64,172.85,171.08,172.81,10457274.0
2020-12-04 05:00:00,172.78,173.32,171.59,172.32,10098639.0
2020-12-07 05:00:00,172.56,175.29,172.51,174.89,10555101.0
2020-12-08 05:00:00,175.51,175.93,174.72,175.5,6348418.0
2020-12-09 05:00:00,173.92,174.0399,171.24,172.5,10743185.0
2020-12-10 05:00:00,172.9,173.58,171.7,172.17,6564030.0
2020-12-11 05:00:00,172.25,173.32,172.11,172.49,6084848.0
2020-12-14 05:00:00,171.91,172.52,170.91,171.54,7644419.0
2020-12-15 05:00:00,173.43,173.9799,173.055,173.94,6848629.0
2020-12-16 05:00:00,174.13,175.015,173.02,174.9,8174737.0
2020-12-17 05:00:00,177.15,177.87,176.575,176.74,9475790.0
2020-12-18 05:00:00,176.65,176.98,176.1,176.44,6789888.0
2020-12-21 05:00:00,176.29,176.94,175.76,175.88,8168924.0
2020-12-22 05:00:00,176.2,176.34,174.34,174.49,9447403.0
2020-12-23 05:00:00,175.1,176.21,175.06,175.65,6542767.0
2020-12-24 05:00:00,175.55,176.37,175.5145,176.35,3695443.0
2020-12-28 05:00:00,177.26,177.91,175.625,175.71,7778685.0
2020-12-29 05:00:00,176.25,176.97,175.57,176.35,5983741.0
2020-12-30 05:00:00,176.44,177.72,176.44,177.7,5914039.0
2020-12-31 05:00:00,178.07,178.4,177.32,178.36,7540757.0
2021-01-04 05:00:00,181.97,182.4,180.955,182.33,14331436.0
2021-01-05 05:00:00,182.87,183.21,181.8239,182.87,12718753.0
2021-01-06 05:00:00,181.49,181.58,178.24,179.9,18453495.0
2021-01-07 05:00:00,179.69,179.92,178.84,179.48,7110214.0
2021-01-08 05:00:00,176.83,176.9899,171.48,173.34,24399895.0
2021-01-11 05:00:00,172.14,173.68,172.03,173.0,8579195.0
2021-01-12 05:00:00,173.13,174.18,172.32,174.12,9798480.0
2021-01-13 05:00:00,173.68,174.46,173.05,173.37,14110299.0
2021-01-14 05:00:00,173.44,174.22,172.655,173.28,13522670.0
2021-01-15 05:00:00,172.8437,173.07,170.975,171.13,16172494.0
2021-01-19 05:00:00,172.71,172.85,171.92,172.58,7485700.0
2021-01-20 05:00:00,174.37,175.467,173.82,175.39,9456038.0
2021-01-21 05:00:00,175.11,175.51,174.51,175.28,7250164.0
2021-01-22 05:00:00,172.89,174.29,172.35,173.9,7269592.0
2021-01-25 05:00:00,174.8199,174.96,173.19,174.05,5936770.0
2021-01-26 05:00:00,173.98,174.26,173.4202,173.62,4685568.0
2021-01-27 05:00:00,172.93,173.52,171.66,172.52,9036528.0
2021-01-28 05:00:00,174.28,174.73,172.04,172.68,9392363.0
2021-01-29 05:00:00,174.87,175.1633,172.61,172.61,11252816.0
2021-02-01 05:00:00,175.02,175.26,174.06,174.23,9079082.0
2021-02-02 05:00:00,172.49,172.53,171.51,172.11,7221689.0
2021-02-03 05:00:00,172.36,172.5901,171.5,171.85,4658060.0
2021-02-04 05:00:00,168.29,168.395,167.34,168.15,13736624.0
2021-02-05 05:00:00,168.99,170.18,168.67,169.81,6538458.0
2021-02-08 05:00:00,171.9799,172.4,171.49,171.52,6887535.0
2021-02-09 05:00:00,172.57,173.03,171.75,172.08,5131799.0
2021-02-10 05:00:00,173.15,173.22,172.01,172.71,6112812.0
2021-02-11 05:00:00,172.7,172.871,170.71,171.21,5994522.0
2021-02-12 05:00:00,170.29,171.65,169.88,170.69,6018930.0
2021-02-16 05:00:00,168.14,170.065,167.73,168.24,14761087.0
2021-02-17 05:00:00,166.92,167.34,165.85,166.33,11425421.0
2021-02-18 05:00:00,166.98,167.3,165.73,166.32,7498157.0
2021-02-19 05:00:00,166.76,167.94,166.6,167.01,8273502.0
2021-02-22 05:00:00,168.54,169.89,168.3,169.51,10083290.0
2021-02-23 05:00:00,169.48,169.74,168.28,169.12,8616789.0
2021-02-24 05:00:00,167.65,169.14,167.15,169.0,8890612.0
2021-02-25 05:00:00,166.92,167.66,165.45,165.82,16359418.0
2021-02-26 05:00:00,165.0,165.1,160.95,161.81,23730391.0
2021-03-01 05:00:00,163.03,163.35,161.16,161.53,13828347.0
2021-03-02 05:00:00,161.93,162.925,161.22,162.41,11424608.0
2021-03-03 05:00:00,160.61,161.69,159.485,160.62,13059936.0
2021-03-04 05:00:00,160.6,161.455,158.43,159.04,13870077.0
2021-03-05 05:00:00,159.66,159.82,158.55,159.14,12068139.0
2021-03-08 05:00:00,158.58,158.74,157.1297,157.49,12134854.0
2021-03-09 05:00:00,160.75,161.2521,160.415,160.84,10382555.0
2021-03-10 05:00:00,161.06,161.78,160.66,161.66,7962003.0
2021-03-11 05:00:00,161.47,161.98,161.12,161.52,6749209.0
2021-03-12 05:00:00,159.54,161.69,159.35,161.49,8608514.0
2021-03-15 04:00:00,162.305,162.55,161.43,162.2,8110140.0
2021-03-16 04:00:00,162.36,163.2,161.81,162.35,7547417.0
2021-03-17 04:00:00,162.268,164.15,161.48,163.51,12626689.0
2021-03-18 04:00:00,161.15,162.82,161.11,162.56,8731762.0
2021-03-19 04:00:00,162.56,163.43,162.4299,163.24,6868892.0
2021-03-22 04:00:00,162.27,163.13,162.16,163.0,5239970.0
2021-03-23 04:00:00,162.45,162.49,161.592,161.81,6048301.0
2021-03-24 04:00:00,162.21,162.89,161.94,162.37,6183666.0
2021-03-25 04:00:00,163.0599,163.5799,161.32,161.78,8398596.0
2021-03-26 04:00:00,161.71,162.73,161.6499,162.24,6153894.0
2021-03-29 04:00:00,161.46,161.52,159.83,160.31,8409316.0
2021-03-30 04:00:00,157.94,158.2,157.55,157.57,8353246.0
2021-03-31 04:00:00,158.06,160.68,158.05,159.96,10623771.0
2021-04-01 04:00:00,161.56,162.11,161.28,161.98,7105228.0
2021-04-05 04:00:00,161.52,162.4047,161.36,161.92,6163799.0
2021-04-06 04:00:00,162.79,163.53,162.75,163.22,6761166.0
2021-04-07 04:00:00,162.82,163.31,162.5,162.76,5436014.0
2021-04-08 04:00:00,164.1679,164.77,164.14,164.51,6574524.0
2021-04-09 04:00:00,162.75,163.66,162.48,163.27,6657898.0
2021-04-12 04:00:00,162.73,162.8,161.81,162.28,4896669.0
2021-04-13 04:00:00,163.18,163.85,163.03,163.43,6995903.0
2021-04-14 04:00:00,162.77,163.05,162.3,162.72,6312296.0
2021-04-15 04:00:00,164.07,165.79,164.03,165.35,8250646.0
2021-04-16 04:00:00,166.24,166.811,165.94,166.35,10057602.0
2021-04-19 04:00:00,165.91,166.44,165.72,165.89,5721727.0
2021-04-20 04:00:00,165.65,166.81,165.62,166.48,6531979.0
2021-04-21 04:00:00,167.18,168.39,167.15,168.13,8380178.0
2021-04-22 04:00:00,167.11,167.53,166.4901,167.04,7680140.0
2021-04-23 04:00:00,167.37,167.53,165.78,166.4,7107484.0
2021-04-26 04:00:00,166.63,166.865,166.05,166.84,4786613.0
2021-04-27 04:00:00,166.92,167.15,166.28,166.42,5363499.0
2021-04-28 04:00:00,165.75,166.96,165.49,166.91,6932217.0
2021-04-29 04:00:00,165.58,166.26,164.47,166.22,9067627.0
2021-04-30 04:00:00,165.86,166.0,165.24,165.66,6248711.0
2021-05-03 04:00:00,167.61,168.43,167.41,167.81,9014708.0
2021-05-04 04:00:00,167.69,168.55,165.5,166.58,10267411.0
2021-05-05 04:00:00,166.63,167.31,166.61,167.27,5949985.0
2021-05-06 04:00:00,167.95,170.29,167.92,170.06,13574072.0
2021-05-07 04:00:00,171.53,172.5501,171.0,171.59,14748628.0
2021-05-10 04:00:00,172.74,172.84,171.78,172.11,8276584.0
2021-05-11 04:00:00,170.5582,172.17,170.27,172.14,8348213.0
2021-05-12 04:00:00,171.4321,171.835,170.345,170.43,12666262.0
2021-05-13 04:00:00,170.35,171.27,170.225,171.13,8078266.0
2021-05-14 04:00:00,172.05,172.7,171.82,172.69,9686777.0
2021-05-17 04:00:00,173.3,175.0,173.28,174.7,11956831.0
2021-05-18 04:00:00,175.18,175.21,174.46,175.04,7294010.0
2021-05-19 04:00:00,175.14,177.0,174.345,175.16,20741106.0
2021-05-20 04:00:00,175.32,176.46,175.11,175.96,9802799.0
2021-05-21 04:00:00,176.58,176.8602,175.145,176.04,7677190.0
2021-05-24 04:00:00,176.15,176.59,175.87,176.35,5557339.0
2021-05-25 04:00:00,176.15,177.95,176.04,177.95,8986945.0
2021-05-26 04:00:00,178.368,178.61,177.04,177.64,8495383.0
2021-05-27 04:00:00,177.39,177.82,176.81,177.71,7992951.0
2021-05-28 04:00:00,177.46,178.43,177.2411,178.38,9968324.0
2021-06-01 04:00:00,178.76,178.85,177.19,177.9,9143250.0
2021-06-02 04:00:00,178.34,178.78,177.97,178.77,6613106.0
2021-06-03 04:00:00,175.83,175.83,174.66,175.27,10153899.0
2021-06-04 04:00:00,176.65,177.57,176.61,177.16,8375264.0
2021-06-07 04:00:00,176.96,177.9,176.63,177.87,7709094.0
2021-06-08 04:00:00,177.23,177.54,176.37,177.32,5905832.0
2021-06-09 04:00:00,177.38,177.8,176.78,176.98,6346094.0
2021-06-10 04:00:00,176.7,177.85,176.48,177.74,9896612.0
2021-06-11 04:00:00,176.33,176.57,175.48,175.74,7836860.0
2021-06-14 04:00:00,173.16,175.06,172.95,174.71,7733645.0
2021-06-15 04:00:00,174.78,174.915,173.34,174.05,7550154.0
2021-06-16 04:00:00,173.91,174.465,171.03,171.11,16919749.0
2021-06-17 04:00:00,167.02,167.615,165.44,165.85,27232236.0
2021-06-18 04:00:00,166.14,166.72,164.87,164.93,15744310.0
2021-06-21 04:00:00,166.52,167.2218,166.0,166.95,8370991.0
2021-06-22 04:00:00,166.35,166.915,166.01,166.25,7223919.0
2021-06-23 04:00:00,166.97,168.03,165.97,166.14,8474276.0
2021-06-24 04:00:00,167.0,167.23,166.01,166.04,6903352.0
2021-06-25 04:00:00,167.45,167.525,166.29,166.59,7473679.0
2021-06-28 04:00:00,166.68,166.91,166.3575,166.58,6508902.0
2021-06-29 04:00:00,164.34,165.2782,164.01,164.83,7451415.0
2021-06-30 04:00:00,164.57,166.1,164.29,165.63,7955839.0
2021-07-01 04:00:00,166.65,166.88,165.5,166.2,7430497.0
2021-07-02 04:00:00,167.35,167.715,166.4,167.29,7873574.0
2021-07-06 04:00:00,169.27,169.65,167.54,168.12,7932050.0
2021-07-07 04:00:00,168.72,169.23,168.19,168.76,7108909.0
2021-07-08 04:00:00,169.82,169.855,167.91,168.65,7244275.0
2021-07-09 04:00:00,168.84,169.62,168.66,169.21,4997398.0
2021-07-12 04:00:00,168.7,169.16,167.64,169.0,7315422.0
2021-07-13 04:00:00,169.51,169.9,168.93,169.22,7040277.0
2021-07-14 04:00:00,170.91,171.04,170.28,171.04,8830335.0
2021-07-15 04:00:00,170.89,171.3,170.34,171.07,6520126.0
2021-07-16 04:00:00,170.65,170.95,169.28,169.41,9460348.0
2021-07-19 04:00:00,169.51,169.91,168.89,169.61,6707365.0
2021-07-20 04:00:00,170.51,170.8,168.92,169.39,6540058.0
2021-07-21 04:00:00,168.33,169.0,168.14,168.76,4622581.0
2021-07-22 04:00:00,168.49,169.191,168.06,169.09,4793605.0
2021-07-23 04:00:00,168.5,168.88,167.95,168.56,5831463.0
2021-07-26 04:00:00,168.58,168.86,168.08,168.16,5229817.0
2021-07-27 04:00:00,168.73,168.905,167.93,168.44,6300183.0
2021-07-28 04:00:00,168.26,169.38,167.72,169.29,7905846.0
2021-07-29 04:00:00,170.7,171.52,170.67,171.17,8119591.0
2021-07-30 04:00:00,170.72,170.99,169.38,169.82,7391706.0
2021-08-02 04:00:00,169.3,170.245,169.1,169.61,10783240.0
2021-08-03 04:00:00,169.42,169.83,169.21,169.49,5402340.0
2021-08-04 04:00:00,171.28,171.4,168.99,169.53,9796349.0
2021-08-05 04:00:00,169.37,169.4371,168.203,168.86,7893245.0
2021-08-06 04:00:00,165.84,165.93,164.55,164.64,13547643.0
2021-08-09 04:00:00,163.01,163.295,161.26,161.72,11546973.0
2021-08-10 04:00:00,161.39,162.11,160.68,161.77,6870766.0
2021-08-11 04:00:00,163.15,164.17,162.68,164.0,7382417.0
2021-08-12 04:00:00,163.65,164.1,162.9335,164.04,5222080.0
2021-08-13 04:00:00,165.02,166.46,164.89,166.39,7466887.0
2021-08-16 04:00:00,166.73,167.39,166.59,167.22,7781796.0
2021-08-17 04:00:00,167.29,167.73,166.56,166.97,7106992.0
2021-08-18 04:00:00,167.24,167.51,166.26,167.1,7697931.0
2021-08-19 04:00:00,167.24,167.29,166.16,166.61,6934268.0
2021-08-20 04:00:00,166.8,167.14,166.36,166.7,7154348.0
2021-08-23 04:00:00,168.82,168.91,167.96,168.73,8190548.0
2021-08-24 04:00:00,169.04,169.27,168.52,168.65,4519173.0
2021-08-25 04:00:00,167.88,167.92,166.74,167.48,5588751.0
2021-08-26 04:00:00,167.21,168.21,166.83,167.67,4371866.0
2021-08-27 04:00:00,167.58,170.19,166.87,170.19,10036431.0
2021-08-30 04:00:00,169.66,169.835,169.09,169.35,3768628.0
2021-08-31 04:00:00,169.23,169.92,168.75,169.69,6336002.0
2021-09-01 04:00:00,169.94,170.0,169.16,169.7,4764866.0
2021-09-02 04:00:00,169.5,169.63,168.82,169.25,4601128.0
2021-09-03 04:00:00,170.59,171.55,170.15,171.06,8353646.0
2021-09-07 04:00:00,169.56,169.78,167.63,167.71,10007697.0
2021-09-08 04:00:00,168.02,168.08,166.7,167.29,6575990.0
2021-09-09 04:00:00,168.17,168.28,166.83,168.03,6641424.0
2021-09-10 04:00:00,167.81,168.08,167.145,167.18,7426272.0
2021-09-13 04:00:00,167.45,168.22,167.395,167.74,5474323.0
2021-09-14 04:00:00,168.22,169.16,167.48,168.82,7922917.0
2021-09-15 04:00:00,168.1332,168.36,167.45,167.83,5624883.0
2021-09-16 04:00:00,164.38,164.44,163.233,164.03,11780399.0
2021-09-17 04:00:00,163.86,164.32,163.4,163.77,8369679.0
2021-09-20 04:00:00,164.29,165.28,164.07,164.94,7566577.0
2021-09-21 04:00:00,165.81,166.63,165.49,166.04,7181458.0
2021-09-22 04:00:00,165.89,167.15,165.03,165.42,9777794.0
2021-09-23 04:00:00,164.1,164.2,163.27,163.51,8451899.0
2021-09-24 04:00:00,163.0,164.0,162.74,163.3,6937521.0
2021-09-27 04:00:00,163.85,164.3608,163.51,163.64,4942989.0
2021-09-28 04:00:00,162.73,162.82,161.73,162.05,9282755.0
2021-09-29 04:00:00,162.35,162.74,160.97,161.32,8360656.0
2021-09-30 04:00:00,162.66,164.95,162.34,164.22,10574824.0
2021-10-01 04:00:00,164.27,164.96,163.885,164.59,6654686.0
2021-10-04 04:00:00,163.69,165.54,163.47,165.36,7651658.0
2021-10-05 04:00:00,163.94,164.85,163.49,164.59,5617283.0
2021-10-06 04:00:00,164.23,165.06,164.1531,165.03,6067156.0
2021-10-07 04:00:00,164.02,164.8507,163.96,164.16,4791505.0
2021-10-08 04:00:00,166.32,166.42,164.135,164.23,8536109.0
2021-10-11 04:00:00,164.04,164.58,163.91,163.92,3820087.0
2021-10-12 04:00:00,164.5701,165.44,164.31,164.66,5453049.0
2021-10-13 04:00:00,165.28,167.92,165.28,167.59,11118291.0
2021-10-14 04:00:00,168.19,168.22,167.71,168.0,5083847.0
2021-10-15 04:00:00,165.39,166.09,165.1,165.33,8699223.0
2021-10-18 04:00:00,165.42,165.59,164.81,164.92,4029594.0
2021-10-19 04:00:00,166.5,166.5,165.2001,165.45,6588473.0
2021-10-20 04:00:00,166.21,167.11,165.9258,166.9,5022036.0
2021-10-21 04:00:00,166.7,166.94,166.24,166.75,4412389.0
2021-10-22 04:00:00,168.67,169.54,166.67,167.77,10703927.0
2021-10-25 04:00:00,168.66,169.21,168.53,168.93,4881346.0
2021-10-26 04:00:00,167.88,167.91,166.63,167.68,6658890.0
2021-10-27 04:00:00,167.73,168.2,166.86,168.12,5823080.0
2021-10-28 04:00:00,168.98,169.25,167.53,168.08,7000717.0
2021-10-29 04:00:00,166.29,166.73,165.64,166.65,7531872.0
2021-11-01 04:00:00,167.38,167.84,166.91,167.52,4975560.0
2021-11-02 04:00:00,167.43,167.63,166.963,167.16,3760736.0
2021-11-03 04:00:00,165.32,165.95,164.38,165.77,9055208.0
2021-11-04 04:00:00,167.51,168.14,167.37,167.65,6656097.0
2021-11-05 04:00:00,168.42,169.94,167.85,169.84,9368948.0
2021-11-08 05:00:00,170.43,170.7,170.06,170.45,4966135.0
2021-11-09 05:00:00,170.73,171.31,170.12,171.29,5781180.0
2021-11-10 05:00:00,173.65,174.65,172.11,173.15,11461779.0
2021-11-11 05:00:00,173.98,174.27,173.74,174.12,5959640.0
2021-11-12 05:00:00,173.51,174.67,173.4,174.45,7894848.0
2021-11-15 05:00:00,174.1,174.59,173.69,174.18,5630808.0
2021-11-16 05:00:00,173.97,174.48,172.86,172.92,8667323.0
2021-11-17 05:00:00,174.24,174.605,173.89,174.5,6523061.0
2021-11-18 05:00:00,173.96,174.36,173.53,173.94,6253445.0
2021-11-19 05:00:00,173.69,174.1,172.235,172.61,8787253.0
2021-11-22 05:00:00,169.9,170.44,168.42,168.74,13100511.0
2021-11-23 05:00:00,167.28,167.6,166.53,167.28,8053370.0
2021-11-24 05:00:00,166.5825,167.44,166.32,167.12,5359457.0
2021-11-26 05:00:00,168.6,168.64,166.37,166.85,9605192.0
2021-11-29 05:00:00,166.84,167.255,166.38,166.62,7394940.0
2021-11-30 05:00:00,167.77,169.01,165.37,165.5,12925270.0
2021-12-01 05:00:00,166.84,167.47,166.06,166.16,7825484.0
2021-12-02 05:00:00,165.89,165.9405,164.63,165.24,9604118.0
2021-12-03 05:00:00,165.49,166.93,165.0,166.63,9507938.0
2021-12-06 05:00:00,166.14,166.8,165.93,166.22,4813624.0
2021-12-07 05:00:00,166.2,167.08,166.18,166.81,4900713.0
2021-12-08 05:00:00,166.51,166.96,166.28,166.9,4288935.0
2021-12-09 05:00:00,166.54,166.58,165.65,165.88,4913771.0
2021-12-10 05:00:00,166.72,166.915,166.18,166.58,6450614.0
2021-12-13 05:00:00,166.9,167.255,166.67,167.0,6610673.0
2021-12-14 05:00:00,165.34,166.14,165.16,165.44,8637879.0
2021-12-15 05:00:00,165.27,166.4,163.8,166.15,14231184.0
2021-12-16 05:00:00,167.01,168.18,166.94,168.16,11186197.0
2021-12-17 05:00:00,168.73,169.125,167.78,167.8,9867792.0
2021-12-20 05:00:00,167.88,168.0,167.06,167.09,6972959.0
2021-12-21 05:00:00,167.69,167.7754,166.74,167.02,4548504.0
2021-12-22 05:00:00,167.58,168.64,167.11,168.59,4672941.0
2021-12-23 05:00:00,168.69,169.16,168.01,168.97,4551124.0
2021-12-27 05:00:00,168.96,169.42,168.78,169.37,4763297.0
2021-12-28 05:00:00,169.33,169.65,168.62,168.64,4545714.0
2021-12-29 05:00:00,167.36,168.69,167.28,168.59,5889714.0
2021-12-30 05:00:00,168.43,169.81,168.37,169.8,5426311.0
2021-12-31 05:00:00,170.53,171.04,170.04,170.96,7039330.0
2022-01-03 05:00:00,168.86,169.01,168.0,168.33,9014423.0
2022-01-04 05:00:00,168.9,169.72,168.73,169.57,6965598.0
2022-01-05 05:00:00,170.62,170.93,168.9,169.06,8715585.0
2022-01-06 05:00:00,167.16,167.75,166.86,166.99,10902661.0
2022-01-07 05:00:00,167.37,168.01,166.86,167.75,8191936.0
2022-01-10 05:00:00,167.36,168.3,167.31,168.26,7026475.0
2022-01-11 05:00:00,168.44,170.31,168.37,170.29,8368980.0
2022-01-12 05:00:00,170.19,170.75,170.01,170.74,6280745.0
2022-01-13 05:00:00,170.09,170.22,169.27,170.16,7034202.0
2022-01-14 05:00:00,170.22,170.56,169.4796,169.67,7865900.0
2022-01-18 05:00:00,169.6401,170.005,169.09,169.39,9323046.0
2022-01-19 05:00:00,170.3919,172.1895,170.2,172.08,15784477.0
2022-01-20 05:00:00,172.31,172.5999,171.585,171.65,9570477.0
2022-01-21 05:00:00,172.04,172.12,170.74,171.09,10982517.0
2022-01-24 05:00:00,171.78,172.14,170.85,172.03,15735970.0
2022-01-25 05:00:00,171.95,173.1499,171.775,172.58,17382097.0
2022-01-26 05:00:00,171.39,171.725,169.48,169.79,17799403.0
2022-01-27 05:00:00,168.02,169.09,167.325,167.6,15875306.0
2022-01-28 05:00:00,166.56,167.46,166.365,167.1,9782484.0
2022-01-31 05:00:00,167.79,168.14,167.46,168.09,8539265.0
2022-02-01 05:00:00,168.57,168.85,167.87,168.23,9763909.0
2022-02-02 05:00:00,168.34,169.12,168.155,168.84,9085285.0
2022-02-03 05:00:00,168.31,168.82,167.03,168.6,10650800.0
2022-02-04 05:00:00,168.04,169.1,167.99,168.86,9619611.0
2022-02-07 05:00:00,169.45,170.3,169.19,170.11,7796866.0
2022-02-08 05:00:00,170.1,170.78,169.95,170.63,5801993.0
2022-02-09 05:00:00,170.68,171.42,170.55,171.21,8002766.0
2022-02-10 05:00:00,170.5201,171.99,170.46,170.56,10693524.0
2022-02-11 05:00:00,170.75,174.2,170.71,173.81,25741494.0
2022-02-14 05:00:00,173.78,175.0,173.68,174.74,13650704.0
2022-02-15 05:00:00,173.1,173.34,172.39,173.08,12607006.0
2022-02-16 05:00:00,173.49,174.86,173.48,174.86,12772069.0
2022-02-17 05:00:00,176.7,177.53,176.39,177.25,18612546.0
2022-02-18 05:00:00,177.07,177.25,176.51,177.12,12760663.0
2022-02-22 05:00:00,177.67,178.07,176.8175,177.49,14960494.0
2022-02-23 05:00:00,177.39,178.39,177.36,178.29,11772201.0
2022-02-24 05:00:00,182.59,182.6,175.27,177.14,32725999.0
2022-02-25 05:00:00,176.42,176.79,175.79,176.55,11530929.0
2022-02-28 05:00:00,178.86,178.99,176.5,178.38,16055844.0
2022-03-01 05:00:00,179.0456,181.76,179.03,181.62,21942127.0
2022-03-02 05:00:00,180.13,180.71,178.788,179.73,19727192.0
2022-03-03 05:00:00,179.96,181.3,179.5,180.8,14826051.0
2022-03-04 05:00:00,182.1137,183.98,181.36,183.68,22412092.0
2022-03-07 05:00:00,184.45,186.64,184.22,186.41,27951785.0
2022-03-08 05:00:00,188.35,193.3,188.26,191.51,47347678.0
2022-03-09 05:00:00,186.04,187.225,184.76,185.82,26839671.0
2022-03-10 05:00:00,186.8799,187.38,184.99,186.4,18455213.0
2022-03-11 05:00:00,183.7399,185.78,183.44,185.09,14824715.0
2022-03-14 04:00:00,183.03,183.29,181.95,182.3,13186389.0
2022-03-15 04:00:00,179.1,180.27,178.01,178.89,16962273.0
2022-03-16 04:00:00,179.13,180.115,176.87,180.01,17548090.0
2022-03-17 04:00:00,181.16,182.03,180.65,180.89,10954139.0
2022-03-18 04:00:00,179.93,180.93,179.035,179.3,13996452.0
2022-03-21 04:00:00,179.33,181.29,179.32,180.67,10582224.0
2022-03-22 04:00:00,179.6,179.71,178.3231,179.36,9621751.0
2022-03-23 04:00:00,180.29,181.89,179.76,181.81,12557272.0
2022-03-24 04:00:00,182.35,183.51,181.77,183.13,10970070.0
2022-03-25 04:00:00,181.81,183.13,181.35,182.38,7914035.0
2022-03-28 04:00:00,180.38,181.325,178.85,179.06,9489725.0
2022-03-29 04:00:00,177.02,179.33,176.69,179.14,10458927.0
2022-03-30 04:00:00,179.76,180.92,179.6801,180.58,8361286.0
2022-03-31 04:00:00,180.91,181.96,180.56,180.65,9844398.0
2022-04-01 04:00:00,179.5501,180.4599,178.98,179.5,13034395.0
2022-04-04 04:00:00,180.2439,180.81,179.58,180.37,7063124.0
2022-04-05 04:00:00,180.91,181.49,178.93,179.24,10828531.0
2022-04-06 04:00:00,179.78,180.31,178.7,179.66,8942121.0
2022-04-07 04:00:00,179.87,180.88,179.8,180.34,10140585.0
2022-04-08 04:00:00,180.52,181.82,180.52,181.47,10655681.0
2022-04-11 04:00:00,183.17,183.33,181.11,182.37,10071319.0
2022-04-12 04:00:00,184.04,184.64,182.96,183.77,12024560.0
2022-04-13 04:00:00,184.5,184.94,184.13,184.65,8651635.0
2022-04-14 04:00:00,184.28,184.41,182.88,184.04,11567178.0
2022-04-18 04:00:00,185.95,186.1,184.39,184.61,8886690.0
2022-04-19 04:00:00,183.19,183.6506,181.33,181.82,12585622.0
2022-04-20 04:00:00,181.59,182.72,181.35,182.71,7038625.0
2022-04-21 04:00:00,181.77,182.32,180.775,182.06,9639834.0
2022-04-22 04:00:00,180.7235,181.605,179.74,180.29,9146973.0
2022-04-25 04:00:00,177.17,177.51,176.48,177.05,13073688.0
2022-04-26 04:00:00,177.95,178.3,176.915,177.32,9042403.0
2022-04-27 04:00:00,176.4561,176.64,175.5,175.98,8854721.0
2022-04-28 04:00:00,175.92,176.965,175.69,176.93,6384762.0
2022-04-29 04:00:00,178.0667,178.615,176.71,176.91,7719702.0
2022-05-02 04:00:00,173.6121,174.65,172.98,173.63,14318600.0
2022-05-03 04:00:00,173.89,175.205,173.85,174.09,7214348.0
2022-05-04 04:00:00,174.32,176.35,173.67,175.8,10491681.0
2022-05-05 04:00:00,177.56,177.61,174.66,175.13,12794160.0
2022-05-06 04:00:00,175.39,176.56,174.86,175.42,7643269.0
2022-05-09 04:00:00,174.27,174.27,172.79,172.88,10742410.0
2022-05-10 04:00:00,173.8039,173.96,171.2,171.42,11010440.0
2022-05-11 04:00:00,172.51,173.32,172.2,172.82,9179592.0
2022-05-12 04:00:00,172.072,172.4,169.9,170.17,11626799.0
2022-05-13 04:00:00,168.312,169.62,168.01,168.79,13031057.0
2022-05-16 04:00:00,168.43,170.43,168.34,170.4,7319277.0
2022-05-17 04:00:00,170.44,170.53,169.1409,169.33,6441110.0
2022-05-18 04:00:00,169.01,170.21,168.81,169.42,7472850.0
2022-05-19 04:00:00,171.5489,172.5197,170.89,171.91,10580267.0
2022-05-20 04:00:00,171.71,172.24,170.89,172.03,6578056.0
2022-05-23 04:00:00,173.13,173.38,172.28,172.83,5518503.0
2022-05-24 04:00:00,173.47,174.41,173.35,174.13,6793991.0
2022-05-25 04:00:00,172.79,173.16,171.73,173.08,4595917.0
2022-05-26 04:00:00,172.13,172.93,171.76,172.76,6466982.0
2022-05-27 04:00:00,173.4901,173.52,172.64,172.85,3847871.0
2022-05-31 04:00:00,172.71,173.07,171.08,171.14,6243967.0
2022-06-01 04:00:00,172.2099,172.53,171.39,172.23,6946516.0
2022-06-02 04:00:00,173.66,174.45,173.49,174.35,5623129.0
2022-06-03 04:00:00,173.5285,173.965,172.25,172.58,5519407.0
2022-06-06 04:00:00,172.81,172.89,171.65,171.82,3766042.0
2022-06-07 04:00:00,172.11,173.05,171.985,172.94,3860035.0
2022-06-08 04:00:00,172.89,173.45,172.67,172.78,5140816.0
2022-06-09 04:00:00,172.45,172.59,171.58,172.23,4701143.0
2022-06-10 04:00:00,170.89,174.94,170.46,174.54,16856138.0
2022-06-13 04:00:00,171.18,171.335,169.61,169.93,13265243.0
2022-06-14 04:00:00,169.61,169.7309,168.3,168.57,7347935.0
2022-06-15 04:00:00,170.4,171.84,169.08,170.77,9000294.0
2022-06-16 04:00:00,170.56,172.77,170.17,172.69,8823558.0
2022-06-17 04:00:00,172.15,172.3,170.97,171.27,7407223.0
2022-06-21 04:00:00,171.06,171.91,170.47,170.63,5608485.0
2022-06-22 04:00:00,171.61,172.3,171.1,171.31,6558656.0
2022-06-23 04:00:00,171.39,172.13,169.9,170.26,6535261.0
2022-06-24 04:00:00,170.24,170.7401,169.85,170.09,6143081.0
2022-06-27 04:00:00,170.595,170.67,169.75,169.9,5719684.0
2022-06-28 04:00:00,170.0699,170.21,169.51,169.62,2984450.0
2022-06-29 04:00:00,170.58,170.7,169.17,169.49,4785576.0
2022-06-30 04:00:00,169.51,169.96,168.24,168.46,9144391.0
2022-07-01 04:00:00,167.135,168.68,166.96,168.32,11380332.0
2022-07-05 04:00:00,167.18,167.33,164.41,164.75,14035426.0
2022-07-06 04:00:00,164.32,164.57,161.47,162.14,11861144.0
2022-07-07 04:00:00,162.43,163.04,162.06,162.23,4588418.0
2022-07-08 04:00:00,162.35,163.38,161.84,162.3,4584112.0
2022-07-11 04:00:00,161.93,162.435,161.3757,161.43,4321663.0
2022-07-12 04:00:00,161.22,161.62,160.72,160.83,5375081.0
2022-07-13 04:00:00,160.1,162.705,160.06,161.6,8456636.0
2022-07-14 04:00:00,159.02,159.83,158.22,159.33,12213614.0
2022-07-15 04:00:00,159.01,159.25,158.35,159.01,6783785.0
2022-07-18 04:00:00,160.08,160.43,159.05,159.16,5791779.0
2022-07-19 04:00:00,159.47,159.87,159.33,159.54,3796198.0
2022-07-20 04:00:00,159.71,159.815,158.025,158.04,4795846.0
2022-07-21 04:00:00,158.31,160.31,158.2699,160.27,5863333.0
2022-07-22 04:00:00,160.55,162.13,160.35,160.67,5733753.0
2022-07-25 04:00:00,160.64,160.7,159.81,160.23,3713368.0
2022-07-26 04:00:00,160.23,160.5,159.79,160.04,2672764.0
2022-07-27 04:00:00,160.02,162.21,159.51,161.67,5709082.0
2022-07-28 04:00:00,163.31,163.76,162.88,163.64,5606353.0
2022-07-29 04:00:00,163.89,164.69,163.28,164.1,7537307.0
2022-08-01 04:00:00,164.98,165.41,164.41,165.03,4666912.0
2022-08-02 04:00:00,165.66,166.46,164.02,164.05,5725388.0
2022-08-03 04:00:00,164.77,164.91,163.475,164.45,4417759.0
2022-08-04 04:00:00,165.53,167.31,165.34,167.17,5502000.0
2022-08-05 04:00:00,164.99,165.84,164.87,165.29,6023291.0
2022-08-08 04:00:00,166.03,166.8103,165.93,166.69,3457314.0
2022-08-09 04:00:00,167.48,167.8,166.82,167.2,3205505.0
2022-08-10 04:00:00,167.3925,167.98,166.6201,166.78,4077274.0
2022-08-11 04:00:00,167.16,167.66,166.31,166.34,4445977.0
2022-08-12 04:00:00,167.17,167.94,166.83,167.87,5151653.0
2022-08-15 04:00:00,165.99,166.25,165.44,165.71,5236292.0
2022-08-16 04:00:00,165.31,165.72,165.18,165.42,4291529.0
2022-08-17 04:00:00,165.21,165.228,163.95,164.35,5569071.0
2022-08-18 04:00:00,164.6,164.9125,163.545,163.92,3646087.0
2022-08-19 04:00:00,163.65,163.74,162.615,162.72,8172954.0
2022-08-22 04:00:00,161.66,162.12,161.36,161.64,4458113.0
2022-08-23 04:00:00,161.96,163.43,161.91,162.77,4425075.0
2022-08-24 04:00:00,162.44,163.61,162.37,163.25,3202411.0
2022-08-25 04:00:00,163.97,163.985,163.24,163.75,2857488.0
2022-08-26 04:00:00,163.12,163.61,161.55,161.76,6689259.0
2022-08-29 04:00:00,161.88,162.62,161.7,161.86,4702256.0
2022-08-30 04:00:00,161.27,161.43,160.34,160.51,4856576.0
2022-08-31 04:00:00,159.5,160.575,159.255,159.27,5438641.0
2022-09-01 04:00:00,158.17,158.39,157.32,157.87,7390755.0
2022-09-02 04:00:00,159.3499,160.06,159.14,159.26,5196908.0
2022-09-06 04:00:00,159.17,159.46,158.32,158.33,4863819.0
2022-09-07 04:00:00,158.15,160.15,158.08,159.94,3981410.0
2022-09-08 04:00:00,159.54,159.86,158.7115,158.98,4607118.0
2022-09-09 04:00:00,159.72,160.24,159.41,159.82,3927788.0
2022-09-12 04:00:00,161.04,161.62,160.55,160.63,4537530.0
2022-09-13 04:00:00,158.47,159.2675,158.39,158.54,6526388.0
2022-09-14 04:00:00,158.68,158.98,157.73,157.93,6091085.0
2022-09-15 04:00:00,156.76,157.485,154.62,154.98,13181203.0
2022-09-16 04:00:00,154.66,156.56,154.34,155.84,7141210.0
2022-09-19 04:00:00,154.87,156.04,154.815,155.96,5582767.0
2022-09-20 04:00:00,155.03,155.23,154.59,155.07,5943724.0
2022-09-21 04:00:00,155.97,157.25,154.01,155.79,7816071.0
2022-09-22 04:00:00,156.26,156.48,155.31,155.7,5975237.0
2022-09-23 04:00:00,153.9,154.0,152.64,153.01,9597991.0
2022-09-26 04:00:00,153.22,153.51,151.0301,151.23,8240501.0
2022-09-27 04:00:00,152.25,152.73,151.5,151.54,7151310.0
2022-09-28 04:00:00,153.2,154.88,152.93,154.69,8977243.0
2022-09-29 04:00:00,154.14,155.03,153.16,154.66,6317021.0
2022-09-30 04:00:00,154.94,156.045,154.57,154.67,6832430.0
2022-10-03 04:00:00,155.438,158.48,155.23,158.43,10362232.0
2022-10-04 04:00:00,159.18,161.08,158.92,160.7,8024496.0
2022-10-05 04:00:00,159.32,160.08,158.38,159.81,5296309.0
2022-10-06 04:00:00,159.41,159.94,158.9511,159.63,5712627.0
2022-10-07 04:00:00,158.46,158.98,157.68,157.88,5030041.0
2022-10-10 04:00:00,155.94,156.35,155.12,155.48,6110794.0
2022-10-11 04:00:00,155.49,156.81,154.92,155.16,5306673.0
2022-10-12 04:00:00,155.51,156.29,155.26,155.99,3998472.0
2022-10-13 04:00:00,153.48,155.73,152.92,154.91,7083767.0
2022-10-14 04:00:00,154.02,154.1996,152.72,152.98,5474648.0
2022-10-17 04:00:00,154.92,155.33,153.325,153.42,4348044.0
2022-10-18 04:00:00,154.08,154.2393,153.24,153.75,4528441.0
2022-10-19 04:00:00,152.09,152.49,151.54,151.69,8257060.0
2022-10-20 04:00:00,151.92,153.23,151.27,151.45,5019849.0
2022-10-21 04:00:00,151.98,154.31,151.83,154.15,6898351.0
2022-10-24 04:00:00,153.45,154.06,153.06,153.65,4673274.0
2022-10-25 04:00:00,153.9599,154.79,153.83,154.0,3434053.0
2022-10-26 04:00:00,154.78,155.73,154.78,154.98,4451056.0
2022-10-27 04:00:00,154.7148,155.09,154.22,154.74,3654871.0
2022-10-28 04:00:00,152.96,153.54,152.5,153.16,4645440.0
2022-10-31 04:00:00,152.16,152.8721,151.89,151.91,6097760.0
2022-11-01 04:00:00,153.82,153.98,152.87,153.46,4603597.0
2022-11-02 04:00:00,154.16,155.42,152.26,152.39,7220403.0
2022-11-03 04:00:00,150.699,151.955,150.5703,151.81,5378810.0
2022-11-04 04:00:00,154.95,156.6,154.66,156.47,7691954.0
2022-11-07 05:00:00,156.22,156.569,155.81,155.85,4425710.0
2022-11-08 05:00:00,155.99,159.87,155.975,159.45,11299635.0
2022-11-09 05:00:00,159.359,160.35,158.45,158.65,6040627.0
2022-11-10 05:00:00,162.01,163.51,161.655,163.48,9939858.0
2022-11-11 05:00:00,163.914,164.58,163.42,164.56,4622422.0
2022-11-14 05:00:00,164.2,165.24,164.15,164.92,6187552.0
2022-11-15 05:00:00,165.27,166.23,164.56,165.5,9903495.0
2022-11-16 05:00:00,165.41,165.71,164.8301,165.12,3645845.0
2022-11-17 05:00:00,163.79,164.1099,163.4,163.92,4578129.0
2022-11-18 05:00:00,163.38,163.69,162.68,162.79,4321075.0
2022-11-21 05:00:00,162.44,162.5,161.28,161.88,4766512.0
2022-11-22 05:00:00,162.3,162.6,161.72,162.07,3203837.0
2022-11-23 05:00:00,161.69,163.24,161.56,163.08,4167005.0
2022-11-25 05:00:00,162.85,163.43,162.765,163.22,1436508.0
2022-11-28 05:00:00,162.93,163.06,161.91,161.93,4053918.0
2022-11-29 05:00:00,162.7,163.6299,162.6,162.73,2620637.0
2022-11-30 05:00:00,163.69,164.81,162.4,164.81,4874746.0
2022-12-01 05:00:00,167.48,167.95,166.975,167.84,8625780.0
2022-12-02 05:00:00,166.18,167.47,165.76,167.26,5185941.0
2022-12-05 05:00:00,166.55,166.72,164.3201,164.39,5436175.0
2022-12-06 05:00:00,165.2,165.54,164.45,164.84,3597758.0
2022-12-07 05:00:00,165.4699,166.64,165.318,166.33,4610697.0
2022-12-08 05:00:00,166.58,167.045,166.07,166.47,3217874.0
2022-12-09 05:00:00,167.26,168.085,166.6,167.06,5431272.0
2022-12-12 05:00:00,166.438,166.6,165.43,165.68,3504409.0
2022-12-13 05:00:00,169.21,169.79,168.02,168.51,6750199.0
2022-12-14 05:00:00,168.43,168.81,167.14,168.1,5642965.0
2022-12-15 05:00:00,165.73,166.21,165.1,165.35,8370909.0
2022-12-16 05:00:00,166.02,166.98,165.84,166.79,5371967.0
2022-12-19 05:00:00,166.71,167.11,165.99,166.32,3940525.0
2022-12-20 05:00:00,168.1,169.53,168.03,169.08,7803118.0
2022-12-21 05:00:00,169.04,169.71,168.675,168.8,3990060.0
2022-12-22 05:00:00,167.76,167.7632,166.06,166.76,5672656.0
2022-12-23 05:00:00,166.8801,167.795,166.66,167.26,2912300.0
2022-12-27 05:00:00,167.89,170.61,167.8,168.67,6885715.0
2022-12-28 05:00:00,168.05,168.34,167.1,167.91,3662456.0
2022-12-29 05:00:00,168.54,169.35,168.52,168.85,3345874.0
2022-12-30 05:00:00,169.26,169.8999,168.795,169.64,2864455.0
2023-01-03 05:00:00,171.32,172.09,170.02,171.06,7992927.0
2023-01-04 05:00:00,172.86,173.09,171.845,172.67,7574633.0
2023-01-05 05:00:00,170.824,171.0,169.79,170.52,4692610.0
2023-01-06 05:00:00,171.76,173.96,171.23,173.71,7888954.0
2023-01-09 05:00:00,174.51,175.035,173.881,174.1,5134503.0
2023-01-10 05:00:00,174.61,174.98,174.06,174.74,4398411.0
2023-01-11 05:00:00,174.76,174.79,173.72,174.62,3374201.0
2023-01-12 05:00:00,176.01,176.71,174.88,176.64,6936919.0
2023-01-13 05:00:00,176.96,178.825,176.8934,178.76,7468768.0
2023-01-17 05:00:00,178.21,178.24,177.09,177.59,6610834.0
2023-01-18 05:00:00,178.92,179.18,176.9,177.08,5384664.0
2023-01-19 05:00:00,178.37,180.03,178.09,179.89,6678687.0
2023-01-20 05:00:00,179.06,179.66,178.645,179.29,5754818.0
2023-01-23 05:00:00,178.35,179.69,177.78,179.63,5265507.0
2023-01-24 05:00:00,179.56,180.32,178.35,180.28,4604628.0
2023-01-25 05:00:00,179.35,181.22,179.2925,181.11,6925348.0
2023-01-26 05:00:00,180.146,180.265,178.46,179.47,5860129.0
2023-01-27 05:00:00,179.27,179.72,178.262,179.22,6052728.0
2023-01-30 05:00:00,179.286,179.43,178.65,178.76,4210726.0
2023-01-31 05:00:00,178.82,179.699,178.54,179.41,5976888.0
2023-02-01 05:00:00,179.75,181.73,178.63,181.67,7996005.0
2023-02-02 05:00:00,181.08,181.11,177.74,177.9,8842396.0
2023-02-03 05:00:00,174.92,175.43,173.12,173.46,13674441.0
2023-02-06 05:00:00,174.11,174.455,173.28,173.82,8956963.0
2023-02-07 05:00:00,173.72,175.27,173.47,173.98,6794153.0
2023-02-08 05:00:00,174.942,174.99,173.83,174.41,4075638.0
2023-02-09 05:00:00,175.49,175.52,172.87,173.03,5361340.0
2023-02-10 05:00:00,173.63,173.68,172.63,173.36,2971125.0
2023-02-13 05:00:00,172.7,172.9014,172.07,172.48,3970786.0
2023-02-14 05:00:00,171.97,173.51,171.41,172.61,5403099.0
2023-02-15 05:00:00,170.6,170.99,170.16,170.89,5435337.0
2023-02-16 05:00:00,170.34,171.6,169.96,170.75,4540398.0
2023-02-17 05:00:00,169.87,171.47,169.52,171.26,4809799.0
2023-02-21 05:00:00,171.2,171.5,170.34,170.62,4035933.0
2023-02-22 05:00:00,170.81,170.96,169.56,169.66,4105675.0
2023-02-23 05:00:00,169.84,170.125,169.08,169.57,5073479.0
2023-02-24 05:00:00,168.42,168.84,168.19,168.35,6496496.0
2023-02-27 05:00:00,168.88,169.23,168.55,169.01,4509151.0
2023-02-28 05:00:00,168.781,170.25,168.59,169.78,6761585.0
2023-03-01 05:00:00,170.95,171.49,170.47,170.76,6590468.0
2023-03-02 05:00:00,170.52,170.975,170.36,170.66,3952266.0
2023-03-03 05:00:00,171.45,172.595,170.98,172.49,6894466.0
2023-03-06 05:00:00,172.32,172.37,171.54,171.62,4264124.0
2023-03-07 05:00:00,170.42,170.47,168.52,168.62,8713268.0
2023-03-08 05:00:00,168.61,169.59,168.52,168.54,5718595.0
2023-03-09 05:00:00,169.751,170.65,169.71,170.2,5582980.0
2023-03-10 05:00:00,171.93,173.88,171.92,173.87,13803437.0
2023-03-13 04:00:00,176.66,178.02,176.3,177.86,20554417.0
2023-03-14 04:00:00,177.35,177.59,176.21,176.83,10019032.0
2023-03-15 04:00:00,178.86,180.13,177.49,178.21,14546095.0
2023-03-16 04:00:00,179.51,179.654,177.87,178.57,10764872.0
2023-03-17 04:00:00,181.02,184.81,180.77,183.77,24156266.0
2023-03-20 04:00:00,184.19,184.54,182.74,183.84,11845678.0
2023-03-21 04:00:00,182.65,182.73,179.9,180.37,10734493.0
2023-03-22 04:00:00,180.4,183.94,180.28,183.44,11969561.0
2023-03-23 04:00:00,183.91,186.24,183.5996,185.74,11347149.0
2023-03-24 04:00:00,185.606,185.99,183.62,183.65,9253075.0
2023-03-27 04:00:00,181.15,182.15,180.69,181.95,6925046.0
2023-03-28 04:00:00,182.31,183.62,182.12,183.44,6202597.0
2023-03-29 04:00:00,182.49,183.27,182.24,182.53,4996493.0
2023-03-30 04:00:00,182.75,184.4401,182.55,184.18,6360296.0
2023-03-31 04:00:00,184.11,184.42,182.8,183.22,8003334.0
2023-04-03 04:00:00,183.85,185.035,183.32,184.54,9206635.0
2023-04-04 04:00:00,184.7224,188.23,184.66,187.98,13765361.0
2023-04-05 04:00:00,188.34,188.86,186.78,187.83,11440827.0
2023-04-06 04:00:00,186.8901,187.26,185.95,186.49,6648428.0
2023-04-10 04:00:00,185.18,185.36,184.19,185.11,6408114.0
2023-04-11 04:00:00,185.905,186.51,185.635,186.28,6031494.0
2023-04-12 04:00:00,187.54,187.66,185.97,187.19,10000948.0
2023-04-13 04:00:00,189.76,190.41,188.99,189.72,14060106.0
2023-04-14 04:00:00,188.08,188.4869,185.17,186.36,13272541.0
2023-04-17 04:00:00,185.89,185.93,184.1,185.53,7468062.0
2023-04-18 04:00:00,185.24,186.99,185.04,186.25,8056928.0
2023-04-19 04:00:00,184.3499,185.58,184.28,185.36,7373518.0
2023-04-20 04:00:00,186.14,187.03,185.78,186.09,5789908.0
2023-04-21 04:00:00,184.98,185.68,183.22,184.25,10698705.0
2023-04-24 04:00:00,184.07,185.025,183.46,184.81,8303396.0
2023-04-25 04:00:00,184.84,186.2204,184.3,185.75,8451933.0
2023-04-26 04:00:00,186.63,186.65,184.3,184.74,8203595.0
2023-04-27 04:00:00,183.9,184.989,183.38,184.75,9107425.0
2023-04-28 04:00:00,184.79,185.38,184.17,184.8,6700418.0
2023-05-01 04:00:00,186.05,186.22,183.91,183.97,7997658.0
2023-05-02 04:00:00,184.65,187.64,184.515,187.52,13554921.0
2023-05-03 04:00:00,187.61,189.205,186.93,189.11,11133826.0
2023-05-04 04:00:00,188.86,191.36,188.81,190.44,14146787.0
2023-05-05 04:00:00,186.56,187.58,185.77,187.46,12508113.0
2023-05-08 04:00:00,187.82,188.67,187.49,187.69,6075441.0
2023-05-09 04:00:00,188.12,189.33,188.07,189.02,7098810.0
2023-05-10 04:00:00,188.975,189.64,187.82,188.75,9392097.0
2023-05-11 04:00:00,188.44,188.81,186.86,187.13,8245523.0
2023-05-12 04:00:00,187.43,187.92,186.58,186.81,7087462.0
2023-05-15 04:00:00,187.3,187.88,187.032,187.21,5518086.0
2023-05-16 04:00:00,186.58,186.82,184.4601,184.87,9527806.0
2023-05-17 04:00:00,184.305,184.45,183.48,184.23,7474277.0
2023-05-18 04:00:00,182.1,182.28,181.335,181.84,8812591.0
2023-05-19 04:00:00,182.25,184.34,181.81,183.64,8434976.0
2023-05-22 04:00:00,183.22,183.84,182.91,183.21,4834298.0
2023-05-23 04:00:00,182.78,183.76,182.48,183.43,6345012.0
2023-05-24 04:00:00,183.54,183.54,181.77,181.95,6732940.0
2023-05-25 04:00:00,181.18,181.31,180.1,180.2,6919174.0
2023-05-26 04:00:00,181.01,181.3,180.09,180.92,5823674.0
2023-05-30 04:00:00,181.72,182.4,181.17,182.04,4906066.0
2023-05-31 04:00:00,182.39,183.445,182.1,182.32,8497893.0
2023-06-01 04:00:00,182.81,184.21,182.72,183.76,7300542.0
2023-06-02 04:00:00,183.53,183.56,180.96,181.05,8726111.0
2023-06-05 04:00:00,180.79,182.44,180.6,182.14,6402707.0
2023-06-06 04:00:00,182.36,182.65,181.52,182.34,4967156.0
2023-06-07 04:00:00,181.94,183.0,180.15,180.15,9066528.0
2023-06-08 04:00:00,182.0,183.04,181.96,182.53,6394890.0
2023-06-09 04:00:00,182.36,182.79,181.72,182.04,4380811.0
2023-06-12 04:00:00,181.8,181.94,181.04,181.88,4875450.0
2023-06-13 04:00:00,182.1,182.43,180.165,180.54,5126686.0
2023-06-14 04:00:00,181.69,181.96,180.14,180.64,6807003.0
2023-06-15 04:00:00,180.28,182.05,180.18,181.91,6739009.0
2023-06-16 04:00:00,181.925,182.618,181.41,181.63,8779096.0
2023-06-20 04:00:00,180.06,180.09,179.22,179.75,7586229.0
2023-06-21 04:00:00,179.15,179.95,178.19,179.49,6702339.0
2023-06-22 04:00:00,178.36,178.99,177.63,177.71,7948565.0
2023-06-23 04:00:00,179.6,179.95,178.09,178.2,5419784.0
2023-06-26 04:00:00,179.05,179.075,178.42,178.51,3222050.0
2023-06-27 04:00:00,179.07,179.29,177.43,177.69,5036916.0
2023-06-28 04:00:00,177.23,177.685,176.7,177.28,5866741.0
2023-06-29 04:00:00,175.83,177.63,175.79,177.09,6862511.0
2023-06-30 04:00:00,177.69,178.53,177.32,178.27,6420904.0
2023-07-03 04:00:00,178.61,179.34,178.46,178.47,4085711.0
2023-07-05 04:00:00,179.41,179.42,177.825,177.84,5652091.0
2023-07-06 04:00:00,177.51,177.8,176.66,177.31,5132954.0
2023-07-07 04:00:00,178.38,179.65,178.35,178.64,5201148.0
2023-07-10 04:00:00,178.37,178.92,178.2601,178.78,3320497.0
2023-07-11 04:00:00,179.43,179.71,179.13,179.45,2819610.0
2023-07-12 04:00:00,181.18,181.95,181.1,181.88,7062010.0
2023-07-13 04:00:00,181.96,182.15,181.49,182.01,4527900.0
2023-07-14 04:00:00,181.59,182.17,181.1101,181.43,5389968.0
2023-07-17 04:00:00,180.99,181.6307,180.64,181.56,4152919.0
2023-07-18 04:00:00,182.79,184.23,182.32,183.64,8242597.0
2023-07-19 04:00:00,183.45,183.835,182.87,183.67,3911565.0
2023-07-20 04:00:00,183.73,183.77,182.47,182.74,4972856.0
2023-07-21 04:00:00,182.06,182.46,181.68,182.18,3845361.0
2023-07-24 04:00:00,182.22,182.54,181.34,181.4,4370026.0
2023-07-25 04:00:00,181.72,182.47,181.1,182.41,4090149.0
2023-07-26 04:00:00,182.66,183.64,182.31,183.3,6158432.0
2023-07-27 04:00:00,181.64,181.64,180.32,180.42,7592752.0
2023-07-28 04:00:00,181.48,182.27,181.25,181.86,3829197.0
2023-07-31 04:00:00,182.43,183.09,182.31,182.35,5496890.0
2023-08-01 04:00:00,180.85,181.375,180.19,180.46,6289869.0
2023-08-02 04:00:00,180.57,180.79,179.41,179.6,6348266.0
2023-08-03 04:00:00,179.44,179.95,179.28,179.54,4638874.0
2023-08-04 04:00:00,180.25,180.77,179.85,180.19,5326191.0
2023-08-07 04:00:00,180.15,180.15,179.27,179.78,4510408.0
2023-08-08 04:00:00,178.64,179.33,178.46,178.64,6162879.0
2023-08-09 04:00:00,178.68,178.92,177.78,177.79,4643998.0
2023-08-10 04:00:00,178.22,178.7,177.54,177.6,5934598.0
2023-08-11 04:00:00,177.7,178.36,177.49,177.6,5289694.0
2023-08-14 04:00:00,176.86,177.58,176.5787,177.06,9554477.0
2023-08-15 04:00:00,176.75,177.43,176.33,176.59,7582703.0
2023-08-16 04:00:00,176.62,176.945,175.56,175.57,6559418.0
2023-08-17 04:00:00,176.53,176.56,174.93,175.3,7937672.0
2023-08-18 04:00:00,175.83,176.055,175.1,175.33,6253027.0
2023-08-21 04:00:00,175.9,175.94,174.96,175.81,4206360.0
2023-08-22 04:00:00,175.83,176.25,175.31,176.1,5892540.0
2023-08-23 04:00:00,177.32,178.22,177.07,177.89,7949056.0
2023-08-24 04:00:00,177.66,178.49,177.41,177.85,5526428.0
2023-08-25 04:00:00,177.58,178.38,176.63,177.62,6132927.0
2023-08-28 04:00:00,177.65,178.73,177.51,178.13,4740683.0
2023-08-29 04:00:00,178.03,179.88,177.9,179.87,7576640.0
2023-08-30 04:00:00,180.58,180.88,180.29,180.32,6593692.0
2023-08-31 04:00:00,180.37,180.49,179.94,180.02,4795626.0
2023-09-01 04:00:00,180.8,181.12,179.51,180.11,4970732.0
2023-09-05 04:00:00,179.33,179.4438,178.64,178.64,7056834.0
2023-09-06 04:00:00,178.33,179.01,177.7,177.83,6427224.0
2023-09-07 04:00:00,178.31,178.3701,177.9,178.02,3257213.0
2023-09-08 04:00:00,178.36,179.045,177.9,178.08,3293699.0
2023-09-11 04:00:00,178.97,179.07,178.261,178.41,3689085.0
2023-09-12 04:00:00,177.11,177.7,177.05,177.49,4445435.0
2023-09-13 04:00:00,177.53,177.75,177.035,177.08,3874788.0
2023-09-14 04:00:00,176.5,177.39,176.36,177.17,6184382.0
2023-09-15 04:00:00,178.55,179.105,178.34,178.34,5620888.0
2023-09-18 04:00:00,178.82,179.41,178.38,179.39,5049308.0
2023-09-19 04:00:00,179.54,179.65,179.03,179.22,4225102.0
2023-09-20 04:00:00,179.34,180.66,179.32,179.35,9330262.0
2023-09-21 04:00:00,177.86,178.485,177.69,178.05,7573300.0
2023-09-22 04:00:00,178.65,178.95,178.51,178.62,3637075.0
2023-09-25 04:00:00,178.41,178.71,177.64,177.7,5582074.0
2023-09-26 04:00:00,176.825,177.14,176.16,176.28,7181080.0
2023-09-27 04:00:00,175.27,175.32,173.7,174.1,10919579.0
2023-09-28 04:00:00,173.91,174.135,172.32,173.23,10061917.0
2023-09-29 04:00:00,173.92,174.03,171.265,171.45,10427383.0
2023-10-02 04:00:00,170.23,170.46,169.5,169.65,12706027.0
2023-10-03 04:00:00,169.14,170.08,168.745,169.16,11459840.0
2023-10-04 04:00:00,169.21,169.41,168.5,169.14,10034600.0
2023-10-05 04:00:00,168.74,169.0,168.3,168.83,6970219.0
2023-10-06 04:00:00,169.17,170.23,168.5,169.7,9948433.0
2023-10-09 04:00:00,171.18,172.86,171.075,172.82,10201547.0
2023-10-10 04:00:00,172.08,172.795,171.9,172.53,5843995.0
2023-10-11 04:00:00,173.6,174.125,173.26,173.79,7128002.0
2023-10-12 04:00:00,174.06,174.23,173.24,173.26,5912663.0
2023-10-13 04:00:00,176.8921,179.095,176.72,178.83,18802885.0
2023-10-16 04:00:00,177.84,178.33,177.535,177.96,8385428.0
2023-10-17 04:00:00,178.37,179.13,177.98,178.29,8231866.0
2023-10-18 04:00:00,180.894,182.02,179.75,180.87,13920793.0
2023-10-19 04:00:00,181.04,183.43,180.82,183.09,13406560.0
2023-10-20 04:00:00,183.43,185.23,183.09,183.59,12785667.0
2023-10-23 04:00:00,183.5099,183.56,182.705,182.97,9479805.0
2023-10-24 04:00:00,182.07,183.4,181.68,182.95,6593963.0
2023-10-25 04:00:00,183.42,184.2993,182.04,183.72,10087016.0
2023-10-26 04:00:00,183.4,184.49,182.87,184.01,7671406.0
2023-10-27 04:00:00,183.76,186.36,183.47,186.15,14102828.0
2023-10-30 04:00:00,185.54,185.7,184.73,185.1,8756405.0
2023-10-31 04:00:00,185.08,186.21,183.495,184.09,10104569.0
2023-11-01 04:00:00,183.91,185.0,182.67,183.51,9048562.0
2023-11-02 04:00:00,184.13,184.28,183.5,184.12,7343699.0
2023-11-03 04:00:00,184.48,185.47,184.35,184.79,8530399.0
2023-11-06 05:00:00,184.14,184.23,183.34,183.35,8274666.0
2023-11-07 05:00:00,182.25,182.65,181.75,182.59,6795795.0
2023-11-08 05:00:00,182.01,182.065,180.5699,180.77,6738304.0
2023-11-09 05:00:00,180.98,182.28,180.89,181.49,6486286.0
2023-11-10 05:00:00,180.51,180.585,179.245,179.51,7611618.0
2023-11-13 05:00:00,179.4,180.73,179.11,180.51,5385908.0
2023-11-14 05:00:00,181.7,182.75,181.62,182.12,6831639.0
2023-11-15 05:00:00,182.03,182.18,181.31,181.64,4909399.0
2023-11-16 05:00:00,182.8457,184.32,182.8,183.69,8253348.0
2023-11-17 05:00:00,183.96,184.125,183.45,183.67,4871297.0
2023-11-20 05:00:00,182.32,183.48,182.225,183.37,5393464.0
2023-11-21 05:00:00,185.57,186.115,185.065,185.35,7322379.0
2023-11-22 05:00:00,185.47,185.72,184.2715,184.56,4338209.0
2023-11-24 05:00:00,185.47,185.75,185.16,185.52,2445058.0
2023-11-27 05:00:00,186.56,186.8,185.93,186.77,6320420.0
2023-11-28 05:00:00,187.9,189.4,187.52,189.26,10901890.0
2023-11-29 05:00:00,189.16,189.99,189.02,189.54,8407253.0
2023-11-30 05:00:00,188.89,189.24,188.28,188.75,7558123.0
2023-12-01 05:00:00,188.805,192.395,188.685,192.01,16727571.0
2023-12-04 05:00:00,189.599,190.38,187.26,187.86,18460544.0
2023-12-05 05:00:00,187.5501,187.88,186.3,187.15,7027722.0
2023-12-06 05:00:00,188.32,188.46,187.5,187.84,5778604.0
2023-12-07 05:00:00,188.45,188.59,187.26,188.15,5802025.0
2023-12-08 05:00:00,185.93,186.78,184.9,185.64,7883204.0
2023-12-11 05:00:00,184.5,184.53,183.1513,183.59,8519527.0
2023-12-12 05:00:00,183.844,183.98,183.26,183.49,5056911.0
2023-12-13 05:00:00,183.82,187.66,183.38,187.63,10635500.0
2023-12-14 05:00:00,188.8649,189.82,188.08,188.73,9107157.0
2023-12-15 05:00:00,188.52,188.96,186.82,187.0,8324824.0
2023-12-18 05:00:00,187.5,188.49,187.24,187.85,5357987.0
2023-12-19 05:00:00,188.23,189.7239,188.13,189.13,6025564.0
2023-12-20 05:00:00,188.69,188.96,188.085,188.1,6002395.0
2023-12-21 05:00:00,189.21,189.62,188.75,189.43,4619995.0
2023-12-22 05:00:00,191.6,191.88,190.07,190.27,7176292.0
2023-12-26 05:00:00,190.97,191.74,190.4,191.72,4502664.0
2023-12-27 05:00:00,191.77,193.1823,191.54,192.59,5813295.0
2023-12-28 05:00:00,192.34,192.89,191.44,191.47,6171506.0
2023-12-29 05:00:00,190.99,191.64,190.74,191.17,4612349.0
2024-01-02 05:00:00,191.44,191.89,190.5,190.72,6025646.0
2024-01-03 05:00:00,188.77,189.86,188.16,189.13,8661568.0
2024-01-04 05:00:00,189.08,189.75,188.69,189.32,4416743.0
2024-01-05 05:00:00,189.68,191.26,189.08,189.35,7481883.0
2024-01-08 05:00:00,187.21,188.74,187.11,187.87,6214968.0
2024-01-09 05:00:00,188.68,188.78,187.73,187.93,4437269.0
2024-01-10 05:00:00,188.14,188.44,187.205,187.5,4504726.0
2024-01-11 05:00:00,188.02,188.55,186.56,187.87,6831086.0
2024-01-12 05:00:00,190.67,191.08,189.16,189.71,6833678.0
2024-01-16 05:00:00,189.15,189.26,187.54,187.91,6548068.0
2024-01-17 05:00:00,187.31,187.42,185.45,185.84,8643163.0
2024-01-18 05:00:00,186.36,187.4,186.3,187.37,4685239.0
2024-01-19 05:00:00,188.26,188.3,187.44,187.93,5719650.0
2024-01-22 05:00:00,187.23,187.7601,186.85,187.22,4397522.0
2024-01-23 05:00:00,187.45,188.15,187.28,187.95,5040771.0
2024-01-24 05:00:00,188.33,188.37,186.32,186.4,6085437.0
2024-01-25 05:00:00,187.34,187.64,186.46,187.14,4651026.0
2024-01-26 05:00:00,187.27,187.38,186.76,187.01,5064774.0
2024-01-29 05:00:00,188.31,188.54,187.1899,188.33,5629695.0
2024-01-30 05:00:00,189.7,189.83,187.975,188.59,4976467.0
2024-01-31 05:00:00,189.37,190.46,188.13,188.45,7886115.0
2024-02-01 05:00:00,189.71,191.36,188.99,190.41,10278129.0
2024-02-02 05:00:00,188.07,188.87,187.85,188.61,7337573.0
2024-02-05 05:00:00,186.875,187.82,186.7,187.57,5436062.0
2024-02-06 05:00:00,187.94,188.854,187.742,188.55,4866122.0
2024-02-07 05:00:00,188.45,189.39,188.28,188.5,6276879.0
2024-02-08 05:00:00,187.91,188.5298,187.8199,188.33,3873445.0
2024-02-09 05:00:00,187.56,187.77,187.14,187.6,4412654.0
2024-02-12 05:00:00,186.6,187.27,186.36,187.11,4706253.0
2024-02-13 05:00:00,185.35,185.38,184.33,184.53,9525794.0
2024-02-14 05:00:00,184.27,184.88,183.78,184.42,7031562.0
2024-02-15 05:00:00,185.6,186.02,185.095,185.66,6228859.0
2024-02-16 05:00:00,185.076,186.67,184.835,186.34,6518526.0
2024-02-20 05:00:00,187.96,188.03,187.4,187.47,5531152.0
2024-02-21 05:00:00,187.88,188.04,187.1,187.48,5789951.0
2024-02-22 05:00:00,187.56,187.64,187.05,187.56,4550823.0
2024-02-23 05:00:00,187.56,189.18,187.46,188.62,6827271.0
2024-02-26 05:00:00,187.79,188.36,187.53,188.2,4491937.0
2024-02-27 05:00:00,188.58,188.72,187.88,188.0,5165376.0
2024-02-28 05:00:00,188.34,188.52,188.0301,188.34,2824131.0
2024-02-29 05:00:00,189.64,189.918,189.23,189.31,6848639.0
2024-03-01 05:00:00,190.27,193.4,189.44,192.89,13410997.0
2024-03-04 05:00:00,194.15,196.3299,193.88,196.01,12216341.0
2024-03-05 05:00:00,197.44,198.14,196.65,197.19,9672210.0
2024-03-06 05:00:00,198.08,199.3,197.44,198.81,10459292.0
2024-03-07 05:00:00,199.54,200.11,198.91,199.94,8403737.0
2024-03-08 05:00:00,200.89,203.3,200.4459,201.63,13540110.0
2024-03-11 04:00:00,201.71,202.41,201.46,202.0,7329560.0
2024-03-12 04:00:00,200.42,200.6277,199.16,199.79,9436586.0
2024-03-13 04:00:00,200.44,201.86,200.35,201.19,5929990.0
2024-03-14 04:00:00,200.37,200.47,199.34,200.35,6865044.0
2024-03-15 04:00:00,199.94,200.634,199.57,199.71,4556710.0
2024-03-18 04:00:00,199.66,200.145,199.51,200.03,7206823.0
2024-03-19 04:00:00,199.62,199.81,198.935,199.8,4657527.0
2024-03-20 04:00:00,199.16,202.66,199.12,202.18,9593754.0
2024-03-21 04:00:00,203.88,203.92,200.6,201.97,7396540.0
2024-03-22 04:00:00,201.32,201.86,199.715,200.35,6918508.0
2024-03-25 04:00:00,201.19,201.95,200.965,200.99,4034750.0
2024-03-26 04:00:00,202.65,202.76,201.07,201.64,5752677.0
2024-03-27 04:00:00,202.32,203.22,202.32,203.1,6040980.0
2024-03-28 04:00:00,204.54,206.05,203.87,205.72,9194473.0
2024-04-01 04:00:00,208.68,208.73,206.29,207.82,13677114.0
2024-04-02 04:00:00,209.07,211.03,208.36,210.89,13421070.0
2024-04-03 04:00:00,210.57,212.83,210.3,212.74,11416226.0
2024-04-04 04:00:00,212.0,213.45,211.02,211.52,12307274.0
2024-04-05 04:00:00,212.49,215.74,212.22,215.14,13382720.0
2024-04-08 04:00:00,215.98,216.81,214.61,216.48,10331406.0
2024-04-09 04:00:00,217.81,218.86,216.45,217.67,13079306.0
2024-04-10 04:00:00,215.37,217.78,214.68,215.61,13317492.0
2024-04-11 04:00:00,216.85,219.84,215.89,219.8,11415224.0
2024-04-12 04:00:00,221.87,225.09,216.02,216.89,30898775.0
2024-04-15 04:00:00,217.94,221.03,215.16,220.95,13238952.0
2024-04-16 04:00:00,220.18,221.99,218.78,221.22,10746123.0
2024-04-17 04:00:00,221.05,221.76,218.52,219.59,11521054.0
2024-04-18 04:00:00,221.31,221.4599,219.312,220.34,6496885.0
2024-04-19 04:00:00,220.49,222.36,220.08,221.03,8688967.0
2024-04-22 04:00:00,216.35,216.9578,215.14,215.57,13404253.0
2024-04-23 04:00:00,213.96,215.86,213.87,215.04,10730332.0
2024-04-24 04:00:00,214.76,216.35,214.36,214.64,5741072.0
2024-04-25 04:00:00,214.47,217.05,214.3357,215.92,6606512.0
2024-04-26 04:00:00,216.77,217.0676,215.53,216.62,6268504.0
2024-04-29 04:00:00,216.02,217.215,215.25,216.18,6409870.0
2024-04-30 04:00:00,213.38,214.1271,211.8,211.87,11248615.0
2024-05-01 04:00:00,212.96,215.5,212.41,213.79,10373880.0
2024-05-02 04:00:00,211.9,213.705,211.49,213.13,6286967.0
2024-05-03 04:00:00,212.89,213.225,210.71,212.96,8679910.0
2024-05-06 04:00:00,215.14,215.91,214.47,215.2,6840477.0
2024-05-07 04:00:00,214.52,214.93,213.88,214.21,5660735.0
2024-05-08 04:00:00,213.62,214.8,213.5,213.58,4462736.0
2024-05-09 04:00:00,214.48,216.95,214.44,216.95,7732469.0
2024-05-10 04:00:00,219.22,219.6,218.08,218.71,8700917.0
2024-05-13 04:00:00,217.06,217.31,215.8,216.26,4896343.0
2024-05-14 04:00:00,217.31,218.3795,216.98,218.09,4662679.0
2024-05-15 04:00:00,219.06,221.19,217.65,220.89,9297715.0
2024-05-16 04:00:00,220.14,220.585,219.41,220.03,4301652.0
2024-05-17 04:00:00,222.18,223.8501,221.67,223.66,10481937.0
2024-05-20 04:00:00,223.79,225.66,223.02,224.56,5990860.0
2024-05-21 04:00:00,224.77,225.21,223.7,224.23,4002615.0
2024-05-22 04:00:00,223.09,223.24,219.7407,220.11,8903115.0
2024-05-23 04:00:00,218.78,219.23,215.66,215.72,9537911.0
2024-05-24 04:00:00,216.96,217.21,215.74,215.92,4212379.0
2024-05-28 04:00:00,218.43,218.59,217.21,218.19,3809677.0
2024-05-29 04:00:00,216.92,217.16,216.12,216.16,4184972.0
2024-05-30 04:00:00,216.69,217.51,216.41,216.57,3071290.0
2024-05-31 04:00:00,217.77,217.96,214.65,215.3,5617183.0
2024-06-03 04:00:00,215.92,217.82,215.54,217.22,6172606.0
2024-06-04 04:00:00,216.24,216.24,214.2,215.27,5509361.0
2024-06-05 04:00:00,216.69,218.0795,215.93,217.82,5479226.0
2024-06-06 04:00:00,218.36,219.97,218.1,219.43,5283914.0
2024-06-07 04:00:00,215.07,215.19,211.54,211.6,12195073.0
2024-06-10 04:00:00,213.13,214.02,212.76,213.54,4219641.0
2024-06-11 04:00:00,213.95,214.38,213.24,214.15,4004085.0
2024-06-12 04:00:00,216.47,216.55,214.2,214.72,5911883.0
2024-06-13 04:00:00,214.44,214.96,212.26,212.97,5861099.0
2024-06-14 04:00:00,215.34,216.04,214.98,215.73,7076496.0
2024-06-17 04:00:00,214.9,215.24,213.6,214.61,3877671.0
2024-06-18 04:00:00,214.38,215.83,214.04,215.47,4921415.0
2024-06-20 04:00:00,216.32,218.7413,216.15,218.16,7290516.0
2024-06-21 04:00:00,217.83,217.9,214.255,214.78,8935399.0
2024-06-24 04:00:00,215.55,215.94,215.2,215.63,4626923.0
2024-06-25 04:00:00,214.96,215.31,214.12,214.56,3847694.0
2024-06-26 04:00:00,212.39,213.11,212.1204,212.58,4690348.0
2024-06-27 04:00:00,214.71,215.5,214.45,214.99,4977837.0
2024-06-28 04:00:00,215.64,215.8148,214.82,215.01,3955080.0
2024-07-01 04:00:00,215.25,216.0,214.485,215.57,3797921.0
2024-07-02 04:00:00,215.33,216.08,214.6204,215.56,4921672.0
2024-07-03 04:00:00,217.34,218.7397,217.33,217.99,5055313.0
2024-07-05 04:00:00,219.58,221.28,219.58,220.93,5950550.0
2024-07-08 04:00:00,219.64,220.04,217.41,218.19,5790811.0
2024-07-09 04:00:00,218.57,219.29,217.265,218.56,3904495.0
2024-07-10 04:00:00,220.14,220.71,219.16,219.36,5556185.0
2024-07-11 04:00:00,222.65,224.1489,221.48,223.25,9323981.0
2024-07-12 04:00:00,222.03,223.62,221.86,223.11,5179297.0
2024-07-15 04:00:00,223.39,225.59,223.02,223.83,5719339.0
2024-07-16 04:00:00,225.45,228.29,225.3,228.29,11070663.0
2024-07-17 04:00:00,228.79,229.65,226.67,227.23,8620511.0
2024-07-18 04:00:00,227.71,228.32,225.57,225.78,5485459.0
2024-07-19 04:00:00,221.52,222.68,221.41,221.73,8665956.0
2024-07-22 04:00:00,221.58,221.92,220.4,221.8,5334060.0
2024-07-23 04:00:00,222.34,222.75,221.86,222.58,4435700.0
2024-07-24 04:00:00,223.47,224.88,221.74,221.8,6838783.0
2024-07-25 04:00:00,219.02,219.2607,217.52,218.33,9777054.0
2024-07-26 04:00:00,219.96,221.04,219.7,220.63,6328784.0
2024-07-29 04:00:00,221.26,221.55,219.045,220.32,4665057.0
2024-07-30 04:00:00,221.41,222.92,220.355,222.52,4939531.0
2024-07-31 04:00:00,223.73,226.6,223.64,226.55,7316552.0
2024-08-01 04:00:00,226.74,227.57,225.05,225.77,7217224.0
2024-08-02 04:00:00,227.95,228.76,222.865,225.34,11109387.0
2024-08-05 04:00:00,220.56,223.1,220.241,222.48,8939011.0
2024-08-06 04:00:00,221.5,222.14,220.11,220.7,14362267.0
2024-08-07 04:00:00,221.94,222.31,220.35,220.55,5287817.0
2024-08-08 04:00:00,222.73,224.25,222.515,224.01,6327054.0
2024-08-09 04:00:00,224.82,225.28,223.82,224.56,4441017.0
2024-08-12 04:00:00,226.14,228.535,225.965,228.41,5561259.0
2024-08-13 04:00:00,228.07,228.87,227.59,228.06,6740238.0
2024-08-14 04:00:00,226.55,227.48,225.35,226.2,5462495.0
2024-08-15 04:00:00,226.51,227.5,225.12,226.91,5273310.0
2024-08-16 04:00:00,229.99,232.02,229.005,231.99,11924536.0
2024-08-19 04:00:00,230.15,231.78,229.74,231.61,5164817.0
2024-08-20 04:00:00,233.71,234.01,231.13,232.46,9073611.0
2024-08-21 04:00:00,231.69,232.87,230.48,232.15,5337388.0
2024-08-22 04:00:00,230.35,230.38,228.26,229.37,5765369.0
2024-08-23 04:00:00,231.04,232.73,230.5199,232.02,5418171.0
2024-08-26 04:00:00,233.45,233.5,232.06,232.76,3151384.0
2024-08-27 04:00:00,231.69,233.47,231.5701,233.39,4435606.0
2024-08-28 04:00:00,232.0,232.02,230.73,231.75,4961482.0
2024-08-29 04:00:00,231.95,233.61,231.92,232.95,5524161.0
2024-08-30 04:00:00,232.53,232.86,230.5501,231.29,5742963.0
2024-09-03 04:00:00,230.38,230.54,228.52,230.29,6417918.0
2024-09-04 04:00:00,229.79,231.06,229.375,230.43,4695980.0
2024-09-05 04:00:00,232.72,232.89,231.33,232.35,4838112.0
2024-09-06 04:00:00,231.83,232.76,229.62,230.63,6315824.0
2024-09-09 04:00:00,231.26,231.62,230.39,231.6,3548806.0
2024-09-10 04:00:00,232.39,232.74,231.12,232.62,4378349.0
2024-09-11 04:00:00,231.72,232.87,231.09,232.25,4637312.0
2024-09-12 04:00:00,234.63,236.45,234.42,236.33,9944986.0
2024-09-13 04:00:00,238.13,238.98,237.7575,238.68,7455078.0
2024-09-16 04:00:00,238.73,239.278,238.05,238.66,4713541.0
2024-09-17 04:00:00,238.08,238.6,236.61,237.34,5257119.0
2024-09-18 04:00:00,238.19,240.2896,235.3,235.51,11081114.0
2024-09-19 04:00:00,238.24,239.515,237.39,239.17,6108226.0
2024-09-20 04:00:00,241.11,242.625,240.47,242.21,7737416.0
2024-09-23 04:00:00,242.97,243.46,242.585,242.68,5426166.0
2024-09-24 04:00:00,243.39,246.19,243.15,246.07,8386348.0
2024-09-25 04:00:00,246.19,246.47,244.79,245.73,7393448.0
2024-09-26 04:00:00,246.44,247.37,245.19,246.98,7041063.0
2024-09-27 04:00:00,246.31,246.75,244.19,245.02,8329633.0
2024-09-30 04:00:00,243.97,244.08,242.5,243.06,6919352.0
2024-10-01 04:00:00,245.2,246.98,245.06,245.61,10605494.0
2024-10-02 04:00:00,245.61,246.07,243.99,245.66,6798783.0
2024-10-03 04:00:00,244.72,245.91,243.69,245.49,5674503.0
2024-10-04 04:00:00,245.0,246.69,244.045,245.0,5951628.0
2024-10-07 04:00:00,244.58,244.82,243.81,244.17,3849026.0
2024-10-08 04:00:00,243.79,244.04,240.63,242.37,7669807.0
2024-10-09 04:00:00,241.16,241.84,240.64,241.05,4120486.0
2024-10-10 04:00:00,241.77,243.02,241.5101,242.82,4792690.0
2024-10-11 04:00:00,244.5,245.92,244.47,245.47,5789546.0
2024-10-14 04:00:00,245.16,245.86,244.26,245.07,3922892.0
2024-10-15 04:00:00,244.99,246.55,244.53,245.92,5640831.0
2024-10-16 04:00:00,247.62,248.09,246.36,247.15,5431939.0
2024-10-17 04:00:00,247.75,249.06,247.62,248.63,5176170.0
2024-10-18 04:00:00,250.0,251.37,249.9,251.27,7833614.0
2024-10-21 04:00:00,252.74,253.14,250.73,251.22,9258590.0
2024-10-22 04:00:00,253.06,253.94,252.52,253.93,5756321.0
2024-10-23 04:00:00,253.08,253.18,250.2,250.87,8080958.0
2024-10-24 04:00:00,253.27,253.32,251.4,252.8,5962188.0
2024-10-25 04:00:00,252.0,253.5499,251.77,253.32,4424475.0
2024-10-28 04:00:00,253.01,253.63,252.95,253.33,4029110.0
2024-10-29 04:00:00,254.49,256.29,254.23,256.09,8875470.0
2024-10-30 04:00:00,256.76,257.71,255.9101,257.5,6386196.0
2024-10-31 04:00:00,255.52,255.6,252.2,253.51,9930827.0
2024-11-01 04:00:00,254.33,254.86,252.435,252.47,6473012.0
2024-11-04 05:00:00,253.32,253.58,252.27,252.83,4581435.0
2024-11-05 05:00:00,253.78,253.9893,252.41,253.4,6029884.0
2024-11-06 05:00:00,245.635,247.35,244.9506,245.7,14600217.0
2024-11-07 05:00:00,248.29,250.24,248.12,249.65,8821445.0
2024-11-08 05:00:00,249.07,249.35,247.78,247.96,6267916.0
2024-11-11 05:00:00,242.73,242.73,241.06,242.14,11653848.0
2024-11-12 05:00:00,241.29,241.66,239.39,240.05,10145510.0
2024-11-13 05:00:00,241.31,241.47,237.59,237.63,8431694.0
2024-11-14 05:00:00,236.57,237.9886,236.1326,237.01,8262426.0
2024-11-15 05:00:00,237.57,237.88,236.33,236.59,7299482.0
2024-11-18 05:00:00,240.46,241.495,240.45,241.09,6512986.0
2024-11-19 05:00:00,242.75,243.31,242.03,243.25,6579103.0
2024-11-20 05:00:00,243.74,245.21,243.51,244.62,6630737.0
2024-11-21 05:00:00,246.23,246.81,245.69,246.66,7646429.0
2024-11-22 05:00:00,248.2,250.39,247.86,249.84,7502963.0
2024-11-25 05:00:00,244.27,244.3999,241.48,242.48,10733109.0
2024-11-26 05:00:00,242.71,243.09,241.58,242.95,4945897.0
2024-11-27 05:00:00,244.85,245.1835,243.2,243.49,6930587.0
2024-11-29 05:00:00,245.25,245.81,244.73,245.59,2708494.0
2024-12-02 05:00:00,244.46,244.5805,243.14,243.44,4765001.0
2024-12-03 05:00:00,244.96,245.18,243.3,243.93,3557819.0
2024-12-04 05:00:00,244.93,245.34,244.365,244.67,4608584.0
2024-12-05 05:00:00,244.16,244.38,242.15,242.86,4806206.0
2024-12-06 05:00:00,242.79,243.86,242.435,242.95,3540698.0
2024-12-09 05:00:00,246.28,247.11,245.2595,245.36,4711536.0
2024-12-10 05:00:00,247.86,248.86,247.83,248.59,4641963.0
2024-12-11 05:00:00,249.35,251.26,248.97,250.96,11033776.0
2024-12-12 05:00:00,247.81,248.24,246.87,247.28,10149585.0
2024-12-13 05:00:00,245.67,245.94,244.27,244.29,6602591.0
2024-12-16 05:00:00,245.41,245.54,244.29,244.88,3310036.0
2024-12-17 05:00:00,243.8,244.55,243.23,243.94,4421339.0
2024-12-18 05:00:00,243.57,243.7095,238.82,239.26,8015848.0
2024-12-19 05:00:00,239.67,240.05,238.73,239.6,8113568.0
2024-12-20 05:00:00,241.41,242.955,241.17,242.1,9527805.0
2024-12-23 05:00:00,241.6,241.67,240.65,240.96,5835498.0
2024-12-24 05:00:00,241.49,241.66,240.82,241.44,2421008.0
2024-12-26 05:00:00,242.39,243.56,242.195,243.07,4651778.0
2024-12-27 05:00:00,241.2,241.95,241.05,241.4,4728440.0
2024-12-30 05:00:00,241.08,241.08,239.58,240.63,3522539.0
2024-12-31 05:00:00,241.05,242.52,241.05,242.13,2522102.0
2025-01-02 05:00:00,244.22,245.53,244.08,245.42,6241899.0
2025-01-03 05:00:00,244.56,244.82,243.36,243.49,4875546.0
2025-01-06 05:00:00,242.33,243.79,242.05,243.19,3758903.0
2025-01-07 05:00:00,245.52,245.77,243.81,244.56,5090333.0
2025-01-08 05:00:00,245.72,246.45,244.51,245.86,6303334.0
2025-01-10 05:00:00,248.01,249.04,247.55,248.21,12380131.0
2025-01-13 05:00:00,246.34,246.79,245.151,245.74,8448595.0
2025-01-14 05:00:00,245.62,247.04,245.52,247.03,4914837.0
2025-01-15 05:00:00,248.21,248.9,247.0102,248.88,6344973.0
2025-01-16 05:00:00,250.56,251.39,250.27,250.6,9235998.0
2025-01-17 05:00:00,249.7,250.81,249.15,249.27,8312858.0
2025-01-21 05:00:00,251.95,253.3598,251.83,253.13,7668119.0
2025-01-22 05:00:00,254.29,254.68,253.7801,254.43,5213777.0
2025-01-23 05:00:00,253.19,254.54,252.82,254.07,6511526.0
2025-01-24 05:00:00,255.96,257.07,255.61,255.65,7341337.0
2025-01-27 05:00:00,253.86,254.26,251.92,252.99,5799780.0
2025-01-28 05:00:00,254.225,255.25,253.891,255.18,5332005.0
2025-01-29 05:00:00,254.55,254.82,253.3,254.2,5671753.0
2025-01-30 05:00:00,257.2,258.29,256.45,258.05,12981164.0
2025-01-31 05:00:00,259.08,259.99,257.86,258.56,8965576.0
2025-02-03 05:00:00,259.75,261.3897,259.5236,259.94,11521093.0
2025-02-04 05:00:00,261.83,262.54,261.35,262.5,9850412.0
2025-02-05 05:00:00,264.45,265.99,263.89,264.13,12681127.0
2025-02-06 05:00:00,263.66,263.72,261.49,263.43,8731433.0
2025-02-07 05:00:00,265.22,266.345,263.26,263.9,9154042.0
2025-02-10 05:00:00,268.0,268.66,267.24,268.37,13250312.0
2025-02-11 05:00:00,267.7,268.36,266.711,267.39,7169450.0
2025-02-12 05:00:00,267.15,268.43,266.3451,267.67,9328598.0
2025-02-13 05:00:00,268.4,270.39,268.22,270.31,8347547.0
2025-02-14 05:00:00,270.07,270.21,265.45,266.29,11546721.0
2025-02-18 05:00:00,269.68,271.0099,269.6,270.7,8185949.0
2025-02-19 05:00:00,270.68,271.33,269.24,270.85,9342452.0
2025-02-20 05:00:00,270.23,271.84,270.17,270.99,7356900.0
2025-02-21 05:00:00,270.795,271.51,269.51,270.74,8917431.0
2025-02-24 05:00:00,271.45,272.32,270.375,272.21,5374360.0
2025-02-25 05:00:00,271.46,271.6796,266.45,268.62,10079777.0
2025-02-26 05:00:00,267.08,269.08,266.6612,269.03,7276033.0
2025-02-27 05:00:00,266.49,266.67,264.4475,264.93,9374626.0
2025-02-28 05:00:00,262.555,263.4,261.25,263.27,11504491.0
2025-03-03 05:00:00,265.07,266.88,265.07,266.74,7725647.0
2025-03-04 05:00:00,269.01,269.4,267.52,269.06,8481343.0
2025-03-05 05:00:00,267.97,270.26,267.96,269.62,6990354.0
2025-03-06 05:00:00,268.25,269.51,268.16,268.25,6136447.0
2025-03-07 05:00:00,269.09,270.34,267.64,268.39,10431236.0
2025-03-10 04:00:00,267.62,268.44,265.64,266.04,7593890.0
2025-03-11 04:00:00,268.47,269.73,268.4401,269.16,8436562.0
2025-03-12 04:00:00,268.47,271.23,268.36,270.33,7236239.0
2025-03-13 04:00:00,271.57,275.345,271.55,275.13,13741460.0
2025-03-14 04:00:00,276.27,276.3,274.66,275.24,13364965.0
2025-03-17 04:00:00,275.54,276.79,275.39,276.73,8583359.0
2025-03-18 04:00:00,279.9,280.215,278.97,279.96,9596547.0
2025-03-19 04:00:00,279.85,281.479,279.06,281.11,8822197.0
2025-03-20 04:00:00,279.49,280.9,279.43,280.75,5863288.0
2025-03-21 04:00:00,279.46,279.46,276.59,278.49,9359340.0
2025-03-24 04:00:00,278.91,279.089,276.86,277.25,7870109.0
2025-03-25 04:00:00,278.78,279.96,278.27,278.47,5090179.0
2025-03-26 04:00:00,278.93,279.02,277.78,278.24,3741843.0
2025-03-27 04:00:00,280.55,282.065,279.5868,281.97,8476335.0
2025-03-28 04:00:00,283.82,284.64,282.86,284.06,9563660.0
2025-03-31 04:00:00,287.53,288.39,285.85,288.14,13925100.0
2025-04-01 04:00:00,288.54,289.13,285.91,287.57,15923553.0
2025-04-02 04:00:00,288.28,289.03,287.36,288.16,11074787.0
2025-04-03 04:00:00,282.78,289.09,282.45,286.42,20524385.0
2025-04-04 04:00:00,283.64,284.03,278.02,279.72,21517158.0
2025-04-07 04:00:00,278.855,280.14,272.58,273.71,19806990.0
2025-04-08 04:00:00,277.8665,278.32,274.24,275.2,12639534.0
2025-04-09 04:00:00,282.22,285.87,281.04,285.38,25342180.0
2025-04-10 04:00:00,288.805,292.86,287.231,292.35,19837799.0
2025-04-11 04:00:00,297.96,299.275,296.81,297.93,21080132.0
2025-04-14 04:00:00,295.54,296.58,294.53,296.23,12427590.0
2025-04-15 04:00:00,296.93,298.02,296.09,297.78,7924134.0
2025-04-16 04:00:00,304.65,308.0599,303.8,307.47,20778079.0
2025-04-17 04:00:00,306.31,307.13,302.73,306.12,18287825.0
2025-04-21 04:00:00,315.015,316.41,313.945,315.59,20372259.0
2025-04-22 04:00:00,317.49,317.63,310.36,311.11,35242287.0
2025-04-23 04:00:00,304.18,304.74,300.59,303.65,25421464.0
2025-04-24 04:00:00,306.98,308.495,304.71,308.07,10844971.0
2025-04-25 04:00:00,301.78,305.37,301.01,304.73,10691590.0
2025-04-28 04:00:00,304.15,309.11,302.97,309.07,9375484.0
2025-04-29 04:00:00,305.81,306.95,304.0,306.06,6852106.0
2025-04-30 04:00:00,304.605,306.065,303.44,303.77,8331894.0
2025-05-01 04:00:00,297.41,297.94,295.32,297.46,14969062.0
2025-05-02 04:00:00,300.17,300.85,297.03,297.98,8678366.0
2025-05-05 04:00:00,305.92,307.65,304.675,306.88,8924009.0
2025-05-06 04:00:00,313.12,315.62,311.4,315.48,11445270.0
2025-05-07 04:00:00,312.1,313.26,310.08,310.75,7909976.0
2025-05-08 04:00:00,309.76,310.48,303.05,304.63,11927583.0
2025-05-09 04:00:00,307.79,308.57,306.0101,306.84,6913131.0
2025-05-12 04:00:00,298.33,299.47,296.82,298.19,14375881.0
2025-05-13 04:00:00,299.02,300.3,297.24,299.46,10233603.0
2025-05-14 04:00:00,293.67,294.8,291.96,293.16,14800596.0
2025-05-15 04:00:00,294.1,297.9,293.75,297.84,13497735.0
2025-05-16 04:00:00,292.62,294.575,291.78,294.24,14173039.0
2025-05-19 04:00:00,297.845,298.58,296.482,298.03,11656261.0
2025-05-20 04:00:00,298.35,303.6825,298.3,303.58,12850980.0
2025-05-21 04:00:00,304.55,306.46,303.67,305.82,12414518.0
2025-05-22 04:00:00,305.09,305.28,302.1,303.11,9704165.0
2025-05-23 04:00:00,308.86,310.25,307.47,309.75,13339473.0
2025-05-27 04:00:00,303.81,304.875,302.74,304.5,9578486.0
2025-05-28 04:00:00,304.64,304.99,303.06,303.81,8803333.0
2025-05-29 04:00:00,305.74,306.89,304.46,305.61,9502412.0
2025-05-30 04:00:00,303.64,304.02,301.5,303.6,9553260.0
2025-06-02 04:00:00,309.21,311.72,308.72,311.67,13593232.0
2025-06-03 04:00:00,309.56,309.56,307.15,308.91,9315081.0
2025-06-04 04:00:00,309.41,311.88,308.74,310.9,7462529.0
2025-06-05 04:00:00,311.24,312.2,307.6501,309.33,10856012.0
2025-06-06 04:00:00,309.09,309.2,305.1,305.18,7787508.0
2025-06-09 04:00:00,305.39,307.61,305.06,306.62,7159036.0
2025-06-10 04:00:00,308.31,308.6,305.87,306.71,7071702.0
2025-06-11 04:00:00,307.5,308.615,305.85,308.37,9248766.0
2025-06-12 04:00:00,311.74,313.1,311.15,312.2,11531407.0
2025-06-13 04:00:00,317.26,317.6,315.0375,316.29,16592949.0
2025-06-16 04:00:00,314.8,314.87,311.65,311.78,12848440.0
2025-06-17 04:00:00,312.66,313.0,310.12,311.94,8234115.0
2025-06-18 04:00:00,312.89,312.98,309.86,310.26,9370785.0
2025-06-20 04:00:00,309.33,310.89,309.25,310.13,8794711.0
2025-06-23 04:00:00,310.34,312.67,310.31,311.08,12687916.0
2025-06-24 04:00:00,305.07,306.34,303.54,306.19,12035177.0
2025-06-25 04:00:00,305.31,307.36,305.12,307.12,6733155.0
2025-06-26 04:00:00,305.77,307.28,304.855,306.78,6787517.0
2025-06-27 04:00:00,300.03,302.36,299.89,301.22,13301308.0
2025-06-30 04:00:00,302.385,304.92,301.95,304.83,8192086.0
2025-07-01 04:00:00,308.555,309.0,307.36,307.55,9335647.0
2025-07-02 04:00:00,308.035,309.395,306.96,309.25,8316377.0
2025-07-03 04:00:00,307.05,307.57,306.15,307.14,5275838.0
2025-07-07 04:00:00,305.07,307.705,304.53,307.37,7351641.0
2025-07-08 04:00:00,306.3,306.445,302.77,304.16,11840545.0
2025-07-09 04:00:00,303.58,305.54,303.23,305.52,10644077.0
2025-07-10 04:00:00,306.11,306.51,304.82,306.2,7059561.0
2025-07-11 04:00:00,308.855,310.28,308.5153,309.14,9187302.0
2025-07-14 04:00:00,309.07,309.38,307.73,308.01,5772879.0
2025-07-15 04:00:00,307.73,308.74,305.79,306.73,8149008.0
2025-07-16 04:00:00,307.11,311.09,305.73,308.26,17693100.0
2025-07-17 04:00:00,305.5,307.665,305.12,307.59,6642258.0
2025-07-18 04:00:00,309.24,309.37,308.32,308.39,5574281.0
2025-07-21 04:00:00,311.88,313.31,311.61,313.13,10995756.0
2025-07-22 04:00:00,314.48,316.24,313.62,316.1,13691849.0
2025-07-23 04:00:00,314.0,314.96,311.42,312.18,10547520.0
2025-07-24 04:00:00,309.29,310.99,309.06,310.27,7698763.0
2025-07-25 04:00:00,307.82,308.31,306.2,307.4,9376386.0
2025-07-28 04:00:00,306.44,306.58,304.05,305.41,9275440.0
2025-07-29 04:00:00,305.8,307.03,304.985,306.25,5741114.0
2025-07-30 04:00:00,304.42,304.65,300.955,300.96,13459595.0
2025-07-31 04:00:00,304.59,304.61,302.86,302.96,8980956.0
2025-08-01 04:00:00,308.61,309.55,307.45,309.11,12843364.0
2025-08-04 04:00:00,310.8,311.74,310.37,310.91,7639030.0
2025-08-05 04:00:00,310.37,312.24,310.22,311.16,6997693.0
2025-08-06 04:00:00,310.32,311.24,309.84,310.5,7418158.0
2025-08-07 04:00:00,311.72,313.135,310.7,313.12,10891459.0
2025-08-08 04:00:00,312.35,313.53,311.0,313.05,19886802.0
2025-08-11 04:00:00,308.62,309.66,307.63,308.55,10326704.0
2025-08-12 04:00:00,308.22,309.305,306.71,308.27,9701725.0
2025-08-13 04:00:00,309.1,310.39,308.45,309.21,4718586.0
2025-08-14 04:00:00,307.925,308.34,306.52,307.25,5817726.0
2025-08-15 04:00:00,307.34,308.0,306.87,307.43,5990110.0
2025-08-18 04:00:00,307.79,307.89,306.625,306.95,6150140.0
2025-08-19 04:00:00,306.76,307.4788,305.19,305.27,5029939.0
2025-08-20 04:00:00,307.54,308.47,307.4,308.36,6515411.0
2025-08-21 04:00:00,307.86,308.15,307.0314,307.29,4808975.0
2025-08-22 04:00:00,306.52,311.025,306.43,310.58,8526492.0
2025-08-25 04:00:00,309.67,310.84,309.67,309.83,4044429.0
2025-08-26 04:00:00,310.62,312.21,310.305,312.08,11698460.0
2025-08-27 04:00:00,311.39,312.91,310.77,312.71,4320071.0
2025-08-28 04:00:00,313.32,315.08,313.07,315.03,9610202.0
2025-08-29 04:00:00,314.72,318.09,314.64,318.07,15642641.0
2025-09-02 04:00:00,320.82,325.92,320.24,325.59,21247534.0
2025-09-03 04:00:00,327.76,329.45,326.7301,328.14,16062221.0
2025-09-04 04:00:00,327.03,327.56,325.35,326.69,11703127.0
2025-09-05 04:00:00,329.53,331.44,328.93,331.05,16065150.0
2025-09-08 04:00:00,333.66,335.67,333.23,334.82,18617325.0
2025-09-09 04:00:00,337.03,338.31,333.85,334.06,21641935.0
2025-09-10 04:00:00,335.73,336.5,326.19,335.26,11945670.0
2025-09-11 04:00:00,333.37,335.1619,332.97,334.76,9082647.0
2025-09-12 04:00:00,335.88,336.39,335.23,335.42,9619709.0
2025-09-15 04:00:00,336.31,339.28,336.23,338.91,10569881.0
2025-09-16 04:00:00,340.09,340.88,338.62,339.59,12161527.0
2025-09-17 04:00:00,338.53,341.24,335.52,336.97,16535307.0
2025-09-18 04:00:00,336.22,336.32,333.81,335.62,14913267.0
2025-09-19 04:00:00,336.51,339.23,336.3119,339.18,14982567.0
2025-09-22 04:00:00,342.75,345.07,341.84,345.05,12386419.0
2025-09-23 04:00:00,348.23,348.75,345.32,346.46,18383982.0
2025-09-24 04:00:00,346.7,346.8299,342.14,343.32,12709068.0
2025-09-25 04:00:00,344.39,345.83,342.47,344.75,12639583.0
2025-09-26 04:00:00,345.83,348.25,345.314,346.74,11698212.0
2025-09-29 04:00:00,351.79,352.8305,351.28,352.46,15719623.0
2025-09-30 04:00:00,351.13,355.57,350.865,355.47,13312353.0
2025-10-01 04:00:00,356.17,356.9722,354.79,356.03,15573610.0
2025-10-02 04:00:00,358.26,358.67,351.4,354.79,16162050.0
2025-10-03 04:00:00,357.12,358.14,355.8,357.64,14463960.0
2025-10-06 04:00:00,362.16,365.3,361.37,364.38,17093657.0
2025-10-07 04:00:00,366.508,367.27,364.55,366.26,16836765.0
2025-10-08 04:00:00,371.65,373.57,370.5,372.3,28052276.0
2025-10-09 04:00:00,373.135,373.22,362.83,365.43,33674823.0
2025-10-10 04:00:00,367.54,370.31,365.44,369.12,24192782.0
2025-10-13 04:00:00,376.5,378.86,375.5797,378.09,18514421.0
2025-10-14 04:00:00,378.21,382.38,377.9,380.79,18409632.0
2025-10-15 04:00:00,385.93,387.755,384.59,387.39,20598324.0
2025-10-16 04:00:00,391.15,396.87,390.4,396.45,33621444.0
2025-10-17 04:00:00,397.14,397.28,385.22,388.99,62024965.0
2025-10-20 04:00:00,397.45,403.3,394.2,403.15,34523022.0
2025-10-21 04:00:00,386.54,388.89,375.65,377.24,54101416.0
2025-10-22 04:00:00,372.75,378.47,368.93,377.28,30524126.0
2025-10-23 04:00:00,381.46,382.25,378.65,378.79,13695495.0
2025-10-24 04:00:00,378.51,380.77,376.81,377.52,13263803.0
2025-10-27 04:00:00,371.13,371.59,365.34,367.01,23650459.0
2025-10-28 04:00:00,361.81,365.3,360.12,364.38,19257592.0
2025-10-29 04:00:00,369.65,370.08,361.3601,363.0,18891849.0
2025-10-30 04:00:00,365.09,370.36,364.5,370.13,14812754.0
2025-10-31 04:00:00,370.47,370.6625,365.5,368.12,11077900.0
2025-11-03 05:00:00,368.91,370.84,367.54,368.78,7254265.0
2025-11-04 05:00:00,363.48,365.74,361.39,362.32,11540059.0
2025-11-05 05:00:00,366.39,367.1,364.65,366.51,8357300.0
2025-11-06 05:00:00,367.16,368.18,364.7,366.07,6891096.0
2025-11-07 05:00:00,367.94,370.42,366.42,368.31,11055398.0
2025-11-10 05:00:00,375.93,378.66,374.7814,378.38,13456212.0
2025-11-11 05:00:00,379.98,380.4,376.87,379.87,10745375.0
2025-11-12 05:00:00,380.07,387.46,379.44,385.99,16200036.0
2025-11-13 05:00:00,387.29,388.18,381.21,382.87,15834640.0
2025-11-14 05:00:00,372.87,378.2,370.89,375.96,15188715.0
2025-11-17 05:00:00,374.035,375.4553,368.52,371.65,13295248.0
2025-11-18 05:00:00,374.832,375.54,371.62,374.35,7818783.0
2025-11-19 05:00:00,377.775,380.17,373.03,374.96,10980420.0
2025-11-20 05:00:00,375.29,377.6925,371.8514,374.85,10506548.0
2025-11-21 05:00:00,374.025,377.23,372.94,374.27,13194563.0
2025-11-24 05:00:00,374.88,380.28,374.19,380.2,10085318.0
2025-11-25 05:00:00,380.255,382.52,378.06,380.08,10462806.0
2025-11-26 05:00:00,381.055,383.775,380.46,383.12,9184071.0
2025-11-28 05:00:00,385.98,388.0,384.99,387.88,7175407.0
2025-12-01 05:00:00,390.61,390.7001,388.0605,389.75,11177072.0
2025-12-02 05:00:00,388.87,388.98,382.9103,387.24,8103923.0
2025-12-03 05:00:00,388.46,390.1293,385.83,386.88,7886793.0
2025-12-04 05:00:00,386.92,388.0,385.4,387.13,6754434.0
2025-12-05 05:00:00,389.12,391.735,386.175,386.44,9449748.0
2025-12-08 05:00:00,387.02,387.2418,384.01,385.42,6822119.0
2025-12-09 05:00:00,385.62,388.21,385.27,387.4,6358694.0
2025-12-10 05:00:00,385.95,389.76,384.5,389.05,9120475.0
2025-12-11 05:00:00,389.02,394.09,388.5,393.24,11197823.0
2025-12-12 05:00:00,399.155,400.39,391.47,395.44,16792059.0
2025-12-15 05:00:00,397.76,398.71,394.0738,395.8,11345031.0
2025-12-16 05:00:00,397.75,398.71,394.59,395.89,9201557.0
2025-12-17 05:00:00,398.08,399.98,397.25,399.29,10456889.0
2025-12-18 05:00:00,398.28,402.21,396.05,398.57,11837551.0
2025-12-19 05:00:00,397.92,400.63,397.17,399.02,9894767.0
2025-12-22 05:00:00,406.98,408.52,405.72,408.23,14202068.0
2025-12-23 05:00:00,410.3,413.76,407.1,413.64,13193258.0
2025-12-24 05:00:00,412.25,412.63,408.83,411.39,5038579.0
